run_id,targets,prior_key,channel,qc_status_code,qc_summary_short,qc_primary_review_check,qc_flagged_channels,roi_baseline,roi_new,delta_abs,delta_pct,adstock_alpha_m,saturation_ec_m,saturation_slope_m,max_lag,adstock_decay_spec,analysis_stage,run_mode,prior_mode_used,kpi_type,kpi_type_effective,outcome_col_used,revenue_per_kpi,target_channels,sweep_type,two_layer_enabled,prior_design_mode,prior_grid_type,prior_design_label,roi_mu,roi_sigma,roi_dist,qc_scope,qc_target_channels,gate_mode,gate_matched_count,gate_missing_count,gate_warning,data_tag,input_data_csv,roi_prior_mu,roi_prior_sigma,roi_prior_dist,roi_baseline_sd,roi_baseline_p05,roi_baseline_p50,roi_baseline_p95,roi_new_sd,roi_new_p05,roi_new_p50,roi_new_p95,ci_overlap_baseline_new,prior_roi_mu_channel,prior_roi_sigma_channel,prior_roi_dist_channel,prior_posterior_kl_gaussian,prior_posterior_wasserstein,channel_total_spend,incremental_outcome_baseline,incremental_outcome_new,delta_outcome,delta_outcome_abs,dollars_per_subscription,incremental_value_baseline,incremental_value_new,delta_value,delta_value_abs,is_baseline,target_channel,is_target_channel,roi_change_pct,roi_change_signed_pct,roi_change_pct_unreliable_baseline,contribution_change_pct,contribution_change_signed_pct,output_change_pct,signed_output_change_pct,output_change_delta_fallback,output_change,output_change_method,input_mu_pct,input_sigma_pct,input_dist_change,mu_only,sigma_only,dist_only,input_change,joint_continuous,elasticity_mu,elasticity_sigma,elasticity_joint,elasticity_any,dist_sensitivity,in_target_set,flagged_this_channel,sign_flip
"multi|channel0,channel1,channel2,channel3,channel4|pmode=roi|rpk=revenue_per_conversion|target=channel0|mu=0.500000|sigma=0.500000|dist=LogNormal|0.500000|0.500000|LogNormal|alpha=0p3|ec=0p5|slope=1p2|lag=4|decay=geometric",channel0,"{""kpi_type"": ""non_revenue"", ""kpi_type_effective"": ""revenue"", ""prior_design_mode"": ""roi"", ""prior_grid_type"": ""roi"", ""revenue_per_kpi"": null, ""roi_prior_overrides"": {""channel0"": {""dist"": ""LogNormal"", ""mu"": 0.5, ""sigma"": 0.5}, ""channel1"": {""dist"": ""LogNormal"", ""mu"": 1.0, ""sigma"": 1.0}, ""channel2"": {""dist"": ""LogNormal"", ""mu"": 1.0, ""sigma"": 1.0}, ""channel3"": {""dist"": ""LogNormal"", ""mu"": 1.0, ""sigma"": 1.0}, ""channel4"": {""dist"": ""LogNormal"", ""mu"": 1.0, ""sigma"": 1.0}}, ""run_mode"": ""roi_full"", ""structural_overrides"": {""adstock_decay_spec"": ""geometric"", ""alpha_m"": 0.3, ""ec_m"": 0.5, ""max_lag"": 4, ""slope_m"": 1.2}, ""sweep_type"": ""fixed_full_grid"", ""target_channel"": ""channel0"", ""two_layer_enabled"": false}",channel0,PASS,PASS,,,0.4308758754407366,0.2914092876327535,0.1394665878079831,0.323681588497673,0.3,0.5,1.2,4,geometric,prior_sweep,roi_full,roi,non_revenue,revenue,__revenue_equiv__,,channel0,fixed_full_grid,False,roi,roi,Revenue-equivalent ROI,0.5,0.5,LogNormal,target_channels,channel0,configured,,,,upload_8ce52c632a82_national_all_channels,/Users/jasper/Documents/Intern/BlueAlpha/capstone-Blue_Alpha_1/backend/storage/uploads/upload_8ce52c632a82_national_all_channels.csv,0.5,0.5,LogNormal,0.260312272419158,0.1235604096204042,0.3676227629184723,0.9330472171306609,0.1984433652811199,0.0749928575009107,0.2405789867043495,0.6673622459173203,0.6337615212765381,0.5,0.5,LogNormal,0.5898840614697536,0.185315620374281,40501713.0799782,17451211.080185138,11802575.35654262,-5648635.723642517,5648635.723642517,100.0,1745121108.0185137,1180257535.654262,-564863572.3642516,564863572.3642516,False,channel0,True,0.323681588497673,-0.323681588497673,False,0.323681588497673,-0.323681588497673,0.323681588497673,-0.323681588497673,0.2804169365207171,0.323681588497673,percent_roi_or_contribution,0.5,0.5,0,False,False,False,1.0,True,,,0.323681588497673,0.323681588497673,,True,False,0.0
"multi|channel0,channel1,channel2,channel3,channel4|pmode=roi|rpk=revenue_per_conversion|target=channel0|mu=0.500000|sigma=0.500000|dist=LogNormal|0.500000|0.500000|LogNormal|alpha=0p3|ec=0p5|slope=1p2|lag=4|decay=geometric",channel0,"{""kpi_type"": ""non_revenue"", ""kpi_type_effective"": ""revenue"", ""prior_design_mode"": ""roi"", ""prior_grid_type"": ""roi"", ""revenue_per_kpi"": null, ""roi_prior_overrides"": {""channel0"": {""dist"": ""LogNormal"", ""mu"": 0.5, ""sigma"": 0.5}, ""channel1"": {""dist"": ""LogNormal"", ""mu"": 1.0, ""sigma"": 1.0}, ""channel2"": {""dist"": ""LogNormal"", ""mu"": 1.0, ""sigma"": 1.0}, ""channel3"": {""dist"": ""LogNormal"", ""mu"": 1.0, ""sigma"": 1.0}, ""channel4"": {""dist"": ""LogNormal"", ""mu"": 1.0, ""sigma"": 1.0}}, ""run_mode"": ""roi_full"", ""structural_overrides"": {""adstock_decay_spec"": ""geometric"", ""alpha_m"": 0.3, ""ec_m"": 0.5, ""max_lag"": 4, ""slope_m"": 1.2}, ""sweep_type"": ""fixed_full_grid"", ""target_channel"": ""channel0"", ""two_layer_enabled"": false}",channel1,PASS,PASS,,,0.4654245746042579,0.4761735728383064,0.0107489982340485,0.0230950379944767,0.3,0.5,1.2,4,geometric,prior_sweep,roi_full,roi,non_revenue,revenue,__revenue_equiv__,,channel0,fixed_full_grid,False,roi,roi,Revenue-equivalent ROI,0.5,0.5,LogNormal,target_channels,channel0,configured,,,,upload_8ce52c632a82_national_all_channels,/Users/jasper/Documents/Intern/BlueAlpha/capstone-Blue_Alpha_1/backend/storage/uploads/upload_8ce52c632a82_national_all_channels.csv,0.5,0.5,LogNormal,0.2843900597561066,0.1218790113925933,0.3990941643714905,1.014937341213226,0.2893396705400883,0.1294964477419853,0.4101116508245468,1.0338539719581603,0.9709048293630004,1.0,1.0,LogNormal,0.9192097358120512,0.518863926243707,31320298.2023646,14577236.467314048,14913898.297381138,336661.8300670907,336661.8300670907,100.0,1457723646.7314048,1491389829.738114,33666183.0067091,33666183.0067091,False,channel0,False,0.023095037994476746,0.023095037994476746,False,0.0230950379944768,0.0230950379944768,0.02309503799447677,0.02309503799447677,0.022832383919807287,0.02309503799447677,percent_roi_or_contribution,0.5,0.5,0,False,False,False,1.0,True,,,0.02309503799447677,0.02309503799447677,,True,False,0.0
"multi|channel0,channel1,channel2,channel3,channel4|pmode=roi|rpk=revenue_per_conversion|target=channel0|mu=0.500000|sigma=0.500000|dist=LogNormal|0.500000|0.500000|LogNormal|alpha=0p3|ec=0p5|slope=1p2|lag=4|decay=geometric",channel0,"{""kpi_type"": ""non_revenue"", ""kpi_type_effective"": ""revenue"", ""prior_design_mode"": ""roi"", ""prior_grid_type"": ""roi"", ""revenue_per_kpi"": null, ""roi_prior_overrides"": {""channel0"": {""dist"": ""LogNormal"", ""mu"": 0.5, ""sigma"": 0.5}, ""channel1"": {""dist"": ""LogNormal"", ""mu"": 1.0, ""sigma"": 1.0}, ""channel2"": {""dist"": ""LogNormal"", ""mu"": 1.0, ""sigma"": 1.0}, ""channel3"": {""dist"": ""LogNormal"", ""mu"": 1.0, ""sigma"": 1.0}, ""channel4"": {""dist"": ""LogNormal"", ""mu"": 1.0, ""sigma"": 1.0}}, ""run_mode"": ""roi_full"", ""structural_overrides"": {""adstock_decay_spec"": ""geometric"", ""alpha_m"": 0.3, ""ec_m"": 0.5, ""max_lag"": 4, ""slope_m"": 1.2}, ""sweep_type"": ""fixed_full_grid"", ""target_channel"": ""channel0"", ""two_layer_enabled"": false}",channel2,PASS,PASS,,,0.5478384270270665,0.5611157961810629,0.0132773691539963,0.0242359215764549,0.3,0.5,1.2,4,geometric,prior_sweep,roi_full,roi,non_revenue,revenue,__revenue_equiv__,,channel0,fixed_full_grid,False,roi,roi,Revenue-equivalent ROI,0.5,0.5,LogNormal,target_channels,channel0,configured,,,,upload_8ce52c632a82_national_all_channels,/Users/jasper/Documents/Intern/BlueAlpha/capstone-Blue_Alpha_1/backend/storage/uploads/upload_8ce52c632a82_national_all_channels.csv,0.5,0.5,LogNormal,0.3578971561854973,0.1389466427266597,0.4730767756700516,1.2380538046360017,0.3777365334318671,0.1392591871321201,0.4684392660856247,1.2541245937347407,0.9853087720310562,1.0,1.0,LogNormal,0.6412104444094768,0.4268119124389753,12079349.341539,6617531.742779157,6777913.723126853,160381.98034769576,160381.98034769576,100.0,661753174.2779157,677791372.3126853,16038198.034769537,16038198.034769537,False,channel0,False,0.024235921576454825,0.024235921576454825,False,0.024235921576454777,0.024235921576454777,0.0242359215764548,0.0242359215764548,0.023946892245623717,0.0242359215764548,percent_roi_or_contribution,0.5,0.5,0,False,False,False,1.0,True,,,0.0242359215764548,0.0242359215764548,,True,False,0.0
"multi|channel0,channel1,channel2,channel3,channel4|pmode=roi|rpk=revenue_per_conversion|target=channel0|mu=0.500000|sigma=0.500000|dist=LogNormal|0.500000|0.500000|LogNormal|alpha=0p3|ec=0p5|slope=1p2|lag=4|decay=geometric",channel0,"{""kpi_type"": ""non_revenue"", ""kpi_type_effective"": ""revenue"", ""prior_design_mode"": ""roi"", ""prior_grid_type"": ""roi"", ""revenue_per_kpi"": null, ""roi_prior_overrides"": {""channel0"": {""dist"": ""LogNormal"", ""mu"": 0.5, ""sigma"": 0.5}, ""channel1"": {""dist"": ""LogNormal"", ""mu"": 1.0, ""sigma"": 1.0}, ""channel2"": {""dist"": ""LogNormal"", ""mu"": 1.0, ""sigma"": 1.0}, ""channel3"": {""dist"": ""LogNormal"", ""mu"": 1.0, ""sigma"": 1.0}, ""channel4"": {""dist"": ""LogNormal"", ""mu"": 1.0, ""sigma"": 1.0}}, ""run_mode"": ""roi_full"", ""structural_overrides"": {""adstock_decay_spec"": ""geometric"", ""alpha_m"": 0.3, ""ec_m"": 0.5, ""max_lag"": 4, ""slope_m"": 1.2}, ""sweep_type"": ""fixed_full_grid"", ""target_channel"": ""channel0"", ""two_layer_enabled"": false}",channel3,PASS,PASS,,,0.2585340054263361,0.2672249445443352,0.0086909391179991,0.0336162320452479,0.3,0.5,1.2,4,geometric,prior_sweep,roi_full,roi,non_revenue,revenue,__revenue_equiv__,,channel0,fixed_full_grid,False,roi,roi,Revenue-equivalent ROI,0.5,0.5,LogNormal,target_channels,channel0,configured,,,,upload_8ce52c632a82_national_all_channels,/Users/jasper/Documents/Intern/BlueAlpha/capstone-Blue_Alpha_1/backend/storage/uploads/upload_8ce52c632a82_national_all_channels.csv,0.5,0.5,LogNormal,0.1334336334010044,0.0872698206454515,0.2386796101927757,0.505061289668083,0.1432088737895215,0.0878459777683019,0.2406211420893669,0.5364790439605711,0.9287772606732636,1.0,1.0,LogNormal,1.722185090286653,0.7601036675883363,87860358.24888599,22714890.336277325,23478479.360703982,763589.0244266577,763589.0244266577,100.0,2271489033.6277323,2347847936.0703983,76358902.44266605,76358902.44266605,False,channel0,False,0.033616232045247996,0.033616232045247996,False,0.033616232045247905,0.033616232045247905,0.033616232045247954,0.033616232045247954,0.033063558301030305,0.033616232045247954,percent_roi_or_contribution,0.5,0.5,0,False,False,False,1.0,True,,,0.033616232045247954,0.033616232045247954,,True,False,0.0
"multi|channel0,channel1,channel2,channel3,channel4|pmode=roi|rpk=revenue_per_conversion|target=channel0|mu=0.500000|sigma=0.500000|dist=LogNormal|0.500000|0.500000|LogNormal|alpha=0p3|ec=0p5|slope=1p2|lag=4|decay=geometric",channel0,"{""kpi_type"": ""non_revenue"", ""kpi_type_effective"": ""revenue"", ""prior_design_mode"": ""roi"", ""prior_grid_type"": ""roi"", ""revenue_per_kpi"": null, ""roi_prior_overrides"": {""channel0"": {""dist"": ""LogNormal"", ""mu"": 0.5, ""sigma"": 0.5}, ""channel1"": {""dist"": ""LogNormal"", ""mu"": 1.0, ""sigma"": 1.0}, ""channel2"": {""dist"": ""LogNormal"", ""mu"": 1.0, ""sigma"": 1.0}, ""channel3"": {""dist"": ""LogNormal"", ""mu"": 1.0, ""sigma"": 1.0}, ""channel4"": {""dist"": ""LogNormal"", ""mu"": 1.0, ""sigma"": 1.0}}, ""run_mode"": ""roi_full"", ""structural_overrides"": {""adstock_decay_spec"": ""geometric"", ""alpha_m"": 0.3, ""ec_m"": 0.5, ""max_lag"": 4, ""slope_m"": 1.2}, ""sweep_type"": ""fixed_full_grid"", ""target_channel"": ""channel0"", ""two_layer_enabled"": false}",channel4,PASS,PASS,,,0.4063499003617714,0.4172684470564127,0.0109185466946413,0.0268698151148076,0.3,0.5,1.2,4,geometric,prior_sweep,roi_full,roi,non_revenue,revenue,__revenue_equiv__,,channel0,fixed_full_grid,False,roi,roi,Revenue-equivalent ROI,0.5,0.5,LogNormal,target_channels,channel0,configured,,,,upload_8ce52c632a82_national_all_channels,/Users/jasper/Documents/Intern/BlueAlpha/capstone-Blue_Alpha_1/backend/storage/uploads/upload_8ce52c632a82_national_all_channels.csv,0.5,0.5,LogNormal,0.2333962216151473,0.1240440666675567,0.3590486496686935,0.8468084782361984,0.2384938818504318,0.130414704978466,0.3668446242809295,0.8791174679994582,0.948773684775625,1.0,1.0,LogNormal,1.1316393188395757,0.5943692585964808,47730683.477718174,19395358.475370027,19916508.17168864,521149.6963186115,521149.6963186115,100.0,1939535847.5370028,1991650817.168864,52114969.63186097,52114969.63186097,False,channel0,False,0.026869815114807676,0.026869815114807676,False,0.026869815114807717,0.026869815114807717,0.026869815114807696,0.026869815114807696,0.026515160608390386,0.026869815114807696,percent_roi_or_contribution,0.5,0.5,0,False,False,False,1.0,True,,,0.026869815114807696,0.026869815114807696,,True,False,0.0
"multi|channel0,channel1,channel2,channel3,channel4|pmode=roi|rpk=revenue_per_conversion|target=channel0|mu=1.000000|sigma=0.500000|dist=LogNormal|1.000000|0.500000|LogNormal|alpha=0p3|ec=0p5|slope=1p2|lag=4|decay=geometric",channel0,"{""kpi_type"": ""non_revenue"", ""kpi_type_effective"": ""revenue"", ""prior_design_mode"": ""roi"", ""prior_grid_type"": ""roi"", ""revenue_per_kpi"": null, ""roi_prior_overrides"": {""channel0"": {""dist"": ""LogNormal"", ""mu"": 1.0, ""sigma"": 0.5}, ""channel1"": {""dist"": ""LogNormal"", ""mu"": 1.0, ""sigma"": 1.0}, ""channel2"": {""dist"": ""LogNormal"", ""mu"": 1.0, ""sigma"": 1.0}, ""channel3"": {""dist"": ""LogNormal"", ""mu"": 1.0, ""sigma"": 1.0}, ""channel4"": {""dist"": ""LogNormal"", ""mu"": 1.0, ""sigma"": 1.0}}, ""run_mode"": ""roi_full"", ""structural_overrides"": {""adstock_decay_spec"": ""geometric"", ""alpha_m"": 0.3, ""ec_m"": 0.5, ""max_lag"": 4, ""slope_m"": 1.2}, ""sweep_type"": ""fixed_full_grid"", ""target_channel"": ""channel0"", ""two_layer_enabled"": false}",channel0,PASS,PASS,,,0.4308758754407366,0.6734905727083484,0.2426146972676118,0.5630732911640617,0.3,0.5,1.2,4,geometric,prior_sweep,roi_full,roi,non_revenue,revenue,__revenue_equiv__,,channel0,fixed_full_grid,False,roi,roi,Revenue-equivalent ROI,1.0,0.5,LogNormal,target_channels,channel0,configured,,,,upload_8ce52c632a82_national_all_channels,/Users/jasper/Documents/Intern/BlueAlpha/capstone-Blue_Alpha_1/backend/storage/uploads/upload_8ce52c632a82_national_all_channels.csv,1.0,0.5,LogNormal,0.260312272419158,0.1235604096204042,0.3676227629184723,0.9330472171306609,0.2586018840214573,0.3309212952852249,0.6259508728981018,1.137963032722473,0.5935768580764507,1.0,0.5,LogNormal,0.5062850277047071,0.3053629829118855,40501713.0799782,17451211.080185138,27277521.937903725,9826310.857718589,9826310.857718589,100.0,1745121108.0185137,2727752193.7903724,982631085.7718588,982631085.7718588,False,channel0,True,0.5630732911640618,0.5630732911640618,False,0.5630732911640618,0.5630732911640618,0.5630732911640618,0.5630732911640618,0.44665394167974587,0.5630732911640618,percent_roi_or_contribution,0.0,0.5,0,False,True,False,0.5,True,,1.1261465823281236,1.1261465823281236,1.1261465823281236,,True,False,0.0
"multi|channel0,channel1,channel2,channel3,channel4|pmode=roi|rpk=revenue_per_conversion|target=channel0|mu=1.000000|sigma=0.500000|dist=LogNormal|1.000000|0.500000|LogNormal|alpha=0p3|ec=0p5|slope=1p2|lag=4|decay=geometric",channel0,"{""kpi_type"": ""non_revenue"", ""kpi_type_effective"": ""revenue"", ""prior_design_mode"": ""roi"", ""prior_grid_type"": ""roi"", ""revenue_per_kpi"": null, ""roi_prior_overrides"": {""channel0"": {""dist"": ""LogNormal"", ""mu"": 1.0, ""sigma"": 0.5}, ""channel1"": {""dist"": ""LogNormal"", ""mu"": 1.0, ""sigma"": 1.0}, ""channel2"": {""dist"": ""LogNormal"", ""mu"": 1.0, ""sigma"": 1.0}, ""channel3"": {""dist"": ""LogNormal"", ""mu"": 1.0, ""sigma"": 1.0}, ""channel4"": {""dist"": ""LogNormal"", ""mu"": 1.0, ""sigma"": 1.0}}, ""run_mode"": ""roi_full"", ""structural_overrides"": {""adstock_decay_spec"": ""geometric"", ""alpha_m"": 0.3, ""ec_m"": 0.5, ""max_lag"": 4, ""slope_m"": 1.2}, ""sweep_type"": ""fixed_full_grid"", ""target_channel"": ""channel0"", ""two_layer_enabled"": false}",channel1,PASS,PASS,,,0.4654245746042579,0.4582219578232616,0.0072026167809963,0.0154753684571137,0.3,0.5,1.2,4,geometric,prior_sweep,roi_full,roi,non_revenue,revenue,__revenue_equiv__,,channel0,fixed_full_grid,False,roi,roi,Revenue-equivalent ROI,1.0,0.5,LogNormal,target_channels,channel0,configured,,,,upload_8ce52c632a82_national_all_channels,/Users/jasper/Documents/Intern/BlueAlpha/capstone-Blue_Alpha_1/backend/storage/uploads/upload_8ce52c632a82_national_all_channels.csv,1.0,0.5,LogNormal,0.2843900597561066,0.1218790113925933,0.3990941643714905,1.014937341213226,0.2811410198944404,0.1239808838814497,0.3913861066102981,0.9664610922336578,0.9433652654260746,1.0,1.0,LogNormal,0.9551807454009886,0.5364188556828993,31320298.2023646,14577236.467314048,14351648.361895887,-225588.10541816056,225588.10541816056,100.0,1457723646.7314048,1435164836.1895888,-22558810.541815996,22558810.541815996,False,channel0,False,0.015475368457113751,-0.015475368457113751,False,0.015475368457113782,-0.015475368457113782,0.015475368457113767,-0.015475368457113767,0.015356846162756016,0.015475368457113767,percent_roi_or_contribution,0.0,0.5,0,False,True,False,0.5,True,,0.030950736914227533,0.030950736914227533,0.030950736914227533,,True,False,0.0
"multi|channel0,channel1,channel2,channel3,channel4|pmode=roi|rpk=revenue_per_conversion|target=channel0|mu=1.000000|sigma=0.500000|dist=LogNormal|1.000000|0.500000|LogNormal|alpha=0p3|ec=0p5|slope=1p2|lag=4|decay=geometric",channel0,"{""kpi_type"": ""non_revenue"", ""kpi_type_effective"": ""revenue"", ""prior_design_mode"": ""roi"", ""prior_grid_type"": ""roi"", ""revenue_per_kpi"": null, ""roi_prior_overrides"": {""channel0"": {""dist"": ""LogNormal"", ""mu"": 1.0, ""sigma"": 0.5}, ""channel1"": {""dist"": ""LogNormal"", ""mu"": 1.0, ""sigma"": 1.0}, ""channel2"": {""dist"": ""LogNormal"", ""mu"": 1.0, ""sigma"": 1.0}, ""channel3"": {""dist"": ""LogNormal"", ""mu"": 1.0, ""sigma"": 1.0}, ""channel4"": {""dist"": ""LogNormal"", ""mu"": 1.0, ""sigma"": 1.0}}, ""run_mode"": ""roi_full"", ""structural_overrides"": {""adstock_decay_spec"": ""geometric"", ""alpha_m"": 0.3, ""ec_m"": 0.5, ""max_lag"": 4, ""slope_m"": 1.2}, ""sweep_type"": ""fixed_full_grid"", ""target_channel"": ""channel0"", ""two_layer_enabled"": false}",channel2,PASS,PASS,,,0.5478384270270665,0.5500463946753492,0.0022079676482826,0.0040303263505347,0.3,0.5,1.2,4,geometric,prior_sweep,roi_full,roi,non_revenue,revenue,__revenue_equiv__,,channel0,fixed_full_grid,False,roi,roi,Revenue-equivalent ROI,1.0,0.5,LogNormal,target_channels,channel0,configured,,,,upload_8ce52c632a82_national_all_channels,/Users/jasper/Documents/Intern/BlueAlpha/capstone-Blue_Alpha_1/backend/storage/uploads/upload_8ce52c632a82_national_all_channels.csv,1.0,0.5,LogNormal,0.3578971561854973,0.1389466427266597,0.4730767756700516,1.2380538046360017,0.371202452548519,0.1346019297838211,0.4600266218185425,1.2488664865493777,0.9863969514562924,1.0,1.0,LogNormal,0.6611324248721222,0.4379004981526627,12079349.341539,6617531.742779157,6644202.55533758,26670.812558422796,26670.812558422796,100.0,661753174.2779157,664420255.533758,2667081.255842328,2667081.255842328,False,channel0,False,0.004030326350534728,0.004030326350534728,False,0.004030326350534722,0.004030326350534722,0.004030326350534725,0.004030326350534725,0.004022226341780709,0.004030326350534725,percent_roi_or_contribution,0.0,0.5,0,False,True,False,0.5,True,,0.00806065270106945,0.00806065270106945,0.00806065270106945,,True,False,0.0
"multi|channel0,channel1,channel2,channel3,channel4|pmode=roi|rpk=revenue_per_conversion|target=channel0|mu=1.000000|sigma=0.500000|dist=LogNormal|1.000000|0.500000|LogNormal|alpha=0p3|ec=0p5|slope=1p2|lag=4|decay=geometric",channel0,"{""kpi_type"": ""non_revenue"", ""kpi_type_effective"": ""revenue"", ""prior_design_mode"": ""roi"", ""prior_grid_type"": ""roi"", ""revenue_per_kpi"": null, ""roi_prior_overrides"": {""channel0"": {""dist"": ""LogNormal"", ""mu"": 1.0, ""sigma"": 0.5}, ""channel1"": {""dist"": ""LogNormal"", ""mu"": 1.0, ""sigma"": 1.0}, ""channel2"": {""dist"": ""LogNormal"", ""mu"": 1.0, ""sigma"": 1.0}, ""channel3"": {""dist"": ""LogNormal"", ""mu"": 1.0, ""sigma"": 1.0}, ""channel4"": {""dist"": ""LogNormal"", ""mu"": 1.0, ""sigma"": 1.0}}, ""run_mode"": ""roi_full"", ""structural_overrides"": {""adstock_decay_spec"": ""geometric"", ""alpha_m"": 0.3, ""ec_m"": 0.5, ""max_lag"": 4, ""slope_m"": 1.2}, ""sweep_type"": ""fixed_full_grid"", ""target_channel"": ""channel0"", ""two_layer_enabled"": false}",channel3,PASS,PASS,,,0.2585340054263361,0.2537203199276701,0.004813685498666,0.0186191580126103,0.3,0.5,1.2,4,geometric,prior_sweep,roi_full,roi,non_revenue,revenue,__revenue_equiv__,,channel0,fixed_full_grid,False,roi,roi,Revenue-equivalent ROI,1.0,0.5,LogNormal,target_channels,channel0,configured,,,,upload_8ce52c632a82_national_all_channels,/Users/jasper/Documents/Intern/BlueAlpha/capstone-Blue_Alpha_1/backend/storage/uploads/upload_8ce52c632a82_national_all_channels.csv,1.0,0.5,LogNormal,0.1334336334010044,0.0872698206454515,0.2386796101927757,0.505061289668083,0.1329309289638947,0.0830630384385585,0.230148509144783,0.5075899571180342,0.9841342224474352,1.0,1.0,LogNormal,1.8052276131400529,0.7735577712365047,87860358.24888599,22714890.336277325,22291958.20386706,-422932.1324102655,422932.1324102655,100.0,2271489033.6277323,2229195820.386706,-42293213.2410264,42293213.2410264,False,channel0,False,0.018619158012610333,-0.018619158012610333,False,0.018619158012610444,-0.018619158012610444,0.01861915801261039,-0.01861915801261039,0.018447943471949474,0.01861915801261039,percent_roi_or_contribution,0.0,0.5,0,False,True,False,0.5,True,,0.03723831602522078,0.03723831602522078,0.03723831602522078,,True,False,0.0
"multi|channel0,channel1,channel2,channel3,channel4|pmode=roi|rpk=revenue_per_conversion|target=channel0|mu=1.000000|sigma=0.500000|dist=LogNormal|1.000000|0.500000|LogNormal|alpha=0p3|ec=0p5|slope=1p2|lag=4|decay=geometric",channel0,"{""kpi_type"": ""non_revenue"", ""kpi_type_effective"": ""revenue"", ""prior_design_mode"": ""roi"", ""prior_grid_type"": ""roi"", ""revenue_per_kpi"": null, ""roi_prior_overrides"": {""channel0"": {""dist"": ""LogNormal"", ""mu"": 1.0, ""sigma"": 0.5}, ""channel1"": {""dist"": ""LogNormal"", ""mu"": 1.0, ""sigma"": 1.0}, ""channel2"": {""dist"": ""LogNormal"", ""mu"": 1.0, ""sigma"": 1.0}, ""channel3"": {""dist"": ""LogNormal"", ""mu"": 1.0, ""sigma"": 1.0}, ""channel4"": {""dist"": ""LogNormal"", ""mu"": 1.0, ""sigma"": 1.0}}, ""run_mode"": ""roi_full"", ""structural_overrides"": {""adstock_decay_spec"": ""geometric"", ""alpha_m"": 0.3, ""ec_m"": 0.5, ""max_lag"": 4, ""slope_m"": 1.2}, ""sweep_type"": ""fixed_full_grid"", ""target_channel"": ""channel0"", ""two_layer_enabled"": false}",channel4,PASS,PASS,,,0.4063499003617714,0.4001041006390005,0.0062457997227708,0.0153704965036542,0.3,0.5,1.2,4,geometric,prior_sweep,roi_full,roi,non_revenue,revenue,__revenue_equiv__,,channel0,fixed_full_grid,False,roi,roi,Revenue-equivalent ROI,1.0,0.5,LogNormal,target_channels,channel0,configured,,,,upload_8ce52c632a82_national_all_channels,/Users/jasper/Documents/Intern/BlueAlpha/capstone-Blue_Alpha_1/backend/storage/uploads/upload_8ce52c632a82_national_all_channels.csv,1.0,0.5,LogNormal,0.2333962216151473,0.1240440666675567,0.3590486496686935,0.8468084782361984,0.2258586131506293,0.1222482874989509,0.3517921417951584,0.8271356910467148,0.9703702099114154,1.0,1.0,LogNormal,1.193289682613068,0.6112302117267199,47730683.477718174,19395358.475370027,19097242.18573723,-298116.28963279724,298116.28963279724,100.0,1939535847.5370028,1909724218.573723,-29811628.963279724,29811628.963279724,False,channel0,False,0.015370496503654336,-0.015370496503654336,False,0.015370496503654322,-0.015370496503654322,0.01537049650365433,-0.01537049650365433,0.015253567075591357,0.01537049650365433,percent_roi_or_contribution,0.0,0.5,0,False,True,False,0.5,True,,0.03074099300730866,0.03074099300730866,0.03074099300730866,,True,False,0.0
"multi|channel0,channel1,channel2,channel3,channel4|pmode=roi|rpk=revenue_per_conversion|target=channel0|mu=0.500000|sigma=1.000000|dist=LogNormal|0.500000|1.000000|LogNormal|alpha=0p3|ec=0p5|slope=1p2|lag=4|decay=geometric",channel0,"{""kpi_type"": ""non_revenue"", ""kpi_type_effective"": ""revenue"", ""prior_design_mode"": ""roi"", ""prior_grid_type"": ""roi"", ""revenue_per_kpi"": null, ""roi_prior_overrides"": {""channel0"": {""dist"": ""LogNormal"", ""mu"": 0.5, ""sigma"": 1.0}, ""channel1"": {""dist"": ""LogNormal"", ""mu"": 1.0, ""sigma"": 1.0}, ""channel2"": {""dist"": ""LogNormal"", ""mu"": 1.0, ""sigma"": 1.0}, ""channel3"": {""dist"": ""LogNormal"", ""mu"": 1.0, ""sigma"": 1.0}, ""channel4"": {""dist"": ""LogNormal"", ""mu"": 1.0, ""sigma"": 1.0}}, ""run_mode"": ""roi_full"", ""structural_overrides"": {""adstock_decay_spec"": ""geometric"", ""alpha_m"": 0.3, ""ec_m"": 0.5, ""max_lag"": 4, ""slope_m"": 1.2}, ""sweep_type"": ""fixed_full_grid"", ""target_channel"": ""channel0"", ""two_layer_enabled"": false}",channel0,PASS,PASS,,,0.4308758754407366,0.1980244533494503,0.2328514220912863,0.5404141548957829,0.3,0.5,1.2,4,geometric,prior_sweep,roi_full,roi,non_revenue,revenue,__revenue_equiv__,,channel0,fixed_full_grid,False,roi,roi,Revenue-equivalent ROI,0.5,1.0,LogNormal,target_channels,channel0,configured,,,,upload_8ce52c632a82_national_all_channels,/Users/jasper/Documents/Intern/BlueAlpha/capstone-Blue_Alpha_1/backend/storage/uploads/upload_8ce52c632a82_national_all_channels.csv,0.5,1.0,LogNormal,0.260312272419158,0.1235604096204042,0.3676227629184723,0.9330472171306609,0.1927635529261526,0.0202817313373088,0.1307666823267936,0.5912114232778547,0.5123451981217063,0.5,1.0,LogNormal,1.2104644645714266,0.2552965699135445,40501713.0799782,17451211.080185138,8020329.592378964,-9430881.487806177,9430881.487806177,100.0,1745121108.0185137,802032959.2378963,-943088148.7806174,943088148.7806174,False,channel0,True,0.5404141548957829,-0.5404141548957829,False,0.5404141548957829,-0.5404141548957829,0.5404141548957829,-0.5404141548957829,0.4320513120203851,0.5404141548957829,percent_roi_or_contribution,0.5,0.0,0,True,False,False,0.5,True,1.0808283097915659,,1.0808283097915659,1.0808283097915659,,True,False,0.0
"multi|channel0,channel1,channel2,channel3,channel4|pmode=roi|rpk=revenue_per_conversion|target=channel0|mu=0.500000|sigma=1.000000|dist=LogNormal|0.500000|1.000000|LogNormal|alpha=0p3|ec=0p5|slope=1p2|lag=4|decay=geometric",channel0,"{""kpi_type"": ""non_revenue"", ""kpi_type_effective"": ""revenue"", ""prior_design_mode"": ""roi"", ""prior_grid_type"": ""roi"", ""revenue_per_kpi"": null, ""roi_prior_overrides"": {""channel0"": {""dist"": ""LogNormal"", ""mu"": 0.5, ""sigma"": 1.0}, ""channel1"": {""dist"": ""LogNormal"", ""mu"": 1.0, ""sigma"": 1.0}, ""channel2"": {""dist"": ""LogNormal"", ""mu"": 1.0, ""sigma"": 1.0}, ""channel3"": {""dist"": ""LogNormal"", ""mu"": 1.0, ""sigma"": 1.0}, ""channel4"": {""dist"": ""LogNormal"", ""mu"": 1.0, ""sigma"": 1.0}}, ""run_mode"": ""roi_full"", ""structural_overrides"": {""adstock_decay_spec"": ""geometric"", ""alpha_m"": 0.3, ""ec_m"": 0.5, ""max_lag"": 4, ""slope_m"": 1.2}, ""sweep_type"": ""fixed_full_grid"", ""target_channel"": ""channel0"", ""two_layer_enabled"": false}",channel1,PASS,PASS,,,0.4654245746042579,0.4879358652001246,0.0225112905958667,0.0483672152786682,0.3,0.5,1.2,4,geometric,prior_sweep,roi_full,roi,non_revenue,revenue,__revenue_equiv__,,channel0,fixed_full_grid,False,roi,roi,Revenue-equivalent ROI,0.5,1.0,LogNormal,target_channels,channel0,configured,,,,upload_8ce52c632a82_national_all_channels,/Users/jasper/Documents/Intern/BlueAlpha/capstone-Blue_Alpha_1/backend/storage/uploads/upload_8ce52c632a82_national_all_channels.csv,0.5,1.0,LogNormal,0.2843900597561066,0.1218790113925933,0.3990941643714905,1.014937341213226,0.3070106574775123,0.1249762628227472,0.419604629278183,1.0570878803730008,0.9516174492236592,1.0,1.0,LogNormal,0.8591054280635846,0.5068373624901681,31320298.2023646,14577236.467314048,15282296.80169668,705060.3343826309,705060.3343826309,100.0,1457723646.7314048,1528229680.169668,70506033.43826318,70506033.43826318,False,channel0,False,0.04836721527866819,0.04836721527866819,False,0.0483672152786683,0.0483672152786683,0.048367215278668246,0.048367215278668246,0.04723392078268918,0.048367215278668246,percent_roi_or_contribution,0.5,0.0,0,True,False,False,0.5,True,0.09673443055733649,,0.09673443055733649,0.09673443055733649,,True,False,0.0
"multi|channel0,channel1,channel2,channel3,channel4|pmode=roi|rpk=revenue_per_conversion|target=channel0|mu=0.500000|sigma=1.000000|dist=LogNormal|0.500000|1.000000|LogNormal|alpha=0p3|ec=0p5|slope=1p2|lag=4|decay=geometric",channel0,"{""kpi_type"": ""non_revenue"", ""kpi_type_effective"": ""revenue"", ""prior_design_mode"": ""roi"", ""prior_grid_type"": ""roi"", ""revenue_per_kpi"": null, ""roi_prior_overrides"": {""channel0"": {""dist"": ""LogNormal"", ""mu"": 0.5, ""sigma"": 1.0}, ""channel1"": {""dist"": ""LogNormal"", ""mu"": 1.0, ""sigma"": 1.0}, ""channel2"": {""dist"": ""LogNormal"", ""mu"": 1.0, ""sigma"": 1.0}, ""channel3"": {""dist"": ""LogNormal"", ""mu"": 1.0, ""sigma"": 1.0}, ""channel4"": {""dist"": ""LogNormal"", ""mu"": 1.0, ""sigma"": 1.0}}, ""run_mode"": ""roi_full"", ""structural_overrides"": {""adstock_decay_spec"": ""geometric"", ""alpha_m"": 0.3, ""ec_m"": 0.5, ""max_lag"": 4, ""slope_m"": 1.2}, ""sweep_type"": ""fixed_full_grid"", ""target_channel"": ""channel0"", ""two_layer_enabled"": false}",channel2,PASS,PASS,,,0.5478384270270665,0.5618796634084234,0.0140412363813569,0.0256302509803008,0.3,0.5,1.2,4,geometric,prior_sweep,roi_full,roi,non_revenue,revenue,__revenue_equiv__,,channel0,fixed_full_grid,False,roi,roi,Revenue-equivalent ROI,0.5,1.0,LogNormal,target_channels,channel0,configured,,,,upload_8ce52c632a82_national_all_channels,/Users/jasper/Documents/Intern/BlueAlpha/capstone-Blue_Alpha_1/backend/storage/uploads/upload_8ce52c632a82_national_all_channels.csv,0.5,1.0,LogNormal,0.3578971561854973,0.1389466427266597,0.4730767756700516,1.2380538046360017,0.3795424390767364,0.13792789503932,0.4644173085689544,1.287791764736175,0.9558585071458116,1.0,1.0,LogNormal,0.6367898056723509,0.426444897388314,12079349.341539,6617531.742779157,6787140.742216694,169608.99943753704,169608.99943753704,100.0,661753174.2779157,678714074.2216694,16960899.94375372,16960899.94375372,False,channel0,False,0.025630250980300768,0.025630250980300768,False,0.025630250980300785,0.025630250980300785,0.02563025098030078,0.02563025098030078,0.025307302634902135,0.02563025098030078,percent_roi_or_contribution,0.5,0.0,0,True,False,False,0.5,True,0.05126050196060156,,0.05126050196060156,0.05126050196060156,,True,False,0.0
"multi|channel0,channel1,channel2,channel3,channel4|pmode=roi|rpk=revenue_per_conversion|target=channel0|mu=0.500000|sigma=1.000000|dist=LogNormal|0.500000|1.000000|LogNormal|alpha=0p3|ec=0p5|slope=1p2|lag=4|decay=geometric",channel0,"{""kpi_type"": ""non_revenue"", ""kpi_type_effective"": ""revenue"", ""prior_design_mode"": ""roi"", ""prior_grid_type"": ""roi"", ""revenue_per_kpi"": null, ""roi_prior_overrides"": {""channel0"": {""dist"": ""LogNormal"", ""mu"": 0.5, ""sigma"": 1.0}, ""channel1"": {""dist"": ""LogNormal"", ""mu"": 1.0, ""sigma"": 1.0}, ""channel2"": {""dist"": ""LogNormal"", ""mu"": 1.0, ""sigma"": 1.0}, ""channel3"": {""dist"": ""LogNormal"", ""mu"": 1.0, ""sigma"": 1.0}, ""channel4"": {""dist"": ""LogNormal"", ""mu"": 1.0, ""sigma"": 1.0}}, ""run_mode"": ""roi_full"", ""structural_overrides"": {""adstock_decay_spec"": ""geometric"", ""alpha_m"": 0.3, ""ec_m"": 0.5, ""max_lag"": 4, ""slope_m"": 1.2}, ""sweep_type"": ""fixed_full_grid"", ""target_channel"": ""channel0"", ""two_layer_enabled"": false}",channel3,PASS,PASS,,,0.2585340054263361,0.2743793931448211,0.015845387718485,0.0612893754241541,0.3,0.5,1.2,4,geometric,prior_sweep,roi_full,roi,non_revenue,revenue,__revenue_equiv__,,channel0,fixed_full_grid,False,roi,roi,Revenue-equivalent ROI,0.5,1.0,LogNormal,target_channels,channel0,configured,,,,upload_8ce52c632a82_national_all_channels,/Users/jasper/Documents/Intern/BlueAlpha/capstone-Blue_Alpha_1/backend/storage/uploads/upload_8ce52c632a82_national_all_channels.csv,0.5,1.0,LogNormal,0.1334336334010044,0.0872698206454515,0.2386796101927757,0.505061289668083,0.1443709056412452,0.0896990202367305,0.2491940036416053,0.5477151870727539,0.9020880645498516,1.0,1.0,LogNormal,1.7090536690473228,0.7529125000804648,87860358.24888599,22714890.336277325,24107071.777815916,1392181.441538591,1392181.441538591,100.0,2271489033.6277323,2410707177.7815914,139218144.15385914,139218144.15385914,False,channel0,False,0.061289375424154226,0.061289375424154226,False,0.0612893754241541,0.0612893754241541,0.06128937542415416,0.06128937542415416,0.05948456082829786,0.06128937542415416,percent_roi_or_contribution,0.5,0.0,0,True,False,False,0.5,True,0.12257875084830833,,0.12257875084830833,0.12257875084830833,,True,False,0.0
"multi|channel0,channel1,channel2,channel3,channel4|pmode=roi|rpk=revenue_per_conversion|target=channel0|mu=0.500000|sigma=1.000000|dist=LogNormal|0.500000|1.000000|LogNormal|alpha=0p3|ec=0p5|slope=1p2|lag=4|decay=geometric",channel0,"{""kpi_type"": ""non_revenue"", ""kpi_type_effective"": ""revenue"", ""prior_design_mode"": ""roi"", ""prior_grid_type"": ""roi"", ""revenue_per_kpi"": null, ""roi_prior_overrides"": {""channel0"": {""dist"": ""LogNormal"", ""mu"": 0.5, ""sigma"": 1.0}, ""channel1"": {""dist"": ""LogNormal"", ""mu"": 1.0, ""sigma"": 1.0}, ""channel2"": {""dist"": ""LogNormal"", ""mu"": 1.0, ""sigma"": 1.0}, ""channel3"": {""dist"": ""LogNormal"", ""mu"": 1.0, ""sigma"": 1.0}, ""channel4"": {""dist"": ""LogNormal"", ""mu"": 1.0, ""sigma"": 1.0}}, ""run_mode"": ""roi_full"", ""structural_overrides"": {""adstock_decay_spec"": ""geometric"", ""alpha_m"": 0.3, ""ec_m"": 0.5, ""max_lag"": 4, ""slope_m"": 1.2}, ""sweep_type"": ""fixed_full_grid"", ""target_channel"": ""channel0"", ""two_layer_enabled"": false}",channel4,PASS,PASS,,,0.4063499003617714,0.443429746190086,0.0370798458283146,0.0912510272435225,0.3,0.5,1.2,4,geometric,prior_sweep,roi_full,roi,non_revenue,revenue,__revenue_equiv__,,channel0,fixed_full_grid,False,roi,roi,Revenue-equivalent ROI,0.5,1.0,LogNormal,target_channels,channel0,configured,,,,upload_8ce52c632a82_national_all_channels,/Users/jasper/Documents/Intern/BlueAlpha/capstone-Blue_Alpha_1/backend/storage/uploads/upload_8ce52c632a82_national_all_channels.csv,0.5,1.0,LogNormal,0.2333962216151473,0.1240440666675567,0.3590486496686935,0.8468084782361984,0.2691307987666417,0.1220043290406465,0.3844970613718033,0.9477210223674774,0.8753176693771417,1.0,1.0,LogNormal,1.0036586939242498,0.568244901224167,47730683.477718174,19395358.475370027,21165204.860003904,1769846.3846338764,1769846.3846338764,100.0,1939535847.5370028,2116520486.0003903,176984638.4633875,176984638.4633875,False,channel0,False,0.09125102724352246,0.09125102724352246,False,0.09125102724352255,0.09125102724352255,0.0912510272435225,0.0912510272435225,0.08732476951695689,0.0912510272435225,percent_roi_or_contribution,0.5,0.0,0,True,False,False,0.5,True,0.182502054487045,,0.182502054487045,0.182502054487045,,True,False,0.0
"multi|channel0,channel1,channel2,channel3,channel4|pmode=roi|rpk=revenue_per_conversion|target=channel0|mu=0.500000|sigma=1.500000|dist=LogNormal|0.500000|1.500000|LogNormal|alpha=0p3|ec=0p5|slope=1p2|lag=4|decay=geometric",channel0,"{""kpi_type"": ""non_revenue"", ""kpi_type_effective"": ""revenue"", ""prior_design_mode"": ""roi"", ""prior_grid_type"": ""roi"", ""revenue_per_kpi"": null, ""roi_prior_overrides"": {""channel0"": {""dist"": ""LogNormal"", ""mu"": 0.5, ""sigma"": 1.5}, ""channel1"": {""dist"": ""LogNormal"", ""mu"": 1.0, ""sigma"": 1.0}, ""channel2"": {""dist"": ""LogNormal"", ""mu"": 1.0, ""sigma"": 1.0}, ""channel3"": {""dist"": ""LogNormal"", ""mu"": 1.0, ""sigma"": 1.0}, ""channel4"": {""dist"": ""LogNormal"", ""mu"": 1.0, ""sigma"": 1.0}}, ""run_mode"": ""roi_full"", ""structural_overrides"": {""adstock_decay_spec"": ""geometric"", ""alpha_m"": 0.3, ""ec_m"": 0.5, ""max_lag"": 4, ""slope_m"": 1.2}, ""sweep_type"": ""fixed_full_grid"", ""target_channel"": ""channel0"", ""two_layer_enabled"": false}",channel0,PASS,PASS,,,0.4308758754407366,0.1597255621523072,0.2711503132884293,0.6293002898133336,0.3,0.5,1.2,4,geometric,prior_sweep,roi_full,roi,non_revenue,revenue,__revenue_equiv__,,channel0,fixed_full_grid,False,roi,roi,Revenue-equivalent ROI,0.5,1.5,LogNormal,target_channels,channel0,configured,,,,upload_8ce52c632a82_national_all_channels,/Users/jasper/Documents/Intern/BlueAlpha/capstone-Blue_Alpha_1/backend/storage/uploads/upload_8ce52c632a82_national_all_channels.csv,0.5,1.5,LogNormal,0.260312272419158,0.1235604096204042,0.3676227629184723,0.9330472171306609,0.1797545477658248,0.0097123894374817,0.0933409929275512,0.5479735314846038,0.459652456654901,0.5,1.5,LogNormal,1.65453884374726,0.2757216284739814,40501713.0799782,17451211.080185138,6469158.889830971,-10982052.190354168,10982052.190354168,100.0,1745121108.0185137,646915888.9830971,-1098205219.0354166,1098205219.0354166,False,channel0,True,0.6293002898133336,-0.6293002898133336,False,0.6293002898133336,-0.6293002898133336,0.6293002898133336,-0.6293002898133336,0.48815065260273605,0.6293002898133336,percent_roi_or_contribution,0.5,0.5,0,False,False,False,1.0,True,,,0.6293002898133336,0.6293002898133336,,True,False,0.0
"multi|channel0,channel1,channel2,channel3,channel4|pmode=roi|rpk=revenue_per_conversion|target=channel0|mu=0.500000|sigma=1.500000|dist=LogNormal|0.500000|1.500000|LogNormal|alpha=0p3|ec=0p5|slope=1p2|lag=4|decay=geometric",channel0,"{""kpi_type"": ""non_revenue"", ""kpi_type_effective"": ""revenue"", ""prior_design_mode"": ""roi"", ""prior_grid_type"": ""roi"", ""revenue_per_kpi"": null, ""roi_prior_overrides"": {""channel0"": {""dist"": ""LogNormal"", ""mu"": 0.5, ""sigma"": 1.5}, ""channel1"": {""dist"": ""LogNormal"", ""mu"": 1.0, ""sigma"": 1.0}, ""channel2"": {""dist"": ""LogNormal"", ""mu"": 1.0, ""sigma"": 1.0}, ""channel3"": {""dist"": ""LogNormal"", ""mu"": 1.0, ""sigma"": 1.0}, ""channel4"": {""dist"": ""LogNormal"", ""mu"": 1.0, ""sigma"": 1.0}}, ""run_mode"": ""roi_full"", ""structural_overrides"": {""adstock_decay_spec"": ""geometric"", ""alpha_m"": 0.3, ""ec_m"": 0.5, ""max_lag"": 4, ""slope_m"": 1.2}, ""sweep_type"": ""fixed_full_grid"", ""target_channel"": ""channel0"", ""two_layer_enabled"": false}",channel1,PASS,PASS,,,0.4654245746042579,0.5026273042584459,0.037202729654188,0.0799328864098352,0.3,0.5,1.2,4,geometric,prior_sweep,roi_full,roi,non_revenue,revenue,__revenue_equiv__,,channel0,fixed_full_grid,False,roi,roi,Revenue-equivalent ROI,0.5,1.5,LogNormal,target_channels,channel0,configured,,,,upload_8ce52c632a82_national_all_channels,/Users/jasper/Documents/Intern/BlueAlpha/capstone-Blue_Alpha_1/backend/storage/uploads/upload_8ce52c632a82_national_all_channels.csv,0.5,1.5,LogNormal,0.2843900597561066,0.1218790113925933,0.3990941643714905,1.014937341213226,0.3273609172379521,0.129085823148489,0.4278858602046966,1.145520097017288,0.8653926952571768,1.0,1.0,LogNormal,0.7939643786005071,0.4923525705337061,31320298.2023646,14577236.467314048,15742437.05402517,1165200.5867111215,1165200.5867111215,100.0,1457723646.7314048,1574243705.4025168,116520058.67111206,116520058.67111206,False,channel0,False,0.07993288640983523,0.07993288640983523,False,0.07993288640983524,0.07993288640983524,0.07993288640983523,0.07993288640983523,0.07689889699210548,0.07993288640983523,percent_roi_or_contribution,0.5,0.5,0,False,False,False,1.0,True,,,0.07993288640983523,0.07993288640983523,,True,False,0.0
"multi|channel0,channel1,channel2,channel3,channel4|pmode=roi|rpk=revenue_per_conversion|target=channel0|mu=0.500000|sigma=1.500000|dist=LogNormal|0.500000|1.500000|LogNormal|alpha=0p3|ec=0p5|slope=1p2|lag=4|decay=geometric",channel0,"{""kpi_type"": ""non_revenue"", ""kpi_type_effective"": ""revenue"", ""prior_design_mode"": ""roi"", ""prior_grid_type"": ""roi"", ""revenue_per_kpi"": null, ""roi_prior_overrides"": {""channel0"": {""dist"": ""LogNormal"", ""mu"": 0.5, ""sigma"": 1.5}, ""channel1"": {""dist"": ""LogNormal"", ""mu"": 1.0, ""sigma"": 1.0}, ""channel2"": {""dist"": ""LogNormal"", ""mu"": 1.0, ""sigma"": 1.0}, ""channel3"": {""dist"": ""LogNormal"", ""mu"": 1.0, ""sigma"": 1.0}, ""channel4"": {""dist"": ""LogNormal"", ""mu"": 1.0, ""sigma"": 1.0}}, ""run_mode"": ""roi_full"", ""structural_overrides"": {""adstock_decay_spec"": ""geometric"", ""alpha_m"": 0.3, ""ec_m"": 0.5, ""max_lag"": 4, ""slope_m"": 1.2}, ""sweep_type"": ""fixed_full_grid"", ""target_channel"": ""channel0"", ""two_layer_enabled"": false}",channel2,PASS,PASS,,,0.5478384270270665,0.5585820937684427,0.0107436667413761,0.0196110134144449,0.3,0.5,1.2,4,geometric,prior_sweep,roi_full,roi,non_revenue,revenue,__revenue_equiv__,,channel0,fixed_full_grid,False,roi,roi,Revenue-equivalent ROI,0.5,1.5,LogNormal,target_channels,channel0,configured,,,,upload_8ce52c632a82_national_all_channels,/Users/jasper/Documents/Intern/BlueAlpha/capstone-Blue_Alpha_1/backend/storage/uploads/upload_8ce52c632a82_national_all_channels.csv,0.5,1.5,LogNormal,0.3578971561854973,0.1389466427266597,0.4730767756700516,1.2380538046360017,0.3774603088172015,0.1404984526336193,0.469630092382431,1.25068182349205,0.9872453179423128,1.0,1.0,LogNormal,0.6429528843640901,0.4294662349172294,12079349.341539,6617531.742779157,6747308.246557314,129776.50377815682,129776.50377815682,100.0,661753174.2779157,674730824.6557314,12977650.377815723,12977650.377815723,False,channel0,False,0.01961101341444485,0.01961101341444485,False,0.019611013414444874,0.019611013414444874,0.019611013414444864,0.019611013414444864,0.019421195162588598,0.019611013414444864,percent_roi_or_contribution,0.5,0.5,0,False,False,False,1.0,True,,,0.019611013414444864,0.019611013414444864,,True,False,0.0
"multi|channel0,channel1,channel2,channel3,channel4|pmode=roi|rpk=revenue_per_conversion|target=channel0|mu=0.500000|sigma=1.500000|dist=LogNormal|0.500000|1.500000|LogNormal|alpha=0p3|ec=0p5|slope=1p2|lag=4|decay=geometric",channel0,"{""kpi_type"": ""non_revenue"", ""kpi_type_effective"": ""revenue"", ""prior_design_mode"": ""roi"", ""prior_grid_type"": ""roi"", ""revenue_per_kpi"": null, ""roi_prior_overrides"": {""channel0"": {""dist"": ""LogNormal"", ""mu"": 0.5, ""sigma"": 1.5}, ""channel1"": {""dist"": ""LogNormal"", ""mu"": 1.0, ""sigma"": 1.0}, ""channel2"": {""dist"": ""LogNormal"", ""mu"": 1.0, ""sigma"": 1.0}, ""channel3"": {""dist"": ""LogNormal"", ""mu"": 1.0, ""sigma"": 1.0}, ""channel4"": {""dist"": ""LogNormal"", ""mu"": 1.0, ""sigma"": 1.0}}, ""run_mode"": ""roi_full"", ""structural_overrides"": {""adstock_decay_spec"": ""geometric"", ""alpha_m"": 0.3, ""ec_m"": 0.5, ""max_lag"": 4, ""slope_m"": 1.2}, ""sweep_type"": ""fixed_full_grid"", ""target_channel"": ""channel0"", ""two_layer_enabled"": false}",channel3,PASS,PASS,,,0.2585340054263361,0.2762539539486169,0.0177199485222808,0.0685401074920868,0.3,0.5,1.2,4,geometric,prior_sweep,roi_full,roi,non_revenue,revenue,__revenue_equiv__,,channel0,fixed_full_grid,False,roi,roi,Revenue-equivalent ROI,0.5,1.5,LogNormal,target_channels,channel0,configured,,,,upload_8ce52c632a82_national_all_channels,/Users/jasper/Documents/Intern/BlueAlpha/capstone-Blue_Alpha_1/backend/storage/uploads/upload_8ce52c632a82_national_all_channels.csv,0.5,1.5,LogNormal,0.1334336334010044,0.0872698206454515,0.2386796101927757,0.505061289668083,0.1518062330825315,0.0893465466797351,0.2441171258687973,0.5758959114551544,0.8507829418184905,1.0,1.0,LogNormal,1.658577089502706,0.7509998224376581,87860358.24888599,22714890.336277325,24271771.361596733,1556881.0253194086,1556881.0253194086,100.0,2271489033.6277323,2427177136.159673,155688102.53194094,155688102.53194094,False,channel0,False,0.06854010749208675,0.06854010749208675,False,0.06854010749208667,0.06854010749208667,0.06854010749208671,0.06854010749208671,0.06629333133098476,0.06854010749208671,percent_roi_or_contribution,0.5,0.5,0,False,False,False,1.0,True,,,0.06854010749208671,0.06854010749208671,,True,False,0.0
"multi|channel0,channel1,channel2,channel3,channel4|pmode=roi|rpk=revenue_per_conversion|target=channel0|mu=0.500000|sigma=1.500000|dist=LogNormal|0.500000|1.500000|LogNormal|alpha=0p3|ec=0p5|slope=1p2|lag=4|decay=geometric",channel0,"{""kpi_type"": ""non_revenue"", ""kpi_type_effective"": ""revenue"", ""prior_design_mode"": ""roi"", ""prior_grid_type"": ""roi"", ""revenue_per_kpi"": null, ""roi_prior_overrides"": {""channel0"": {""dist"": ""LogNormal"", ""mu"": 0.5, ""sigma"": 1.5}, ""channel1"": {""dist"": ""LogNormal"", ""mu"": 1.0, ""sigma"": 1.0}, ""channel2"": {""dist"": ""LogNormal"", ""mu"": 1.0, ""sigma"": 1.0}, ""channel3"": {""dist"": ""LogNormal"", ""mu"": 1.0, ""sigma"": 1.0}, ""channel4"": {""dist"": ""LogNormal"", ""mu"": 1.0, ""sigma"": 1.0}}, ""run_mode"": ""roi_full"", ""structural_overrides"": {""adstock_decay_spec"": ""geometric"", ""alpha_m"": 0.3, ""ec_m"": 0.5, ""max_lag"": 4, ""slope_m"": 1.2}, ""sweep_type"": ""fixed_full_grid"", ""target_channel"": ""channel0"", ""two_layer_enabled"": false}",channel4,PASS,PASS,,,0.4063499003617714,0.444260019166395,0.0379101188046236,0.0932942736564532,0.3,0.5,1.2,4,geometric,prior_sweep,roi_full,roi,non_revenue,revenue,__revenue_equiv__,,channel0,fixed_full_grid,False,roi,roi,Revenue-equivalent ROI,0.5,1.5,LogNormal,target_channels,channel0,configured,,,,upload_8ce52c632a82_national_all_channels,/Users/jasper/Documents/Intern/BlueAlpha/capstone-Blue_Alpha_1/backend/storage/uploads/upload_8ce52c632a82_national_all_channels.csv,0.5,1.5,LogNormal,0.2333962216151473,0.1240440666675567,0.3590486496686935,0.8468084782361984,0.2746521851063387,0.1240345738828182,0.3724488914012909,0.9838519930839535,0.8406021969642917,1.0,1.0,LogNormal,0.9843901377984592,0.5670351903307034,47730683.477718174,19395358.475370027,21204834.35663621,1809475.881266184,1809475.881266184,100.0,1939535847.5370028,2120483435.6636212,180947588.1266184,180947588.1266184,False,channel0,False,0.09329427365645332,0.09329427365645332,False,0.0932942736564534,0.0932942736564534,0.09329427365645336,0.09329427365645336,0.08919540777555891,0.09329427365645336,percent_roi_or_contribution,0.5,0.5,0,False,False,False,1.0,True,,,0.09329427365645336,0.09329427365645336,,True,False,0.0
"multi|channel0,channel1,channel2,channel3,channel4|pmode=roi|rpk=revenue_per_conversion|target=channel0|mu=1.500000|sigma=0.500000|dist=LogNormal|1.500000|0.500000|LogNormal|alpha=0p3|ec=0p5|slope=1p2|lag=4|decay=geometric",channel0,"{""kpi_type"": ""non_revenue"", ""kpi_type_effective"": ""revenue"", ""prior_design_mode"": ""roi"", ""prior_grid_type"": ""roi"", ""revenue_per_kpi"": null, ""roi_prior_overrides"": {""channel0"": {""dist"": ""LogNormal"", ""mu"": 1.5, ""sigma"": 0.5}, ""channel1"": {""dist"": ""LogNormal"", ""mu"": 1.0, ""sigma"": 1.0}, ""channel2"": {""dist"": ""LogNormal"", ""mu"": 1.0, ""sigma"": 1.0}, ""channel3"": {""dist"": ""LogNormal"", ""mu"": 1.0, ""sigma"": 1.0}, ""channel4"": {""dist"": ""LogNormal"", ""mu"": 1.0, ""sigma"": 1.0}}, ""run_mode"": ""roi_full"", ""structural_overrides"": {""adstock_decay_spec"": ""geometric"", ""alpha_m"": 0.3, ""ec_m"": 0.5, ""max_lag"": 4, ""slope_m"": 1.2}, ""sweep_type"": ""fixed_full_grid"", ""target_channel"": ""channel0"", ""two_layer_enabled"": false}",channel0,PASS,PASS,,,0.4308758754407366,1.060105364744862,0.6292294893041254,1.4603497786003818,0.3,0.5,1.2,4,geometric,prior_sweep,roi_full,roi,non_revenue,revenue,__revenue_equiv__,,channel0,fixed_full_grid,False,roi,roi,Revenue-equivalent ROI,1.5,0.5,LogNormal,target_channels,channel0,configured,,,,upload_8ce52c632a82_national_all_channels,/Users/jasper/Documents/Intern/BlueAlpha/capstone-Blue_Alpha_1/backend/storage/uploads/upload_8ce52c632a82_national_all_channels.csv,1.5,0.5,LogNormal,0.260312272419158,0.1235604096204042,0.3676227629184723,0.9330472171306609,0.2762988432257381,0.6688451200723649,1.0243600606918335,1.5564133167266845,0.1843888481141205,1.5,0.5,LogNormal,0.632821734950225,0.4201947446014637,40501713.0799782,17451211.080185138,42936083.31744203,25484872.237256892,25484872.237256892,100.0,1745121108.0185137,4293608331.744203,2548487223.7256894,2548487223.7256894,False,channel0,True,1.4603497786003818,1.4603497786003818,False,1.4603497786003816,1.4603497786003816,1.4603497786003818,1.4603497786003818,0.9003035262596596,1.4603497786003818,percent_roi_or_contribution,0.5,0.5,0,False,False,False,1.0,True,,,1.4603497786003818,1.4603497786003818,,True,False,0.0
"multi|channel0,channel1,channel2,channel3,channel4|pmode=roi|rpk=revenue_per_conversion|target=channel0|mu=1.500000|sigma=0.500000|dist=LogNormal|1.500000|0.500000|LogNormal|alpha=0p3|ec=0p5|slope=1p2|lag=4|decay=geometric",channel0,"{""kpi_type"": ""non_revenue"", ""kpi_type_effective"": ""revenue"", ""prior_design_mode"": ""roi"", ""prior_grid_type"": ""roi"", ""revenue_per_kpi"": null, ""roi_prior_overrides"": {""channel0"": {""dist"": ""LogNormal"", ""mu"": 1.5, ""sigma"": 0.5}, ""channel1"": {""dist"": ""LogNormal"", ""mu"": 1.0, ""sigma"": 1.0}, ""channel2"": {""dist"": ""LogNormal"", ""mu"": 1.0, ""sigma"": 1.0}, ""channel3"": {""dist"": ""LogNormal"", ""mu"": 1.0, ""sigma"": 1.0}, ""channel4"": {""dist"": ""LogNormal"", ""mu"": 1.0, ""sigma"": 1.0}}, ""run_mode"": ""roi_full"", ""structural_overrides"": {""adstock_decay_spec"": ""geometric"", ""alpha_m"": 0.3, ""ec_m"": 0.5, ""max_lag"": 4, ""slope_m"": 1.2}, ""sweep_type"": ""fixed_full_grid"", ""target_channel"": ""channel0"", ""two_layer_enabled"": false}",channel1,PASS,PASS,,,0.4654245746042579,0.4437892848035941,0.0216352898006638,0.0464850611273801,0.3,0.5,1.2,4,geometric,prior_sweep,roi_full,roi,non_revenue,revenue,__revenue_equiv__,,channel0,fixed_full_grid,False,roi,roi,Revenue-equivalent ROI,1.5,0.5,LogNormal,target_channels,channel0,configured,,,,upload_8ce52c632a82_national_all_channels,/Users/jasper/Documents/Intern/BlueAlpha/capstone-Blue_Alpha_1/backend/storage/uploads/upload_8ce52c632a82_national_all_channels.csv,1.5,0.5,LogNormal,0.2843900597561066,0.1218790113925933,0.3990941643714905,1.014937341213226,0.2669074681690369,0.1256533741950988,0.3744909316301346,0.9455619931221008,0.9180907803543776,1.0,1.0,LogNormal,1.0111582199445932,0.5511882898237956,31320298.2023646,14577236.467314048,13899612.73906268,-677623.7282513678,677623.7282513678,100.0,1457723646.7314048,1389961273.906268,-67762372.8251369,67762372.8251369,False,channel0,False,0.046485061127380115,-0.046485061127380115,False,0.046485061127380094,-0.046485061127380094,0.0464850611273801,-0.0464850611273801,0.04543698772068974,0.0464850611273801,percent_roi_or_contribution,0.5,0.5,0,False,False,False,1.0,True,,,0.0464850611273801,0.0464850611273801,,True,False,0.0
"multi|channel0,channel1,channel2,channel3,channel4|pmode=roi|rpk=revenue_per_conversion|target=channel0|mu=1.500000|sigma=0.500000|dist=LogNormal|1.500000|0.500000|LogNormal|alpha=0p3|ec=0p5|slope=1p2|lag=4|decay=geometric",channel0,"{""kpi_type"": ""non_revenue"", ""kpi_type_effective"": ""revenue"", ""prior_design_mode"": ""roi"", ""prior_grid_type"": ""roi"", ""revenue_per_kpi"": null, ""roi_prior_overrides"": {""channel0"": {""dist"": ""LogNormal"", ""mu"": 1.5, ""sigma"": 0.5}, ""channel1"": {""dist"": ""LogNormal"", ""mu"": 1.0, ""sigma"": 1.0}, ""channel2"": {""dist"": ""LogNormal"", ""mu"": 1.0, ""sigma"": 1.0}, ""channel3"": {""dist"": ""LogNormal"", ""mu"": 1.0, ""sigma"": 1.0}, ""channel4"": {""dist"": ""LogNormal"", ""mu"": 1.0, ""sigma"": 1.0}}, ""run_mode"": ""roi_full"", ""structural_overrides"": {""adstock_decay_spec"": ""geometric"", ""alpha_m"": 0.3, ""ec_m"": 0.5, ""max_lag"": 4, ""slope_m"": 1.2}, ""sweep_type"": ""fixed_full_grid"", ""target_channel"": ""channel0"", ""two_layer_enabled"": false}",channel2,PASS,PASS,,,0.5478384270270665,0.5431702616376182,0.0046681653894483,0.0085210623409185,0.3,0.5,1.2,4,geometric,prior_sweep,roi_full,roi,non_revenue,revenue,__revenue_equiv__,,channel0,fixed_full_grid,False,roi,roi,Revenue-equivalent ROI,1.5,0.5,LogNormal,target_channels,channel0,configured,,,,upload_8ce52c632a82_national_all_channels,/Users/jasper/Documents/Intern/BlueAlpha/capstone-Blue_Alpha_1/backend/storage/uploads/upload_8ce52c632a82_national_all_channels.csv,1.5,0.5,LogNormal,0.3578971561854973,0.1389466427266597,0.4730767756700516,1.2380538046360017,0.3577416902007255,0.136524573713541,0.4557677060365677,1.2590530276298522,0.9791352353472588,1.0,1.0,LogNormal,0.6962803521457597,0.4450640806980253,12079349.341539,6617531.742779157,6561143.342255929,-56388.40052322857,56388.40052322857,100.0,661753174.2779157,656114334.2255929,-5638840.0523228645,5638840.0523228645,False,channel0,False,0.0085210623409185,-0.0085210623409185,False,0.00852106234091855,-0.00852106234091855,0.008521062340918525,-0.008521062340918525,0.008484963013993528,0.008521062340918525,percent_roi_or_contribution,0.5,0.5,0,False,False,False,1.0,True,,,0.008521062340918525,0.008521062340918525,,True,False,0.0
"multi|channel0,channel1,channel2,channel3,channel4|pmode=roi|rpk=revenue_per_conversion|target=channel0|mu=1.500000|sigma=0.500000|dist=LogNormal|1.500000|0.500000|LogNormal|alpha=0p3|ec=0p5|slope=1p2|lag=4|decay=geometric",channel0,"{""kpi_type"": ""non_revenue"", ""kpi_type_effective"": ""revenue"", ""prior_design_mode"": ""roi"", ""prior_grid_type"": ""roi"", ""revenue_per_kpi"": null, ""roi_prior_overrides"": {""channel0"": {""dist"": ""LogNormal"", ""mu"": 1.5, ""sigma"": 0.5}, ""channel1"": {""dist"": ""LogNormal"", ""mu"": 1.0, ""sigma"": 1.0}, ""channel2"": {""dist"": ""LogNormal"", ""mu"": 1.0, ""sigma"": 1.0}, ""channel3"": {""dist"": ""LogNormal"", ""mu"": 1.0, ""sigma"": 1.0}, ""channel4"": {""dist"": ""LogNormal"", ""mu"": 1.0, ""sigma"": 1.0}}, ""run_mode"": ""roi_full"", ""structural_overrides"": {""adstock_decay_spec"": ""geometric"", ""alpha_m"": 0.3, ""ec_m"": 0.5, ""max_lag"": 4, ""slope_m"": 1.2}, ""sweep_type"": ""fixed_full_grid"", ""target_channel"": ""channel0"", ""two_layer_enabled"": false}",channel3,PASS,PASS,,,0.2585340054263361,0.2425361855855832,0.0159978198407528,0.0618789772524184,0.3,0.5,1.2,4,geometric,prior_sweep,roi_full,roi,non_revenue,revenue,__revenue_equiv__,,channel0,fixed_full_grid,False,roi,roi,Revenue-equivalent ROI,1.5,0.5,LogNormal,target_channels,channel0,configured,,,,upload_8ce52c632a82_national_all_channels,/Users/jasper/Documents/Intern/BlueAlpha/capstone-Blue_Alpha_1/backend/storage/uploads/upload_8ce52c632a82_national_all_channels.csv,1.5,0.5,LogNormal,0.1334336334010044,0.0872698206454515,0.2386796101927757,0.505061289668083,0.1254879106794212,0.0824159570038318,0.2235820442438125,0.4816237047314642,0.9330610173785756,1.0,1.0,LogNormal,1.87029517723486,0.7847121790539601,87860358.24888599,22714890.336277325,21309316.15386764,-1405574.182409685,1405574.182409685,100.0,2271489033.6277323,2130931615.386764,-140557418.24096823,140557418.24096823,False,channel0,False,0.061878977252418456,-0.061878977252418456,False,0.06187897725241849,-0.06187897725241849,0.06187897725241848,-0.06187897725241848,0.060039958936673965,0.06187897725241848,percent_roi_or_contribution,0.5,0.5,0,False,False,False,1.0,True,,,0.06187897725241848,0.06187897725241848,,True,False,0.0
"multi|channel0,channel1,channel2,channel3,channel4|pmode=roi|rpk=revenue_per_conversion|target=channel0|mu=1.500000|sigma=0.500000|dist=LogNormal|1.500000|0.500000|LogNormal|alpha=0p3|ec=0p5|slope=1p2|lag=4|decay=geometric",channel0,"{""kpi_type"": ""non_revenue"", ""kpi_type_effective"": ""revenue"", ""prior_design_mode"": ""roi"", ""prior_grid_type"": ""roi"", ""revenue_per_kpi"": null, ""roi_prior_overrides"": {""channel0"": {""dist"": ""LogNormal"", ""mu"": 1.5, ""sigma"": 0.5}, ""channel1"": {""dist"": ""LogNormal"", ""mu"": 1.0, ""sigma"": 1.0}, ""channel2"": {""dist"": ""LogNormal"", ""mu"": 1.0, ""sigma"": 1.0}, ""channel3"": {""dist"": ""LogNormal"", ""mu"": 1.0, ""sigma"": 1.0}, ""channel4"": {""dist"": ""LogNormal"", ""mu"": 1.0, ""sigma"": 1.0}}, ""run_mode"": ""roi_full"", ""structural_overrides"": {""adstock_decay_spec"": ""geometric"", ""alpha_m"": 0.3, ""ec_m"": 0.5, ""max_lag"": 4, ""slope_m"": 1.2}, ""sweep_type"": ""fixed_full_grid"", ""target_channel"": ""channel0"", ""two_layer_enabled"": false}",channel4,PASS,PASS,,,0.4063499003617714,0.3815294725447893,0.024820427816982,0.0610814172585856,0.3,0.5,1.2,4,geometric,prior_sweep,roi_full,roi,non_revenue,revenue,__revenue_equiv__,,channel0,fixed_full_grid,False,roi,roi,Revenue-equivalent ROI,1.5,0.5,LogNormal,target_channels,channel0,configured,,,,upload_8ce52c632a82_national_all_channels,/Users/jasper/Documents/Intern/BlueAlpha/capstone-Blue_Alpha_1/backend/storage/uploads/upload_8ce52c632a82_national_all_channels.csv,1.5,0.5,LogNormal,0.2333962216151473,0.1240440666675567,0.3590486496686935,0.8468084782361984,0.215379252208362,0.1180130507797002,0.3403138965368271,0.7881833136081694,0.9112834986608844,1.0,1.0,LogNormal,1.2498018488578562,0.6298515801585345,47730683.477718174,19395358.475370027,18210662.491456103,-1184695.9839139208,1184695.9839139208,100.0,1939535847.5370028,1821066249.1456103,-118469598.39139225,118469598.39139225,False,channel0,False,0.06108141725858567,-0.06108141725858567,False,0.06108141725858577,-0.06108141725858577,0.06108141725858572,-0.06108141725858572,0.059288593029503185,0.06108141725858572,percent_roi_or_contribution,0.5,0.5,0,False,False,False,1.0,True,,,0.06108141725858572,0.06108141725858572,,True,False,0.0
"multi|channel0,channel1,channel2,channel3,channel4|pmode=roi|rpk=revenue_per_conversion|target=channel0|mu=1.500000|sigma=1.000000|dist=LogNormal|1.500000|1.000000|LogNormal|alpha=0p3|ec=0p5|slope=1p2|lag=4|decay=geometric",channel0,"{""kpi_type"": ""non_revenue"", ""kpi_type_effective"": ""revenue"", ""prior_design_mode"": ""roi"", ""prior_grid_type"": ""roi"", ""revenue_per_kpi"": null, ""roi_prior_overrides"": {""channel0"": {""dist"": ""LogNormal"", ""mu"": 1.5, ""sigma"": 1.0}, ""channel1"": {""dist"": ""LogNormal"", ""mu"": 1.0, ""sigma"": 1.0}, ""channel2"": {""dist"": ""LogNormal"", ""mu"": 1.0, ""sigma"": 1.0}, ""channel3"": {""dist"": ""LogNormal"", ""mu"": 1.0, ""sigma"": 1.0}, ""channel4"": {""dist"": ""LogNormal"", ""mu"": 1.0, ""sigma"": 1.0}}, ""run_mode"": ""roi_full"", ""structural_overrides"": {""adstock_decay_spec"": ""geometric"", ""alpha_m"": 0.3, ""ec_m"": 0.5, ""max_lag"": 4, ""slope_m"": 1.2}, ""sweep_type"": ""fixed_full_grid"", ""target_channel"": ""channel0"", ""two_layer_enabled"": false}",channel0,PASS,PASS,,,0.4308758754407366,0.7102793716825545,0.2794034962418179,0.6484547225022059,0.3,0.5,1.2,4,geometric,prior_sweep,roi_full,roi,non_revenue,revenue,__revenue_equiv__,,channel0,fixed_full_grid,False,roi,roi,Revenue-equivalent ROI,1.5,1.0,LogNormal,target_channels,channel0,configured,,,,upload_8ce52c632a82_national_all_channels,/Users/jasper/Documents/Intern/BlueAlpha/capstone-Blue_Alpha_1/backend/storage/uploads/upload_8ce52c632a82_national_all_channels.csv,1.5,1.0,LogNormal,0.260312272419158,0.1235604096204042,0.3676227629184723,0.9330472171306609,0.3021226903599975,0.309997908771038,0.65574511885643,1.2505870819091796,0.5528256994080974,1.5,1.0,LogNormal,1.0543904800483437,0.7448334180782351,40501713.0799782,17451211.080185138,28767531.318514016,11316320.238328878,11316320.238328878,100.0,1745121108.0185137,2876753131.8514013,1131632023.8328876,1131632023.8328876,False,channel0,True,0.648454722502206,0.648454722502206,False,0.6484547225022061,0.6484547225022061,0.6484547225022061,0.6484547225022061,0.4998383172757218,0.6484547225022061,percent_roi_or_contribution,0.5,0.0,0,True,False,False,0.5,True,1.2969094450044123,,1.2969094450044123,1.2969094450044123,,True,False,0.0
"multi|channel0,channel1,channel2,channel3,channel4|pmode=roi|rpk=revenue_per_conversion|target=channel0|mu=1.500000|sigma=1.000000|dist=LogNormal|1.500000|1.000000|LogNormal|alpha=0p3|ec=0p5|slope=1p2|lag=4|decay=geometric",channel0,"{""kpi_type"": ""non_revenue"", ""kpi_type_effective"": ""revenue"", ""prior_design_mode"": ""roi"", ""prior_grid_type"": ""roi"", ""revenue_per_kpi"": null, ""roi_prior_overrides"": {""channel0"": {""dist"": ""LogNormal"", ""mu"": 1.5, ""sigma"": 1.0}, ""channel1"": {""dist"": ""LogNormal"", ""mu"": 1.0, ""sigma"": 1.0}, ""channel2"": {""dist"": ""LogNormal"", ""mu"": 1.0, ""sigma"": 1.0}, ""channel3"": {""dist"": ""LogNormal"", ""mu"": 1.0, ""sigma"": 1.0}, ""channel4"": {""dist"": ""LogNormal"", ""mu"": 1.0, ""sigma"": 1.0}}, ""run_mode"": ""roi_full"", ""structural_overrides"": {""adstock_decay_spec"": ""geometric"", ""alpha_m"": 0.3, ""ec_m"": 0.5, ""max_lag"": 4, ""slope_m"": 1.2}, ""sweep_type"": ""fixed_full_grid"", ""target_channel"": ""channel0"", ""two_layer_enabled"": false}",channel1,PASS,PASS,,,0.4654245746042579,0.4616720216317723,0.0037525529724856,0.0080626446845363,0.3,0.5,1.2,4,geometric,prior_sweep,roi_full,roi,non_revenue,revenue,__revenue_equiv__,,channel0,fixed_full_grid,False,roi,roi,Revenue-equivalent ROI,1.5,1.0,LogNormal,target_channels,channel0,configured,,,,upload_8ce52c632a82_national_all_channels,/Users/jasper/Documents/Intern/BlueAlpha/capstone-Blue_Alpha_1/backend/storage/uploads/upload_8ce52c632a82_national_all_channels.csv,1.5,1.0,LogNormal,0.2843900597561066,0.1218790113925933,0.3990941643714905,1.014937341213226,0.2865752803966188,0.1234372790902853,0.3903307020664215,1.0097373247146606,0.9924324268968916,1.0,1.0,LogNormal,0.9357152203551408,0.5330424648504963,31320298.2023646,14577236.467314048,14459705.389195628,-117531.07811841927,117531.07811841927,100.0,1457723646.7314048,1445970538.9195628,-11753107.811841965,11753107.811841965,False,channel0,False,0.00806264468453635,-0.00806264468453635,False,0.008062644684536366,-0.008062644684536366,0.008062644684536359,-0.008062644684536359,0.008030315222601071,0.008062644684536359,percent_roi_or_contribution,0.5,0.0,0,True,False,False,0.5,True,0.016125289369072718,,0.016125289369072718,0.016125289369072718,,True,False,0.0
"multi|channel0,channel1,channel2,channel3,channel4|pmode=roi|rpk=revenue_per_conversion|target=channel0|mu=1.500000|sigma=1.000000|dist=LogNormal|1.500000|1.000000|LogNormal|alpha=0p3|ec=0p5|slope=1p2|lag=4|decay=geometric",channel0,"{""kpi_type"": ""non_revenue"", ""kpi_type_effective"": ""revenue"", ""prior_design_mode"": ""roi"", ""prior_grid_type"": ""roi"", ""revenue_per_kpi"": null, ""roi_prior_overrides"": {""channel0"": {""dist"": ""LogNormal"", ""mu"": 1.5, ""sigma"": 1.0}, ""channel1"": {""dist"": ""LogNormal"", ""mu"": 1.0, ""sigma"": 1.0}, ""channel2"": {""dist"": ""LogNormal"", ""mu"": 1.0, ""sigma"": 1.0}, ""channel3"": {""dist"": ""LogNormal"", ""mu"": 1.0, ""sigma"": 1.0}, ""channel4"": {""dist"": ""LogNormal"", ""mu"": 1.0, ""sigma"": 1.0}}, ""run_mode"": ""roi_full"", ""structural_overrides"": {""adstock_decay_spec"": ""geometric"", ""alpha_m"": 0.3, ""ec_m"": 0.5, ""max_lag"": 4, ""slope_m"": 1.2}, ""sweep_type"": ""fixed_full_grid"", ""target_channel"": ""channel0"", ""two_layer_enabled"": false}",channel2,PASS,PASS,,,0.5478384270270665,0.5455337719370922,0.0023046550899743,0.0042068153241475,0.3,0.5,1.2,4,geometric,prior_sweep,roi_full,roi,non_revenue,revenue,__revenue_equiv__,,channel0,fixed_full_grid,False,roi,roi,Revenue-equivalent ROI,1.5,1.0,LogNormal,target_channels,channel0,configured,,,,upload_8ce52c632a82_national_all_channels,/Users/jasper/Documents/Intern/BlueAlpha/capstone-Blue_Alpha_1/backend/storage/uploads/upload_8ce52c632a82_national_all_channels.csv,1.5,1.0,LogNormal,0.3578971561854973,0.1389466427266597,0.4730767756700516,1.2380538046360017,0.3621290615626851,0.1392800867557525,0.4602244645357132,1.274977093935013,0.9672044589223155,1.0,1.0,LogNormal,0.6845931118809947,0.4427355746138365,12079349.341539,6617531.742779157,6589693.008835601,-27838.733943556435,27838.733943556435,100.0,661753174.2779157,658969300.8835601,-2783873.3943556547,2783873.3943556547,False,channel0,False,0.004206815324147545,-0.004206815324147545,False,0.0042068153241475855,-0.0042068153241475855,0.004206815324147566,-0.004206815324147566,0.0041979914149433365,0.004206815324147566,percent_roi_or_contribution,0.5,0.0,0,True,False,False,0.5,True,0.008413630648295131,,0.008413630648295131,0.008413630648295131,,True,False,0.0
"multi|channel0,channel1,channel2,channel3,channel4|pmode=roi|rpk=revenue_per_conversion|target=channel0|mu=1.500000|sigma=1.000000|dist=LogNormal|1.500000|1.000000|LogNormal|alpha=0p3|ec=0p5|slope=1p2|lag=4|decay=geometric",channel0,"{""kpi_type"": ""non_revenue"", ""kpi_type_effective"": ""revenue"", ""prior_design_mode"": ""roi"", ""prior_grid_type"": ""roi"", ""revenue_per_kpi"": null, ""roi_prior_overrides"": {""channel0"": {""dist"": ""LogNormal"", ""mu"": 1.5, ""sigma"": 1.0}, ""channel1"": {""dist"": ""LogNormal"", ""mu"": 1.0, ""sigma"": 1.0}, ""channel2"": {""dist"": ""LogNormal"", ""mu"": 1.0, ""sigma"": 1.0}, ""channel3"": {""dist"": ""LogNormal"", ""mu"": 1.0, ""sigma"": 1.0}, ""channel4"": {""dist"": ""LogNormal"", ""mu"": 1.0, ""sigma"": 1.0}}, ""run_mode"": ""roi_full"", ""structural_overrides"": {""adstock_decay_spec"": ""geometric"", ""alpha_m"": 0.3, ""ec_m"": 0.5, ""max_lag"": 4, ""slope_m"": 1.2}, ""sweep_type"": ""fixed_full_grid"", ""target_channel"": ""channel0"", ""two_layer_enabled"": false}",channel3,PASS,PASS,,,0.2585340054263361,0.2536908398894593,0.0048431655368768,0.0187331857133848,0.3,0.5,1.2,4,geometric,prior_sweep,roi_full,roi,non_revenue,revenue,__revenue_equiv__,,channel0,fixed_full_grid,False,roi,roi,Revenue-equivalent ROI,1.5,1.0,LogNormal,target_channels,channel0,configured,,,,upload_8ce52c632a82_national_all_channels,/Users/jasper/Documents/Intern/BlueAlpha/capstone-Blue_Alpha_1/backend/storage/uploads/upload_8ce52c632a82_national_all_channels.csv,1.5,1.0,LogNormal,0.1334336334010044,0.0872698206454515,0.2386796101927757,0.505061289668083,0.1345458773558433,0.0851224038749933,0.2296946495771408,0.5181670814752578,0.9647768247328212,1.0,1.0,LogNormal,1.7933900203068154,0.7736171957801241,87860358.24888599,22714890.336277325,22289368.07714867,-425522.25912865624,425522.25912865624,100.0,2271489033.6277323,2228936807.7148666,-42552225.91286564,42552225.91286564,False,channel0,False,0.01873318571338486,-0.01873318571338486,False,0.01873318571338495,-0.01873318571338495,0.018733185713384906,-0.018733185713384906,0.018559880615512038,0.018733185713384906,percent_roi_or_contribution,0.5,0.0,0,True,False,False,0.5,True,0.03746637142676981,,0.03746637142676981,0.03746637142676981,,True,False,0.0
"multi|channel0,channel1,channel2,channel3,channel4|pmode=roi|rpk=revenue_per_conversion|target=channel0|mu=1.500000|sigma=1.000000|dist=LogNormal|1.500000|1.000000|LogNormal|alpha=0p3|ec=0p5|slope=1p2|lag=4|decay=geometric",channel0,"{""kpi_type"": ""non_revenue"", ""kpi_type_effective"": ""revenue"", ""prior_design_mode"": ""roi"", ""prior_grid_type"": ""roi"", ""revenue_per_kpi"": null, ""roi_prior_overrides"": {""channel0"": {""dist"": ""LogNormal"", ""mu"": 1.5, ""sigma"": 1.0}, ""channel1"": {""dist"": ""LogNormal"", ""mu"": 1.0, ""sigma"": 1.0}, ""channel2"": {""dist"": ""LogNormal"", ""mu"": 1.0, ""sigma"": 1.0}, ""channel3"": {""dist"": ""LogNormal"", ""mu"": 1.0, ""sigma"": 1.0}, ""channel4"": {""dist"": ""LogNormal"", ""mu"": 1.0, ""sigma"": 1.0}}, ""run_mode"": ""roi_full"", ""structural_overrides"": {""adstock_decay_spec"": ""geometric"", ""alpha_m"": 0.3, ""ec_m"": 0.5, ""max_lag"": 4, ""slope_m"": 1.2}, ""sweep_type"": ""fixed_full_grid"", ""target_channel"": ""channel0"", ""two_layer_enabled"": false}",channel4,PASS,PASS,,,0.4063499003617714,0.4036240971491983,0.002725803212573,0.0067080198866699,0.3,0.5,1.2,4,geometric,prior_sweep,roi_full,roi,non_revenue,revenue,__revenue_equiv__,,channel0,fixed_full_grid,False,roi,roi,Revenue-equivalent ROI,1.5,1.0,LogNormal,target_channels,channel0,configured,,,,upload_8ce52c632a82_national_all_channels,/Users/jasper/Documents/Intern/BlueAlpha/capstone-Blue_Alpha_1/backend/storage/uploads/upload_8ce52c632a82_national_all_channels.csv,1.5,1.0,LogNormal,0.2333962216151473,0.1240440666675567,0.3590486496686935,0.8468084782361984,0.2328135957522984,0.1218566682189703,0.3561539649963379,0.8462034732103346,0.9961481529725628,1.0,1.0,LogNormal,1.1624503577663925,0.6077562805117346,47730683.477718174,19395358.475370027,19265254.025008153,-130104.45036187395,130104.45036187395,100.0,1939535847.5370028,1926525402.5008152,-13010445.03618741,13010445.03618741,False,channel0,False,0.006708019886669905,-0.006708019886669905,False,0.006708019886669911,-0.006708019886669911,0.0067080198866699085,-0.0067080198866699085,0.006685621232553985,0.0067080198866699085,percent_roi_or_contribution,0.5,0.0,0,True,False,False,0.5,True,0.013416039773339817,,0.013416039773339817,0.013416039773339817,,True,False,0.0
"multi|channel0,channel1,channel2,channel3,channel4|pmode=roi|rpk=revenue_per_conversion|target=channel0|mu=1.000000|sigma=1.500000|dist=LogNormal|1.000000|1.500000|LogNormal|alpha=0p3|ec=0p5|slope=1p2|lag=4|decay=geometric",channel0,"{""kpi_type"": ""non_revenue"", ""kpi_type_effective"": ""revenue"", ""prior_design_mode"": ""roi"", ""prior_grid_type"": ""roi"", ""revenue_per_kpi"": null, ""roi_prior_overrides"": {""channel0"": {""dist"": ""LogNormal"", ""mu"": 1.0, ""sigma"": 1.5}, ""channel1"": {""dist"": ""LogNormal"", ""mu"": 1.0, ""sigma"": 1.0}, ""channel2"": {""dist"": ""LogNormal"", ""mu"": 1.0, ""sigma"": 1.0}, ""channel3"": {""dist"": ""LogNormal"", ""mu"": 1.0, ""sigma"": 1.0}, ""channel4"": {""dist"": ""LogNormal"", ""mu"": 1.0, ""sigma"": 1.0}}, ""run_mode"": ""roi_full"", ""structural_overrides"": {""adstock_decay_spec"": ""geometric"", ""alpha_m"": 0.3, ""ec_m"": 0.5, ""max_lag"": 4, ""slope_m"": 1.2}, ""sweep_type"": ""fixed_full_grid"", ""target_channel"": ""channel0"", ""two_layer_enabled"": false}",channel0,PASS,PASS,,,0.4308758754407366,0.365621010257552,0.0652548651831845,0.1514470150282522,0.3,0.5,1.2,4,geometric,prior_sweep,roi_full,roi,non_revenue,revenue,__revenue_equiv__,,channel0,fixed_full_grid,False,roi,roi,Revenue-equivalent ROI,1.0,1.5,LogNormal,target_channels,channel0,configured,,,,upload_8ce52c632a82_national_all_channels,/Users/jasper/Documents/Intern/BlueAlpha/capstone-Blue_Alpha_1/backend/storage/uploads/upload_8ce52c632a82_national_all_channels.csv,1.0,1.5,LogNormal,0.260312272419158,0.1235604096204042,0.3676227629184723,0.9330472171306609,0.2802324876073095,0.0621098266914486,0.2888305187225342,0.9275922030210496,0.9231797856274992,1.0,1.5,LogNormal,1.284482359942904,0.5626441925515883,40501713.0799782,17451211.080185138,14808277.253463136,-2642933.8267220017,2642933.8267220017,100.0,1745121108.0185137,1480827725.3463137,-264293382.67219996,264293382.67219996,False,channel0,True,0.15144701502825225,-0.15144701502825225,False,0.1514470150282523,-0.1514470150282523,0.15144701502825228,-0.15144701502825228,0.14101942534954773,0.15144701502825228,percent_roi_or_contribution,0.0,0.5,0,False,True,False,0.5,True,,0.30289403005650456,0.30289403005650456,0.30289403005650456,,True,False,0.0
"multi|channel0,channel1,channel2,channel3,channel4|pmode=roi|rpk=revenue_per_conversion|target=channel0|mu=1.000000|sigma=1.500000|dist=LogNormal|1.000000|1.500000|LogNormal|alpha=0p3|ec=0p5|slope=1p2|lag=4|decay=geometric",channel0,"{""kpi_type"": ""non_revenue"", ""kpi_type_effective"": ""revenue"", ""prior_design_mode"": ""roi"", ""prior_grid_type"": ""roi"", ""revenue_per_kpi"": null, ""roi_prior_overrides"": {""channel0"": {""dist"": ""LogNormal"", ""mu"": 1.0, ""sigma"": 1.5}, ""channel1"": {""dist"": ""LogNormal"", ""mu"": 1.0, ""sigma"": 1.0}, ""channel2"": {""dist"": ""LogNormal"", ""mu"": 1.0, ""sigma"": 1.0}, ""channel3"": {""dist"": ""LogNormal"", ""mu"": 1.0, ""sigma"": 1.0}, ""channel4"": {""dist"": ""LogNormal"", ""mu"": 1.0, ""sigma"": 1.0}}, ""run_mode"": ""roi_full"", ""structural_overrides"": {""adstock_decay_spec"": ""geometric"", ""alpha_m"": 0.3, ""ec_m"": 0.5, ""max_lag"": 4, ""slope_m"": 1.2}, ""sweep_type"": ""fixed_full_grid"", ""target_channel"": ""channel0"", ""two_layer_enabled"": false}",channel1,PASS,PASS,,,0.4654245746042579,0.4962804371646295,0.0308558625603715,0.0662961610624186,0.3,0.5,1.2,4,geometric,prior_sweep,roi_full,roi,non_revenue,revenue,__revenue_equiv__,,channel0,fixed_full_grid,False,roi,roi,Revenue-equivalent ROI,1.0,1.5,LogNormal,target_channels,channel0,configured,,,,upload_8ce52c632a82_national_all_channels,/Users/jasper/Documents/Intern/BlueAlpha/capstone-Blue_Alpha_1/backend/storage/uploads/upload_8ce52c632a82_national_all_channels.csv,1.0,1.5,LogNormal,0.2843900597561066,0.1218790113925933,0.3990941643714905,1.014937341213226,0.3320849139181326,0.1252694129943847,0.4212655425071716,1.1467078328132627,0.8681136884748605,1.0,1.0,LogNormal,0.7843714719717751,0.4986401447886093,31320298.2023646,14577236.467314048,15543651.283996064,966414.8166820164,966414.8166820164,100.0,1457723646.7314048,1554365128.3996065,96641481.66820168,96641481.66820168,False,channel0,False,0.06629616106241872,0.06629616106241872,False,0.06629616106241877,0.06629616106241877,0.06629616106241874,0.06629616106241874,0.06419111179395041,0.06629616106241874,percent_roi_or_contribution,0.0,0.5,0,False,True,False,0.5,True,,0.1325923221248375,0.1325923221248375,0.1325923221248375,,True,False,0.0
"multi|channel0,channel1,channel2,channel3,channel4|pmode=roi|rpk=revenue_per_conversion|target=channel0|mu=1.000000|sigma=1.500000|dist=LogNormal|1.000000|1.500000|LogNormal|alpha=0p3|ec=0p5|slope=1p2|lag=4|decay=geometric",channel0,"{""kpi_type"": ""non_revenue"", ""kpi_type_effective"": ""revenue"", ""prior_design_mode"": ""roi"", ""prior_grid_type"": ""roi"", ""revenue_per_kpi"": null, ""roi_prior_overrides"": {""channel0"": {""dist"": ""LogNormal"", ""mu"": 1.0, ""sigma"": 1.5}, ""channel1"": {""dist"": ""LogNormal"", ""mu"": 1.0, ""sigma"": 1.0}, ""channel2"": {""dist"": ""LogNormal"", ""mu"": 1.0, ""sigma"": 1.0}, ""channel3"": {""dist"": ""LogNormal"", ""mu"": 1.0, ""sigma"": 1.0}, ""channel4"": {""dist"": ""LogNormal"", ""mu"": 1.0, ""sigma"": 1.0}}, ""run_mode"": ""roi_full"", ""structural_overrides"": {""adstock_decay_spec"": ""geometric"", ""alpha_m"": 0.3, ""ec_m"": 0.5, ""max_lag"": 4, ""slope_m"": 1.2}, ""sweep_type"": ""fixed_full_grid"", ""target_channel"": ""channel0"", ""two_layer_enabled"": false}",channel2,PASS,PASS,,,0.5478384270270665,0.5519112926969926,0.004072865669926,0.0074344285997389,0.3,0.5,1.2,4,geometric,prior_sweep,roi_full,roi,non_revenue,revenue,__revenue_equiv__,,channel0,fixed_full_grid,False,roi,roi,Revenue-equivalent ROI,1.0,1.5,LogNormal,target_channels,channel0,configured,,,,upload_8ce52c632a82_national_all_channels,/Users/jasper/Documents/Intern/BlueAlpha/capstone-Blue_Alpha_1/backend/storage/uploads/upload_8ce52c632a82_national_all_channels.csv,1.0,1.5,LogNormal,0.3578971561854973,0.1389466427266597,0.4730767756700516,1.2380538046360017,0.3778547965257673,0.1292601123452186,0.460916981101036,1.2839001417160032,0.9519046057222657,1.0,1.0,LogNormal,0.645024161771973,0.436441134824867,12079349.341539,6617531.742779157,6666729.310027355,49197.56724819821,49197.56724819821,100.0,661753174.2779157,666672931.0027355,4919756.724819779,4919756.724819779,False,channel0,False,0.007434428599738981,0.007434428599738981,False,0.007434428599739026,0.007434428599739026,0.007434428599739003,0.007434428599739003,0.007406929444999389,0.007434428599739003,percent_roi_or_contribution,0.0,0.5,0,False,True,False,0.5,True,,0.014868857199478006,0.014868857199478006,0.014868857199478006,,True,False,0.0
"multi|channel0,channel1,channel2,channel3,channel4|pmode=roi|rpk=revenue_per_conversion|target=channel0|mu=1.000000|sigma=1.500000|dist=LogNormal|1.000000|1.500000|LogNormal|alpha=0p3|ec=0p5|slope=1p2|lag=4|decay=geometric",channel0,"{""kpi_type"": ""non_revenue"", ""kpi_type_effective"": ""revenue"", ""prior_design_mode"": ""roi"", ""prior_grid_type"": ""roi"", ""revenue_per_kpi"": null, ""roi_prior_overrides"": {""channel0"": {""dist"": ""LogNormal"", ""mu"": 1.0, ""sigma"": 1.5}, ""channel1"": {""dist"": ""LogNormal"", ""mu"": 1.0, ""sigma"": 1.0}, ""channel2"": {""dist"": ""LogNormal"", ""mu"": 1.0, ""sigma"": 1.0}, ""channel3"": {""dist"": ""LogNormal"", ""mu"": 1.0, ""sigma"": 1.0}, ""channel4"": {""dist"": ""LogNormal"", ""mu"": 1.0, ""sigma"": 1.0}}, ""run_mode"": ""roi_full"", ""structural_overrides"": {""adstock_decay_spec"": ""geometric"", ""alpha_m"": 0.3, ""ec_m"": 0.5, ""max_lag"": 4, ""slope_m"": 1.2}, ""sweep_type"": ""fixed_full_grid"", ""target_channel"": ""channel0"", ""two_layer_enabled"": false}",channel3,PASS,PASS,,,0.2585340054263361,0.2763875092798844,0.0178535038535483,0.0690566945888104,0.3,0.5,1.2,4,geometric,prior_sweep,roi_full,roi,non_revenue,revenue,__revenue_equiv__,,channel0,fixed_full_grid,False,roi,roi,Revenue-equivalent ROI,1.0,1.5,LogNormal,target_channels,channel0,configured,,,,upload_8ce52c632a82_national_all_channels,/Users/jasper/Documents/Intern/BlueAlpha/capstone-Blue_Alpha_1/backend/storage/uploads/upload_8ce52c632a82_national_all_channels.csv,1.0,1.5,LogNormal,0.1334336334010044,0.0872698206454515,0.2386796101927757,0.505061289668083,0.1435549117682624,0.091655308380723,0.2557137459516525,0.5403049051761625,0.9125253107396706,1.0,1.0,LogNormal,1.713149181281754,0.750858125886023,87860358.24888599,22714890.336277325,24283505.580847945,1568615.2445706204,1568615.2445706204,100.0,2271489033.6277323,2428350558.0847945,156861524.45706224,156861524.45706224,False,channel0,False,0.06905669458881038,0.06905669458881038,False,0.06905669458881024,0.06905669458881024,0.06905669458881031,0.06905669458881031,0.06677666579918522,0.06905669458881031,percent_roi_or_contribution,0.0,0.5,0,False,True,False,0.5,True,,0.13811338917762062,0.13811338917762062,0.13811338917762062,,True,False,0.0
"multi|channel0,channel1,channel2,channel3,channel4|pmode=roi|rpk=revenue_per_conversion|target=channel0|mu=1.000000|sigma=1.500000|dist=LogNormal|1.000000|1.500000|LogNormal|alpha=0p3|ec=0p5|slope=1p2|lag=4|decay=geometric",channel0,"{""kpi_type"": ""non_revenue"", ""kpi_type_effective"": ""revenue"", ""prior_design_mode"": ""roi"", ""prior_grid_type"": ""roi"", ""revenue_per_kpi"": null, ""roi_prior_overrides"": {""channel0"": {""dist"": ""LogNormal"", ""mu"": 1.0, ""sigma"": 1.5}, ""channel1"": {""dist"": ""LogNormal"", ""mu"": 1.0, ""sigma"": 1.0}, ""channel2"": {""dist"": ""LogNormal"", ""mu"": 1.0, ""sigma"": 1.0}, ""channel3"": {""dist"": ""LogNormal"", ""mu"": 1.0, ""sigma"": 1.0}, ""channel4"": {""dist"": ""LogNormal"", ""mu"": 1.0, ""sigma"": 1.0}}, ""run_mode"": ""roi_full"", ""structural_overrides"": {""adstock_decay_spec"": ""geometric"", ""alpha_m"": 0.3, ""ec_m"": 0.5, ""max_lag"": 4, ""slope_m"": 1.2}, ""sweep_type"": ""fixed_full_grid"", ""target_channel"": ""channel0"", ""two_layer_enabled"": false}",channel4,PASS,PASS,,,0.4063499003617714,0.4575137852784246,0.0511638849166532,0.1259109079911236,0.3,0.5,1.2,4,geometric,prior_sweep,roi_full,roi,non_revenue,revenue,__revenue_equiv__,,channel0,fixed_full_grid,False,roi,roi,Revenue-equivalent ROI,1.0,1.5,LogNormal,target_channels,channel0,configured,,,,upload_8ce52c632a82_national_all_channels,/Users/jasper/Documents/Intern/BlueAlpha/capstone-Blue_Alpha_1/backend/storage/uploads/upload_8ce52c632a82_national_all_channels.csv,1.0,1.5,LogNormal,0.2333962216151473,0.1240440666675567,0.3590486496686935,0.8468084782361984,0.2845869156616247,0.122693196311593,0.3805606812238693,1.0202602982521052,0.8052483318584733,1.0,1.0,LogNormal,0.944357071732418,0.5539728447948025,47730683.477718174,19395358.475370027,21837445.6718172,2442087.196447175,2442087.196447175,100.0,1939535847.5370028,2183744567.1817203,244208719.64471743,244208719.64471743,False,channel0,False,0.12591090799112362,0.12591090799112362,False,0.12591090799112342,0.12591090799112342,0.12591090799112353,0.12591090799112353,0.11859240402153375,0.12591090799112353,percent_roi_or_contribution,0.0,0.5,0,False,True,False,0.5,True,,0.25182181598224707,0.25182181598224707,0.25182181598224707,,True,False,0.0
"multi|channel0,channel1,channel2,channel3,channel4|pmode=roi|rpk=revenue_per_conversion|target=channel1|mu=0.500000|sigma=0.500000|dist=LogNormal|0.500000|0.500000|LogNormal|alpha=0p3|ec=0p5|slope=1p2|lag=4|decay=geometric",channel1,"{""kpi_type"": ""non_revenue"", ""kpi_type_effective"": ""revenue"", ""prior_design_mode"": ""roi"", ""prior_grid_type"": ""roi"", ""revenue_per_kpi"": null, ""roi_prior_overrides"": {""channel0"": {""dist"": ""LogNormal"", ""mu"": 1.0, ""sigma"": 1.0}, ""channel1"": {""dist"": ""LogNormal"", ""mu"": 0.5, ""sigma"": 0.5}, ""channel2"": {""dist"": ""LogNormal"", ""mu"": 1.0, ""sigma"": 1.0}, ""channel3"": {""dist"": ""LogNormal"", ""mu"": 1.0, ""sigma"": 1.0}, ""channel4"": {""dist"": ""LogNormal"", ""mu"": 1.0, ""sigma"": 1.0}}, ""run_mode"": ""roi_full"", ""structural_overrides"": {""adstock_decay_spec"": ""geometric"", ""alpha_m"": 0.3, ""ec_m"": 0.5, ""max_lag"": 4, ""slope_m"": 1.2}, ""sweep_type"": ""fixed_full_grid"", ""target_channel"": ""channel1"", ""two_layer_enabled"": false}",channel0,PASS,PASS,,,0.4308758754407366,0.4443518196201573,0.0134759441794207,0.0312756989832312,0.3,0.5,1.2,4,geometric,prior_sweep,roi_full,roi,non_revenue,revenue,__revenue_equiv__,,channel1,fixed_full_grid,False,roi,roi,Revenue-equivalent ROI,0.5,0.5,LogNormal,target_channels,channel1,configured,,,,upload_8ce52c632a82_national_all_channels,/Users/jasper/Documents/Intern/BlueAlpha/capstone-Blue_Alpha_1/backend/storage/uploads/upload_8ce52c632a82_national_all_channels.csv,0.5,0.5,LogNormal,0.260312272419158,0.1235604096204042,0.3676227629184723,0.9330472171306609,0.2672939344792244,0.1281071424484253,0.3778312355279922,0.9873193711042404,0.9319035871991918,1.0,1.0,LogNormal,1.0095018217889935,0.508202138411105,40501713.0799782,17451211.080185138,17997009.90482184,545798.8246367015,545798.8246367015,100.0,1745121108.0185137,1799700990.482184,54579882.463670254,54579882.463670254,False,channel1,False,0.031275698983231244,0.031275698983231244,False,0.03127569898323132,0.03127569898323132,0.03127569898323128,0.03127569898323128,0.030796578582413643,0.03127569898323128,percent_roi_or_contribution,0.5,0.5,0,False,False,False,1.0,True,,,0.03127569898323128,0.03127569898323128,,True,False,0.0
"multi|channel0,channel1,channel2,channel3,channel4|pmode=roi|rpk=revenue_per_conversion|target=channel1|mu=0.500000|sigma=0.500000|dist=LogNormal|0.500000|0.500000|LogNormal|alpha=0p3|ec=0p5|slope=1p2|lag=4|decay=geometric",channel1,"{""kpi_type"": ""non_revenue"", ""kpi_type_effective"": ""revenue"", ""prior_design_mode"": ""roi"", ""prior_grid_type"": ""roi"", ""revenue_per_kpi"": null, ""roi_prior_overrides"": {""channel0"": {""dist"": ""LogNormal"", ""mu"": 1.0, ""sigma"": 1.0}, ""channel1"": {""dist"": ""LogNormal"", ""mu"": 0.5, ""sigma"": 0.5}, ""channel2"": {""dist"": ""LogNormal"", ""mu"": 1.0, ""sigma"": 1.0}, ""channel3"": {""dist"": ""LogNormal"", ""mu"": 1.0, ""sigma"": 1.0}, ""channel4"": {""dist"": ""LogNormal"", ""mu"": 1.0, ""sigma"": 1.0}}, ""run_mode"": ""roi_full"", ""structural_overrides"": {""adstock_decay_spec"": ""geometric"", ""alpha_m"": 0.3, ""ec_m"": 0.5, ""max_lag"": 4, ""slope_m"": 1.2}, ""sweep_type"": ""fixed_full_grid"", ""target_channel"": ""channel1"", ""two_layer_enabled"": false}",channel1,PASS,PASS,,,0.4654245746042579,0.3136523795158912,0.1517721950883667,0.3260940727451185,0.3,0.5,1.2,4,geometric,prior_sweep,roi_full,roi,non_revenue,revenue,__revenue_equiv__,,channel1,fixed_full_grid,False,roi,roi,Revenue-equivalent ROI,0.5,0.5,LogNormal,target_channels,channel1,configured,,,,upload_8ce52c632a82_national_all_channels,/Users/jasper/Documents/Intern/BlueAlpha/capstone-Blue_Alpha_1/backend/storage/uploads/upload_8ce52c632a82_national_all_channels.csv,0.5,0.5,LogNormal,0.2843900597561066,0.1218790113925933,0.3990941643714905,1.014937341213226,0.2177226670906576,0.0707808971405029,0.2517166435718536,0.7206074535846708,0.6341411383153793,0.5,0.5,LogNormal,0.49564320568666,0.183757746589644,31320298.2023646,14577236.467314048,9823686.058318948,-4753550.408995101,4753550.408995101,100.0,1457723646.7314048,982368605.8318946,-475355040.89951015,475355040.89951015,False,channel1,True,0.3260940727451185,-0.3260940727451185,False,0.32609407274511837,-0.32609407274511837,0.3260940727451184,-0.3260940727451184,0.282237834002202,0.3260940727451184,percent_roi_or_contribution,0.5,0.5,0,False,False,False,1.0,True,,,0.3260940727451184,0.3260940727451184,,True,False,0.0
"multi|channel0,channel1,channel2,channel3,channel4|pmode=roi|rpk=revenue_per_conversion|target=channel1|mu=0.500000|sigma=0.500000|dist=LogNormal|0.500000|0.500000|LogNormal|alpha=0p3|ec=0p5|slope=1p2|lag=4|decay=geometric",channel1,"{""kpi_type"": ""non_revenue"", ""kpi_type_effective"": ""revenue"", ""prior_design_mode"": ""roi"", ""prior_grid_type"": ""roi"", ""revenue_per_kpi"": null, ""roi_prior_overrides"": {""channel0"": {""dist"": ""LogNormal"", ""mu"": 1.0, ""sigma"": 1.0}, ""channel1"": {""dist"": ""LogNormal"", ""mu"": 0.5, ""sigma"": 0.5}, ""channel2"": {""dist"": ""LogNormal"", ""mu"": 1.0, ""sigma"": 1.0}, ""channel3"": {""dist"": ""LogNormal"", ""mu"": 1.0, ""sigma"": 1.0}, ""channel4"": {""dist"": ""LogNormal"", ""mu"": 1.0, ""sigma"": 1.0}}, ""run_mode"": ""roi_full"", ""structural_overrides"": {""adstock_decay_spec"": ""geometric"", ""alpha_m"": 0.3, ""ec_m"": 0.5, ""max_lag"": 4, ""slope_m"": 1.2}, ""sweep_type"": ""fixed_full_grid"", ""target_channel"": ""channel1"", ""two_layer_enabled"": false}",channel2,PASS,PASS,,,0.5478384270270665,0.5619589602140089,0.0141205331869423,0.0257749958570261,0.3,0.5,1.2,4,geometric,prior_sweep,roi_full,roi,non_revenue,revenue,__revenue_equiv__,,channel1,fixed_full_grid,False,roi,roi,Revenue-equivalent ROI,0.5,0.5,LogNormal,target_channels,channel1,configured,,,,upload_8ce52c632a82_national_all_channels,/Users/jasper/Documents/Intern/BlueAlpha/capstone-Blue_Alpha_1/backend/storage/uploads/upload_8ce52c632a82_national_all_channels.csv,0.5,0.5,LogNormal,0.3578971561854973,0.1389466427266597,0.4730767756700516,1.2380538046360017,0.3779440784745664,0.1367526039481163,0.4719674587249756,1.269810163974761,0.9700364753609656,1.0,1.0,LogNormal,0.6403698743456967,0.4253994067658712,12079349.341539,6617531.742779157,6788098.596033029,170566.85325387213,170566.85325387213,100.0,661753174.2779157,678809859.603303,17056685.32538724,17056685.32538724,False,channel1,False,0.025774995857026212,0.025774995857026212,False,0.0257749958570262,0.0257749958570262,0.025774995857026205,0.025774995857026205,0.025448420414715563,0.025774995857026205,percent_roi_or_contribution,0.5,0.5,0,False,False,False,1.0,True,,,0.025774995857026205,0.025774995857026205,,True,False,0.0
"multi|channel0,channel1,channel2,channel3,channel4|pmode=roi|rpk=revenue_per_conversion|target=channel1|mu=0.500000|sigma=0.500000|dist=LogNormal|0.500000|0.500000|LogNormal|alpha=0p3|ec=0p5|slope=1p2|lag=4|decay=geometric",channel1,"{""kpi_type"": ""non_revenue"", ""kpi_type_effective"": ""revenue"", ""prior_design_mode"": ""roi"", ""prior_grid_type"": ""roi"", ""revenue_per_kpi"": null, ""roi_prior_overrides"": {""channel0"": {""dist"": ""LogNormal"", ""mu"": 1.0, ""sigma"": 1.0}, ""channel1"": {""dist"": ""LogNormal"", ""mu"": 0.5, ""sigma"": 0.5}, ""channel2"": {""dist"": ""LogNormal"", ""mu"": 1.0, ""sigma"": 1.0}, ""channel3"": {""dist"": ""LogNormal"", ""mu"": 1.0, ""sigma"": 1.0}, ""channel4"": {""dist"": ""LogNormal"", ""mu"": 1.0, ""sigma"": 1.0}}, ""run_mode"": ""roi_full"", ""structural_overrides"": {""adstock_decay_spec"": ""geometric"", ""alpha_m"": 0.3, ""ec_m"": 0.5, ""max_lag"": 4, ""slope_m"": 1.2}, ""sweep_type"": ""fixed_full_grid"", ""target_channel"": ""channel1"", ""two_layer_enabled"": false}",channel3,PASS,PASS,,,0.2585340054263361,0.2637856369869162,0.0052516315605801,0.0203131172315993,0.3,0.5,1.2,4,geometric,prior_sweep,roi_full,roi,non_revenue,revenue,__revenue_equiv__,,channel1,fixed_full_grid,False,roi,roi,Revenue-equivalent ROI,0.5,0.5,LogNormal,target_channels,channel1,configured,,,,upload_8ce52c632a82_national_all_channels,/Users/jasper/Documents/Intern/BlueAlpha/capstone-Blue_Alpha_1/backend/storage/uploads/upload_8ce52c632a82_national_all_channels.csv,0.5,0.5,LogNormal,0.1334336334010044,0.0872698206454515,0.2386796101927757,0.505061289668083,0.1402307226970177,0.0875242583453655,0.2399436235427856,0.5372308075428008,0.9279405181364562,1.0,1.0,LogNormal,1.7453043155494647,0.7634798695164995,87860358.24888599,22714890.336277325,23176300.566581048,461410.23030372337,461410.23030372337,100.0,2271489033.6277323,2317630056.658105,46141023.03037262,46141023.03037262,False,channel1,False,0.020313117231599384,0.020313117231599384,False,0.0203131172315993,0.0203131172315993,0.020313117231599342,0.020313117231599342,0.02010955786621141,0.020313117231599342,percent_roi_or_contribution,0.5,0.5,0,False,False,False,1.0,True,,,0.020313117231599342,0.020313117231599342,,True,False,0.0
"multi|channel0,channel1,channel2,channel3,channel4|pmode=roi|rpk=revenue_per_conversion|target=channel1|mu=0.500000|sigma=0.500000|dist=LogNormal|0.500000|0.500000|LogNormal|alpha=0p3|ec=0p5|slope=1p2|lag=4|decay=geometric",channel1,"{""kpi_type"": ""non_revenue"", ""kpi_type_effective"": ""revenue"", ""prior_design_mode"": ""roi"", ""prior_grid_type"": ""roi"", ""revenue_per_kpi"": null, ""roi_prior_overrides"": {""channel0"": {""dist"": ""LogNormal"", ""mu"": 1.0, ""sigma"": 1.0}, ""channel1"": {""dist"": ""LogNormal"", ""mu"": 0.5, ""sigma"": 0.5}, ""channel2"": {""dist"": ""LogNormal"", ""mu"": 1.0, ""sigma"": 1.0}, ""channel3"": {""dist"": ""LogNormal"", ""mu"": 1.0, ""sigma"": 1.0}, ""channel4"": {""dist"": ""LogNormal"", ""mu"": 1.0, ""sigma"": 1.0}}, ""run_mode"": ""roi_full"", ""structural_overrides"": {""adstock_decay_spec"": ""geometric"", ""alpha_m"": 0.3, ""ec_m"": 0.5, ""max_lag"": 4, ""slope_m"": 1.2}, ""sweep_type"": ""fixed_full_grid"", ""target_channel"": ""channel1"", ""two_layer_enabled"": false}",channel4,PASS,PASS,,,0.4063499003617714,0.4217632097098976,0.0154133093481262,0.0379311261905166,0.3,0.5,1.2,4,geometric,prior_sweep,roi_full,roi,non_revenue,revenue,__revenue_equiv__,,channel1,fixed_full_grid,False,roi,roi,Revenue-equivalent ROI,0.5,0.5,LogNormal,target_channels,channel1,configured,,,,upload_8ce52c632a82_national_all_channels,/Users/jasper/Documents/Intern/BlueAlpha/capstone-Blue_Alpha_1/backend/storage/uploads/upload_8ce52c632a82_national_all_channels.csv,0.5,0.5,LogNormal,0.2333962216151473,0.1240440666675567,0.3590486496686935,0.8468084782361984,0.2432868958626349,0.124131166934967,0.3785235434770584,0.8834183782339096,0.9516746883504305,1.0,1.0,LogNormal,1.1102870403122904,0.5896644403799546,47730683.477718174,19395358.475370027,20131046.265209597,735687.7898395695,735687.7898395695,100.0,1939535847.5370028,2013104626.5209596,73568778.98395681,73568778.98395681,False,channel1,False,0.037931126190516695,0.037931126190516695,False,0.03793112619051677,0.03793112619051677,0.03793112619051674,0.03793112619051674,0.03722943012466388,0.03793112619051674,percent_roi_or_contribution,0.5,0.5,0,False,False,False,1.0,True,,,0.03793112619051674,0.03793112619051674,,True,False,0.0
"multi|channel0,channel1,channel2,channel3,channel4|pmode=roi|rpk=revenue_per_conversion|target=channel1|mu=0.500000|sigma=1.000000|dist=LogNormal|0.500000|1.000000|LogNormal|alpha=0p3|ec=0p5|slope=1p2|lag=4|decay=geometric",channel1,"{""kpi_type"": ""non_revenue"", ""kpi_type_effective"": ""revenue"", ""prior_design_mode"": ""roi"", ""prior_grid_type"": ""roi"", ""revenue_per_kpi"": null, ""roi_prior_overrides"": {""channel0"": {""dist"": ""LogNormal"", ""mu"": 1.0, ""sigma"": 1.0}, ""channel1"": {""dist"": ""LogNormal"", ""mu"": 0.5, ""sigma"": 1.0}, ""channel2"": {""dist"": ""LogNormal"", ""mu"": 1.0, ""sigma"": 1.0}, ""channel3"": {""dist"": ""LogNormal"", ""mu"": 1.0, ""sigma"": 1.0}, ""channel4"": {""dist"": ""LogNormal"", ""mu"": 1.0, ""sigma"": 1.0}}, ""run_mode"": ""roi_full"", ""structural_overrides"": {""adstock_decay_spec"": ""geometric"", ""alpha_m"": 0.3, ""ec_m"": 0.5, ""max_lag"": 4, ""slope_m"": 1.2}, ""sweep_type"": ""fixed_full_grid"", ""target_channel"": ""channel1"", ""two_layer_enabled"": false}",channel0,PASS,PASS,,,0.4308758754407366,0.4399813534909238,0.0091054780501872,0.0211324851753962,0.3,0.5,1.2,4,geometric,prior_sweep,roi_full,roi,non_revenue,revenue,__revenue_equiv__,,channel1,fixed_full_grid,False,roi,roi,Revenue-equivalent ROI,0.5,1.0,LogNormal,target_channels,channel1,configured,,,,upload_8ce52c632a82_national_all_channels,/Users/jasper/Documents/Intern/BlueAlpha/capstone-Blue_Alpha_1/backend/storage/uploads/upload_8ce52c632a82_national_all_channels.csv,0.5,1.0,LogNormal,0.260312272419158,0.1235604096204042,0.3676227629184723,0.9330472171306609,0.2603672795225239,0.1266887284815311,0.3771005719900131,0.9577416241168976,0.96664666458096,1.0,1.0,LogNormal,1.0363680335602492,0.512756367184041,40501713.0799782,17451211.080185138,17819998.53962986,368787.459444724,368787.459444724,100.0,1745121108.0185137,1781999853.9629862,36878745.94447255,36878745.94447255,False,channel1,False,0.021132485175396242,0.021132485175396242,False,0.021132485175396298,0.021132485175396298,0.02113248517539627,0.02113248517539627,0.020912290975366503,0.02113248517539627,percent_roi_or_contribution,0.5,0.0,0,True,False,False,0.5,True,0.04226497035079254,,0.04226497035079254,0.04226497035079254,,True,False,0.0
"multi|channel0,channel1,channel2,channel3,channel4|pmode=roi|rpk=revenue_per_conversion|target=channel1|mu=0.500000|sigma=1.000000|dist=LogNormal|0.500000|1.000000|LogNormal|alpha=0p3|ec=0p5|slope=1p2|lag=4|decay=geometric",channel1,"{""kpi_type"": ""non_revenue"", ""kpi_type_effective"": ""revenue"", ""prior_design_mode"": ""roi"", ""prior_grid_type"": ""roi"", ""revenue_per_kpi"": null, ""roi_prior_overrides"": {""channel0"": {""dist"": ""LogNormal"", ""mu"": 1.0, ""sigma"": 1.0}, ""channel1"": {""dist"": ""LogNormal"", ""mu"": 0.5, ""sigma"": 1.0}, ""channel2"": {""dist"": ""LogNormal"", ""mu"": 1.0, ""sigma"": 1.0}, ""channel3"": {""dist"": ""LogNormal"", ""mu"": 1.0, ""sigma"": 1.0}, ""channel4"": {""dist"": ""LogNormal"", ""mu"": 1.0, ""sigma"": 1.0}}, ""run_mode"": ""roi_full"", ""structural_overrides"": {""adstock_decay_spec"": ""geometric"", ""alpha_m"": 0.3, ""ec_m"": 0.5, ""max_lag"": 4, ""slope_m"": 1.2}, ""sweep_type"": ""fixed_full_grid"", ""target_channel"": ""channel1"", ""two_layer_enabled"": false}",channel1,PASS,PASS,,,0.4654245746042579,0.2031628987123258,0.2622616758919321,0.5634891026433841,0.3,0.5,1.2,4,geometric,prior_sweep,roi_full,roi,non_revenue,revenue,__revenue_equiv__,,channel1,fixed_full_grid,False,roi,roi,Revenue-equivalent ROI,0.5,1.0,LogNormal,target_channels,channel1,configured,,,,upload_8ce52c632a82_national_all_channels,/Users/jasper/Documents/Intern/BlueAlpha/capstone-Blue_Alpha_1/backend/storage/uploads/upload_8ce52c632a82_national_all_channels.csv,0.5,1.0,LogNormal,0.2843900597561066,0.1218790113925933,0.3990941643714905,1.014937341213226,0.1913321557239219,0.0204170247539877,0.1383260115981102,0.5819185197353363,0.4625742689506919,0.5,1.0,LogNormal,1.216104455360058,0.2870537492973928,31320298.2023646,14577236.467314048,6363122.571326839,-8214113.895987209,8214113.895987209,100.0,1457723646.7314048,636312257.1326839,-821411389.5987209,821411389.5987209,False,channel1,True,0.5634891026433843,-0.5634891026433843,False,0.5634891026433843,-0.5634891026433843,0.5634891026433843,-0.5634891026433843,0.44691992804393776,0.5634891026433843,percent_roi_or_contribution,0.5,0.0,0,True,False,False,0.5,True,1.1269782052867685,,1.1269782052867685,1.1269782052867685,,True,False,0.0
"multi|channel0,channel1,channel2,channel3,channel4|pmode=roi|rpk=revenue_per_conversion|target=channel1|mu=0.500000|sigma=1.000000|dist=LogNormal|0.500000|1.000000|LogNormal|alpha=0p3|ec=0p5|slope=1p2|lag=4|decay=geometric",channel1,"{""kpi_type"": ""non_revenue"", ""kpi_type_effective"": ""revenue"", ""prior_design_mode"": ""roi"", ""prior_grid_type"": ""roi"", ""revenue_per_kpi"": null, ""roi_prior_overrides"": {""channel0"": {""dist"": ""LogNormal"", ""mu"": 1.0, ""sigma"": 1.0}, ""channel1"": {""dist"": ""LogNormal"", ""mu"": 0.5, ""sigma"": 1.0}, ""channel2"": {""dist"": ""LogNormal"", ""mu"": 1.0, ""sigma"": 1.0}, ""channel3"": {""dist"": ""LogNormal"", ""mu"": 1.0, ""sigma"": 1.0}, ""channel4"": {""dist"": ""LogNormal"", ""mu"": 1.0, ""sigma"": 1.0}}, ""run_mode"": ""roi_full"", ""structural_overrides"": {""adstock_decay_spec"": ""geometric"", ""alpha_m"": 0.3, ""ec_m"": 0.5, ""max_lag"": 4, ""slope_m"": 1.2}, ""sweep_type"": ""fixed_full_grid"", ""target_channel"": ""channel1"", ""two_layer_enabled"": false}",channel2,PASS,PASS,,,0.5478384270270665,0.5630777970794588,0.0152393700523922,0.0278172711160318,0.3,0.5,1.2,4,geometric,prior_sweep,roi_full,roi,non_revenue,revenue,__revenue_equiv__,,channel1,fixed_full_grid,False,roi,roi,Revenue-equivalent ROI,0.5,1.0,LogNormal,target_channels,channel1,configured,,,,upload_8ce52c632a82_national_all_channels,/Users/jasper/Documents/Intern/BlueAlpha/capstone-Blue_Alpha_1/backend/storage/uploads/upload_8ce52c632a82_national_all_channels.csv,0.5,1.0,LogNormal,0.3578971561854973,0.1389466427266597,0.4730767756700516,1.2380538046360017,0.3801475161817805,0.1405142448842525,0.4695386886596679,1.3022939920425414,0.943432381048677,1.0,1.0,LogNormal,0.6349024738457045,0.4241290647755115,12079349.341539,6617531.742779157,6801613.417386991,184081.67460783385,184081.67460783385,100.0,661753174.2779157,680161341.7386991,18408167.46078336,18408167.46078336,False,channel1,False,0.02781727111603175,0.02781727111603175,False,0.027817271116031744,0.027817271116031744,0.027817271116031748,0.027817271116031748,0.027437399400590107,0.027817271116031748,percent_roi_or_contribution,0.5,0.0,0,True,False,False,0.5,True,0.055634542232063496,,0.055634542232063496,0.055634542232063496,,True,False,0.0
"multi|channel0,channel1,channel2,channel3,channel4|pmode=roi|rpk=revenue_per_conversion|target=channel1|mu=0.500000|sigma=1.000000|dist=LogNormal|0.500000|1.000000|LogNormal|alpha=0p3|ec=0p5|slope=1p2|lag=4|decay=geometric",channel1,"{""kpi_type"": ""non_revenue"", ""kpi_type_effective"": ""revenue"", ""prior_design_mode"": ""roi"", ""prior_grid_type"": ""roi"", ""revenue_per_kpi"": null, ""roi_prior_overrides"": {""channel0"": {""dist"": ""LogNormal"", ""mu"": 1.0, ""sigma"": 1.0}, ""channel1"": {""dist"": ""LogNormal"", ""mu"": 0.5, ""sigma"": 1.0}, ""channel2"": {""dist"": ""LogNormal"", ""mu"": 1.0, ""sigma"": 1.0}, ""channel3"": {""dist"": ""LogNormal"", ""mu"": 1.0, ""sigma"": 1.0}, ""channel4"": {""dist"": ""LogNormal"", ""mu"": 1.0, ""sigma"": 1.0}}, ""run_mode"": ""roi_full"", ""structural_overrides"": {""adstock_decay_spec"": ""geometric"", ""alpha_m"": 0.3, ""ec_m"": 0.5, ""max_lag"": 4, ""slope_m"": 1.2}, ""sweep_type"": ""fixed_full_grid"", ""target_channel"": ""channel1"", ""two_layer_enabled"": false}",channel3,PASS,PASS,,,0.2585340054263361,0.2654845416452736,0.0069505362189374,0.026884417805989,0.3,0.5,1.2,4,geometric,prior_sweep,roi_full,roi,non_revenue,revenue,__revenue_equiv__,,channel1,fixed_full_grid,False,roi,roi,Revenue-equivalent ROI,0.5,1.0,LogNormal,target_channels,channel1,configured,,,,upload_8ce52c632a82_national_all_channels,/Users/jasper/Documents/Intern/BlueAlpha/capstone-Blue_Alpha_1/backend/storage/uploads/upload_8ce52c632a82_national_all_channels.csv,0.5,1.0,LogNormal,0.1334336334010044,0.0872698206454515,0.2386796101927757,0.505061289668083,0.13978486129967,0.0890101939439773,0.2432114630937576,0.5370644956827164,0.9249800382577592,1.0,1.0,LogNormal,1.747177126322652,0.7618009133838736,87860358.24888599,22714890.336277325,23325566.93849503,610676.602217704,610676.602217704,100.0,2271489033.6277323,2332556693.849503,61067660.22177076,61067660.22177076,False,channel1,False,0.026884417805989155,0.026884417805989155,False,0.02688441780598911,0.02688441780598911,0.02688441780598913,0.02688441780598913,0.026529381093926243,0.02688441780598913,percent_roi_or_contribution,0.5,0.0,0,True,False,False,0.5,True,0.05376883561197826,,0.05376883561197826,0.05376883561197826,,True,False,0.0
"multi|channel0,channel1,channel2,channel3,channel4|pmode=roi|rpk=revenue_per_conversion|target=channel1|mu=0.500000|sigma=1.000000|dist=LogNormal|0.500000|1.000000|LogNormal|alpha=0p3|ec=0p5|slope=1p2|lag=4|decay=geometric",channel1,"{""kpi_type"": ""non_revenue"", ""kpi_type_effective"": ""revenue"", ""prior_design_mode"": ""roi"", ""prior_grid_type"": ""roi"", ""revenue_per_kpi"": null, ""roi_prior_overrides"": {""channel0"": {""dist"": ""LogNormal"", ""mu"": 1.0, ""sigma"": 1.0}, ""channel1"": {""dist"": ""LogNormal"", ""mu"": 0.5, ""sigma"": 1.0}, ""channel2"": {""dist"": ""LogNormal"", ""mu"": 1.0, ""sigma"": 1.0}, ""channel3"": {""dist"": ""LogNormal"", ""mu"": 1.0, ""sigma"": 1.0}, ""channel4"": {""dist"": ""LogNormal"", ""mu"": 1.0, ""sigma"": 1.0}}, ""run_mode"": ""roi_full"", ""structural_overrides"": {""adstock_decay_spec"": ""geometric"", ""alpha_m"": 0.3, ""ec_m"": 0.5, ""max_lag"": 4, ""slope_m"": 1.2}, ""sweep_type"": ""fixed_full_grid"", ""target_channel"": ""channel1"", ""two_layer_enabled"": false}",channel4,PASS,PASS,,,0.4063499003617714,0.4168387593049556,0.0104888589431842,0.0258123822199687,0.3,0.5,1.2,4,geometric,prior_sweep,roi_full,roi,non_revenue,revenue,__revenue_equiv__,,channel1,fixed_full_grid,False,roi,roi,Revenue-equivalent ROI,0.5,1.0,LogNormal,target_channels,channel1,configured,,,,upload_8ce52c632a82_national_all_channels,/Users/jasper/Documents/Intern/BlueAlpha/capstone-Blue_Alpha_1/backend/storage/uploads/upload_8ce52c632a82_national_all_channels.csv,0.5,1.0,LogNormal,0.2333962216151473,0.1240440666675567,0.3590486496686935,0.8468084782361984,0.236940727178286,0.1272533550858497,0.3731711804866791,0.8633836984634398,0.9732402974293736,1.0,1.0,LogNormal,1.1380542358428305,0.5944807791116473,47730683.477718174,19395358.475370027,19895998.88162959,500640.4062595628,500640.4062595628,100.0,1939535847.5370028,1989599888.162959,50064040.6259563,50064040.6259563,False,channel1,False,0.025812382219968705,0.025812382219968705,False,0.02581238221996882,0.02581238221996882,0.02581238221996876,0.02581238221996876,0.025484866693676077,0.02581238221996876,percent_roi_or_contribution,0.5,0.0,0,True,False,False,0.5,True,0.05162476443993752,,0.05162476443993752,0.05162476443993752,,True,False,0.0
"multi|channel0,channel1,channel2,channel3,channel4|pmode=roi|rpk=revenue_per_conversion|target=channel0|mu=1.500000|sigma=1.500000|dist=LogNormal|1.500000|1.500000|LogNormal|alpha=0p3|ec=0p5|slope=1p2|lag=4|decay=geometric",channel0,"{""kpi_type"": ""non_revenue"", ""kpi_type_effective"": ""revenue"", ""prior_design_mode"": ""roi"", ""prior_grid_type"": ""roi"", ""revenue_per_kpi"": null, ""roi_prior_overrides"": {""channel0"": {""dist"": ""LogNormal"", ""mu"": 1.5, ""sigma"": 1.5}, ""channel1"": {""dist"": ""LogNormal"", ""mu"": 1.0, ""sigma"": 1.0}, ""channel2"": {""dist"": ""LogNormal"", ""mu"": 1.0, ""sigma"": 1.0}, ""channel3"": {""dist"": ""LogNormal"", ""mu"": 1.0, ""sigma"": 1.0}, ""channel4"": {""dist"": ""LogNormal"", ""mu"": 1.0, ""sigma"": 1.0}}, ""run_mode"": ""roi_full"", ""structural_overrides"": {""adstock_decay_spec"": ""geometric"", ""alpha_m"": 0.3, ""ec_m"": 0.5, ""max_lag"": 4, ""slope_m"": 1.2}, ""sweep_type"": ""fixed_full_grid"", ""target_channel"": ""channel0"", ""two_layer_enabled"": false}",channel0,PASS,PASS,,,0.4308758754407366,0.5571733837295324,0.1262975082887958,0.293118077589301,0.3,0.5,1.2,4,geometric,prior_sweep,roi_full,roi,non_revenue,revenue,__revenue_equiv__,,channel0,fixed_full_grid,False,roi,roi,Revenue-equivalent ROI,1.5,1.5,LogNormal,target_channels,channel0,configured,,,,upload_8ce52c632a82_national_all_channels,/Users/jasper/Documents/Intern/BlueAlpha/capstone-Blue_Alpha_1/backend/storage/uploads/upload_8ce52c632a82_national_all_channels.csv,1.5,1.5,LogNormal,0.260312272419158,0.1235604096204042,0.3676227629184723,0.9330472171306609,0.328780609716618,0.161182564496994,0.4824453294277191,1.1766473531723023,0.7329543466091106,1.5,1.5,LogNormal,1.2393894135671664,0.8718094397946442,40501713.0799782,17451211.080185138,22566476.523614112,5115265.443428975,5115265.443428975,100.0,1745121108.0185137,2256647652.361411,511526544.3428974,511526544.3428974,False,channel0,True,0.29311807758930103,0.29311807758930103,False,0.2931180775893009,0.2931180775893009,0.293118077589301,0.293118077589301,0.25705641626162196,0.293118077589301,percent_roi_or_contribution,0.5,0.5,0,False,False,False,1.0,True,,,0.293118077589301,0.293118077589301,,True,False,0.0
"multi|channel0,channel1,channel2,channel3,channel4|pmode=roi|rpk=revenue_per_conversion|target=channel0|mu=1.500000|sigma=1.500000|dist=LogNormal|1.500000|1.500000|LogNormal|alpha=0p3|ec=0p5|slope=1p2|lag=4|decay=geometric",channel0,"{""kpi_type"": ""non_revenue"", ""kpi_type_effective"": ""revenue"", ""prior_design_mode"": ""roi"", ""prior_grid_type"": ""roi"", ""revenue_per_kpi"": null, ""roi_prior_overrides"": {""channel0"": {""dist"": ""LogNormal"", ""mu"": 1.5, ""sigma"": 1.5}, ""channel1"": {""dist"": ""LogNormal"", ""mu"": 1.0, ""sigma"": 1.0}, ""channel2"": {""dist"": ""LogNormal"", ""mu"": 1.0, ""sigma"": 1.0}, ""channel3"": {""dist"": ""LogNormal"", ""mu"": 1.0, ""sigma"": 1.0}, ""channel4"": {""dist"": ""LogNormal"", ""mu"": 1.0, ""sigma"": 1.0}}, ""run_mode"": ""roi_full"", ""structural_overrides"": {""adstock_decay_spec"": ""geometric"", ""alpha_m"": 0.3, ""ec_m"": 0.5, ""max_lag"": 4, ""slope_m"": 1.2}, ""sweep_type"": ""fixed_full_grid"", ""target_channel"": ""channel0"", ""two_layer_enabled"": false}",channel1,PASS,PASS,,,0.4654245746042579,0.4840907224391897,0.0186661478349318,0.0401056344109103,0.3,0.5,1.2,4,geometric,prior_sweep,roi_full,roi,non_revenue,revenue,__revenue_equiv__,,channel0,fixed_full_grid,False,roi,roi,Revenue-equivalent ROI,1.5,1.5,LogNormal,target_channels,channel0,configured,,,,upload_8ce52c632a82_national_all_channels,/Users/jasper/Documents/Intern/BlueAlpha/capstone-Blue_Alpha_1/backend/storage/uploads/upload_8ce52c632a82_national_all_channels.csv,1.5,1.5,LogNormal,0.2843900597561066,0.1218790113925933,0.3990941643714905,1.014937341213226,0.3036283954648921,0.129258257895708,0.4157236516475677,1.0571194112300872,0.9470068695400802,1.0,1.0,LogNormal,0.8711270012379466,0.5108691139128017,31320298.2023646,14577236.467314048,15161865.783793535,584629.3164794873,584629.3164794873,100.0,1457723646.7314048,1516186578.3793535,58462931.64794874,58462931.64794874,False,channel0,False,0.0401056344109103,0.0401056344109103,False,0.04010563441091034,0.04010563441091034,0.04010563441091032,0.04010563441091032,0.039322279544193,0.04010563441091032,percent_roi_or_contribution,0.5,0.5,0,False,False,False,1.0,True,,,0.04010563441091032,0.04010563441091032,,True,False,0.0
"multi|channel0,channel1,channel2,channel3,channel4|pmode=roi|rpk=revenue_per_conversion|target=channel0|mu=1.500000|sigma=1.500000|dist=LogNormal|1.500000|1.500000|LogNormal|alpha=0p3|ec=0p5|slope=1p2|lag=4|decay=geometric",channel0,"{""kpi_type"": ""non_revenue"", ""kpi_type_effective"": ""revenue"", ""prior_design_mode"": ""roi"", ""prior_grid_type"": ""roi"", ""revenue_per_kpi"": null, ""roi_prior_overrides"": {""channel0"": {""dist"": ""LogNormal"", ""mu"": 1.5, ""sigma"": 1.5}, ""channel1"": {""dist"": ""LogNormal"", ""mu"": 1.0, ""sigma"": 1.0}, ""channel2"": {""dist"": ""LogNormal"", ""mu"": 1.0, ""sigma"": 1.0}, ""channel3"": {""dist"": ""LogNormal"", ""mu"": 1.0, ""sigma"": 1.0}, ""channel4"": {""dist"": ""LogNormal"", ""mu"": 1.0, ""sigma"": 1.0}}, ""run_mode"": ""roi_full"", ""structural_overrides"": {""adstock_decay_spec"": ""geometric"", ""alpha_m"": 0.3, ""ec_m"": 0.5, ""max_lag"": 4, ""slope_m"": 1.2}, ""sweep_type"": ""fixed_full_grid"", ""target_channel"": ""channel0"", ""two_layer_enabled"": false}",channel2,PASS,PASS,,,0.5478384270270665,0.5583208019534747,0.0104823749264081,0.0191340629084608,0.3,0.5,1.2,4,geometric,prior_sweep,roi_full,roi,non_revenue,revenue,__revenue_equiv__,,channel0,fixed_full_grid,False,roi,roi,Revenue-equivalent ROI,1.5,1.5,LogNormal,target_channels,channel0,configured,,,,upload_8ce52c632a82_national_all_channels,/Users/jasper/Documents/Intern/BlueAlpha/capstone-Blue_Alpha_1/backend/storage/uploads/upload_8ce52c632a82_national_all_channels.csv,1.5,1.5,LogNormal,0.3578971561854973,0.1389466427266597,0.4730767756700516,1.2380538046360017,0.3725493671284923,0.1406735852360725,0.4760616421699524,1.2501476287841795,0.987562316060728,1.0,1.0,LogNormal,0.6543224932071667,0.4293553456532137,12079349.341539,6617531.742779157,6744152.011444231,126620.26866507344,126620.26866507344,100.0,661753174.2779157,674415201.144423,12662026.866507292,12662026.866507292,False,channel0,False,0.019134062908460855,0.019134062908460855,False,0.01913406290846092,0.01913406290846092,0.01913406290846089,0.01913406290846089,0.018953308794425985,0.01913406290846089,percent_roi_or_contribution,0.5,0.5,0,False,False,False,1.0,True,,,0.01913406290846089,0.01913406290846089,,True,False,0.0
"multi|channel0,channel1,channel2,channel3,channel4|pmode=roi|rpk=revenue_per_conversion|target=channel0|mu=1.500000|sigma=1.500000|dist=LogNormal|1.500000|1.500000|LogNormal|alpha=0p3|ec=0p5|slope=1p2|lag=4|decay=geometric",channel0,"{""kpi_type"": ""non_revenue"", ""kpi_type_effective"": ""revenue"", ""prior_design_mode"": ""roi"", ""prior_grid_type"": ""roi"", ""revenue_per_kpi"": null, ""roi_prior_overrides"": {""channel0"": {""dist"": ""LogNormal"", ""mu"": 1.5, ""sigma"": 1.5}, ""channel1"": {""dist"": ""LogNormal"", ""mu"": 1.0, ""sigma"": 1.0}, ""channel2"": {""dist"": ""LogNormal"", ""mu"": 1.0, ""sigma"": 1.0}, ""channel3"": {""dist"": ""LogNormal"", ""mu"": 1.0, ""sigma"": 1.0}, ""channel4"": {""dist"": ""LogNormal"", ""mu"": 1.0, ""sigma"": 1.0}}, ""run_mode"": ""roi_full"", ""structural_overrides"": {""adstock_decay_spec"": ""geometric"", ""alpha_m"": 0.3, ""ec_m"": 0.5, ""max_lag"": 4, ""slope_m"": 1.2}, ""sweep_type"": ""fixed_full_grid"", ""target_channel"": ""channel0"", ""two_layer_enabled"": false}",channel3,PASS,PASS,,,0.2585340054263361,0.2584411914724235,9.281395391258496e-05,0.0003590009513817,0.3,0.5,1.2,4,geometric,prior_sweep,roi_full,roi,non_revenue,revenue,__revenue_equiv__,,channel0,fixed_full_grid,False,roi,roi,Revenue-equivalent ROI,1.5,1.5,LogNormal,target_channels,channel0,configured,,,,upload_8ce52c632a82_national_all_channels,/Users/jasper/Documents/Intern/BlueAlpha/capstone-Blue_Alpha_1/backend/storage/uploads/upload_8ce52c632a82_national_all_channels.csv,1.5,1.5,LogNormal,0.1334336334010044,0.0872698206454515,0.2386796101927757,0.505061289668083,0.1472405860690093,0.0836620591580867,0.2299734503030777,0.532012218236923,0.9318419109764796,1.0,1.0,LogNormal,1.7014820184591772,0.7688159985135039,87860358.24888599,22714890.336277325,22706735.669036068,-8154.667241256684,8154.667241256684,100.0,2271489033.6277323,2270673566.903607,-815466.7241253853,815466.7241253853,False,channel0,False,0.0003590009513817337,-0.0003590009513817337,False,0.00035900095138179425,-0.00035900095138179425,0.000359000951381764,-0.000359000951381764,0.00035893652595891804,0.000359000951381764,percent_roi_or_contribution,0.5,0.5,0,False,False,False,1.0,True,,,0.000359000951381764,0.000359000951381764,,True,False,0.0
"multi|channel0,channel1,channel2,channel3,channel4|pmode=roi|rpk=revenue_per_conversion|target=channel0|mu=1.500000|sigma=1.500000|dist=LogNormal|1.500000|1.500000|LogNormal|alpha=0p3|ec=0p5|slope=1p2|lag=4|decay=geometric",channel0,"{""kpi_type"": ""non_revenue"", ""kpi_type_effective"": ""revenue"", ""prior_design_mode"": ""roi"", ""prior_grid_type"": ""roi"", ""revenue_per_kpi"": null, ""roi_prior_overrides"": {""channel0"": {""dist"": ""LogNormal"", ""mu"": 1.5, ""sigma"": 1.5}, ""channel1"": {""dist"": ""LogNormal"", ""mu"": 1.0, ""sigma"": 1.0}, ""channel2"": {""dist"": ""LogNormal"", ""mu"": 1.0, ""sigma"": 1.0}, ""channel3"": {""dist"": ""LogNormal"", ""mu"": 1.0, ""sigma"": 1.0}, ""channel4"": {""dist"": ""LogNormal"", ""mu"": 1.0, ""sigma"": 1.0}}, ""run_mode"": ""roi_full"", ""structural_overrides"": {""adstock_decay_spec"": ""geometric"", ""alpha_m"": 0.3, ""ec_m"": 0.5, ""max_lag"": 4, ""slope_m"": 1.2}, ""sweep_type"": ""fixed_full_grid"", ""target_channel"": ""channel0"", ""two_layer_enabled"": false}",channel4,PASS,PASS,,,0.4063499003617714,0.4283497745078057,0.0219998741460343,0.0541402228140033,0.3,0.5,1.2,4,geometric,prior_sweep,roi_full,roi,non_revenue,revenue,__revenue_equiv__,,channel0,fixed_full_grid,False,roi,roi,Revenue-equivalent ROI,1.5,1.5,LogNormal,target_channels,channel0,configured,,,,upload_8ce52c632a82_national_all_channels,/Users/jasper/Documents/Intern/BlueAlpha/capstone-Blue_Alpha_1/backend/storage/uploads/upload_8ce52c632a82_national_all_channels.csv,1.5,1.5,LogNormal,0.2333962216151473,0.1240440666675567,0.3590486496686935,0.8468084782361984,0.2532574407825463,0.123009879887104,0.3689323216676712,0.9120570093393324,0.915996503365266,1.0,1.0,LogNormal,1.068810410918552,0.5831071643929997,47730683.477718174,19395358.475370027,20445427.50478403,1050069.029414002,1050069.029414002,100.0,1939535847.5370028,2044542750.4784029,105006902.94140004,105006902.94140004,False,channel0,False,0.05414022281400326,0.05414022281400326,False,0.054140222814003366,0.054140222814003366,0.05414022281400331,0.05414022281400331,0.052725479993267745,0.05414022281400331,percent_roi_or_contribution,0.5,0.5,0,False,False,False,1.0,True,,,0.05414022281400331,0.05414022281400331,,True,False,0.0
"multi|channel0,channel1,channel2,channel3,channel4|pmode=roi|rpk=revenue_per_conversion|target=channel1|mu=0.500000|sigma=1.500000|dist=LogNormal|0.500000|1.500000|LogNormal|alpha=0p3|ec=0p5|slope=1p2|lag=4|decay=geometric",channel1,"{""kpi_type"": ""non_revenue"", ""kpi_type_effective"": ""revenue"", ""prior_design_mode"": ""roi"", ""prior_grid_type"": ""roi"", ""revenue_per_kpi"": null, ""roi_prior_overrides"": {""channel0"": {""dist"": ""LogNormal"", ""mu"": 1.0, ""sigma"": 1.0}, ""channel1"": {""dist"": ""LogNormal"", ""mu"": 0.5, ""sigma"": 1.5}, ""channel2"": {""dist"": ""LogNormal"", ""mu"": 1.0, ""sigma"": 1.0}, ""channel3"": {""dist"": ""LogNormal"", ""mu"": 1.0, ""sigma"": 1.0}, ""channel4"": {""dist"": ""LogNormal"", ""mu"": 1.0, ""sigma"": 1.0}}, ""run_mode"": ""roi_full"", ""structural_overrides"": {""adstock_decay_spec"": ""geometric"", ""alpha_m"": 0.3, ""ec_m"": 0.5, ""max_lag"": 4, ""slope_m"": 1.2}, ""sweep_type"": ""fixed_full_grid"", ""target_channel"": ""channel1"", ""two_layer_enabled"": false}",channel0,PASS,PASS,,,0.4308758754407366,0.4682409793169548,0.0373651038762182,0.0867189508765093,0.3,0.5,1.2,4,geometric,prior_sweep,roi_full,roi,non_revenue,revenue,__revenue_equiv__,,channel1,fixed_full_grid,False,roi,roi,Revenue-equivalent ROI,0.5,1.5,LogNormal,target_channels,channel1,configured,,,,upload_8ce52c632a82_national_all_channels,/Users/jasper/Documents/Intern/BlueAlpha/capstone-Blue_Alpha_1/backend/storage/uploads/upload_8ce52c632a82_national_all_channels.csv,0.5,1.5,LogNormal,0.260312272419158,0.1235604096204042,0.3676227629184723,0.9330472171306609,0.2927932394811618,0.1239844601601362,0.4020396173000335,1.032280170917511,0.8903325221140436,1.0,1.0,LogNormal,0.9125363549470548,0.4846344468955326,40501713.0799782,17451211.080185138,18964561.79658331,1513350.716398172,1513350.716398172,100.0,1745121108.0185137,1896456179.658331,151335071.63981724,151335071.63981724,False,channel1,False,0.08671895087650941,0.08671895087650941,False,0.08671895087650944,0.08671895087650944,0.08671895087650942,0.08671895087650942,0.08316301985658688,0.08671895087650942,percent_roi_or_contribution,0.5,0.5,0,False,False,False,1.0,True,,,0.08671895087650942,0.08671895087650942,,True,False,0.0
"multi|channel0,channel1,channel2,channel3,channel4|pmode=roi|rpk=revenue_per_conversion|target=channel1|mu=0.500000|sigma=1.500000|dist=LogNormal|0.500000|1.500000|LogNormal|alpha=0p3|ec=0p5|slope=1p2|lag=4|decay=geometric",channel1,"{""kpi_type"": ""non_revenue"", ""kpi_type_effective"": ""revenue"", ""prior_design_mode"": ""roi"", ""prior_grid_type"": ""roi"", ""revenue_per_kpi"": null, ""roi_prior_overrides"": {""channel0"": {""dist"": ""LogNormal"", ""mu"": 1.0, ""sigma"": 1.0}, ""channel1"": {""dist"": ""LogNormal"", ""mu"": 0.5, ""sigma"": 1.5}, ""channel2"": {""dist"": ""LogNormal"", ""mu"": 1.0, ""sigma"": 1.0}, ""channel3"": {""dist"": ""LogNormal"", ""mu"": 1.0, ""sigma"": 1.0}, ""channel4"": {""dist"": ""LogNormal"", ""mu"": 1.0, ""sigma"": 1.0}}, ""run_mode"": ""roi_full"", ""structural_overrides"": {""adstock_decay_spec"": ""geometric"", ""alpha_m"": 0.3, ""ec_m"": 0.5, ""max_lag"": 4, ""slope_m"": 1.2}, ""sweep_type"": ""fixed_full_grid"", ""target_channel"": ""channel1"", ""two_layer_enabled"": false}",channel1,PASS,PASS,,,0.4654245746042579,0.1777363884075506,0.2876881861967073,0.6181198885798486,0.3,0.5,1.2,4,geometric,prior_sweep,roi_full,roi,non_revenue,revenue,__revenue_equiv__,,channel1,fixed_full_grid,False,roi,roi,Revenue-equivalent ROI,0.5,1.5,LogNormal,target_channels,channel1,configured,,,,upload_8ce52c632a82_national_all_channels,/Users/jasper/Documents/Intern/BlueAlpha/capstone-Blue_Alpha_1/backend/storage/uploads/upload_8ce52c632a82_national_all_channels.csv,0.5,1.5,LogNormal,0.2843900597561066,0.1218790113925933,0.3990941643714905,1.014937341213226,0.2156027936604666,0.010163169587031,0.0999318063259124,0.6203384876251219,0.496091052406122,0.5,1.5,LogNormal,1.4731911238618554,0.3003949355560185,31320298.2023646,14577236.467314048,5566756.686335783,-9010479.780978264,9010479.780978264,100.0,1457723646.7314048,556675668.6335783,-901047978.0978264,901047978.0978264,False,channel1,True,0.6181198885798486,-0.6181198885798486,False,0.6181198885798486,-0.6181198885798486,0.6181198885798486,-0.6181198885798486,0.48126491266497085,0.6181198885798486,percent_roi_or_contribution,0.5,0.5,0,False,False,False,1.0,True,,,0.6181198885798486,0.6181198885798486,,True,False,0.0
"multi|channel0,channel1,channel2,channel3,channel4|pmode=roi|rpk=revenue_per_conversion|target=channel1|mu=0.500000|sigma=1.500000|dist=LogNormal|0.500000|1.500000|LogNormal|alpha=0p3|ec=0p5|slope=1p2|lag=4|decay=geometric",channel1,"{""kpi_type"": ""non_revenue"", ""kpi_type_effective"": ""revenue"", ""prior_design_mode"": ""roi"", ""prior_grid_type"": ""roi"", ""revenue_per_kpi"": null, ""roi_prior_overrides"": {""channel0"": {""dist"": ""LogNormal"", ""mu"": 1.0, ""sigma"": 1.0}, ""channel1"": {""dist"": ""LogNormal"", ""mu"": 0.5, ""sigma"": 1.5}, ""channel2"": {""dist"": ""LogNormal"", ""mu"": 1.0, ""sigma"": 1.0}, ""channel3"": {""dist"": ""LogNormal"", ""mu"": 1.0, ""sigma"": 1.0}, ""channel4"": {""dist"": ""LogNormal"", ""mu"": 1.0, ""sigma"": 1.0}}, ""run_mode"": ""roi_full"", ""structural_overrides"": {""adstock_decay_spec"": ""geometric"", ""alpha_m"": 0.3, ""ec_m"": 0.5, ""max_lag"": 4, ""slope_m"": 1.2}, ""sweep_type"": ""fixed_full_grid"", ""target_channel"": ""channel1"", ""two_layer_enabled"": false}",channel2,PASS,PASS,,,0.5478384270270665,0.5649388630657146,0.017100436038648,0.0312143785375669,0.3,0.5,1.2,4,geometric,prior_sweep,roi_full,roi,non_revenue,revenue,__revenue_equiv__,,channel1,fixed_full_grid,False,roi,roi,Revenue-equivalent ROI,0.5,1.5,LogNormal,target_channels,channel1,configured,,,,upload_8ce52c632a82_national_all_channels,/Users/jasper/Documents/Intern/BlueAlpha/capstone-Blue_Alpha_1/backend/storage/uploads/upload_8ce52c632a82_national_all_channels.csv,0.5,1.5,LogNormal,0.3578971561854973,0.1389466427266597,0.4730767756700516,1.2380538046360017,0.3913111642789004,0.1393389031291008,0.4644290804862976,1.328431814908981,0.923689447503674,1.0,1.0,LogNormal,0.6094535290007279,0.4233380494635351,12079349.341539,6617531.742779157,6824093.883582631,206562.140803474,206562.140803474,100.0,661753174.2779157,682409388.3582631,20656214.08034742,20656214.08034742,False,channel1,False,0.03121437853756691,0.03121437853756691,False,0.03121437853756699,0.03121437853756699,0.03121437853756695,0.03121437853756695,0.03073711604598669,0.03121437853756695,percent_roi_or_contribution,0.5,0.5,0,False,False,False,1.0,True,,,0.03121437853756695,0.03121437853756695,,True,False,0.0
"multi|channel0,channel1,channel2,channel3,channel4|pmode=roi|rpk=revenue_per_conversion|target=channel1|mu=0.500000|sigma=1.500000|dist=LogNormal|0.500000|1.500000|LogNormal|alpha=0p3|ec=0p5|slope=1p2|lag=4|decay=geometric",channel1,"{""kpi_type"": ""non_revenue"", ""kpi_type_effective"": ""revenue"", ""prior_design_mode"": ""roi"", ""prior_grid_type"": ""roi"", ""revenue_per_kpi"": null, ""roi_prior_overrides"": {""channel0"": {""dist"": ""LogNormal"", ""mu"": 1.0, ""sigma"": 1.0}, ""channel1"": {""dist"": ""LogNormal"", ""mu"": 0.5, ""sigma"": 1.5}, ""channel2"": {""dist"": ""LogNormal"", ""mu"": 1.0, ""sigma"": 1.0}, ""channel3"": {""dist"": ""LogNormal"", ""mu"": 1.0, ""sigma"": 1.0}, ""channel4"": {""dist"": ""LogNormal"", ""mu"": 1.0, ""sigma"": 1.0}}, ""run_mode"": ""roi_full"", ""structural_overrides"": {""adstock_decay_spec"": ""geometric"", ""alpha_m"": 0.3, ""ec_m"": 0.5, ""max_lag"": 4, ""slope_m"": 1.2}, ""sweep_type"": ""fixed_full_grid"", ""target_channel"": ""channel1"", ""two_layer_enabled"": false}",channel3,PASS,PASS,,,0.2585340054263361,0.2818128956699123,0.0232788902435762,0.0900418890938083,0.3,0.5,1.2,4,geometric,prior_sweep,roi_full,roi,non_revenue,revenue,__revenue_equiv__,,channel1,fixed_full_grid,False,roi,roi,Revenue-equivalent ROI,0.5,1.5,LogNormal,target_channels,channel1,configured,,,,upload_8ce52c632a82_national_all_channels,/Users/jasper/Documents/Intern/BlueAlpha/capstone-Blue_Alpha_1/backend/storage/uploads/upload_8ce52c632a82_national_all_channels.csv,0.5,1.5,LogNormal,0.1334336334010044,0.0872698206454515,0.2386796101927757,0.505061289668083,0.1518361542449963,0.092656510323286,0.2525106817483902,0.5758574694395064,0.8440753268378876,1.0,1.0,LogNormal,1.6543767394027211,0.7455240228581681,87860358.24888599,22714890.336277325,24760181.972714424,2045291.6364370992,2045291.6364370992,100.0,2271489033.6277323,2476018197.2714424,204529163.64371017,204529163.64371017,False,channel1,False,0.09004188909380839,0.09004188909380839,False,0.09004188909380824,0.09004188909380824,0.09004188909380831,0.09004188909380831,0.08621612586391701,0.09004188909380831,percent_roi_or_contribution,0.5,0.5,0,False,False,False,1.0,True,,,0.09004188909380831,0.09004188909380831,,True,False,0.0
"multi|channel0,channel1,channel2,channel3,channel4|pmode=roi|rpk=revenue_per_conversion|target=channel1|mu=0.500000|sigma=1.500000|dist=LogNormal|0.500000|1.500000|LogNormal|alpha=0p3|ec=0p5|slope=1p2|lag=4|decay=geometric",channel1,"{""kpi_type"": ""non_revenue"", ""kpi_type_effective"": ""revenue"", ""prior_design_mode"": ""roi"", ""prior_grid_type"": ""roi"", ""revenue_per_kpi"": null, ""roi_prior_overrides"": {""channel0"": {""dist"": ""LogNormal"", ""mu"": 1.0, ""sigma"": 1.0}, ""channel1"": {""dist"": ""LogNormal"", ""mu"": 0.5, ""sigma"": 1.5}, ""channel2"": {""dist"": ""LogNormal"", ""mu"": 1.0, ""sigma"": 1.0}, ""channel3"": {""dist"": ""LogNormal"", ""mu"": 1.0, ""sigma"": 1.0}, ""channel4"": {""dist"": ""LogNormal"", ""mu"": 1.0, ""sigma"": 1.0}}, ""run_mode"": ""roi_full"", ""structural_overrides"": {""adstock_decay_spec"": ""geometric"", ""alpha_m"": 0.3, ""ec_m"": 0.5, ""max_lag"": 4, ""slope_m"": 1.2}, ""sweep_type"": ""fixed_full_grid"", ""target_channel"": ""channel1"", ""two_layer_enabled"": false}",channel4,PASS,PASS,,,0.4063499003617714,0.4495167435829838,0.0431668432212124,0.1062307218059637,0.3,0.5,1.2,4,geometric,prior_sweep,roi_full,roi,non_revenue,revenue,__revenue_equiv__,,channel1,fixed_full_grid,False,roi,roi,Revenue-equivalent ROI,0.5,1.5,LogNormal,target_channels,channel1,configured,,,,upload_8ce52c632a82_national_all_channels,/Users/jasper/Documents/Intern/BlueAlpha/capstone-Blue_Alpha_1/backend/storage/uploads/upload_8ce52c632a82_national_all_channels.csv,0.5,1.5,LogNormal,0.2333962216151473,0.1240440666675567,0.3590486496686935,0.8468084782361984,0.263387967259239,0.1216654226183891,0.392912283539772,0.9587615698575972,0.8634186335134391,1.0,1.0,LogNormal,1.0203296915497422,0.5620885979001475,47730683.477718174,19395358.475370027,21455741.405894004,2060382.9305239767,2060382.9305239767,100.0,1939535847.5370028,2145574140.5894003,206038293.0523975,206038293.0523975,False,channel1,False,0.10623072180596381,0.10623072180596381,False,0.10623072180596387,0.10623072180596387,0.10623072180596384,0.10623072180596384,0.10095849057207908,0.10623072180596384,percent_roi_or_contribution,0.5,0.5,0,False,False,False,1.0,True,,,0.10623072180596384,0.10623072180596384,,True,False,0.0
"multi|channel0,channel1,channel2,channel3,channel4|pmode=roi|rpk=revenue_per_conversion|target=channel1|mu=1.000000|sigma=0.500000|dist=LogNormal|1.000000|0.500000|LogNormal|alpha=0p3|ec=0p5|slope=1p2|lag=4|decay=geometric",channel1,"{""kpi_type"": ""non_revenue"", ""kpi_type_effective"": ""revenue"", ""prior_design_mode"": ""roi"", ""prior_grid_type"": ""roi"", ""revenue_per_kpi"": null, ""roi_prior_overrides"": {""channel0"": {""dist"": ""LogNormal"", ""mu"": 1.0, ""sigma"": 1.0}, ""channel1"": {""dist"": ""LogNormal"", ""mu"": 1.0, ""sigma"": 0.5}, ""channel2"": {""dist"": ""LogNormal"", ""mu"": 1.0, ""sigma"": 1.0}, ""channel3"": {""dist"": ""LogNormal"", ""mu"": 1.0, ""sigma"": 1.0}, ""channel4"": {""dist"": ""LogNormal"", ""mu"": 1.0, ""sigma"": 1.0}}, ""run_mode"": ""roi_full"", ""structural_overrides"": {""adstock_decay_spec"": ""geometric"", ""alpha_m"": 0.3, ""ec_m"": 0.5, ""max_lag"": 4, ""slope_m"": 1.2}, ""sweep_type"": ""fixed_full_grid"", ""target_channel"": ""channel1"", ""two_layer_enabled"": false}",channel0,PASS,PASS,,,0.4308758754407366,0.4322810167322556,0.001405141291519,0.0032611277901826,0.3,0.5,1.2,4,geometric,prior_sweep,roi_full,roi,non_revenue,revenue,__revenue_equiv__,,channel1,fixed_full_grid,False,roi,roi,Revenue-equivalent ROI,1.0,0.5,LogNormal,target_channels,channel1,configured,,,,upload_8ce52c632a82_national_all_channels,/Users/jasper/Documents/Intern/BlueAlpha/capstone-Blue_Alpha_1/backend/storage/uploads/upload_8ce52c632a82_national_all_channels.csv,1.0,0.5,LogNormal,0.260312272419158,0.1235604096204042,0.3676227629184723,0.9330472171306609,0.2585542923884947,0.1235882878303527,0.3678232431411743,0.9405269414186478,0.9908103916063608,1.0,1.0,LogNormal,1.0472271615419215,0.5204070333923104,40501713.0799782,17451211.080185138,17508121.70961107,56910.62942593172,56910.62942593172,100.0,1745121108.0185137,1750812170.961107,5691062.942593336,5691062.942593336,False,channel1,False,0.0032611277901825704,0.0032611277901825704,False,0.0032611277901824546,0.0032611277901824546,0.0032611277901825123,0.0032611277901825123,0.0032558218453971406,0.0032611277901825123,percent_roi_or_contribution,0.0,0.5,0,False,True,False,0.5,True,,0.0065222555803650245,0.0065222555803650245,0.0065222555803650245,,True,False,0.0
"multi|channel0,channel1,channel2,channel3,channel4|pmode=roi|rpk=revenue_per_conversion|target=channel1|mu=1.000000|sigma=0.500000|dist=LogNormal|1.000000|0.500000|LogNormal|alpha=0p3|ec=0p5|slope=1p2|lag=4|decay=geometric",channel1,"{""kpi_type"": ""non_revenue"", ""kpi_type_effective"": ""revenue"", ""prior_design_mode"": ""roi"", ""prior_grid_type"": ""roi"", ""revenue_per_kpi"": null, ""roi_prior_overrides"": {""channel0"": {""dist"": ""LogNormal"", ""mu"": 1.0, ""sigma"": 1.0}, ""channel1"": {""dist"": ""LogNormal"", ""mu"": 1.0, ""sigma"": 0.5}, ""channel2"": {""dist"": ""LogNormal"", ""mu"": 1.0, ""sigma"": 1.0}, ""channel3"": {""dist"": ""LogNormal"", ""mu"": 1.0, ""sigma"": 1.0}, ""channel4"": {""dist"": ""LogNormal"", ""mu"": 1.0, ""sigma"": 1.0}}, ""run_mode"": ""roi_full"", ""structural_overrides"": {""adstock_decay_spec"": ""geometric"", ""alpha_m"": 0.3, ""ec_m"": 0.5, ""max_lag"": 4, ""slope_m"": 1.2}, ""sweep_type"": ""fixed_full_grid"", ""target_channel"": ""channel1"", ""two_layer_enabled"": false}",channel1,PASS,PASS,,,0.4654245746042579,0.7177516844992836,0.2523271098950257,0.542143934083358,0.3,0.5,1.2,4,geometric,prior_sweep,roi_full,roi,non_revenue,revenue,__revenue_equiv__,,channel1,fixed_full_grid,False,roi,roi,Revenue-equivalent ROI,1.0,0.5,LogNormal,target_channels,channel1,configured,,,,upload_8ce52c632a82_national_all_channels,/Users/jasper/Documents/Intern/BlueAlpha/capstone-Blue_Alpha_1/backend/storage/uploads/upload_8ce52c632a82_national_all_channels.csv,1.0,0.5,LogNormal,0.2843900597561066,0.1218790113925933,0.3990941643714905,1.014937341213226,0.2859970766479318,0.3309552893042564,0.665068656206131,1.238216298818588,0.6127019670605716,1.0,0.5,LogNormal,0.381543388073617,0.2780467573903042,31320298.2023646,14577236.467314048,22480196.793767076,7902960.326453028,7902960.326453028,100.0,1457723646.7314048,2248019679.3767076,790296032.6453028,790296032.6453028,False,channel1,True,0.5421439340833579,0.5421439340833579,False,0.5421439340833579,0.5421439340833579,0.5421439340833579,0.5421439340833579,0.4331736132515105,0.5421439340833579,percent_roi_or_contribution,0.0,0.5,0,False,True,False,0.5,True,,1.0842878681667159,1.0842878681667159,1.0842878681667159,,True,False,0.0
"multi|channel0,channel1,channel2,channel3,channel4|pmode=roi|rpk=revenue_per_conversion|target=channel1|mu=1.000000|sigma=0.500000|dist=LogNormal|1.000000|0.500000|LogNormal|alpha=0p3|ec=0p5|slope=1p2|lag=4|decay=geometric",channel1,"{""kpi_type"": ""non_revenue"", ""kpi_type_effective"": ""revenue"", ""prior_design_mode"": ""roi"", ""prior_grid_type"": ""roi"", ""revenue_per_kpi"": null, ""roi_prior_overrides"": {""channel0"": {""dist"": ""LogNormal"", ""mu"": 1.0, ""sigma"": 1.0}, ""channel1"": {""dist"": ""LogNormal"", ""mu"": 1.0, ""sigma"": 0.5}, ""channel2"": {""dist"": ""LogNormal"", ""mu"": 1.0, ""sigma"": 1.0}, ""channel3"": {""dist"": ""LogNormal"", ""mu"": 1.0, ""sigma"": 1.0}, ""channel4"": {""dist"": ""LogNormal"", ""mu"": 1.0, ""sigma"": 1.0}}, ""run_mode"": ""roi_full"", ""structural_overrides"": {""adstock_decay_spec"": ""geometric"", ""alpha_m"": 0.3, ""ec_m"": 0.5, ""max_lag"": 4, ""slope_m"": 1.2}, ""sweep_type"": ""fixed_full_grid"", ""target_channel"": ""channel1"", ""two_layer_enabled"": false}",channel2,PASS,PASS,,,0.5478384270270665,0.552057160375019,0.0042187333479524,0.0077006889984809,0.3,0.5,1.2,4,geometric,prior_sweep,roi_full,roi,non_revenue,revenue,__revenue_equiv__,,channel1,fixed_full_grid,False,roi,roi,Revenue-equivalent ROI,1.0,0.5,LogNormal,target_channels,channel1,configured,,,,upload_8ce52c632a82_national_all_channels,/Users/jasper/Documents/Intern/BlueAlpha/capstone-Blue_Alpha_1/backend/storage/uploads/upload_8ce52c632a82_national_all_channels.csv,1.0,0.5,LogNormal,0.3578971561854973,0.1389466427266597,0.4730767756700516,1.2380538046360017,0.3737888787038073,0.1344975270330906,0.4675941169261932,1.2859414637088775,0.954546831939086,1.0,1.0,LogNormal,0.6542495931064798,0.4358193097790561,12079349.341539,6617531.742779157,6668491.296667875,50959.553888717666,50959.553888717666,100.0,661753174.2779157,666849129.6667875,5095955.388871789,5095955.388871789,False,channel1,False,0.007700688998480912,0.007700688998480912,False,0.0077006889984809115,0.0077006889984809115,0.0077006889984809115,0.0077006889984809115,0.007671190037717137,0.0077006889984809115,percent_roi_or_contribution,0.0,0.5,0,False,True,False,0.5,True,,0.015401377996961823,0.015401377996961823,0.015401377996961823,,True,False,0.0
"multi|channel0,channel1,channel2,channel3,channel4|pmode=roi|rpk=revenue_per_conversion|target=channel1|mu=1.000000|sigma=0.500000|dist=LogNormal|1.000000|0.500000|LogNormal|alpha=0p3|ec=0p5|slope=1p2|lag=4|decay=geometric",channel1,"{""kpi_type"": ""non_revenue"", ""kpi_type_effective"": ""revenue"", ""prior_design_mode"": ""roi"", ""prior_grid_type"": ""roi"", ""revenue_per_kpi"": null, ""roi_prior_overrides"": {""channel0"": {""dist"": ""LogNormal"", ""mu"": 1.0, ""sigma"": 1.0}, ""channel1"": {""dist"": ""LogNormal"", ""mu"": 1.0, ""sigma"": 0.5}, ""channel2"": {""dist"": ""LogNormal"", ""mu"": 1.0, ""sigma"": 1.0}, ""channel3"": {""dist"": ""LogNormal"", ""mu"": 1.0, ""sigma"": 1.0}, ""channel4"": {""dist"": ""LogNormal"", ""mu"": 1.0, ""sigma"": 1.0}}, ""run_mode"": ""roi_full"", ""structural_overrides"": {""adstock_decay_spec"": ""geometric"", ""alpha_m"": 0.3, ""ec_m"": 0.5, ""max_lag"": 4, ""slope_m"": 1.2}, ""sweep_type"": ""fixed_full_grid"", ""target_channel"": ""channel1"", ""two_layer_enabled"": false}",channel3,PASS,PASS,,,0.2585340054263361,0.2611383399530314,0.0026043345266952,0.0100734699189788,0.3,0.5,1.2,4,geometric,prior_sweep,roi_full,roi,non_revenue,revenue,__revenue_equiv__,,channel1,fixed_full_grid,False,roi,roi,Revenue-equivalent ROI,1.0,0.5,LogNormal,target_channels,channel1,configured,,,,upload_8ce52c632a82_national_all_channels,/Users/jasper/Documents/Intern/BlueAlpha/capstone-Blue_Alpha_1/backend/storage/uploads/upload_8ce52c632a82_national_all_channels.csv,1.0,0.5,LogNormal,0.1334336334010044,0.0872698206454515,0.2386796101927757,0.505061289668083,0.1352920942274551,0.0876604676246643,0.2376197353005409,0.5131345897912979,0.980125270471648,1.0,1.0,LogNormal,1.7824294286669708,0.7661172359719255,87860358.24888599,22714890.336277325,22943708.100792713,228817.76451538876,228817.76451538876,100.0,2271489033.6277323,2294370810.0792713,22881776.45153904,22881776.45153904,False,channel1,False,0.010073469918978745,0.010073469918978745,False,0.010073469918978664,0.010073469918978664,0.010073469918978704,0.010073469918978704,0.010023070701599524,0.010073469918978704,percent_roi_or_contribution,0.0,0.5,0,False,True,False,0.5,True,,0.020146939837957407,0.020146939837957407,0.020146939837957407,,True,False,0.0
"multi|channel0,channel1,channel2,channel3,channel4|pmode=roi|rpk=revenue_per_conversion|target=channel1|mu=1.000000|sigma=0.500000|dist=LogNormal|1.000000|0.500000|LogNormal|alpha=0p3|ec=0p5|slope=1p2|lag=4|decay=geometric",channel1,"{""kpi_type"": ""non_revenue"", ""kpi_type_effective"": ""revenue"", ""prior_design_mode"": ""roi"", ""prior_grid_type"": ""roi"", ""revenue_per_kpi"": null, ""roi_prior_overrides"": {""channel0"": {""dist"": ""LogNormal"", ""mu"": 1.0, ""sigma"": 1.0}, ""channel1"": {""dist"": ""LogNormal"", ""mu"": 1.0, ""sigma"": 0.5}, ""channel2"": {""dist"": ""LogNormal"", ""mu"": 1.0, ""sigma"": 1.0}, ""channel3"": {""dist"": ""LogNormal"", ""mu"": 1.0, ""sigma"": 1.0}, ""channel4"": {""dist"": ""LogNormal"", ""mu"": 1.0, ""sigma"": 1.0}}, ""run_mode"": ""roi_full"", ""structural_overrides"": {""adstock_decay_spec"": ""geometric"", ""alpha_m"": 0.3, ""ec_m"": 0.5, ""max_lag"": 4, ""slope_m"": 1.2}, ""sweep_type"": ""fixed_full_grid"", ""target_channel"": ""channel1"", ""two_layer_enabled"": false}",channel4,PASS,PASS,,,0.4063499003617714,0.4173403073226412,0.0109904069608698,0.0270466584366948,0.3,0.5,1.2,4,geometric,prior_sweep,roi_full,roi,non_revenue,revenue,__revenue_equiv__,,channel1,fixed_full_grid,False,roi,roi,Revenue-equivalent ROI,1.0,0.5,LogNormal,target_channels,channel1,configured,,,,upload_8ce52c632a82_national_all_channels,/Users/jasper/Documents/Intern/BlueAlpha/capstone-Blue_Alpha_1/backend/storage/uploads/upload_8ce52c632a82_national_all_channels.csv,1.0,0.5,LogNormal,0.2333962216151473,0.1240440666675567,0.3590486496686935,0.8468084782361984,0.2479823200528127,0.1219792172312736,0.3660696744918823,0.8823132306337356,0.9505880295086392,1.0,1.0,LogNormal,1.0948915997328663,0.5941402975858522,47730683.477718174,19395358.475370027,19919938.111310616,524579.635940589,524579.635940589,100.0,1939535847.5370028,1991993811.1310616,52457963.59405875,52457963.59405875,False,channel1,False,0.0270466584366949,0.0270466584366949,False,0.027046658436694918,0.027046658436694918,0.02704665843669491,0.02704665843669491,0.026687361693099966,0.02704665843669491,percent_roi_or_contribution,0.0,0.5,0,False,True,False,0.5,True,,0.05409331687338982,0.05409331687338982,0.05409331687338982,,True,False,0.0
"multi|channel0,channel1,channel2,channel3,channel4|pmode=roi|rpk=revenue_per_conversion|target=channel1|mu=1.500000|sigma=0.500000|dist=LogNormal|1.500000|0.500000|LogNormal|alpha=0p3|ec=0p5|slope=1p2|lag=4|decay=geometric",channel1,"{""kpi_type"": ""non_revenue"", ""kpi_type_effective"": ""revenue"", ""prior_design_mode"": ""roi"", ""prior_grid_type"": ""roi"", ""revenue_per_kpi"": null, ""roi_prior_overrides"": {""channel0"": {""dist"": ""LogNormal"", ""mu"": 1.0, ""sigma"": 1.0}, ""channel1"": {""dist"": ""LogNormal"", ""mu"": 1.5, ""sigma"": 0.5}, ""channel2"": {""dist"": ""LogNormal"", ""mu"": 1.0, ""sigma"": 1.0}, ""channel3"": {""dist"": ""LogNormal"", ""mu"": 1.0, ""sigma"": 1.0}, ""channel4"": {""dist"": ""LogNormal"", ""mu"": 1.0, ""sigma"": 1.0}}, ""run_mode"": ""roi_full"", ""structural_overrides"": {""adstock_decay_spec"": ""geometric"", ""alpha_m"": 0.3, ""ec_m"": 0.5, ""max_lag"": 4, ""slope_m"": 1.2}, ""sweep_type"": ""fixed_full_grid"", ""target_channel"": ""channel1"", ""two_layer_enabled"": false}",channel0,PASS,PASS,,,0.4308758754407366,0.4232057027705014,0.0076701726702351,0.0178013509398489,0.3,0.5,1.2,4,geometric,prior_sweep,roi_full,roi,non_revenue,revenue,__revenue_equiv__,,channel1,fixed_full_grid,False,roi,roi,Revenue-equivalent ROI,1.5,0.5,LogNormal,target_channels,channel1,configured,,,,upload_8ce52c632a82_national_all_channels,/Users/jasper/Documents/Intern/BlueAlpha/capstone-Blue_Alpha_1/backend/storage/uploads/upload_8ce52c632a82_national_all_channels.csv,1.5,0.5,LogNormal,0.260312272419158,0.1235604096204042,0.3676227629184723,0.9330472171306609,0.2547161867074161,0.1230110637843608,0.3617213368415832,0.913281524181366,0.9749208245812044,1.0,1.0,LogNormal,1.0663913455085874,0.5295404030559012,40501713.0799782,17451211.080185138,17140555.947421383,-310655.1327637546,310655.1327637546,100.0,1745121108.0185137,1714055594.7421384,-31065513.276375297,31065513.276375297,False,channel1,False,0.017801350939848904,-0.017801350939848904,False,0.017801350939848862,-0.017801350939848862,0.017801350939848883,-0.017801350939848883,0.01764476248538002,0.017801350939848883,percent_roi_or_contribution,0.5,0.5,0,False,False,False,1.0,True,,,0.017801350939848883,0.017801350939848883,,True,False,0.0
"multi|channel0,channel1,channel2,channel3,channel4|pmode=roi|rpk=revenue_per_conversion|target=channel1|mu=1.500000|sigma=0.500000|dist=LogNormal|1.500000|0.500000|LogNormal|alpha=0p3|ec=0p5|slope=1p2|lag=4|decay=geometric",channel1,"{""kpi_type"": ""non_revenue"", ""kpi_type_effective"": ""revenue"", ""prior_design_mode"": ""roi"", ""prior_grid_type"": ""roi"", ""revenue_per_kpi"": null, ""roi_prior_overrides"": {""channel0"": {""dist"": ""LogNormal"", ""mu"": 1.0, ""sigma"": 1.0}, ""channel1"": {""dist"": ""LogNormal"", ""mu"": 1.5, ""sigma"": 0.5}, ""channel2"": {""dist"": ""LogNormal"", ""mu"": 1.0, ""sigma"": 1.0}, ""channel3"": {""dist"": ""LogNormal"", ""mu"": 1.0, ""sigma"": 1.0}, ""channel4"": {""dist"": ""LogNormal"", ""mu"": 1.0, ""sigma"": 1.0}}, ""run_mode"": ""roi_full"", ""structural_overrides"": {""adstock_decay_spec"": ""geometric"", ""alpha_m"": 0.3, ""ec_m"": 0.5, ""max_lag"": 4, ""slope_m"": 1.2}, ""sweep_type"": ""fixed_full_grid"", ""target_channel"": ""channel1"", ""two_layer_enabled"": false}",channel1,PASS,PASS,,,0.4654245746042579,1.128792067244649,0.6633674926403911,1.425295372949399,0.3,0.5,1.2,4,geometric,prior_sweep,roi_full,roi,non_revenue,revenue,__revenue_equiv__,,channel1,fixed_full_grid,False,roi,roi,Revenue-equivalent ROI,1.5,0.5,LogNormal,target_channels,channel1,configured,,,,upload_8ce52c632a82_national_all_channels,/Users/jasper/Documents/Intern/BlueAlpha/capstone-Blue_Alpha_1/backend/storage/uploads/upload_8ce52c632a82_national_all_channels.csv,1.5,0.5,LogNormal,0.2843900597561066,0.1218790113925933,0.3990941643714905,1.014937341213226,0.3083336800987916,0.6684268236160278,1.096830427646637,1.6593463003635407,0.2253774893832854,1.5,0.5,LogNormal,0.4491555001813094,0.3657892436557543,31320298.2023646,14577236.467314048,35354104.154566005,20776867.687251955,20776867.687251955,100.0,1457723646.7314048,3535410415.4566007,2077686768.725196,2077686768.725196,False,channel1,True,1.425295372949399,1.425295372949399,False,1.425295372949399,1.425295372949399,1.425295372949399,1.425295372949399,0.8859533202501322,1.425295372949399,percent_roi_or_contribution,0.5,0.5,0,False,False,False,1.0,True,,,1.425295372949399,1.425295372949399,,True,False,0.0
"multi|channel0,channel1,channel2,channel3,channel4|pmode=roi|rpk=revenue_per_conversion|target=channel1|mu=1.500000|sigma=0.500000|dist=LogNormal|1.500000|0.500000|LogNormal|alpha=0p3|ec=0p5|slope=1p2|lag=4|decay=geometric",channel1,"{""kpi_type"": ""non_revenue"", ""kpi_type_effective"": ""revenue"", ""prior_design_mode"": ""roi"", ""prior_grid_type"": ""roi"", ""revenue_per_kpi"": null, ""roi_prior_overrides"": {""channel0"": {""dist"": ""LogNormal"", ""mu"": 1.0, ""sigma"": 1.0}, ""channel1"": {""dist"": ""LogNormal"", ""mu"": 1.5, ""sigma"": 0.5}, ""channel2"": {""dist"": ""LogNormal"", ""mu"": 1.0, ""sigma"": 1.0}, ""channel3"": {""dist"": ""LogNormal"", ""mu"": 1.0, ""sigma"": 1.0}, ""channel4"": {""dist"": ""LogNormal"", ""mu"": 1.0, ""sigma"": 1.0}}, ""run_mode"": ""roi_full"", ""structural_overrides"": {""adstock_decay_spec"": ""geometric"", ""alpha_m"": 0.3, ""ec_m"": 0.5, ""max_lag"": 4, ""slope_m"": 1.2}, ""sweep_type"": ""fixed_full_grid"", ""target_channel"": ""channel1"", ""two_layer_enabled"": false}",channel2,PASS,PASS,,,0.5478384270270665,0.5456144496270766,0.0022239773999899,0.004059549842202,0.3,0.5,1.2,4,geometric,prior_sweep,roi_full,roi,non_revenue,revenue,__revenue_equiv__,,channel1,fixed_full_grid,False,roi,roi,Revenue-equivalent ROI,1.5,0.5,LogNormal,target_channels,channel1,configured,,,,upload_8ce52c632a82_national_all_channels,/Users/jasper/Documents/Intern/BlueAlpha/capstone-Blue_Alpha_1/backend/storage/uploads/upload_8ce52c632a82_national_all_channels.csv,1.5,0.5,LogNormal,0.3578971561854973,0.1389466427266597,0.4730767756700516,1.2380538046360017,0.3638343717085165,0.1351219400763511,0.4631451368331909,1.272685623168945,0.9661939619250998,1.0,1.0,LogNormal,0.6804773768905936,0.4427169765236091,12079349.341539,6617531.742779157,6590667.542836991,-26864.199942165986,26864.199942165986,100.0,661753174.2779157,659066754.2836992,-2686419.9942165613,2686419.9942165613,False,channel1,False,0.004059549842201997,-0.004059549842201997,False,0.00405954984220202,-0.00405954984220202,0.004059549842202009,-0.004059549842202009,0.0040513321024498875,0.004059549842202009,percent_roi_or_contribution,0.5,0.5,0,False,False,False,1.0,True,,,0.004059549842202009,0.004059549842202009,,True,False,0.0
"multi|channel0,channel1,channel2,channel3,channel4|pmode=roi|rpk=revenue_per_conversion|target=channel1|mu=1.500000|sigma=0.500000|dist=LogNormal|1.500000|0.500000|LogNormal|alpha=0p3|ec=0p5|slope=1p2|lag=4|decay=geometric",channel1,"{""kpi_type"": ""non_revenue"", ""kpi_type_effective"": ""revenue"", ""prior_design_mode"": ""roi"", ""prior_grid_type"": ""roi"", ""revenue_per_kpi"": null, ""roi_prior_overrides"": {""channel0"": {""dist"": ""LogNormal"", ""mu"": 1.0, ""sigma"": 1.0}, ""channel1"": {""dist"": ""LogNormal"", ""mu"": 1.5, ""sigma"": 0.5}, ""channel2"": {""dist"": ""LogNormal"", ""mu"": 1.0, ""sigma"": 1.0}, ""channel3"": {""dist"": ""LogNormal"", ""mu"": 1.0, ""sigma"": 1.0}, ""channel4"": {""dist"": ""LogNormal"", ""mu"": 1.0, ""sigma"": 1.0}}, ""run_mode"": ""roi_full"", ""structural_overrides"": {""adstock_decay_spec"": ""geometric"", ""alpha_m"": 0.3, ""ec_m"": 0.5, ""max_lag"": 4, ""slope_m"": 1.2}, ""sweep_type"": ""fixed_full_grid"", ""target_channel"": ""channel1"", ""two_layer_enabled"": false}",channel3,PASS,PASS,,,0.2585340054263361,0.2519687564197617,0.0065652490065744,0.0253941410753605,0.3,0.5,1.2,4,geometric,prior_sweep,roi_full,roi,non_revenue,revenue,__revenue_equiv__,,channel1,fixed_full_grid,False,roi,roi,Revenue-equivalent ROI,1.5,0.5,LogNormal,target_channels,channel1,configured,,,,upload_8ce52c632a82_national_all_channels,/Users/jasper/Documents/Intern/BlueAlpha/capstone-Blue_Alpha_1/backend/storage/uploads/upload_8ce52c632a82_national_all_channels.csv,1.5,0.5,LogNormal,0.1334336334010044,0.0872698206454515,0.2386796101927757,0.505061289668083,0.1333036420188717,0.0824033454060554,0.2307914271950721,0.5105204880237578,0.9758811956654314,1.0,1.0,LogNormal,1.803786031372528,0.7753649434296231,87860358.24888599,22714890.336277325,22138065.206566554,-576825.1297107711,576825.1297107711,100.0,2271489033.6277323,2213806520.6566553,-57682512.971076965,57682512.971076965,False,channel1,False,0.02539414107536053,-0.02539414107536053,False,0.02539414107536058,-0.02539414107536058,0.025394141075360553,-0.025394141075360553,0.025077066556874233,0.025394141075360553,percent_roi_or_contribution,0.5,0.5,0,False,False,False,1.0,True,,,0.025394141075360553,0.025394141075360553,,True,False,0.0
"multi|channel0,channel1,channel2,channel3,channel4|pmode=roi|rpk=revenue_per_conversion|target=channel1|mu=1.500000|sigma=0.500000|dist=LogNormal|1.500000|0.500000|LogNormal|alpha=0p3|ec=0p5|slope=1p2|lag=4|decay=geometric",channel1,"{""kpi_type"": ""non_revenue"", ""kpi_type_effective"": ""revenue"", ""prior_design_mode"": ""roi"", ""prior_grid_type"": ""roi"", ""revenue_per_kpi"": null, ""roi_prior_overrides"": {""channel0"": {""dist"": ""LogNormal"", ""mu"": 1.0, ""sigma"": 1.0}, ""channel1"": {""dist"": ""LogNormal"", ""mu"": 1.5, ""sigma"": 0.5}, ""channel2"": {""dist"": ""LogNormal"", ""mu"": 1.0, ""sigma"": 1.0}, ""channel3"": {""dist"": ""LogNormal"", ""mu"": 1.0, ""sigma"": 1.0}, ""channel4"": {""dist"": ""LogNormal"", ""mu"": 1.0, ""sigma"": 1.0}}, ""run_mode"": ""roi_full"", ""structural_overrides"": {""adstock_decay_spec"": ""geometric"", ""alpha_m"": 0.3, ""ec_m"": 0.5, ""max_lag"": 4, ""slope_m"": 1.2}, ""sweep_type"": ""fixed_full_grid"", ""target_channel"": ""channel1"", ""two_layer_enabled"": false}",channel4,PASS,PASS,,,0.4063499003617714,0.387849390078336,0.0185005102834353,0.0455285217664983,0.3,0.5,1.2,4,geometric,prior_sweep,roi_full,roi,non_revenue,revenue,__revenue_equiv__,,channel1,fixed_full_grid,False,roi,roi,Revenue-equivalent ROI,1.5,0.5,LogNormal,target_channels,channel1,configured,,,,upload_8ce52c632a82_national_all_channels,/Users/jasper/Documents/Intern/BlueAlpha/capstone-Blue_Alpha_1/backend/storage/uploads/upload_8ce52c632a82_national_all_channels.csv,1.5,0.5,LogNormal,0.2333962216151473,0.1240440666675567,0.3590486496686935,0.8468084782361984,0.2231664404363828,0.1181397348642349,0.3466684520244598,0.8175215512514111,0.9517047230195996,1.0,1.0,LogNormal,1.2121032309297222,0.6235504375502287,47730683.477718174,19395358.475370027,18512316.474855103,-883042.0005149245,883042.0005149245,100.0,1939535847.5370028,1851231647.4855103,-88304200.05149245,88304200.05149245,False,channel1,False,0.04552852176649838,-0.04552852176649838,False,0.04552852176649845,-0.04552852176649845,0.045528521766498416,-0.045528521766498416,0.044522520018030295,0.045528521766498416,percent_roi_or_contribution,0.5,0.5,0,False,False,False,1.0,True,,,0.045528521766498416,0.045528521766498416,,True,False,0.0
"multi|channel0,channel1,channel2,channel3,channel4|pmode=roi|rpk=revenue_per_conversion|target=channel1|mu=1.000000|sigma=1.500000|dist=LogNormal|1.000000|1.500000|LogNormal|alpha=0p3|ec=0p5|slope=1p2|lag=4|decay=geometric",channel1,"{""kpi_type"": ""non_revenue"", ""kpi_type_effective"": ""revenue"", ""prior_design_mode"": ""roi"", ""prior_grid_type"": ""roi"", ""revenue_per_kpi"": null, ""roi_prior_overrides"": {""channel0"": {""dist"": ""LogNormal"", ""mu"": 1.0, ""sigma"": 1.0}, ""channel1"": {""dist"": ""LogNormal"", ""mu"": 1.0, ""sigma"": 1.5}, ""channel2"": {""dist"": ""LogNormal"", ""mu"": 1.0, ""sigma"": 1.0}, ""channel3"": {""dist"": ""LogNormal"", ""mu"": 1.0, ""sigma"": 1.0}, ""channel4"": {""dist"": ""LogNormal"", ""mu"": 1.0, ""sigma"": 1.0}}, ""run_mode"": ""roi_full"", ""structural_overrides"": {""adstock_decay_spec"": ""geometric"", ""alpha_m"": 0.3, ""ec_m"": 0.5, ""max_lag"": 4, ""slope_m"": 1.2}, ""sweep_type"": ""fixed_full_grid"", ""target_channel"": ""channel1"", ""two_layer_enabled"": false}",channel0,PASS,PASS,,,0.4308758754407366,0.4464660312235355,0.0155901557827989,0.0361824754445858,0.3,0.5,1.2,4,geometric,prior_sweep,roi_full,roi,non_revenue,revenue,__revenue_equiv__,,channel1,fixed_full_grid,False,roi,roi,Revenue-equivalent ROI,1.0,1.5,LogNormal,target_channels,channel1,configured,,,,upload_8ce52c632a82_national_all_channels,/Users/jasper/Documents/Intern/BlueAlpha/capstone-Blue_Alpha_1/backend/storage/uploads/upload_8ce52c632a82_national_all_channels.csv,1.0,1.5,LogNormal,0.260312272419158,0.1235604096204042,0.3676227629184723,0.9330472171306609,0.2767285014562639,0.12114730887115,0.3846655040979385,0.9901896804571152,0.9314698960339274,1.0,1.0,LogNormal,0.976207651646156,0.5063541195428712,40501713.0799782,17451211.080185138,18082639.096572224,631428.0163870864,631428.0163870864,100.0,1745121108.0185137,1808263909.6572225,63142801.63870883,63142801.63870883,False,channel1,False,0.036182475444585964,0.036182475444585964,False,0.036182475444586026,0.036182475444586026,0.036182475444586,0.036182475444586,0.03554326292643522,0.036182475444586,percent_roi_or_contribution,0.0,0.5,0,False,True,False,0.5,True,,0.072364950889172,0.072364950889172,0.072364950889172,,True,False,0.0
"multi|channel0,channel1,channel2,channel3,channel4|pmode=roi|rpk=revenue_per_conversion|target=channel1|mu=1.000000|sigma=1.500000|dist=LogNormal|1.000000|1.500000|LogNormal|alpha=0p3|ec=0p5|slope=1p2|lag=4|decay=geometric",channel1,"{""kpi_type"": ""non_revenue"", ""kpi_type_effective"": ""revenue"", ""prior_design_mode"": ""roi"", ""prior_grid_type"": ""roi"", ""revenue_per_kpi"": null, ""roi_prior_overrides"": {""channel0"": {""dist"": ""LogNormal"", ""mu"": 1.0, ""sigma"": 1.0}, ""channel1"": {""dist"": ""LogNormal"", ""mu"": 1.0, ""sigma"": 1.5}, ""channel2"": {""dist"": ""LogNormal"", ""mu"": 1.0, ""sigma"": 1.0}, ""channel3"": {""dist"": ""LogNormal"", ""mu"": 1.0, ""sigma"": 1.0}, ""channel4"": {""dist"": ""LogNormal"", ""mu"": 1.0, ""sigma"": 1.0}}, ""run_mode"": ""roi_full"", ""structural_overrides"": {""adstock_decay_spec"": ""geometric"", ""alpha_m"": 0.3, ""ec_m"": 0.5, ""max_lag"": 4, ""slope_m"": 1.2}, ""sweep_type"": ""fixed_full_grid"", ""target_channel"": ""channel1"", ""two_layer_enabled"": false}",channel1,PASS,PASS,,,0.4654245746042579,0.3667090272018686,0.0987155474023893,0.2120978409580657,0.3,0.5,1.2,4,geometric,prior_sweep,roi_full,roi,non_revenue,revenue,__revenue_equiv__,,channel1,fixed_full_grid,False,roi,roi,Revenue-equivalent ROI,1.0,1.5,LogNormal,target_channels,channel1,configured,,,,upload_8ce52c632a82_national_all_channels,/Users/jasper/Documents/Intern/BlueAlpha/capstone-Blue_Alpha_1/backend/storage/uploads/upload_8ce52c632a82_national_all_channels.csv,1.0,1.5,LogNormal,0.2843900597561066,0.1218790113925933,0.3990941643714905,1.014937341213226,0.2989944384219008,0.0605107579380273,0.286075696349144,0.9600485235452652,0.8781917088650438,1.0,1.5,LogNormal,1.2217854434537758,0.6226463973533758,31320298.2023646,14577236.467314048,11485436.085461557,-3091800.381852491,3091800.381852491,100.0,1457723646.7314048,1148543608.5461557,-309180038.1852491,309180038.1852491,False,channel1,True,0.21209784095806575,-0.21209784095806575,False,0.21209784095806572,-0.21209784095806572,0.21209784095806572,-0.21209784095806572,0.1923526112519754,0.21209784095806572,percent_roi_or_contribution,0.0,0.5,0,False,True,False,0.5,True,,0.42419568191613144,0.42419568191613144,0.42419568191613144,,True,False,0.0
"multi|channel0,channel1,channel2,channel3,channel4|pmode=roi|rpk=revenue_per_conversion|target=channel1|mu=1.000000|sigma=1.500000|dist=LogNormal|1.000000|1.500000|LogNormal|alpha=0p3|ec=0p5|slope=1p2|lag=4|decay=geometric",channel1,"{""kpi_type"": ""non_revenue"", ""kpi_type_effective"": ""revenue"", ""prior_design_mode"": ""roi"", ""prior_grid_type"": ""roi"", ""revenue_per_kpi"": null, ""roi_prior_overrides"": {""channel0"": {""dist"": ""LogNormal"", ""mu"": 1.0, ""sigma"": 1.0}, ""channel1"": {""dist"": ""LogNormal"", ""mu"": 1.0, ""sigma"": 1.5}, ""channel2"": {""dist"": ""LogNormal"", ""mu"": 1.0, ""sigma"": 1.0}, ""channel3"": {""dist"": ""LogNormal"", ""mu"": 1.0, ""sigma"": 1.0}, ""channel4"": {""dist"": ""LogNormal"", ""mu"": 1.0, ""sigma"": 1.0}}, ""run_mode"": ""roi_full"", ""structural_overrides"": {""adstock_decay_spec"": ""geometric"", ""alpha_m"": 0.3, ""ec_m"": 0.5, ""max_lag"": 4, ""slope_m"": 1.2}, ""sweep_type"": ""fixed_full_grid"", ""target_channel"": ""channel1"", ""two_layer_enabled"": false}",channel2,PASS,PASS,,,0.5478384270270665,0.5412766559794545,0.006561771047612,0.0119775662383169,0.3,0.5,1.2,4,geometric,prior_sweep,roi_full,roi,non_revenue,revenue,__revenue_equiv__,,channel1,fixed_full_grid,False,roi,roi,Revenue-equivalent ROI,1.0,1.5,LogNormal,target_channels,channel1,configured,,,,upload_8ce52c632a82_national_all_channels,/Users/jasper/Documents/Intern/BlueAlpha/capstone-Blue_Alpha_1/backend/storage/uploads/upload_8ce52c632a82_national_all_channels.csv,1.0,1.5,LogNormal,0.3578971561854973,0.1389466427266597,0.4730767756700516,1.2380538046360017,0.3738867040815673,0.138483840227127,0.4470367282629013,1.3026472270488736,0.9441176164369738,1.0,1.0,LogNormal,0.6589116446426193,0.4462681241340083,12079349.341539,6617531.742779157,6538269.817995856,-79261.92478330154,79261.92478330154,100.0,661753174.2779157,653826981.7995856,-7926192.478330135,7926192.478330135,False,channel1,False,0.011977566238316882,-0.011977566238316882,False,0.011977566238316827,-0.011977566238316827,0.011977566238316854,-0.011977566238316854,0.011906402870866896,0.011977566238316854,percent_roi_or_contribution,0.0,0.5,0,False,True,False,0.5,True,,0.02395513247663371,0.02395513247663371,0.02395513247663371,,True,False,0.0
"multi|channel0,channel1,channel2,channel3,channel4|pmode=roi|rpk=revenue_per_conversion|target=channel1|mu=1.000000|sigma=1.500000|dist=LogNormal|1.000000|1.500000|LogNormal|alpha=0p3|ec=0p5|slope=1p2|lag=4|decay=geometric",channel1,"{""kpi_type"": ""non_revenue"", ""kpi_type_effective"": ""revenue"", ""prior_design_mode"": ""roi"", ""prior_grid_type"": ""roi"", ""revenue_per_kpi"": null, ""roi_prior_overrides"": {""channel0"": {""dist"": ""LogNormal"", ""mu"": 1.0, ""sigma"": 1.0}, ""channel1"": {""dist"": ""LogNormal"", ""mu"": 1.0, ""sigma"": 1.5}, ""channel2"": {""dist"": ""LogNormal"", ""mu"": 1.0, ""sigma"": 1.0}, ""channel3"": {""dist"": ""LogNormal"", ""mu"": 1.0, ""sigma"": 1.0}, ""channel4"": {""dist"": ""LogNormal"", ""mu"": 1.0, ""sigma"": 1.0}}, ""run_mode"": ""roi_full"", ""structural_overrides"": {""adstock_decay_spec"": ""geometric"", ""alpha_m"": 0.3, ""ec_m"": 0.5, ""max_lag"": 4, ""slope_m"": 1.2}, ""sweep_type"": ""fixed_full_grid"", ""target_channel"": ""channel1"", ""two_layer_enabled"": false}",channel3,PASS,PASS,,,0.2585340054263361,0.2619711775829395,0.0034371721566033,0.0132948551620328,0.3,0.5,1.2,4,geometric,prior_sweep,roi_full,roi,non_revenue,revenue,__revenue_equiv__,,channel1,fixed_full_grid,False,roi,roi,Revenue-equivalent ROI,1.0,1.5,LogNormal,target_channels,channel1,configured,,,,upload_8ce52c632a82_national_all_channels,/Users/jasper/Documents/Intern/BlueAlpha/capstone-Blue_Alpha_1/backend/storage/uploads/upload_8ce52c632a82_national_all_channels.csv,1.0,1.5,LogNormal,0.1334336334010044,0.0872698206454515,0.2386796101927757,0.505061289668083,0.1407560681640663,0.089458866417408,0.2323225885629654,0.5231463968753812,0.9534864819885162,1.0,1.0,LogNormal,1.7429763065471482,0.7652672491723888,87860358.24888599,22714890.336277325,23016881.513319593,301991.1770422682,301991.1770422682,100.0,2271489033.6277323,2301688151.3319592,30199117.70422697,30199117.70422697,False,channel1,False,0.013294855162032973,0.013294855162032973,False,0.013294855162032918,0.013294855162032918,0.013294855162032946,0.013294855162032946,0.013207254149497845,0.013294855162032946,percent_roi_or_contribution,0.0,0.5,0,False,True,False,0.5,True,,0.02658971032406589,0.02658971032406589,0.02658971032406589,,True,False,0.0
"multi|channel0,channel1,channel2,channel3,channel4|pmode=roi|rpk=revenue_per_conversion|target=channel1|mu=1.000000|sigma=1.500000|dist=LogNormal|1.000000|1.500000|LogNormal|alpha=0p3|ec=0p5|slope=1p2|lag=4|decay=geometric",channel1,"{""kpi_type"": ""non_revenue"", ""kpi_type_effective"": ""revenue"", ""prior_design_mode"": ""roi"", ""prior_grid_type"": ""roi"", ""revenue_per_kpi"": null, ""roi_prior_overrides"": {""channel0"": {""dist"": ""LogNormal"", ""mu"": 1.0, ""sigma"": 1.0}, ""channel1"": {""dist"": ""LogNormal"", ""mu"": 1.0, ""sigma"": 1.5}, ""channel2"": {""dist"": ""LogNormal"", ""mu"": 1.0, ""sigma"": 1.0}, ""channel3"": {""dist"": ""LogNormal"", ""mu"": 1.0, ""sigma"": 1.0}, ""channel4"": {""dist"": ""LogNormal"", ""mu"": 1.0, ""sigma"": 1.0}}, ""run_mode"": ""roi_full"", ""structural_overrides"": {""adstock_decay_spec"": ""geometric"", ""alpha_m"": 0.3, ""ec_m"": 0.5, ""max_lag"": 4, ""slope_m"": 1.2}, ""sweep_type"": ""fixed_full_grid"", ""target_channel"": ""channel1"", ""two_layer_enabled"": false}",channel4,PASS,PASS,,,0.4063499003617714,0.4301405563329657,0.0237906559711943,0.0585472174350569,0.3,0.5,1.2,4,geometric,prior_sweep,roi_full,roi,non_revenue,revenue,__revenue_equiv__,,channel1,fixed_full_grid,False,roi,roi,Revenue-equivalent ROI,1.0,1.5,LogNormal,target_channels,channel1,configured,,,,upload_8ce52c632a82_national_all_channels,/Users/jasper/Documents/Intern/BlueAlpha/capstone-Blue_Alpha_1/backend/storage/uploads/upload_8ce52c632a82_national_all_channels.csv,1.0,1.5,LogNormal,0.2333962216151473,0.1240440666675567,0.3590486496686935,0.8468084782361984,0.2654206169554707,0.1180850718170404,0.3687613010406494,0.9144387573003766,0.9075922228324586,1.0,1.0,LogNormal,1.0240334222466796,0.581521154273303,47730683.477718174,19395358.475370027,20530902.74525839,1135544.2698883638,1135544.2698883638,100.0,1939535847.5370028,2053090274.525839,113554426.98883627,113554426.98883627,False,channel1,False,0.05854721743505691,0.05854721743505691,False,0.058547217435056954,0.058547217435056954,0.058547217435056934,0.058547217435056934,0.05689741847228542,0.058547217435056934,percent_roi_or_contribution,0.0,0.5,0,False,True,False,0.5,True,,0.11709443487011387,0.11709443487011387,0.11709443487011387,,True,False,0.0
"multi|channel0,channel1,channel2,channel3,channel4|pmode=roi|rpk=revenue_per_conversion|target=channel1|mu=1.500000|sigma=1.000000|dist=LogNormal|1.500000|1.000000|LogNormal|alpha=0p3|ec=0p5|slope=1p2|lag=4|decay=geometric",channel1,"{""kpi_type"": ""non_revenue"", ""kpi_type_effective"": ""revenue"", ""prior_design_mode"": ""roi"", ""prior_grid_type"": ""roi"", ""revenue_per_kpi"": null, ""roi_prior_overrides"": {""channel0"": {""dist"": ""LogNormal"", ""mu"": 1.0, ""sigma"": 1.0}, ""channel1"": {""dist"": ""LogNormal"", ""mu"": 1.5, ""sigma"": 1.0}, ""channel2"": {""dist"": ""LogNormal"", ""mu"": 1.0, ""sigma"": 1.0}, ""channel3"": {""dist"": ""LogNormal"", ""mu"": 1.0, ""sigma"": 1.0}, ""channel4"": {""dist"": ""LogNormal"", ""mu"": 1.0, ""sigma"": 1.0}}, ""run_mode"": ""roi_full"", ""structural_overrides"": {""adstock_decay_spec"": ""geometric"", ""alpha_m"": 0.3, ""ec_m"": 0.5, ""max_lag"": 4, ""slope_m"": 1.2}, ""sweep_type"": ""fixed_full_grid"", ""target_channel"": ""channel1"", ""two_layer_enabled"": false}",channel0,PASS,PASS,,,0.4308758754407366,0.4398126806505024,0.0089368052097658,0.0207410201386291,0.3,0.5,1.2,4,geometric,prior_sweep,roi_full,roi,non_revenue,revenue,__revenue_equiv__,,channel1,fixed_full_grid,False,roi,roi,Revenue-equivalent ROI,1.5,1.0,LogNormal,target_channels,channel1,configured,,,,upload_8ce52c632a82_national_all_channels,/Users/jasper/Documents/Intern/BlueAlpha/capstone-Blue_Alpha_1/backend/storage/uploads/upload_8ce52c632a82_national_all_channels.csv,1.5,1.0,LogNormal,0.260312272419158,0.1235604096204042,0.3676227629184723,0.9330472171306609,0.2715559602977547,0.1148068603128194,0.3753163814544678,0.9763690918684004,0.9395569790109064,1.0,1.0,LogNormal,0.9973632817364068,0.5127841837851435,40501713.0799782,17451211.080185138,17813167.000642728,361955.9204575904,361955.9204575904,100.0,1745121108.0185137,1781316700.0642729,36195592.0457592,36195592.0457592,False,channel1,False,0.020741020138629208,0.020741020138629208,False,0.02074102013862928,0.02074102013862928,0.020741020138629246,0.020741020138629246,0.020528853861809304,0.020741020138629246,percent_roi_or_contribution,0.5,0.0,0,True,False,False,0.5,True,0.04148204027725849,,0.04148204027725849,0.04148204027725849,,True,False,0.0
"multi|channel0,channel1,channel2,channel3,channel4|pmode=roi|rpk=revenue_per_conversion|target=channel1|mu=1.500000|sigma=1.000000|dist=LogNormal|1.500000|1.000000|LogNormal|alpha=0p3|ec=0p5|slope=1p2|lag=4|decay=geometric",channel1,"{""kpi_type"": ""non_revenue"", ""kpi_type_effective"": ""revenue"", ""prior_design_mode"": ""roi"", ""prior_grid_type"": ""roi"", ""revenue_per_kpi"": null, ""roi_prior_overrides"": {""channel0"": {""dist"": ""LogNormal"", ""mu"": 1.0, ""sigma"": 1.0}, ""channel1"": {""dist"": ""LogNormal"", ""mu"": 1.5, ""sigma"": 1.0}, ""channel2"": {""dist"": ""LogNormal"", ""mu"": 1.0, ""sigma"": 1.0}, ""channel3"": {""dist"": ""LogNormal"", ""mu"": 1.0, ""sigma"": 1.0}, ""channel4"": {""dist"": ""LogNormal"", ""mu"": 1.0, ""sigma"": 1.0}}, ""run_mode"": ""roi_full"", ""structural_overrides"": {""adstock_decay_spec"": ""geometric"", ""alpha_m"": 0.3, ""ec_m"": 0.5, ""max_lag"": 4, ""slope_m"": 1.2}, ""sweep_type"": ""fixed_full_grid"", ""target_channel"": ""channel1"", ""two_layer_enabled"": false}",channel1,PASS,PASS,,,0.4654245746042579,0.7872553848226865,0.3218308102184286,0.691477905935834,0.3,0.5,1.2,4,geometric,prior_sweep,roi_full,roi,non_revenue,revenue,__revenue_equiv__,,channel1,fixed_full_grid,False,roi,roi,Revenue-equivalent ROI,1.5,1.0,LogNormal,target_channels,channel1,configured,,,,upload_8ce52c632a82_national_all_channels,/Users/jasper/Documents/Intern/BlueAlpha/capstone-Blue_Alpha_1/backend/storage/uploads/upload_8ce52c632a82_national_all_channels.csv,1.5,1.0,LogNormal,0.2843900597561066,0.1218790113925933,0.3990941643714905,1.014937341213226,0.3556506466406102,0.3171913295984268,0.7232638895511627,1.4499080955982206,0.5253996466742763,1.5,1.0,LogNormal,0.8510524940705775,0.7069160819554894,31320298.2023646,14577236.467314048,24657073.41406384,10079836.946749792,10079836.946749792,100.0,1457723646.7314048,2465707341.406384,1007983694.6749792,1007983694.6749792,False,channel1,True,0.691477905935834,0.691477905935834,False,0.691477905935834,0.691477905935834,0.691477905935834,0.691477905935834,0.5256026473358998,0.691477905935834,percent_roi_or_contribution,0.5,0.0,0,True,False,False,0.5,True,1.382955811871668,,1.382955811871668,1.382955811871668,,True,False,0.0
"multi|channel0,channel1,channel2,channel3,channel4|pmode=roi|rpk=revenue_per_conversion|target=channel1|mu=1.500000|sigma=1.000000|dist=LogNormal|1.500000|1.000000|LogNormal|alpha=0p3|ec=0p5|slope=1p2|lag=4|decay=geometric",channel1,"{""kpi_type"": ""non_revenue"", ""kpi_type_effective"": ""revenue"", ""prior_design_mode"": ""roi"", ""prior_grid_type"": ""roi"", ""revenue_per_kpi"": null, ""roi_prior_overrides"": {""channel0"": {""dist"": ""LogNormal"", ""mu"": 1.0, ""sigma"": 1.0}, ""channel1"": {""dist"": ""LogNormal"", ""mu"": 1.5, ""sigma"": 1.0}, ""channel2"": {""dist"": ""LogNormal"", ""mu"": 1.0, ""sigma"": 1.0}, ""channel3"": {""dist"": ""LogNormal"", ""mu"": 1.0, ""sigma"": 1.0}, ""channel4"": {""dist"": ""LogNormal"", ""mu"": 1.0, ""sigma"": 1.0}}, ""run_mode"": ""roi_full"", ""structural_overrides"": {""adstock_decay_spec"": ""geometric"", ""alpha_m"": 0.3, ""ec_m"": 0.5, ""max_lag"": 4, ""slope_m"": 1.2}, ""sweep_type"": ""fixed_full_grid"", ""target_channel"": ""channel1"", ""two_layer_enabled"": false}",channel2,PASS,PASS,,,0.5478384270270665,0.5495106969090799,0.0016722698820134,0.0030524873749515,0.3,0.5,1.2,4,geometric,prior_sweep,roi_full,roi,non_revenue,revenue,__revenue_equiv__,,channel1,fixed_full_grid,False,roi,roi,Revenue-equivalent ROI,1.5,1.0,LogNormal,target_channels,channel1,configured,,,,upload_8ce52c632a82_national_all_channels,/Users/jasper/Documents/Intern/BlueAlpha/capstone-Blue_Alpha_1/backend/storage/uploads/upload_8ce52c632a82_national_all_channels.csv,1.5,1.0,LogNormal,0.3578971561854973,0.1389466427266597,0.4730767756700516,1.2380538046360017,0.365514073685092,0.1352548420429229,0.4623867124319076,1.2782064020633697,0.96163932082098,1.0,1.0,LogNormal,0.6747210703698512,0.4378992730031757,12079349.341539,6617531.742779157,6637731.674877332,20199.932098174468,20199.932098174468,100.0,661753174.2779157,663773167.4877331,2019993.2098174095,2019993.2098174095,False,channel1,False,0.003052487374951503,0.003052487374951503,False,0.003052487374951544,0.003052487374951544,0.0030524873749515234,0.0030524873749515234,0.0030478379944118136,0.0030524873749515234,percent_roi_or_contribution,0.5,0.0,0,True,False,False,0.5,True,0.006104974749903047,,0.006104974749903047,0.006104974749903047,,True,False,0.0
"multi|channel0,channel1,channel2,channel3,channel4|pmode=roi|rpk=revenue_per_conversion|target=channel1|mu=1.500000|sigma=1.000000|dist=LogNormal|1.500000|1.000000|LogNormal|alpha=0p3|ec=0p5|slope=1p2|lag=4|decay=geometric",channel1,"{""kpi_type"": ""non_revenue"", ""kpi_type_effective"": ""revenue"", ""prior_design_mode"": ""roi"", ""prior_grid_type"": ""roi"", ""revenue_per_kpi"": null, ""roi_prior_overrides"": {""channel0"": {""dist"": ""LogNormal"", ""mu"": 1.0, ""sigma"": 1.0}, ""channel1"": {""dist"": ""LogNormal"", ""mu"": 1.5, ""sigma"": 1.0}, ""channel2"": {""dist"": ""LogNormal"", ""mu"": 1.0, ""sigma"": 1.0}, ""channel3"": {""dist"": ""LogNormal"", ""mu"": 1.0, ""sigma"": 1.0}, ""channel4"": {""dist"": ""LogNormal"", ""mu"": 1.0, ""sigma"": 1.0}}, ""run_mode"": ""roi_full"", ""structural_overrides"": {""adstock_decay_spec"": ""geometric"", ""alpha_m"": 0.3, ""ec_m"": 0.5, ""max_lag"": 4, ""slope_m"": 1.2}, ""sweep_type"": ""fixed_full_grid"", ""target_channel"": ""channel1"", ""two_layer_enabled"": false}",channel3,PASS,PASS,,,0.2585340054263361,0.2653569907989974,0.0068229853726612,0.0263910558358071,0.3,0.5,1.2,4,geometric,prior_sweep,roi_full,roi,non_revenue,revenue,__revenue_equiv__,,channel1,fixed_full_grid,False,roi,roi,Revenue-equivalent ROI,1.5,1.0,LogNormal,target_channels,channel1,configured,,,,upload_8ce52c632a82_national_all_channels,/Users/jasper/Documents/Intern/BlueAlpha/capstone-Blue_Alpha_1/backend/storage/uploads/upload_8ce52c632a82_national_all_channels.csv,1.5,1.0,LogNormal,0.1334336334010044,0.0872698206454515,0.2386796101927757,0.505061289668083,0.1414947888425616,0.0849899522960186,0.2387246713042259,0.5187465161085129,0.9631934220210112,1.0,1.0,LogNormal,1.7353529536635262,0.7620620969892851,87860358.24888599,22714890.336277325,23314360.275446255,599469.93916893,599469.93916893,100.0,2271489033.6277323,2331436027.5446253,59946993.916893005,59946993.916893005,False,channel1,False,0.02639105583580711,0.02639105583580711,False,0.026391055835807104,0.026391055835807104,0.026391055835807108,0.026391055835807108,0.02604882016967608,0.026391055835807108,percent_roi_or_contribution,0.5,0.0,0,True,False,False,0.5,True,0.052782111671614215,,0.052782111671614215,0.052782111671614215,,True,False,0.0
"multi|channel0,channel1,channel2,channel3,channel4|pmode=roi|rpk=revenue_per_conversion|target=channel1|mu=1.500000|sigma=1.000000|dist=LogNormal|1.500000|1.000000|LogNormal|alpha=0p3|ec=0p5|slope=1p2|lag=4|decay=geometric",channel1,"{""kpi_type"": ""non_revenue"", ""kpi_type_effective"": ""revenue"", ""prior_design_mode"": ""roi"", ""prior_grid_type"": ""roi"", ""revenue_per_kpi"": null, ""roi_prior_overrides"": {""channel0"": {""dist"": ""LogNormal"", ""mu"": 1.0, ""sigma"": 1.0}, ""channel1"": {""dist"": ""LogNormal"", ""mu"": 1.5, ""sigma"": 1.0}, ""channel2"": {""dist"": ""LogNormal"", ""mu"": 1.0, ""sigma"": 1.0}, ""channel3"": {""dist"": ""LogNormal"", ""mu"": 1.0, ""sigma"": 1.0}, ""channel4"": {""dist"": ""LogNormal"", ""mu"": 1.0, ""sigma"": 1.0}}, ""run_mode"": ""roi_full"", ""structural_overrides"": {""adstock_decay_spec"": ""geometric"", ""alpha_m"": 0.3, ""ec_m"": 0.5, ""max_lag"": 4, ""slope_m"": 1.2}, ""sweep_type"": ""fixed_full_grid"", ""target_channel"": ""channel1"", ""two_layer_enabled"": false}",channel4,PASS,PASS,,,0.4063499003617714,0.4323351734814544,0.025985273119683,0.063948023849762,0.3,0.5,1.2,4,geometric,prior_sweep,roi_full,roi,non_revenue,revenue,__revenue_equiv__,,channel1,fixed_full_grid,False,roi,roi,Revenue-equivalent ROI,1.5,1.0,LogNormal,target_channels,channel1,configured,,,,upload_8ce52c632a82_national_all_channels,/Users/jasper/Documents/Intern/BlueAlpha/capstone-Blue_Alpha_1/backend/storage/uploads/upload_8ce52c632a82_national_all_channels.csv,1.5,1.0,LogNormal,0.2333962216151473,0.1240440666675567,0.3590486496686935,0.8468084782361984,0.268093587172456,0.1261121720075607,0.3752388805150985,0.923890835046768,0.9010429681288056,1.0,1.0,LogNormal,1.013477916936748,0.5790806125567903,47730683.477718174,19395358.475370027,20635653.32172767,1240294.846357647,1240294.846357647,100.0,1939535847.5370028,2063565332.1727672,124029484.6357646,124029484.6357646,False,channel1,False,0.06394802384976211,0.06394802384976211,False,0.06394802384976188,0.06394802384976188,0.063948023849762,0.063948023849762,0.061986539961002826,0.063948023849762,percent_roi_or_contribution,0.5,0.0,0,True,False,False,0.5,True,0.127896047699524,,0.127896047699524,0.127896047699524,,True,False,0.0
"multi|channel0,channel1,channel2,channel3,channel4|pmode=roi|rpk=revenue_per_conversion|target=channel1|mu=1.500000|sigma=1.500000|dist=LogNormal|1.500000|1.500000|LogNormal|alpha=0p3|ec=0p5|slope=1p2|lag=4|decay=geometric",channel1,"{""kpi_type"": ""non_revenue"", ""kpi_type_effective"": ""revenue"", ""prior_design_mode"": ""roi"", ""prior_grid_type"": ""roi"", ""revenue_per_kpi"": null, ""roi_prior_overrides"": {""channel0"": {""dist"": ""LogNormal"", ""mu"": 1.0, ""sigma"": 1.0}, ""channel1"": {""dist"": ""LogNormal"", ""mu"": 1.5, ""sigma"": 1.5}, ""channel2"": {""dist"": ""LogNormal"", ""mu"": 1.0, ""sigma"": 1.0}, ""channel3"": {""dist"": ""LogNormal"", ""mu"": 1.0, ""sigma"": 1.0}, ""channel4"": {""dist"": ""LogNormal"", ""mu"": 1.0, ""sigma"": 1.0}}, ""run_mode"": ""roi_full"", ""structural_overrides"": {""adstock_decay_spec"": ""geometric"", ""alpha_m"": 0.3, ""ec_m"": 0.5, ""max_lag"": 4, ""slope_m"": 1.2}, ""sweep_type"": ""fixed_full_grid"", ""target_channel"": ""channel1"", ""two_layer_enabled"": false}",channel0,PASS,PASS,,,0.4308758754407366,0.4275878810292731,0.0032879944114634,0.0076309549892999,0.3,0.5,1.2,4,geometric,prior_sweep,roi_full,roi,non_revenue,revenue,__revenue_equiv__,,channel1,fixed_full_grid,False,roi,roi,Revenue-equivalent ROI,1.5,1.5,LogNormal,target_channels,channel1,configured,,,,upload_8ce52c632a82_national_all_channels,/Users/jasper/Documents/Intern/BlueAlpha/capstone-Blue_Alpha_1/backend/storage/uploads/upload_8ce52c632a82_national_all_channels.csv,1.5,1.5,LogNormal,0.260312272419158,0.1235604096204042,0.3676227629184723,0.9330472171306609,0.2568376856647934,0.1192915115505457,0.3664360642433166,0.9414703994989396,0.9845628723576104,1.0,1.0,LogNormal,1.0561215822631855,0.525279079947778,40501713.0799782,17451211.080185138,17318041.67392347,-133169.4062616676,133169.4062616676,100.0,1745121108.0185137,1731804167.392347,-13316940.626166582,13316940.626166582,False,channel1,False,0.007630954989299992,-0.007630954989299992,False,0.00763095498930008,-0.00763095498930008,0.0076309549893000365,-0.0076309549893000365,0.007601986530277769,0.0076309549893000365,percent_roi_or_contribution,0.5,0.5,0,False,False,False,1.0,True,,,0.0076309549893000365,0.0076309549893000365,,True,False,0.0
"multi|channel0,channel1,channel2,channel3,channel4|pmode=roi|rpk=revenue_per_conversion|target=channel1|mu=1.500000|sigma=1.500000|dist=LogNormal|1.500000|1.500000|LogNormal|alpha=0p3|ec=0p5|slope=1p2|lag=4|decay=geometric",channel1,"{""kpi_type"": ""non_revenue"", ""kpi_type_effective"": ""revenue"", ""prior_design_mode"": ""roi"", ""prior_grid_type"": ""roi"", ""revenue_per_kpi"": null, ""roi_prior_overrides"": {""channel0"": {""dist"": ""LogNormal"", ""mu"": 1.0, ""sigma"": 1.0}, ""channel1"": {""dist"": ""LogNormal"", ""mu"": 1.5, ""sigma"": 1.5}, ""channel2"": {""dist"": ""LogNormal"", ""mu"": 1.0, ""sigma"": 1.0}, ""channel3"": {""dist"": ""LogNormal"", ""mu"": 1.0, ""sigma"": 1.0}, ""channel4"": {""dist"": ""LogNormal"", ""mu"": 1.0, ""sigma"": 1.0}}, ""run_mode"": ""roi_full"", ""structural_overrides"": {""adstock_decay_spec"": ""geometric"", ""alpha_m"": 0.3, ""ec_m"": 0.5, ""max_lag"": 4, ""slope_m"": 1.2}, ""sweep_type"": ""fixed_full_grid"", ""target_channel"": ""channel1"", ""two_layer_enabled"": false}",channel1,PASS,PASS,,,0.4654245746042579,0.5677818635416527,0.1023572889373948,0.2199223988643646,0.3,0.5,1.2,4,geometric,prior_sweep,roi_full,roi,non_revenue,revenue,__revenue_equiv__,,channel1,fixed_full_grid,False,roi,roi,Revenue-equivalent ROI,1.5,1.5,LogNormal,target_channels,channel1,configured,,,,upload_8ce52c632a82_national_all_channels,/Users/jasper/Documents/Intern/BlueAlpha/capstone-Blue_Alpha_1/backend/storage/uploads/upload_8ce52c632a82_national_all_channels.csv,1.5,1.5,LogNormal,0.2843900597561066,0.1218790113925933,0.3990941643714905,1.014937341213226,0.3235090102508653,0.162596758455038,0.5019232034683228,1.1804372191429138,0.8051900939577125,1.5,1.5,LogNormal,1.2503686952845072,0.924246810285586,31320298.2023646,14577236.467314048,17783097.280018847,3205860.8127047997,3205860.8127047997,100.0,1457723646.7314048,1778309728.0018847,320586081.2704799,320586081.2704799,False,channel1,True,0.2199223988643646,0.2199223988643646,False,0.2199223988643645,0.2199223988643645,0.21992239886436454,0.21992239886436454,0.19878724923389737,0.21992239886436454,percent_roi_or_contribution,0.5,0.5,0,False,False,False,1.0,True,,,0.21992239886436454,0.21992239886436454,,True,False,0.0
"multi|channel0,channel1,channel2,channel3,channel4|pmode=roi|rpk=revenue_per_conversion|target=channel1|mu=1.500000|sigma=1.500000|dist=LogNormal|1.500000|1.500000|LogNormal|alpha=0p3|ec=0p5|slope=1p2|lag=4|decay=geometric",channel1,"{""kpi_type"": ""non_revenue"", ""kpi_type_effective"": ""revenue"", ""prior_design_mode"": ""roi"", ""prior_grid_type"": ""roi"", ""revenue_per_kpi"": null, ""roi_prior_overrides"": {""channel0"": {""dist"": ""LogNormal"", ""mu"": 1.0, ""sigma"": 1.0}, ""channel1"": {""dist"": ""LogNormal"", ""mu"": 1.5, ""sigma"": 1.5}, ""channel2"": {""dist"": ""LogNormal"", ""mu"": 1.0, ""sigma"": 1.0}, ""channel3"": {""dist"": ""LogNormal"", ""mu"": 1.0, ""sigma"": 1.0}, ""channel4"": {""dist"": ""LogNormal"", ""mu"": 1.0, ""sigma"": 1.0}}, ""run_mode"": ""roi_full"", ""structural_overrides"": {""adstock_decay_spec"": ""geometric"", ""alpha_m"": 0.3, ""ec_m"": 0.5, ""max_lag"": 4, ""slope_m"": 1.2}, ""sweep_type"": ""fixed_full_grid"", ""target_channel"": ""channel1"", ""two_layer_enabled"": false}",channel2,PASS,PASS,,,0.5478384270270665,0.5485236512341847,0.0006852242071181,0.0012507779179284,0.3,0.5,1.2,4,geometric,prior_sweep,roi_full,roi,non_revenue,revenue,__revenue_equiv__,,channel1,fixed_full_grid,False,roi,roi,Revenue-equivalent ROI,1.5,1.5,LogNormal,target_channels,channel1,configured,,,,upload_8ce52c632a82_national_all_channels,/Users/jasper/Documents/Intern/BlueAlpha/capstone-Blue_Alpha_1/backend/storage/uploads/upload_8ce52c632a82_national_all_channels.csv,1.5,1.5,LogNormal,0.3578971561854973,0.1389466427266597,0.4730767756700516,1.2380538046360017,0.3601932021792786,0.1348130099475384,0.4696800410747528,1.2579255878925324,0.9786259930597736,1.0,1.0,LogNormal,0.6878997369646016,0.4388188182533804,12079349.341539,6617531.742779157,6625808.805354216,8277.062575059012,8277.062575059012,100.0,661753174.2779157,662580880.5354216,827706.2575058937,827706.2575058937,False,channel1,False,0.0012507779179285027,0.0012507779179285027,False,0.0012507779179284908,0.0012507779179284908,0.001250777917928497,0.001250777917928497,0.0012499963468751733,0.001250777917928497,percent_roi_or_contribution,0.5,0.5,0,False,False,False,1.0,True,,,0.001250777917928497,0.001250777917928497,,True,False,0.0
"multi|channel0,channel1,channel2,channel3,channel4|pmode=roi|rpk=revenue_per_conversion|target=channel1|mu=1.500000|sigma=1.500000|dist=LogNormal|1.500000|1.500000|LogNormal|alpha=0p3|ec=0p5|slope=1p2|lag=4|decay=geometric",channel1,"{""kpi_type"": ""non_revenue"", ""kpi_type_effective"": ""revenue"", ""prior_design_mode"": ""roi"", ""prior_grid_type"": ""roi"", ""revenue_per_kpi"": null, ""roi_prior_overrides"": {""channel0"": {""dist"": ""LogNormal"", ""mu"": 1.0, ""sigma"": 1.0}, ""channel1"": {""dist"": ""LogNormal"", ""mu"": 1.5, ""sigma"": 1.5}, ""channel2"": {""dist"": ""LogNormal"", ""mu"": 1.0, ""sigma"": 1.0}, ""channel3"": {""dist"": ""LogNormal"", ""mu"": 1.0, ""sigma"": 1.0}, ""channel4"": {""dist"": ""LogNormal"", ""mu"": 1.0, ""sigma"": 1.0}}, ""run_mode"": ""roi_full"", ""structural_overrides"": {""adstock_decay_spec"": ""geometric"", ""alpha_m"": 0.3, ""ec_m"": 0.5, ""max_lag"": 4, ""slope_m"": 1.2}, ""sweep_type"": ""fixed_full_grid"", ""target_channel"": ""channel1"", ""two_layer_enabled"": false}",channel3,PASS,PASS,,,0.2585340054263361,0.2534552540133397,0.0050787514129964,0.0196444231953984,0.3,0.5,1.2,4,geometric,prior_sweep,roi_full,roi,non_revenue,revenue,__revenue_equiv__,,channel1,fixed_full_grid,False,roi,roi,Revenue-equivalent ROI,1.5,1.5,LogNormal,target_channels,channel1,configured,,,,upload_8ce52c632a82_national_all_channels,/Users/jasper/Documents/Intern/BlueAlpha/capstone-Blue_Alpha_1/backend/storage/uploads/upload_8ce52c632a82_national_all_channels.csv,1.5,1.5,LogNormal,0.1334336334010044,0.0872698206454515,0.2386796101927757,0.505061289668083,0.1321958540883307,0.0857829712331295,0.2287278100848198,0.5035752594470977,0.9929095316819524,1.0,1.0,LogNormal,1.810873113760744,0.7738056372583207,87860358.24888599,22714890.336277325,22268669.417674422,-446220.9186029024,446220.9186029024,100.0,2271489033.6277323,2226866941.767442,-44622091.86029005,44622091.86029005,False,channel1,False,0.019644423195398535,-0.019644423195398535,False,0.01964442319539863,-0.01964442319539863,0.01964442319539858,-0.01964442319539858,0.01945396180903895,0.01964442319539858,percent_roi_or_contribution,0.5,0.5,0,False,False,False,1.0,True,,,0.01964442319539858,0.01964442319539858,,True,False,0.0
"multi|channel0,channel1,channel2,channel3,channel4|pmode=roi|rpk=revenue_per_conversion|target=channel1|mu=1.500000|sigma=1.500000|dist=LogNormal|1.500000|1.500000|LogNormal|alpha=0p3|ec=0p5|slope=1p2|lag=4|decay=geometric",channel1,"{""kpi_type"": ""non_revenue"", ""kpi_type_effective"": ""revenue"", ""prior_design_mode"": ""roi"", ""prior_grid_type"": ""roi"", ""revenue_per_kpi"": null, ""roi_prior_overrides"": {""channel0"": {""dist"": ""LogNormal"", ""mu"": 1.0, ""sigma"": 1.0}, ""channel1"": {""dist"": ""LogNormal"", ""mu"": 1.5, ""sigma"": 1.5}, ""channel2"": {""dist"": ""LogNormal"", ""mu"": 1.0, ""sigma"": 1.0}, ""channel3"": {""dist"": ""LogNormal"", ""mu"": 1.0, ""sigma"": 1.0}, ""channel4"": {""dist"": ""LogNormal"", ""mu"": 1.0, ""sigma"": 1.0}}, ""run_mode"": ""roi_full"", ""structural_overrides"": {""adstock_decay_spec"": ""geometric"", ""alpha_m"": 0.3, ""ec_m"": 0.5, ""max_lag"": 4, ""slope_m"": 1.2}, ""sweep_type"": ""fixed_full_grid"", ""target_channel"": ""channel1"", ""two_layer_enabled"": false}",channel4,PASS,PASS,,,0.4063499003617714,0.4070514078717678,0.0007015075099964,0.0017263631893889,0.3,0.5,1.2,4,geometric,prior_sweep,roi_full,roi,non_revenue,revenue,__revenue_equiv__,,channel1,fixed_full_grid,False,roi,roi,Revenue-equivalent ROI,1.5,1.5,LogNormal,target_channels,channel1,configured,,,,upload_8ce52c632a82_national_all_channels,/Users/jasper/Documents/Intern/BlueAlpha/capstone-Blue_Alpha_1/backend/storage/uploads/upload_8ce52c632a82_national_all_channels.csv,1.5,1.5,LogNormal,0.2333962216151473,0.1240440666675567,0.3590486496686935,0.8468084782361984,0.2353864118315398,0.1183373264968395,0.3547051548957824,0.8583164215087885,0.9767362570654388,1.0,1.0,LogNormal,1.1500242074532023,0.6043585073730253,47730683.477718174,19395358.475370027,19428841.90828691,33483.43291688338,33483.43291688338,100.0,1939535847.5370028,1942884190.828691,3348343.291688204,3348343.291688204,False,channel1,False,0.0017263631893889362,0.0017263631893889362,False,0.0017263631893890312,0.0017263631893890312,0.0017263631893889837,0.0017263631893889837,0.0017248747372844903,0.0017263631893889837,percent_roi_or_contribution,0.5,0.5,0,False,False,False,1.0,True,,,0.0017263631893889837,0.0017263631893889837,,True,False,0.0
"multi|channel0,channel1,channel2,channel3,channel4|pmode=roi|rpk=revenue_per_conversion|target=channel2|mu=0.500000|sigma=1.000000|dist=LogNormal|0.500000|1.000000|LogNormal|alpha=0p3|ec=0p5|slope=1p2|lag=4|decay=geometric",channel2,"{""kpi_type"": ""non_revenue"", ""kpi_type_effective"": ""revenue"", ""prior_design_mode"": ""roi"", ""prior_grid_type"": ""roi"", ""revenue_per_kpi"": null, ""roi_prior_overrides"": {""channel0"": {""dist"": ""LogNormal"", ""mu"": 1.0, ""sigma"": 1.0}, ""channel1"": {""dist"": ""LogNormal"", ""mu"": 1.0, ""sigma"": 1.0}, ""channel2"": {""dist"": ""LogNormal"", ""mu"": 0.5, ""sigma"": 1.0}, ""channel3"": {""dist"": ""LogNormal"", ""mu"": 1.0, ""sigma"": 1.0}, ""channel4"": {""dist"": ""LogNormal"", ""mu"": 1.0, ""sigma"": 1.0}}, ""run_mode"": ""roi_full"", ""structural_overrides"": {""adstock_decay_spec"": ""geometric"", ""alpha_m"": 0.3, ""ec_m"": 0.5, ""max_lag"": 4, ""slope_m"": 1.2}, ""sweep_type"": ""fixed_full_grid"", ""target_channel"": ""channel2"", ""two_layer_enabled"": false}",channel0,PASS,PASS,,,0.4308758754407366,0.4402771715726703,0.0094012961319337,0.0218190357543626,0.3,0.5,1.2,4,geometric,prior_sweep,roi_full,roi,non_revenue,revenue,__revenue_equiv__,,channel2,fixed_full_grid,False,roi,roi,Revenue-equivalent ROI,0.5,1.0,LogNormal,target_channels,channel2,configured,,,,upload_8ce52c632a82_national_all_channels,/Users/jasper/Documents/Intern/BlueAlpha/capstone-Blue_Alpha_1/backend/storage/uploads/upload_8ce52c632a82_national_all_channels.csv,0.5,1.0,LogNormal,0.260312272419158,0.1235604096204042,0.3676227629184723,0.9330472171306609,0.2647446511268888,0.123620368912816,0.3746334314346313,0.9237979650497437,0.9884998602979566,1.0,1.0,LogNormal,1.020679185672936,0.5125549067374164,40501713.0799782,17451211.080185138,17831979.678700626,380768.5985154882,380768.5985154882,100.0,1745121108.0185137,1783197967.8700626,38076859.85154891,38076859.85154891,False,channel2,False,0.021819035754362663,0.021819035754362663,False,0.021819035754362594,0.021819035754362594,0.02181903575436263,0.02181903575436263,0.02158440736949336,0.02181903575436263,percent_roi_or_contribution,0.5,0.0,0,True,False,False,0.5,True,0.04363807150872526,,0.04363807150872526,0.04363807150872526,,True,False,0.0
"multi|channel0,channel1,channel2,channel3,channel4|pmode=roi|rpk=revenue_per_conversion|target=channel2|mu=0.500000|sigma=1.000000|dist=LogNormal|0.500000|1.000000|LogNormal|alpha=0p3|ec=0p5|slope=1p2|lag=4|decay=geometric",channel2,"{""kpi_type"": ""non_revenue"", ""kpi_type_effective"": ""revenue"", ""prior_design_mode"": ""roi"", ""prior_grid_type"": ""roi"", ""revenue_per_kpi"": null, ""roi_prior_overrides"": {""channel0"": {""dist"": ""LogNormal"", ""mu"": 1.0, ""sigma"": 1.0}, ""channel1"": {""dist"": ""LogNormal"", ""mu"": 1.0, ""sigma"": 1.0}, ""channel2"": {""dist"": ""LogNormal"", ""mu"": 0.5, ""sigma"": 1.0}, ""channel3"": {""dist"": ""LogNormal"", ""mu"": 1.0, ""sigma"": 1.0}, ""channel4"": {""dist"": ""LogNormal"", ""mu"": 1.0, ""sigma"": 1.0}}, ""run_mode"": ""roi_full"", ""structural_overrides"": {""adstock_decay_spec"": ""geometric"", ""alpha_m"": 0.3, ""ec_m"": 0.5, ""max_lag"": 4, ""slope_m"": 1.2}, ""sweep_type"": ""fixed_full_grid"", ""target_channel"": ""channel2"", ""two_layer_enabled"": false}",channel1,PASS,PASS,,,0.4654245746042579,0.477361431264629,0.011936856660371,0.0256472419199627,0.3,0.5,1.2,4,geometric,prior_sweep,roi_full,roi,non_revenue,revenue,__revenue_equiv__,,channel2,fixed_full_grid,False,roi,roi,Revenue-equivalent ROI,0.5,1.0,LogNormal,target_channels,channel2,configured,,,,upload_8ce52c632a82_national_all_channels,/Users/jasper/Documents/Intern/BlueAlpha/capstone-Blue_Alpha_1/backend/storage/uploads/upload_8ce52c632a82_national_all_channels.csv,0.5,1.0,LogNormal,0.2843900597561066,0.1218790113925933,0.3990941643714905,1.014937341213226,0.2914805026224344,0.1298414632678032,0.4027444422245025,1.0251874983310698,0.979837885665416,1.0,1.0,LogNormal,0.911838140270413,0.5180403939170659,31320298.2023646,14577236.467314048,14951102.377515752,373865.9102017042,373865.9102017042,100.0,1457723646.7314048,1495110237.7515752,37386591.02017045,37386591.02017045,False,channel2,False,0.025647241919962607,0.025647241919962607,False,0.025647241919962583,0.025647241919962583,0.025647241919962593,0.025647241919962593,0.02532386883788641,0.025647241919962593,percent_roi_or_contribution,0.5,0.0,0,True,False,False,0.5,True,0.05129448383992519,,0.05129448383992519,0.05129448383992519,,True,False,0.0
"multi|channel0,channel1,channel2,channel3,channel4|pmode=roi|rpk=revenue_per_conversion|target=channel2|mu=0.500000|sigma=1.000000|dist=LogNormal|0.500000|1.000000|LogNormal|alpha=0p3|ec=0p5|slope=1p2|lag=4|decay=geometric",channel2,"{""kpi_type"": ""non_revenue"", ""kpi_type_effective"": ""revenue"", ""prior_design_mode"": ""roi"", ""prior_grid_type"": ""roi"", ""revenue_per_kpi"": null, ""roi_prior_overrides"": {""channel0"": {""dist"": ""LogNormal"", ""mu"": 1.0, ""sigma"": 1.0}, ""channel1"": {""dist"": ""LogNormal"", ""mu"": 1.0, ""sigma"": 1.0}, ""channel2"": {""dist"": ""LogNormal"", ""mu"": 0.5, ""sigma"": 1.0}, ""channel3"": {""dist"": ""LogNormal"", ""mu"": 1.0, ""sigma"": 1.0}, ""channel4"": {""dist"": ""LogNormal"", ""mu"": 1.0, ""sigma"": 1.0}}, ""run_mode"": ""roi_full"", ""structural_overrides"": {""adstock_decay_spec"": ""geometric"", ""alpha_m"": 0.3, ""ec_m"": 0.5, ""max_lag"": 4, ""slope_m"": 1.2}, ""sweep_type"": ""fixed_full_grid"", ""target_channel"": ""channel2"", ""two_layer_enabled"": false}",channel2,PASS,PASS,,,0.5478384270270665,0.2453730001156994,0.3024654269113671,0.5521069935760887,0.3,0.5,1.2,4,geometric,prior_sweep,roi_full,roi,non_revenue,revenue,__revenue_equiv__,,channel2,fixed_full_grid,False,roi,roi,Revenue-equivalent ROI,0.5,1.0,LogNormal,target_channels,channel2,configured,,,,upload_8ce52c632a82_national_all_channels,/Users/jasper/Documents/Intern/BlueAlpha/capstone-Blue_Alpha_1/backend/storage/uploads/upload_8ce52c632a82_national_all_channels.csv,0.5,1.0,LogNormal,0.3578971561854973,0.1389466427266597,0.4730767756700516,1.2380538046360017,0.2626433418406686,0.023962739482522,0.1597151830792427,0.7835597455501555,0.5309429591609809,0.5,1.0,LogNormal,0.903866498875964,0.2441049384371917,12079349.341539,6617531.742779157,2963946.187379022,-3653585.555400135,3653585.555400135,100.0,661753174.2779157,296394618.7379022,-365358555.5400135,365358555.5400135,False,channel2,True,0.5521069935760886,-0.5521069935760886,False,0.5521069935760887,-0.5521069935760887,0.5521069935760887,-0.5521069935760887,0.43961335854468325,0.5521069935760887,percent_roi_or_contribution,0.5,0.0,0,True,False,False,0.5,True,1.1042139871521774,,1.1042139871521774,1.1042139871521774,,True,False,0.0
"multi|channel0,channel1,channel2,channel3,channel4|pmode=roi|rpk=revenue_per_conversion|target=channel2|mu=0.500000|sigma=1.000000|dist=LogNormal|0.500000|1.000000|LogNormal|alpha=0p3|ec=0p5|slope=1p2|lag=4|decay=geometric",channel2,"{""kpi_type"": ""non_revenue"", ""kpi_type_effective"": ""revenue"", ""prior_design_mode"": ""roi"", ""prior_grid_type"": ""roi"", ""revenue_per_kpi"": null, ""roi_prior_overrides"": {""channel0"": {""dist"": ""LogNormal"", ""mu"": 1.0, ""sigma"": 1.0}, ""channel1"": {""dist"": ""LogNormal"", ""mu"": 1.0, ""sigma"": 1.0}, ""channel2"": {""dist"": ""LogNormal"", ""mu"": 0.5, ""sigma"": 1.0}, ""channel3"": {""dist"": ""LogNormal"", ""mu"": 1.0, ""sigma"": 1.0}, ""channel4"": {""dist"": ""LogNormal"", ""mu"": 1.0, ""sigma"": 1.0}}, ""run_mode"": ""roi_full"", ""structural_overrides"": {""adstock_decay_spec"": ""geometric"", ""alpha_m"": 0.3, ""ec_m"": 0.5, ""max_lag"": 4, ""slope_m"": 1.2}, ""sweep_type"": ""fixed_full_grid"", ""target_channel"": ""channel2"", ""two_layer_enabled"": false}",channel3,PASS,PASS,,,0.2585340054263361,0.2649828528457632,0.006448847419427,0.0249439040283796,0.3,0.5,1.2,4,geometric,prior_sweep,roi_full,roi,non_revenue,revenue,__revenue_equiv__,,channel2,fixed_full_grid,False,roi,roi,Revenue-equivalent ROI,0.5,1.0,LogNormal,target_channels,channel2,configured,,,,upload_8ce52c632a82_national_all_channels,/Users/jasper/Documents/Intern/BlueAlpha/capstone-Blue_Alpha_1/backend/storage/uploads/upload_8ce52c632a82_national_all_channels.csv,0.5,1.0,LogNormal,0.1334336334010044,0.0872698206454515,0.2386796101927757,0.505061289668083,0.1389217733063593,0.0865007646381855,0.2435598075389862,0.5276517778635021,0.947048644336323,1.0,1.0,LogNormal,1.753619019095964,0.7622765854016618,87860358.24888599,22714890.336277325,23281488.380840592,566598.0445632674,566598.0445632674,100.0,2271489033.6277323,2328148838.0840592,56659804.45632696,56659804.45632696,False,channel2,False,0.024943904028379545,0.024943904028379545,False,0.024943904028379538,0.024943904028379538,0.02494390402837954,0.02494390402837954,0.024637883315561375,0.02494390402837954,percent_roi_or_contribution,0.5,0.0,0,True,False,False,0.5,True,0.04988780805675908,,0.04988780805675908,0.04988780805675908,,True,False,0.0
"multi|channel0,channel1,channel2,channel3,channel4|pmode=roi|rpk=revenue_per_conversion|target=channel2|mu=0.500000|sigma=1.000000|dist=LogNormal|0.500000|1.000000|LogNormal|alpha=0p3|ec=0p5|slope=1p2|lag=4|decay=geometric",channel2,"{""kpi_type"": ""non_revenue"", ""kpi_type_effective"": ""revenue"", ""prior_design_mode"": ""roi"", ""prior_grid_type"": ""roi"", ""revenue_per_kpi"": null, ""roi_prior_overrides"": {""channel0"": {""dist"": ""LogNormal"", ""mu"": 1.0, ""sigma"": 1.0}, ""channel1"": {""dist"": ""LogNormal"", ""mu"": 1.0, ""sigma"": 1.0}, ""channel2"": {""dist"": ""LogNormal"", ""mu"": 0.5, ""sigma"": 1.0}, ""channel3"": {""dist"": ""LogNormal"", ""mu"": 1.0, ""sigma"": 1.0}, ""channel4"": {""dist"": ""LogNormal"", ""mu"": 1.0, ""sigma"": 1.0}}, ""run_mode"": ""roi_full"", ""structural_overrides"": {""adstock_decay_spec"": ""geometric"", ""alpha_m"": 0.3, ""ec_m"": 0.5, ""max_lag"": 4, ""slope_m"": 1.2}, ""sweep_type"": ""fixed_full_grid"", ""target_channel"": ""channel2"", ""two_layer_enabled"": false}",channel4,PASS,PASS,,,0.4063499003617714,0.4239279880623022,0.0175780877005308,0.0432585013183985,0.3,0.5,1.2,4,geometric,prior_sweep,roi_full,roi,non_revenue,revenue,__revenue_equiv__,,channel2,fixed_full_grid,False,roi,roi,Revenue-equivalent ROI,0.5,1.0,LogNormal,target_channels,channel2,configured,,,,upload_8ce52c632a82_national_all_channels,/Users/jasper/Documents/Intern/BlueAlpha/capstone-Blue_Alpha_1/backend/storage/uploads/upload_8ce52c632a82_national_all_channels.csv,0.5,1.0,LogNormal,0.2333962216151473,0.1240440666675567,0.3590486496686935,0.8468084782361984,0.241894779852071,0.1267591685056686,0.3736260384321213,0.8856930524110792,0.9453820896611804,1.0,1.0,LogNormal,1.1144384651042905,0.5874339776684379,47730683.477718174,19395358.475370027,20234372.615547635,839014.1401776075,839014.1401776075,100.0,1939535847.5370028,2023437261.5547636,83901414.01776075,83901414.01776075,False,channel2,False,0.04325850131839858,0.04325850131839858,False,0.04325850131839859,0.04325850131839859,0.04325850131839859,0.04325850131839859,0.042348989335688994,0.04325850131839859,percent_roi_or_contribution,0.5,0.0,0,True,False,False,0.5,True,0.08651700263679718,,0.08651700263679718,0.08651700263679718,,True,False,0.0
"multi|channel0,channel1,channel2,channel3,channel4|pmode=roi|rpk=revenue_per_conversion|target=channel2|mu=0.500000|sigma=0.500000|dist=LogNormal|0.500000|0.500000|LogNormal|alpha=0p3|ec=0p5|slope=1p2|lag=4|decay=geometric",channel2,"{""kpi_type"": ""non_revenue"", ""kpi_type_effective"": ""revenue"", ""prior_design_mode"": ""roi"", ""prior_grid_type"": ""roi"", ""revenue_per_kpi"": null, ""roi_prior_overrides"": {""channel0"": {""dist"": ""LogNormal"", ""mu"": 1.0, ""sigma"": 1.0}, ""channel1"": {""dist"": ""LogNormal"", ""mu"": 1.0, ""sigma"": 1.0}, ""channel2"": {""dist"": ""LogNormal"", ""mu"": 0.5, ""sigma"": 0.5}, ""channel3"": {""dist"": ""LogNormal"", ""mu"": 1.0, ""sigma"": 1.0}, ""channel4"": {""dist"": ""LogNormal"", ""mu"": 1.0, ""sigma"": 1.0}}, ""run_mode"": ""roi_full"", ""structural_overrides"": {""adstock_decay_spec"": ""geometric"", ""alpha_m"": 0.3, ""ec_m"": 0.5, ""max_lag"": 4, ""slope_m"": 1.2}, ""sweep_type"": ""fixed_full_grid"", ""target_channel"": ""channel2"", ""two_layer_enabled"": false}",channel0,PASS,PASS,,,0.4308758754407366,0.4586692097006986,0.027793334259962,0.0645042710537753,0.3,0.5,1.2,4,geometric,prior_sweep,roi_full,roi,non_revenue,revenue,__revenue_equiv__,,channel2,fixed_full_grid,False,roi,roi,Revenue-equivalent ROI,0.5,0.5,LogNormal,target_channels,channel2,configured,,,,upload_8ce52c632a82_national_all_channels,/Users/jasper/Documents/Intern/BlueAlpha/capstone-Blue_Alpha_1/backend/storage/uploads/upload_8ce52c632a82_national_all_channels.csv,0.5,0.5,LogNormal,0.260312272419158,0.1235604096204042,0.3676227629184723,0.9330472171306609,0.2956934889737536,0.1145374860614538,0.3911930620670318,1.0347050070762631,0.8797167787638406,1.0,1.0,LogNormal,0.9086687033667696,0.4942631188183279,40501713.0799782,17451211.080185138,18576888.729918048,1125677.64973291,1125677.64973291,100.0,1745121108.0185137,1857688872.9918048,112567764.97329116,112567764.97329116,False,channel2,False,0.0645042710537753,0.0645042710537753,False,0.06450427105377536,0.06450427105377536,0.06450427105377533,0.06450427105377533,0.06250921760617122,0.06450427105377533,percent_roi_or_contribution,0.5,0.5,0,False,False,False,1.0,True,,,0.06450427105377533,0.06450427105377533,,True,False,0.0
"multi|channel0,channel1,channel2,channel3,channel4|pmode=roi|rpk=revenue_per_conversion|target=channel2|mu=0.500000|sigma=0.500000|dist=LogNormal|0.500000|0.500000|LogNormal|alpha=0p3|ec=0p5|slope=1p2|lag=4|decay=geometric",channel2,"{""kpi_type"": ""non_revenue"", ""kpi_type_effective"": ""revenue"", ""prior_design_mode"": ""roi"", ""prior_grid_type"": ""roi"", ""revenue_per_kpi"": null, ""roi_prior_overrides"": {""channel0"": {""dist"": ""LogNormal"", ""mu"": 1.0, ""sigma"": 1.0}, ""channel1"": {""dist"": ""LogNormal"", ""mu"": 1.0, ""sigma"": 1.0}, ""channel2"": {""dist"": ""LogNormal"", ""mu"": 0.5, ""sigma"": 0.5}, ""channel3"": {""dist"": ""LogNormal"", ""mu"": 1.0, ""sigma"": 1.0}, ""channel4"": {""dist"": ""LogNormal"", ""mu"": 1.0, ""sigma"": 1.0}}, ""run_mode"": ""roi_full"", ""structural_overrides"": {""adstock_decay_spec"": ""geometric"", ""alpha_m"": 0.3, ""ec_m"": 0.5, ""max_lag"": 4, ""slope_m"": 1.2}, ""sweep_type"": ""fixed_full_grid"", ""target_channel"": ""channel2"", ""two_layer_enabled"": false}",channel1,PASS,PASS,,,0.4654245746042579,0.4927558913097406,0.0273313167054827,0.0587234069638933,0.3,0.5,1.2,4,geometric,prior_sweep,roi_full,roi,non_revenue,revenue,__revenue_equiv__,,channel2,fixed_full_grid,False,roi,roi,Revenue-equivalent ROI,0.5,0.5,LogNormal,target_channels,channel2,configured,,,,upload_8ce52c632a82_national_all_channels,/Users/jasper/Documents/Intern/BlueAlpha/capstone-Blue_Alpha_1/backend/storage/uploads/upload_8ce52c632a82_national_all_channels.csv,0.5,0.5,LogNormal,0.2843900597561066,0.1218790113925933,0.3990941643714905,1.014937341213226,0.3189058647254684,0.1301271259784698,0.4142882823944092,1.073363035917282,0.9299265068341644,1.0,1.0,LogNormal,0.8223580828294863,0.5024279686465287,31320298.2023646,14577236.467314048,15433261.456793036,856024.9894789886,856024.9894789886,100.0,1457723646.7314048,1543326145.6793036,85602498.94789886,85602498.94789886,False,channel2,False,0.05872340696389323,0.05872340696389323,False,0.05872340696389326,0.05872340696389326,0.05872340696389325,0.05872340696389325,0.057063849279205076,0.05872340696389325,percent_roi_or_contribution,0.5,0.5,0,False,False,False,1.0,True,,,0.05872340696389325,0.05872340696389325,,True,False,0.0
"multi|channel0,channel1,channel2,channel3,channel4|pmode=roi|rpk=revenue_per_conversion|target=channel2|mu=0.500000|sigma=0.500000|dist=LogNormal|0.500000|0.500000|LogNormal|alpha=0p3|ec=0p5|slope=1p2|lag=4|decay=geometric",channel2,"{""kpi_type"": ""non_revenue"", ""kpi_type_effective"": ""revenue"", ""prior_design_mode"": ""roi"", ""prior_grid_type"": ""roi"", ""revenue_per_kpi"": null, ""roi_prior_overrides"": {""channel0"": {""dist"": ""LogNormal"", ""mu"": 1.0, ""sigma"": 1.0}, ""channel1"": {""dist"": ""LogNormal"", ""mu"": 1.0, ""sigma"": 1.0}, ""channel2"": {""dist"": ""LogNormal"", ""mu"": 0.5, ""sigma"": 0.5}, ""channel3"": {""dist"": ""LogNormal"", ""mu"": 1.0, ""sigma"": 1.0}, ""channel4"": {""dist"": ""LogNormal"", ""mu"": 1.0, ""sigma"": 1.0}}, ""run_mode"": ""roi_full"", ""structural_overrides"": {""adstock_decay_spec"": ""geometric"", ""alpha_m"": 0.3, ""ec_m"": 0.5, ""max_lag"": 4, ""slope_m"": 1.2}, ""sweep_type"": ""fixed_full_grid"", ""target_channel"": ""channel2"", ""two_layer_enabled"": false}",channel2,PASS,PASS,,,0.5478384270270665,0.3467601165579011,0.2010783104691654,0.3670394418302295,0.3,0.5,1.2,4,geometric,prior_sweep,roi_full,roi,non_revenue,revenue,__revenue_equiv__,,channel2,fixed_full_grid,False,roi,roi,Revenue-equivalent ROI,0.5,0.5,LogNormal,target_channels,channel2,configured,,,,upload_8ce52c632a82_national_all_channels,/Users/jasper/Documents/Intern/BlueAlpha/capstone-Blue_Alpha_1/backend/storage/uploads/upload_8ce52c632a82_national_all_channels.csv,0.5,0.5,LogNormal,0.3578971561854973,0.1389466427266597,0.4730767756700516,1.2380538046360017,0.2593431909724455,0.0785568613559007,0.2777807563543319,0.8561959922313689,0.6185866669692828,0.5,0.5,LogNormal,0.3379385573346917,0.1473029115124212,12079349.341539,6617531.742779157,4188636.5856156694,-2428895.1571634877,2428895.1571634877,100.0,661753174.2779157,418863658.56156695,-242889515.71634877,242889515.71634877,False,channel2,True,0.3670394418302295,-0.3670394418302295,False,0.3670394418302295,-0.3670394418302295,0.3670394418302295,-0.3670394418302295,0.3126474101640774,0.3670394418302295,percent_roi_or_contribution,0.5,0.5,0,False,False,False,1.0,True,,,0.3670394418302295,0.3670394418302295,,True,False,0.0
"multi|channel0,channel1,channel2,channel3,channel4|pmode=roi|rpk=revenue_per_conversion|target=channel2|mu=0.500000|sigma=0.500000|dist=LogNormal|0.500000|0.500000|LogNormal|alpha=0p3|ec=0p5|slope=1p2|lag=4|decay=geometric",channel2,"{""kpi_type"": ""non_revenue"", ""kpi_type_effective"": ""revenue"", ""prior_design_mode"": ""roi"", ""prior_grid_type"": ""roi"", ""revenue_per_kpi"": null, ""roi_prior_overrides"": {""channel0"": {""dist"": ""LogNormal"", ""mu"": 1.0, ""sigma"": 1.0}, ""channel1"": {""dist"": ""LogNormal"", ""mu"": 1.0, ""sigma"": 1.0}, ""channel2"": {""dist"": ""LogNormal"", ""mu"": 0.5, ""sigma"": 0.5}, ""channel3"": {""dist"": ""LogNormal"", ""mu"": 1.0, ""sigma"": 1.0}, ""channel4"": {""dist"": ""LogNormal"", ""mu"": 1.0, ""sigma"": 1.0}}, ""run_mode"": ""roi_full"", ""structural_overrides"": {""adstock_decay_spec"": ""geometric"", ""alpha_m"": 0.3, ""ec_m"": 0.5, ""max_lag"": 4, ""slope_m"": 1.2}, ""sweep_type"": ""fixed_full_grid"", ""target_channel"": ""channel2"", ""two_layer_enabled"": false}",channel3,PASS,PASS,,,0.2585340054263361,0.2630486365423227,0.0045146311159866,0.0174624266875134,0.3,0.5,1.2,4,geometric,prior_sweep,roi_full,roi,non_revenue,revenue,__revenue_equiv__,,channel2,fixed_full_grid,False,roi,roi,Revenue-equivalent ROI,0.5,0.5,LogNormal,target_channels,channel2,configured,,,,upload_8ce52c632a82_national_all_channels,/Users/jasper/Documents/Intern/BlueAlpha/capstone-Blue_Alpha_1/backend/storage/uploads/upload_8ce52c632a82_national_all_channels.csv,0.5,0.5,LogNormal,0.1334336334010044,0.0872698206454515,0.2386796101927757,0.505061289668083,0.1346834983731224,0.0930654667317867,0.2409418448805809,0.5204777270555496,0.9510348653384886,1.0,1.0,LogNormal,1.785446187998286,0.7642089012702051,87860358.24888599,22714890.336277325,23111547.443489473,396657.1072121486,396657.1072121486,100.0,2271489033.6277323,2311154744.3489475,39665710.72121525,39665710.72121525,False,channel2,False,0.01746242668751346,0.01746242668751346,False,0.017462426687513365,0.017462426687513365,0.01746242668751341,0.01746242668751341,0.017311710564352427,0.01746242668751341,percent_roi_or_contribution,0.5,0.5,0,False,False,False,1.0,True,,,0.01746242668751341,0.01746242668751341,,True,False,0.0
"multi|channel0,channel1,channel2,channel3,channel4|pmode=roi|rpk=revenue_per_conversion|target=channel2|mu=0.500000|sigma=0.500000|dist=LogNormal|0.500000|0.500000|LogNormal|alpha=0p3|ec=0p5|slope=1p2|lag=4|decay=geometric",channel2,"{""kpi_type"": ""non_revenue"", ""kpi_type_effective"": ""revenue"", ""prior_design_mode"": ""roi"", ""prior_grid_type"": ""roi"", ""revenue_per_kpi"": null, ""roi_prior_overrides"": {""channel0"": {""dist"": ""LogNormal"", ""mu"": 1.0, ""sigma"": 1.0}, ""channel1"": {""dist"": ""LogNormal"", ""mu"": 1.0, ""sigma"": 1.0}, ""channel2"": {""dist"": ""LogNormal"", ""mu"": 0.5, ""sigma"": 0.5}, ""channel3"": {""dist"": ""LogNormal"", ""mu"": 1.0, ""sigma"": 1.0}, ""channel4"": {""dist"": ""LogNormal"", ""mu"": 1.0, ""sigma"": 1.0}}, ""run_mode"": ""roi_full"", ""structural_overrides"": {""adstock_decay_spec"": ""geometric"", ""alpha_m"": 0.3, ""ec_m"": 0.5, ""max_lag"": 4, ""slope_m"": 1.2}, ""sweep_type"": ""fixed_full_grid"", ""target_channel"": ""channel2"", ""two_layer_enabled"": false}",channel4,PASS,PASS,,,0.4063499003617714,0.4273675765438626,0.0210176761820912,0.0517230991403696,0.3,0.5,1.2,4,geometric,prior_sweep,roi_full,roi,non_revenue,revenue,__revenue_equiv__,,channel2,fixed_full_grid,False,roi,roi,Revenue-equivalent ROI,0.5,0.5,LogNormal,target_channels,channel2,configured,,,,upload_8ce52c632a82_national_all_channels,/Users/jasper/Documents/Intern/BlueAlpha/capstone-Blue_Alpha_1/backend/storage/uploads/upload_8ce52c632a82_national_all_channels.csv,0.5,0.5,LogNormal,0.2333962216151473,0.1240440666675567,0.3590486496686935,0.8468084782361984,0.2575004883246499,0.12143230214715,0.367770716547966,0.945190382003784,0.8773988738227987,1.0,1.0,LogNormal,1.053840859414078,0.5840165874916441,47730683.477718174,19395358.475370027,20398546.5246546,1003188.0492845736,1003188.0492845736,100.0,1939535847.5370028,2039854652.46546,100318804.92845726,100318804.92845726,False,channel2,False,0.05172309914036961,0.05172309914036961,False,0.051723099140369704,0.051723099140369704,0.051723099140369655,0.051723099140369655,0.05042986592380475,0.051723099140369655,percent_roi_or_contribution,0.5,0.5,0,False,False,False,1.0,True,,,0.051723099140369655,0.051723099140369655,,True,False,0.0
"multi|channel0,channel1,channel2,channel3,channel4|pmode=roi|rpk=revenue_per_conversion|target=channel2|mu=0.500000|sigma=1.500000|dist=LogNormal|0.500000|1.500000|LogNormal|alpha=0p3|ec=0p5|slope=1p2|lag=4|decay=geometric",channel2,"{""kpi_type"": ""non_revenue"", ""kpi_type_effective"": ""revenue"", ""prior_design_mode"": ""roi"", ""prior_grid_type"": ""roi"", ""revenue_per_kpi"": null, ""roi_prior_overrides"": {""channel0"": {""dist"": ""LogNormal"", ""mu"": 1.0, ""sigma"": 1.0}, ""channel1"": {""dist"": ""LogNormal"", ""mu"": 1.0, ""sigma"": 1.0}, ""channel2"": {""dist"": ""LogNormal"", ""mu"": 0.5, ""sigma"": 1.5}, ""channel3"": {""dist"": ""LogNormal"", ""mu"": 1.0, ""sigma"": 1.0}, ""channel4"": {""dist"": ""LogNormal"", ""mu"": 1.0, ""sigma"": 1.0}}, ""run_mode"": ""roi_full"", ""structural_overrides"": {""adstock_decay_spec"": ""geometric"", ""alpha_m"": 0.3, ""ec_m"": 0.5, ""max_lag"": 4, ""slope_m"": 1.2}, ""sweep_type"": ""fixed_full_grid"", ""target_channel"": ""channel2"", ""two_layer_enabled"": false}",channel0,PASS,PASS,,,0.4308758754407366,0.4379995576106011,0.0071236821698645,0.0165330262748588,0.3,0.5,1.2,4,geometric,prior_sweep,roi_full,roi,non_revenue,revenue,__revenue_equiv__,,channel2,fixed_full_grid,False,roi,roi,Revenue-equivalent ROI,0.5,1.5,LogNormal,target_channels,channel2,configured,,,,upload_8ce52c632a82_national_all_channels,/Users/jasper/Documents/Intern/BlueAlpha/capstone-Blue_Alpha_1/backend/storage/uploads/upload_8ce52c632a82_national_all_channels.csv,0.5,1.5,LogNormal,0.260312272419158,0.1235604096204042,0.3676227629184723,0.9330472171306609,0.2612400137487889,0.1233572702854871,0.3782381564378738,0.9257546365261076,0.9907424811575392,1.0,1.0,LogNormal,1.0343611223333975,0.5145873903308241,40501713.0799782,17451211.080185138,17739732.411501948,288521.3313168101,288521.3313168101,100.0,1745121108.0185137,1773973241.150195,28852133.131681204,28852133.131681204,False,channel2,False,0.016533026274858906,0.016533026274858906,False,0.016533026274858927,0.016533026274858927,0.016533026274858916,0.016533026274858916,0.01639784374524667,0.016533026274858916,percent_roi_or_contribution,0.5,0.5,0,False,False,False,1.0,True,,,0.016533026274858916,0.016533026274858916,,True,False,0.0
"multi|channel0,channel1,channel2,channel3,channel4|pmode=roi|rpk=revenue_per_conversion|target=channel2|mu=0.500000|sigma=1.500000|dist=LogNormal|0.500000|1.500000|LogNormal|alpha=0p3|ec=0p5|slope=1p2|lag=4|decay=geometric",channel2,"{""kpi_type"": ""non_revenue"", ""kpi_type_effective"": ""revenue"", ""prior_design_mode"": ""roi"", ""prior_grid_type"": ""roi"", ""revenue_per_kpi"": null, ""roi_prior_overrides"": {""channel0"": {""dist"": ""LogNormal"", ""mu"": 1.0, ""sigma"": 1.0}, ""channel1"": {""dist"": ""LogNormal"", ""mu"": 1.0, ""sigma"": 1.0}, ""channel2"": {""dist"": ""LogNormal"", ""mu"": 0.5, ""sigma"": 1.5}, ""channel3"": {""dist"": ""LogNormal"", ""mu"": 1.0, ""sigma"": 1.0}, ""channel4"": {""dist"": ""LogNormal"", ""mu"": 1.0, ""sigma"": 1.0}}, ""run_mode"": ""roi_full"", ""structural_overrides"": {""adstock_decay_spec"": ""geometric"", ""alpha_m"": 0.3, ""ec_m"": 0.5, ""max_lag"": 4, ""slope_m"": 1.2}, ""sweep_type"": ""fixed_full_grid"", ""target_channel"": ""channel2"", ""two_layer_enabled"": false}",channel1,PASS,PASS,,,0.4654245746042579,0.4753016638321181,0.0098770892278601,0.0212216753622398,0.3,0.5,1.2,4,geometric,prior_sweep,roi_full,roi,non_revenue,revenue,__revenue_equiv__,,channel2,fixed_full_grid,False,roi,roi,Revenue-equivalent ROI,0.5,1.5,LogNormal,target_channels,channel2,configured,,,,upload_8ce52c632a82_national_all_channels,/Users/jasper/Documents/Intern/BlueAlpha/capstone-Blue_Alpha_1/backend/storage/uploads/upload_8ce52c632a82_national_all_channels.csv,0.5,1.5,LogNormal,0.2843900597561066,0.1218790113925933,0.3990941643714905,1.014937341213226,0.2890883226545297,0.1275811396539211,0.4036139845848083,1.0220334410667418,0.9857821861527956,1.0,1.0,LogNormal,0.9204632239750916,0.5195823497796982,31320298.2023646,14577236.467314048,14886589.847301992,309353.3799879439,309353.3799879439,100.0,1457723646.7314048,1488658984.730199,30935337.998794317,30935337.998794317,False,channel2,False,0.02122167536223993,0.02122167536223993,False,0.021221675362239928,0.021221675362239928,0.021221675362239928,0.021221675362239928,0.020999631544033504,0.021221675362239928,percent_roi_or_contribution,0.5,0.5,0,False,False,False,1.0,True,,,0.021221675362239928,0.021221675362239928,,True,False,0.0
"multi|channel0,channel1,channel2,channel3,channel4|pmode=roi|rpk=revenue_per_conversion|target=channel2|mu=0.500000|sigma=1.500000|dist=LogNormal|0.500000|1.500000|LogNormal|alpha=0p3|ec=0p5|slope=1p2|lag=4|decay=geometric",channel2,"{""kpi_type"": ""non_revenue"", ""kpi_type_effective"": ""revenue"", ""prior_design_mode"": ""roi"", ""prior_grid_type"": ""roi"", ""revenue_per_kpi"": null, ""roi_prior_overrides"": {""channel0"": {""dist"": ""LogNormal"", ""mu"": 1.0, ""sigma"": 1.0}, ""channel1"": {""dist"": ""LogNormal"", ""mu"": 1.0, ""sigma"": 1.0}, ""channel2"": {""dist"": ""LogNormal"", ""mu"": 0.5, ""sigma"": 1.5}, ""channel3"": {""dist"": ""LogNormal"", ""mu"": 1.0, ""sigma"": 1.0}, ""channel4"": {""dist"": ""LogNormal"", ""mu"": 1.0, ""sigma"": 1.0}}, ""run_mode"": ""roi_full"", ""structural_overrides"": {""adstock_decay_spec"": ""geometric"", ""alpha_m"": 0.3, ""ec_m"": 0.5, ""max_lag"": 4, ""slope_m"": 1.2}, ""sweep_type"": ""fixed_full_grid"", ""target_channel"": ""channel2"", ""two_layer_enabled"": false}",channel2,PASS,PASS,,,0.5478384270270665,0.1912033234790821,0.3566351035479844,0.6509859220415082,0.3,0.5,1.2,4,geometric,prior_sweep,roi_full,roi,non_revenue,revenue,__revenue_equiv__,,channel2,fixed_full_grid,False,roi,roi,Revenue-equivalent ROI,0.5,1.5,LogNormal,target_channels,channel2,configured,,,,upload_8ce52c632a82_national_all_channels,/Users/jasper/Documents/Intern/BlueAlpha/capstone-Blue_Alpha_1/backend/storage/uploads/upload_8ce52c632a82_national_all_channels.csv,0.5,1.5,LogNormal,0.3578971561854973,0.1389466427266597,0.4730767756700516,1.2380538046360017,0.2370109805669754,0.0112301552668213,0.1098694391548633,0.6379581123590469,0.4067507745624023,0.5,1.5,LogNormal,1.3787871582643678,0.292068109407415,12079349.341539,6617531.742779157,2309611.7395671187,-4307920.003212038,4307920.003212038,100.0,661753174.2779157,230961173.95671183,-430792000.3212038,430792000.3212038,False,channel2,True,0.6509859220415083,-0.6509859220415083,False,0.6509859220415082,-0.6509859220415082,0.6509859220415082,-0.6509859220415082,0.5013726379734162,0.6509859220415082,percent_roi_or_contribution,0.5,0.5,0,False,False,False,1.0,True,,,0.6509859220415082,0.6509859220415082,,True,False,0.0
"multi|channel0,channel1,channel2,channel3,channel4|pmode=roi|rpk=revenue_per_conversion|target=channel2|mu=0.500000|sigma=1.500000|dist=LogNormal|0.500000|1.500000|LogNormal|alpha=0p3|ec=0p5|slope=1p2|lag=4|decay=geometric",channel2,"{""kpi_type"": ""non_revenue"", ""kpi_type_effective"": ""revenue"", ""prior_design_mode"": ""roi"", ""prior_grid_type"": ""roi"", ""revenue_per_kpi"": null, ""roi_prior_overrides"": {""channel0"": {""dist"": ""LogNormal"", ""mu"": 1.0, ""sigma"": 1.0}, ""channel1"": {""dist"": ""LogNormal"", ""mu"": 1.0, ""sigma"": 1.0}, ""channel2"": {""dist"": ""LogNormal"", ""mu"": 0.5, ""sigma"": 1.5}, ""channel3"": {""dist"": ""LogNormal"", ""mu"": 1.0, ""sigma"": 1.0}, ""channel4"": {""dist"": ""LogNormal"", ""mu"": 1.0, ""sigma"": 1.0}}, ""run_mode"": ""roi_full"", ""structural_overrides"": {""adstock_decay_spec"": ""geometric"", ""alpha_m"": 0.3, ""ec_m"": 0.5, ""max_lag"": 4, ""slope_m"": 1.2}, ""sweep_type"": ""fixed_full_grid"", ""target_channel"": ""channel2"", ""two_layer_enabled"": false}",channel3,PASS,PASS,,,0.2585340054263361,0.2637915464948552,0.0052575410685191,0.0203359749904046,0.3,0.5,1.2,4,geometric,prior_sweep,roi_full,roi,non_revenue,revenue,__revenue_equiv__,,channel2,fixed_full_grid,False,roi,roi,Revenue-equivalent ROI,0.5,1.5,LogNormal,target_channels,channel2,configured,,,,upload_8ce52c632a82_national_all_channels,/Users/jasper/Documents/Intern/BlueAlpha/capstone-Blue_Alpha_1/backend/storage/uploads/upload_8ce52c632a82_national_all_channels.csv,0.5,1.5,LogNormal,0.1334336334010044,0.0872698206454515,0.2386796101927757,0.505061289668083,0.1393703828814348,0.0870081335306167,0.2446024194359779,0.5093015789985655,0.989339222539131,1.0,1.0,LogNormal,1.751333759943043,0.7635368203812349,87860358.24888599,22714890.336277325,23176819.778065644,461929.4417883195,461929.4417883195,100.0,2271489033.6277323,2317681977.8065643,46192944.178832054,46192944.178832054,False,channel2,False,0.020335974990404654,0.020335974990404654,False,0.02033597499040463,0.02033597499040463,0.02033597499040464,0.02033597499040464,0.020131960305605177,0.02033597499040464,percent_roi_or_contribution,0.5,0.5,0,False,False,False,1.0,True,,,0.02033597499040464,0.02033597499040464,,True,False,0.0
"multi|channel0,channel1,channel2,channel3,channel4|pmode=roi|rpk=revenue_per_conversion|target=channel2|mu=0.500000|sigma=1.500000|dist=LogNormal|0.500000|1.500000|LogNormal|alpha=0p3|ec=0p5|slope=1p2|lag=4|decay=geometric",channel2,"{""kpi_type"": ""non_revenue"", ""kpi_type_effective"": ""revenue"", ""prior_design_mode"": ""roi"", ""prior_grid_type"": ""roi"", ""revenue_per_kpi"": null, ""roi_prior_overrides"": {""channel0"": {""dist"": ""LogNormal"", ""mu"": 1.0, ""sigma"": 1.0}, ""channel1"": {""dist"": ""LogNormal"", ""mu"": 1.0, ""sigma"": 1.0}, ""channel2"": {""dist"": ""LogNormal"", ""mu"": 0.5, ""sigma"": 1.5}, ""channel3"": {""dist"": ""LogNormal"", ""mu"": 1.0, ""sigma"": 1.0}, ""channel4"": {""dist"": ""LogNormal"", ""mu"": 1.0, ""sigma"": 1.0}}, ""run_mode"": ""roi_full"", ""structural_overrides"": {""adstock_decay_spec"": ""geometric"", ""alpha_m"": 0.3, ""ec_m"": 0.5, ""max_lag"": 4, ""slope_m"": 1.2}, ""sweep_type"": ""fixed_full_grid"", ""target_channel"": ""channel2"", ""two_layer_enabled"": false}",channel4,PASS,PASS,,,0.4063499003617714,0.4271142989366004,0.020764398574829,0.051099799843294,0.3,0.5,1.2,4,geometric,prior_sweep,roi_full,roi,non_revenue,revenue,__revenue_equiv__,,channel2,fixed_full_grid,False,roi,roi,Revenue-equivalent ROI,0.5,1.5,LogNormal,target_channels,channel2,configured,,,,upload_8ce52c632a82_national_all_channels,/Users/jasper/Documents/Intern/BlueAlpha/capstone-Blue_Alpha_1/backend/storage/uploads/upload_8ce52c632a82_national_all_channels.csv,0.5,1.5,LogNormal,0.2333962216151473,0.1240440666675567,0.3590486496686935,0.8468084782361984,0.2507237384984097,0.1235316544771194,0.3737807869911194,0.9103862196207044,0.9185489207103372,1.0,1.0,LogNormal,1.0789337992005403,0.5842670282400418,47730683.477718174,19395358.475370027,20386457.411350373,991098.935980346,991098.935980346,100.0,1939535847.5370028,2038645741.1350377,99109893.59803462,99109893.59803462,False,channel2,False,0.051099799843294144,0.051099799843294144,False,0.051099799843294096,0.051099799843294096,0.051099799843294116,0.051099799843294116,0.049837044421213214,0.051099799843294116,percent_roi_or_contribution,0.5,0.5,0,False,False,False,1.0,True,,,0.051099799843294116,0.051099799843294116,,True,False,0.0
"multi|channel0,channel1,channel2,channel3,channel4|pmode=roi|rpk=revenue_per_conversion|target=channel2|mu=1.000000|sigma=0.500000|dist=LogNormal|1.000000|0.500000|LogNormal|alpha=0p3|ec=0p5|slope=1p2|lag=4|decay=geometric",channel2,"{""kpi_type"": ""non_revenue"", ""kpi_type_effective"": ""revenue"", ""prior_design_mode"": ""roi"", ""prior_grid_type"": ""roi"", ""revenue_per_kpi"": null, ""roi_prior_overrides"": {""channel0"": {""dist"": ""LogNormal"", ""mu"": 1.0, ""sigma"": 1.0}, ""channel1"": {""dist"": ""LogNormal"", ""mu"": 1.0, ""sigma"": 1.0}, ""channel2"": {""dist"": ""LogNormal"", ""mu"": 1.0, ""sigma"": 0.5}, ""channel3"": {""dist"": ""LogNormal"", ""mu"": 1.0, ""sigma"": 1.0}, ""channel4"": {""dist"": ""LogNormal"", ""mu"": 1.0, ""sigma"": 1.0}}, ""run_mode"": ""roi_full"", ""structural_overrides"": {""adstock_decay_spec"": ""geometric"", ""alpha_m"": 0.3, ""ec_m"": 0.5, ""max_lag"": 4, ""slope_m"": 1.2}, ""sweep_type"": ""fixed_full_grid"", ""target_channel"": ""channel2"", ""two_layer_enabled"": false}",channel0,PASS,PASS,,,0.4308758754407366,0.4525743998897572,0.0216985244490205,0.0503591073109523,0.3,0.5,1.2,4,geometric,prior_sweep,roi_full,roi,non_revenue,revenue,__revenue_equiv__,,channel2,fixed_full_grid,False,roi,roi,Revenue-equivalent ROI,1.0,0.5,LogNormal,target_channels,channel2,configured,,,,upload_8ce52c632a82_national_all_channels,/Users/jasper/Documents/Intern/BlueAlpha/capstone-Blue_Alpha_1/backend/storage/uploads/upload_8ce52c632a82_national_all_channels.csv,1.0,0.5,LogNormal,0.260312272419158,0.1235604096204042,0.3676227629184723,0.9330472171306609,0.3007111374879199,0.1198699586093425,0.3791887760162353,1.0413264036178589,0.8784862397948447,1.0,1.0,LogNormal,0.8966561390697512,0.5003306585824248,40501713.0799782,17451211.080185138,18330038.49167826,878827.4114931226,878827.4114931226,100.0,1745121108.0185137,1833003849.167826,87882741.14931226,87882741.14931226,False,channel2,False,0.05035910731095236,0.05035910731095236,False,0.050359107310952264,0.050359107310952264,0.05035910731095231,0.05035910731095231,0.04913211266119376,0.05035910731095231,percent_roi_or_contribution,0.0,0.5,0,False,True,False,0.5,True,,0.10071821462190463,0.10071821462190463,0.10071821462190463,,True,False,0.0
"multi|channel0,channel1,channel2,channel3,channel4|pmode=roi|rpk=revenue_per_conversion|target=channel2|mu=1.000000|sigma=0.500000|dist=LogNormal|1.000000|0.500000|LogNormal|alpha=0p3|ec=0p5|slope=1p2|lag=4|decay=geometric",channel2,"{""kpi_type"": ""non_revenue"", ""kpi_type_effective"": ""revenue"", ""prior_design_mode"": ""roi"", ""prior_grid_type"": ""roi"", ""revenue_per_kpi"": null, ""roi_prior_overrides"": {""channel0"": {""dist"": ""LogNormal"", ""mu"": 1.0, ""sigma"": 1.0}, ""channel1"": {""dist"": ""LogNormal"", ""mu"": 1.0, ""sigma"": 1.0}, ""channel2"": {""dist"": ""LogNormal"", ""mu"": 1.0, ""sigma"": 0.5}, ""channel3"": {""dist"": ""LogNormal"", ""mu"": 1.0, ""sigma"": 1.0}, ""channel4"": {""dist"": ""LogNormal"", ""mu"": 1.0, ""sigma"": 1.0}}, ""run_mode"": ""roi_full"", ""structural_overrides"": {""adstock_decay_spec"": ""geometric"", ""alpha_m"": 0.3, ""ec_m"": 0.5, ""max_lag"": 4, ""slope_m"": 1.2}, ""sweep_type"": ""fixed_full_grid"", ""target_channel"": ""channel2"", ""two_layer_enabled"": false}",channel1,PASS,PASS,,,0.4654245746042579,0.4763297686415414,0.0109051940372835,0.0234306365248462,0.3,0.5,1.2,4,geometric,prior_sweep,roi_full,roi,non_revenue,revenue,__revenue_equiv__,,channel2,fixed_full_grid,False,roi,roi,Revenue-equivalent ROI,1.0,0.5,LogNormal,target_channels,channel2,configured,,,,upload_8ce52c632a82_national_all_channels,/Users/jasper/Documents/Intern/BlueAlpha/capstone-Blue_Alpha_1/backend/storage/uploads/upload_8ce52c632a82_national_all_channels.csv,1.0,0.5,LogNormal,0.2843900597561066,0.1218790113925933,0.3990941643714905,1.014937341213226,0.3055881570798525,0.1288062579929828,0.4016987532377243,1.0393953323364258,0.9657932649183792,1.0,1.0,LogNormal,0.8693242919308839,0.5186710423161529,31320298.2023646,14577236.467314048,14918790.396516416,341553.9292023685,341553.9292023685,100.0,1457723646.7314048,1491879039.6516416,34155392.920236826,34155392.920236826,False,channel2,False,0.02343063652484617,0.02343063652484617,False,0.0234306365248462,0.0234306365248462,0.023430636524846185,0.023430636524846185,0.02316035296271356,0.023430636524846185,percent_roi_or_contribution,0.0,0.5,0,False,True,False,0.5,True,,0.04686127304969237,0.04686127304969237,0.04686127304969237,,True,False,0.0
"multi|channel0,channel1,channel2,channel3,channel4|pmode=roi|rpk=revenue_per_conversion|target=channel2|mu=1.000000|sigma=0.500000|dist=LogNormal|1.000000|0.500000|LogNormal|alpha=0p3|ec=0p5|slope=1p2|lag=4|decay=geometric",channel2,"{""kpi_type"": ""non_revenue"", ""kpi_type_effective"": ""revenue"", ""prior_design_mode"": ""roi"", ""prior_grid_type"": ""roi"", ""revenue_per_kpi"": null, ""roi_prior_overrides"": {""channel0"": {""dist"": ""LogNormal"", ""mu"": 1.0, ""sigma"": 1.0}, ""channel1"": {""dist"": ""LogNormal"", ""mu"": 1.0, ""sigma"": 1.0}, ""channel2"": {""dist"": ""LogNormal"", ""mu"": 1.0, ""sigma"": 0.5}, ""channel3"": {""dist"": ""LogNormal"", ""mu"": 1.0, ""sigma"": 1.0}, ""channel4"": {""dist"": ""LogNormal"", ""mu"": 1.0, ""sigma"": 1.0}}, ""run_mode"": ""roi_full"", ""structural_overrides"": {""adstock_decay_spec"": ""geometric"", ""alpha_m"": 0.3, ""ec_m"": 0.5, ""max_lag"": 4, ""slope_m"": 1.2}, ""sweep_type"": ""fixed_full_grid"", ""target_channel"": ""channel2"", ""two_layer_enabled"": false}",channel2,PASS,PASS,,,0.5478384270270665,0.7799109577387572,0.2320725307116906,0.4236149186742333,0.3,0.5,1.2,4,geometric,prior_sweep,roi_full,roi,non_revenue,revenue,__revenue_equiv__,,channel2,fixed_full_grid,False,roi,roi,Revenue-equivalent ROI,1.0,0.5,LogNormal,target_channels,channel2,configured,,,,upload_8ce52c632a82_national_all_channels,/Users/jasper/Documents/Intern/BlueAlpha/capstone-Blue_Alpha_1/backend/storage/uploads/upload_8ce52c632a82_national_all_channels.csv,1.0,0.5,LogNormal,0.3578971561854973,0.1389466427266597,0.4730767756700516,1.2380538046360017,0.3283203430292465,0.3577301114797592,0.7217176854610443,1.4165285050868988,0.6890546266287069,1.0,0.5,LogNormal,0.233085179419459,0.2126560578431449,12079349.341539,6617531.742779157,9420816.913820706,2803285.171041549,2803285.171041549,100.0,661753174.2779157,942081691.3820708,280328517.10415494,280328517.10415494,False,channel2,True,0.42361491867423323,0.42361491867423323,False,0.4236149186742332,0.4236149186742332,0.4236149186742332,0.4236149186742332,0.3531993541397557,0.4236149186742332,percent_roi_or_contribution,0.0,0.5,0,False,True,False,0.5,True,,0.8472298373484664,0.8472298373484664,0.8472298373484664,,True,False,0.0
"multi|channel0,channel1,channel2,channel3,channel4|pmode=roi|rpk=revenue_per_conversion|target=channel2|mu=1.000000|sigma=0.500000|dist=LogNormal|1.000000|0.500000|LogNormal|alpha=0p3|ec=0p5|slope=1p2|lag=4|decay=geometric",channel2,"{""kpi_type"": ""non_revenue"", ""kpi_type_effective"": ""revenue"", ""prior_design_mode"": ""roi"", ""prior_grid_type"": ""roi"", ""revenue_per_kpi"": null, ""roi_prior_overrides"": {""channel0"": {""dist"": ""LogNormal"", ""mu"": 1.0, ""sigma"": 1.0}, ""channel1"": {""dist"": ""LogNormal"", ""mu"": 1.0, ""sigma"": 1.0}, ""channel2"": {""dist"": ""LogNormal"", ""mu"": 1.0, ""sigma"": 0.5}, ""channel3"": {""dist"": ""LogNormal"", ""mu"": 1.0, ""sigma"": 1.0}, ""channel4"": {""dist"": ""LogNormal"", ""mu"": 1.0, ""sigma"": 1.0}}, ""run_mode"": ""roi_full"", ""structural_overrides"": {""adstock_decay_spec"": ""geometric"", ""alpha_m"": 0.3, ""ec_m"": 0.5, ""max_lag"": 4, ""slope_m"": 1.2}, ""sweep_type"": ""fixed_full_grid"", ""target_channel"": ""channel2"", ""two_layer_enabled"": false}",channel3,PASS,PASS,,,0.2585340054263361,0.2670182345046972,0.0084842290783611,0.0328166852339992,0.3,0.5,1.2,4,geometric,prior_sweep,roi_full,roi,non_revenue,revenue,__revenue_equiv__,,channel2,fixed_full_grid,False,roi,roi,Revenue-equivalent ROI,1.0,0.5,LogNormal,target_channels,channel2,configured,,,,upload_8ce52c632a82_national_all_channels,/Users/jasper/Documents/Intern/BlueAlpha/capstone-Blue_Alpha_1/backend/storage/uploads/upload_8ce52c632a82_national_all_channels.csv,1.0,0.5,LogNormal,0.1334336334010044,0.0872698206454515,0.2386796101927757,0.505061289668083,0.1528107345859318,0.0858987402170896,0.2321604266762733,0.5704599648714065,0.8622057394722027,1.0,1.0,LogNormal,1.6588618467682297,0.760288718036851,87860358.24888599,22714890.336277325,23460317.742567744,745427.4062904194,745427.4062904194,100.0,2271489033.6277323,2346031774.2567744,74542740.62904215,74542740.62904215,False,channel2,False,0.03281668523399917,0.03281668523399917,False,0.032816685233999034,0.032816685233999034,0.0328166852339991,0.0328166852339991,0.0322897157586834,0.0328166852339991,percent_roi_or_contribution,0.0,0.5,0,False,True,False,0.5,True,,0.0656333704679982,0.0656333704679982,0.0656333704679982,,True,False,0.0
"multi|channel0,channel1,channel2,channel3,channel4|pmode=roi|rpk=revenue_per_conversion|target=channel2|mu=1.000000|sigma=0.500000|dist=LogNormal|1.000000|0.500000|LogNormal|alpha=0p3|ec=0p5|slope=1p2|lag=4|decay=geometric",channel2,"{""kpi_type"": ""non_revenue"", ""kpi_type_effective"": ""revenue"", ""prior_design_mode"": ""roi"", ""prior_grid_type"": ""roi"", ""revenue_per_kpi"": null, ""roi_prior_overrides"": {""channel0"": {""dist"": ""LogNormal"", ""mu"": 1.0, ""sigma"": 1.0}, ""channel1"": {""dist"": ""LogNormal"", ""mu"": 1.0, ""sigma"": 1.0}, ""channel2"": {""dist"": ""LogNormal"", ""mu"": 1.0, ""sigma"": 0.5}, ""channel3"": {""dist"": ""LogNormal"", ""mu"": 1.0, ""sigma"": 1.0}, ""channel4"": {""dist"": ""LogNormal"", ""mu"": 1.0, ""sigma"": 1.0}}, ""run_mode"": ""roi_full"", ""structural_overrides"": {""adstock_decay_spec"": ""geometric"", ""alpha_m"": 0.3, ""ec_m"": 0.5, ""max_lag"": 4, ""slope_m"": 1.2}, ""sweep_type"": ""fixed_full_grid"", ""target_channel"": ""channel2"", ""two_layer_enabled"": false}",channel4,PASS,PASS,,,0.4063499003617714,0.4175321677699685,0.0111822674081971,0.0275188141998843,0.3,0.5,1.2,4,geometric,prior_sweep,roi_full,roi,non_revenue,revenue,__revenue_equiv__,,channel2,fixed_full_grid,False,roi,roi,Revenue-equivalent ROI,1.0,0.5,LogNormal,target_channels,channel2,configured,,,,upload_8ce52c632a82_national_all_channels,/Users/jasper/Documents/Intern/BlueAlpha/capstone-Blue_Alpha_1/backend/storage/uploads/upload_8ce52c632a82_national_all_channels.csv,1.0,0.5,LogNormal,0.2333962216151473,0.1240440666675567,0.3590486496686935,0.8468084782361984,0.2533571719141175,0.1175932697951793,0.3626557886600494,0.9221956431865688,0.8982876952278903,1.0,1.0,LogNormal,1.0746843552075112,0.5940554502463402,47730683.477718174,19395358.475370027,19929095.741593886,533737.266223859,533737.266223859,100.0,1939535847.5370028,1992909574.1593883,53373726.62238574,53373726.62238574,False,channel2,False,0.027518814199884365,0.027518814199884365,False,0.027518814199884303,0.027518814199884303,0.027518814199884334,0.027518814199884334,0.027146977877436355,0.027518814199884334,percent_roi_or_contribution,0.0,0.5,0,False,True,False,0.5,True,,0.05503762839976867,0.05503762839976867,0.05503762839976867,,True,False,0.0
"multi|channel0,channel1,channel2,channel3,channel4|pmode=roi|rpk=revenue_per_conversion|target=channel2|mu=1.000000|sigma=1.500000|dist=LogNormal|1.000000|1.500000|LogNormal|alpha=0p3|ec=0p5|slope=1p2|lag=4|decay=geometric",channel2,"{""kpi_type"": ""non_revenue"", ""kpi_type_effective"": ""revenue"", ""prior_design_mode"": ""roi"", ""prior_grid_type"": ""roi"", ""revenue_per_kpi"": null, ""roi_prior_overrides"": {""channel0"": {""dist"": ""LogNormal"", ""mu"": 1.0, ""sigma"": 1.0}, ""channel1"": {""dist"": ""LogNormal"", ""mu"": 1.0, ""sigma"": 1.0}, ""channel2"": {""dist"": ""LogNormal"", ""mu"": 1.0, ""sigma"": 1.5}, ""channel3"": {""dist"": ""LogNormal"", ""mu"": 1.0, ""sigma"": 1.0}, ""channel4"": {""dist"": ""LogNormal"", ""mu"": 1.0, ""sigma"": 1.0}}, ""run_mode"": ""roi_full"", ""structural_overrides"": {""adstock_decay_spec"": ""geometric"", ""alpha_m"": 0.3, ""ec_m"": 0.5, ""max_lag"": 4, ""slope_m"": 1.2}, ""sweep_type"": ""fixed_full_grid"", ""target_channel"": ""channel2"", ""two_layer_enabled"": false}",channel0,PASS,PASS,,,0.4308758754407366,0.4428637356528391,0.0119878602121025,0.0278220733519607,0.3,0.5,1.2,4,geometric,prior_sweep,roi_full,roi,non_revenue,revenue,__revenue_equiv__,,channel2,fixed_full_grid,False,roi,roi,Revenue-equivalent ROI,1.0,1.5,LogNormal,target_channels,channel2,configured,,,,upload_8ce52c632a82_national_all_channels,/Users/jasper/Documents/Intern/BlueAlpha/capstone-Blue_Alpha_1/backend/storage/uploads/upload_8ce52c632a82_national_all_channels.csv,1.0,1.5,LogNormal,0.260312272419158,0.1235604096204042,0.3676227629184723,0.9330472171306609,0.2660646814828334,0.1171578176319599,0.3889557272195816,0.9466990292072294,0.9758247043242972,1.0,1.0,LogNormal,1.0146114521822196,0.5098197763545614,40501713.0799782,17451211.080185138,17936739.9549386,485528.874753464,485528.874753464,100.0,1745121108.0185137,1793673995.4938602,48552887.475346565,48552887.475346565,False,channel2,False,0.02782207335196085,0.02782207335196085,False,0.027822073351960918,0.027822073351960918,0.027822073351960883,0.027822073351960883,0.027442071655907684,0.027822073351960883,percent_roi_or_contribution,0.0,0.5,0,False,True,False,0.5,True,,0.05564414670392177,0.05564414670392177,0.05564414670392177,,True,False,0.0
"multi|channel0,channel1,channel2,channel3,channel4|pmode=roi|rpk=revenue_per_conversion|target=channel2|mu=1.000000|sigma=1.500000|dist=LogNormal|1.000000|1.500000|LogNormal|alpha=0p3|ec=0p5|slope=1p2|lag=4|decay=geometric",channel2,"{""kpi_type"": ""non_revenue"", ""kpi_type_effective"": ""revenue"", ""prior_design_mode"": ""roi"", ""prior_grid_type"": ""roi"", ""revenue_per_kpi"": null, ""roi_prior_overrides"": {""channel0"": {""dist"": ""LogNormal"", ""mu"": 1.0, ""sigma"": 1.0}, ""channel1"": {""dist"": ""LogNormal"", ""mu"": 1.0, ""sigma"": 1.0}, ""channel2"": {""dist"": ""LogNormal"", ""mu"": 1.0, ""sigma"": 1.5}, ""channel3"": {""dist"": ""LogNormal"", ""mu"": 1.0, ""sigma"": 1.0}, ""channel4"": {""dist"": ""LogNormal"", ""mu"": 1.0, ""sigma"": 1.0}}, ""run_mode"": ""roi_full"", ""structural_overrides"": {""adstock_decay_spec"": ""geometric"", ""alpha_m"": 0.3, ""ec_m"": 0.5, ""max_lag"": 4, ""slope_m"": 1.2}, ""sweep_type"": ""fixed_full_grid"", ""target_channel"": ""channel2"", ""two_layer_enabled"": false}",channel1,PASS,PASS,,,0.4654245746042579,0.4807652289265146,0.0153406543222566,0.0329605593673272,0.3,0.5,1.2,4,geometric,prior_sweep,roi_full,roi,non_revenue,revenue,__revenue_equiv__,,channel2,fixed_full_grid,False,roi,roi,Revenue-equivalent ROI,1.0,1.5,LogNormal,target_channels,channel2,configured,,,,upload_8ce52c632a82_national_all_channels,/Users/jasper/Documents/Intern/BlueAlpha/capstone-Blue_Alpha_1/backend/storage/uploads/upload_8ce52c632a82_national_all_channels.csv,1.0,1.5,LogNormal,0.2843900597561066,0.1218790113925933,0.3990941643714905,1.014937341213226,0.3079565473796935,0.1262162905186414,0.4166744947433471,1.0695800006389606,0.9377652453452804,1.0,1.0,LogNormal,0.8600175771802108,0.5139749376934762,31320298.2023646,14577236.467314048,15057710.33530652,480473.8679924719,480473.8679924719,100.0,1457723646.7314048,1505771033.530652,48047386.799247265,48047386.799247265,False,channel2,False,0.03296055936732725,0.03296055936732725,False,0.03296055936732721,0.03296055936732721,0.03296055936732723,0.03296055936732723,0.03242900873805637,0.03296055936732723,percent_roi_or_contribution,0.0,0.5,0,False,True,False,0.5,True,,0.06592111873465446,0.06592111873465446,0.06592111873465446,,True,False,0.0
"multi|channel0,channel1,channel2,channel3,channel4|pmode=roi|rpk=revenue_per_conversion|target=channel2|mu=1.000000|sigma=1.500000|dist=LogNormal|1.000000|1.500000|LogNormal|alpha=0p3|ec=0p5|slope=1p2|lag=4|decay=geometric",channel2,"{""kpi_type"": ""non_revenue"", ""kpi_type_effective"": ""revenue"", ""prior_design_mode"": ""roi"", ""prior_grid_type"": ""roi"", ""revenue_per_kpi"": null, ""roi_prior_overrides"": {""channel0"": {""dist"": ""LogNormal"", ""mu"": 1.0, ""sigma"": 1.0}, ""channel1"": {""dist"": ""LogNormal"", ""mu"": 1.0, ""sigma"": 1.0}, ""channel2"": {""dist"": ""LogNormal"", ""mu"": 1.0, ""sigma"": 1.5}, ""channel3"": {""dist"": ""LogNormal"", ""mu"": 1.0, ""sigma"": 1.0}, ""channel4"": {""dist"": ""LogNormal"", ""mu"": 1.0, ""sigma"": 1.0}}, ""run_mode"": ""roi_full"", ""structural_overrides"": {""adstock_decay_spec"": ""geometric"", ""alpha_m"": 0.3, ""ec_m"": 0.5, ""max_lag"": 4, ""slope_m"": 1.2}, ""sweep_type"": ""fixed_full_grid"", ""target_channel"": ""channel2"", ""two_layer_enabled"": false}",channel2,PASS,PASS,,,0.5478384270270665,0.4309480943251401,0.1168903327019264,0.2133664360425585,0.3,0.5,1.2,4,geometric,prior_sweep,roi_full,roi,non_revenue,revenue,__revenue_equiv__,,channel2,fixed_full_grid,False,roi,roi,Revenue-equivalent ROI,1.0,1.5,LogNormal,target_channels,channel2,configured,,,,upload_8ce52c632a82_national_all_channels,/Users/jasper/Documents/Intern/BlueAlpha/capstone-Blue_Alpha_1/backend/storage/uploads/upload_8ce52c632a82_national_all_channels.csv,1.0,1.5,LogNormal,0.3578971561854973,0.1389466427266597,0.4730767756700516,1.2380538046360017,0.3619424044691688,0.0668223056942224,0.3288232088088989,1.1281358957290646,0.8445719346654768,1.0,1.5,LogNormal,1.0228069306003282,0.552365201303407,12079349.341539,6617531.742779157,5205572.579423867,-1411959.16335529,1411959.16335529,100.0,661753174.2779157,520557257.94238675,-141195916.33552897,141195916.33552897,False,channel2,True,0.2133664360425585,-0.2133664360425585,False,0.21336643604255853,-0.21336643604255853,0.2133664360425585,-0.2133664360425585,0.19339867506103836,0.2133664360425585,percent_roi_or_contribution,0.0,0.5,0,False,True,False,0.5,True,,0.426732872085117,0.426732872085117,0.426732872085117,,True,False,0.0
"multi|channel0,channel1,channel2,channel3,channel4|pmode=roi|rpk=revenue_per_conversion|target=channel2|mu=1.000000|sigma=1.500000|dist=LogNormal|1.000000|1.500000|LogNormal|alpha=0p3|ec=0p5|slope=1p2|lag=4|decay=geometric",channel2,"{""kpi_type"": ""non_revenue"", ""kpi_type_effective"": ""revenue"", ""prior_design_mode"": ""roi"", ""prior_grid_type"": ""roi"", ""revenue_per_kpi"": null, ""roi_prior_overrides"": {""channel0"": {""dist"": ""LogNormal"", ""mu"": 1.0, ""sigma"": 1.0}, ""channel1"": {""dist"": ""LogNormal"", ""mu"": 1.0, ""sigma"": 1.0}, ""channel2"": {""dist"": ""LogNormal"", ""mu"": 1.0, ""sigma"": 1.5}, ""channel3"": {""dist"": ""LogNormal"", ""mu"": 1.0, ""sigma"": 1.0}, ""channel4"": {""dist"": ""LogNormal"", ""mu"": 1.0, ""sigma"": 1.0}}, ""run_mode"": ""roi_full"", ""structural_overrides"": {""adstock_decay_spec"": ""geometric"", ""alpha_m"": 0.3, ""ec_m"": 0.5, ""max_lag"": 4, ""slope_m"": 1.2}, ""sweep_type"": ""fixed_full_grid"", ""target_channel"": ""channel2"", ""two_layer_enabled"": false}",channel3,PASS,PASS,,,0.2585340054263361,0.2594651443247373,0.0009311388984011,0.0036016109248981,0.3,0.5,1.2,4,geometric,prior_sweep,roi_full,roi,non_revenue,revenue,__revenue_equiv__,,channel2,fixed_full_grid,False,roi,roi,Revenue-equivalent ROI,1.0,1.5,LogNormal,target_channels,channel2,configured,,,,upload_8ce52c632a82_national_all_channels,/Users/jasper/Documents/Intern/BlueAlpha/capstone-Blue_Alpha_1/backend/storage/uploads/upload_8ce52c632a82_national_all_channels.csv,1.0,1.5,LogNormal,0.1334336334010044,0.0872698206454515,0.2386796101927757,0.505061289668083,0.138685190631095,0.0858293838798999,0.2322195991873741,0.5168142080307007,0.9693878893435166,1.0,1.0,LogNormal,1.7593614573140837,0.7677539079745077,87860358.24888599,22714890.336277325,22796700.533470325,81810.19719300047,81810.19719300047,100.0,2271489033.6277323,2279670053.3470325,8181019.71930027,8181019.71930027,False,channel2,False,0.0036016109248982087,0.0036016109248982087,False,0.0036016109248981783,0.0036016109248981783,0.0036016109248981935,0.0036016109248981935,0.0035951406552131968,0.0036016109248981935,percent_roi_or_contribution,0.0,0.5,0,False,True,False,0.5,True,,0.007203221849796387,0.007203221849796387,0.007203221849796387,,True,False,0.0
"multi|channel0,channel1,channel2,channel3,channel4|pmode=roi|rpk=revenue_per_conversion|target=channel2|mu=1.000000|sigma=1.500000|dist=LogNormal|1.000000|1.500000|LogNormal|alpha=0p3|ec=0p5|slope=1p2|lag=4|decay=geometric",channel2,"{""kpi_type"": ""non_revenue"", ""kpi_type_effective"": ""revenue"", ""prior_design_mode"": ""roi"", ""prior_grid_type"": ""roi"", ""revenue_per_kpi"": null, ""roi_prior_overrides"": {""channel0"": {""dist"": ""LogNormal"", ""mu"": 1.0, ""sigma"": 1.0}, ""channel1"": {""dist"": ""LogNormal"", ""mu"": 1.0, ""sigma"": 1.0}, ""channel2"": {""dist"": ""LogNormal"", ""mu"": 1.0, ""sigma"": 1.5}, ""channel3"": {""dist"": ""LogNormal"", ""mu"": 1.0, ""sigma"": 1.0}, ""channel4"": {""dist"": ""LogNormal"", ""mu"": 1.0, ""sigma"": 1.0}}, ""run_mode"": ""roi_full"", ""structural_overrides"": {""adstock_decay_spec"": ""geometric"", ""alpha_m"": 0.3, ""ec_m"": 0.5, ""max_lag"": 4, ""slope_m"": 1.2}, ""sweep_type"": ""fixed_full_grid"", ""target_channel"": ""channel2"", ""two_layer_enabled"": false}",channel4,PASS,PASS,,,0.4063499003617714,0.4317307692021132,0.0253808688403417,0.062460625233931,0.3,0.5,1.2,4,geometric,prior_sweep,roi_full,roi,non_revenue,revenue,__revenue_equiv__,,channel2,fixed_full_grid,False,roi,roi,Revenue-equivalent ROI,1.0,1.5,LogNormal,target_channels,channel2,configured,,,,upload_8ce52c632a82_national_all_channels,/Users/jasper/Documents/Intern/BlueAlpha/capstone-Blue_Alpha_1/backend/storage/uploads/upload_8ce52c632a82_national_all_channels.csv,1.0,1.5,LogNormal,0.2333962216151473,0.1240440666675567,0.3590486496686935,0.8468084782361984,0.2537380869035989,0.1174543991684913,0.375900998711586,0.907002484798431,0.9154153176015684,1.0,1.0,LogNormal,1.0651091655999565,0.5798691261210416,47730683.477718174,19395358.475370027,20606804.69237786,1211446.2170078345,1211446.2170078345,100.0,1939535847.5370028,2060680469.237786,121144621.70078324,121144621.70078324,False,channel2,False,0.06246062523393098,0.06246062523393098,False,0.06246062523393099,0.06246062523393099,0.062460625233930984,0.062460625233930984,0.06058756252638876,0.062460625233930984,percent_roi_or_contribution,0.0,0.5,0,False,True,False,0.5,True,,0.12492125046786197,0.12492125046786197,0.12492125046786197,,True,False,0.0
"multi|channel0,channel1,channel2,channel3,channel4|pmode=roi|rpk=revenue_per_conversion|target=channel2|mu=1.500000|sigma=1.000000|dist=LogNormal|1.500000|1.000000|LogNormal|alpha=0p3|ec=0p5|slope=1p2|lag=4|decay=geometric",channel2,"{""kpi_type"": ""non_revenue"", ""kpi_type_effective"": ""revenue"", ""prior_design_mode"": ""roi"", ""prior_grid_type"": ""roi"", ""revenue_per_kpi"": null, ""roi_prior_overrides"": {""channel0"": {""dist"": ""LogNormal"", ""mu"": 1.0, ""sigma"": 1.0}, ""channel1"": {""dist"": ""LogNormal"", ""mu"": 1.0, ""sigma"": 1.0}, ""channel2"": {""dist"": ""LogNormal"", ""mu"": 1.5, ""sigma"": 1.0}, ""channel3"": {""dist"": ""LogNormal"", ""mu"": 1.0, ""sigma"": 1.0}, ""channel4"": {""dist"": ""LogNormal"", ""mu"": 1.0, ""sigma"": 1.0}}, ""run_mode"": ""roi_full"", ""structural_overrides"": {""adstock_decay_spec"": ""geometric"", ""alpha_m"": 0.3, ""ec_m"": 0.5, ""max_lag"": 4, ""slope_m"": 1.2}, ""sweep_type"": ""fixed_full_grid"", ""target_channel"": ""channel2"", ""two_layer_enabled"": false}",channel0,PASS,PASS,,,0.4308758754407366,0.444023965007315,0.0131480895665784,0.0305147962928522,0.3,0.5,1.2,4,geometric,prior_sweep,roi_full,roi,non_revenue,revenue,__revenue_equiv__,,channel2,fixed_full_grid,False,roi,roi,Revenue-equivalent ROI,1.5,1.0,LogNormal,target_channels,channel2,configured,,,,upload_8ce52c632a82_national_all_channels,/Users/jasper/Documents/Intern/BlueAlpha/capstone-Blue_Alpha_1/backend/storage/uploads/upload_8ce52c632a82_national_all_channels.csv,1.5,1.0,LogNormal,0.260312272419158,0.1235604096204042,0.3676227629184723,0.9330472171306609,0.2734552550706098,0.1221571430563926,0.3789169043302536,0.9705459803342816,0.9541459905431428,1.0,1.0,LogNormal,0.9885608357145492,0.5086865247385,40501713.0799782,17451211.080185138,17983731.23136055,532520.1511754133,532520.1511754133,100.0,1745121108.0185137,1798373123.136055,53252015.11754131,53252015.11754131,False,channel2,False,0.030514796292852177,0.030514796292852177,False,0.03051479629285212,0.03051479629285212,0.03051479629285215,0.03051479629285215,0.030058479608083534,0.03051479629285215,percent_roi_or_contribution,0.5,0.0,0,True,False,False,0.5,True,0.0610295925857043,,0.0610295925857043,0.0610295925857043,,True,False,0.0
"multi|channel0,channel1,channel2,channel3,channel4|pmode=roi|rpk=revenue_per_conversion|target=channel2|mu=1.500000|sigma=1.000000|dist=LogNormal|1.500000|1.000000|LogNormal|alpha=0p3|ec=0p5|slope=1p2|lag=4|decay=geometric",channel2,"{""kpi_type"": ""non_revenue"", ""kpi_type_effective"": ""revenue"", ""prior_design_mode"": ""roi"", ""prior_grid_type"": ""roi"", ""revenue_per_kpi"": null, ""roi_prior_overrides"": {""channel0"": {""dist"": ""LogNormal"", ""mu"": 1.0, ""sigma"": 1.0}, ""channel1"": {""dist"": ""LogNormal"", ""mu"": 1.0, ""sigma"": 1.0}, ""channel2"": {""dist"": ""LogNormal"", ""mu"": 1.5, ""sigma"": 1.0}, ""channel3"": {""dist"": ""LogNormal"", ""mu"": 1.0, ""sigma"": 1.0}, ""channel4"": {""dist"": ""LogNormal"", ""mu"": 1.0, ""sigma"": 1.0}}, ""run_mode"": ""roi_full"", ""structural_overrides"": {""adstock_decay_spec"": ""geometric"", ""alpha_m"": 0.3, ""ec_m"": 0.5, ""max_lag"": 4, ""slope_m"": 1.2}, ""sweep_type"": ""fixed_full_grid"", ""target_channel"": ""channel2"", ""two_layer_enabled"": false}",channel1,PASS,PASS,,,0.4654245746042579,0.4813291829327742,0.0159046083285163,0.0341722573244864,0.3,0.5,1.2,4,geometric,prior_sweep,roi_full,roi,non_revenue,revenue,__revenue_equiv__,,channel2,fixed_full_grid,False,roi,roi,Revenue-equivalent ROI,1.5,1.0,LogNormal,target_channels,channel2,configured,,,,upload_8ce52c632a82_national_all_channels,/Users/jasper/Documents/Intern/BlueAlpha/capstone-Blue_Alpha_1/backend/storage/uploads/upload_8ce52c632a82_national_all_channels.csv,1.5,1.0,LogNormal,0.2843900597561066,0.1218790113925933,0.3990941643714905,1.014937341213226,0.2978517907098625,0.1257789812982082,0.4048070311546325,1.0342884480953214,0.9745168387651324,1.0,1.0,LogNormal,0.8900268156589077,0.5134345106742597,31320298.2023646,14577236.467314048,15075373.54295499,498137.0756409429,498137.0756409429,100.0,1457723646.7314048,1507537354.295499,49813707.564094305,49813707.564094305,False,channel2,False,0.03417225732448639,0.03417225732448639,False,0.034172257324486414,0.034172257324486414,0.0341722573244864,0.0341722573244864,0.03360135536828187,0.0341722573244864,percent_roi_or_contribution,0.5,0.0,0,True,False,False,0.5,True,0.0683445146489728,,0.0683445146489728,0.0683445146489728,,True,False,0.0
"multi|channel0,channel1,channel2,channel3,channel4|pmode=roi|rpk=revenue_per_conversion|target=channel2|mu=1.500000|sigma=1.000000|dist=LogNormal|1.500000|1.000000|LogNormal|alpha=0p3|ec=0p5|slope=1p2|lag=4|decay=geometric",channel2,"{""kpi_type"": ""non_revenue"", ""kpi_type_effective"": ""revenue"", ""prior_design_mode"": ""roi"", ""prior_grid_type"": ""roi"", ""revenue_per_kpi"": null, ""roi_prior_overrides"": {""channel0"": {""dist"": ""LogNormal"", ""mu"": 1.0, ""sigma"": 1.0}, ""channel1"": {""dist"": ""LogNormal"", ""mu"": 1.0, ""sigma"": 1.0}, ""channel2"": {""dist"": ""LogNormal"", ""mu"": 1.5, ""sigma"": 1.0}, ""channel3"": {""dist"": ""LogNormal"", ""mu"": 1.0, ""sigma"": 1.0}, ""channel4"": {""dist"": ""LogNormal"", ""mu"": 1.0, ""sigma"": 1.0}}, ""run_mode"": ""roi_full"", ""structural_overrides"": {""adstock_decay_spec"": ""geometric"", ""alpha_m"": 0.3, ""ec_m"": 0.5, ""max_lag"": 4, ""slope_m"": 1.2}, ""sweep_type"": ""fixed_full_grid"", ""target_channel"": ""channel2"", ""two_layer_enabled"": false}",channel2,PASS,PASS,,,0.5478384270270665,0.9113376198957364,0.3634991928686698,0.6635153266653031,0.3,0.5,1.2,4,geometric,prior_sweep,roi_full,roi,non_revenue,revenue,__revenue_equiv__,,channel2,fixed_full_grid,False,roi,roi,Revenue-equivalent ROI,1.5,1.0,LogNormal,target_channels,channel2,configured,,,,upload_8ce52c632a82_national_all_channels,/Users/jasper/Documents/Intern/BlueAlpha/capstone-Blue_Alpha_1/backend/storage/uploads/upload_8ce52c632a82_national_all_channels.csv,1.5,1.0,LogNormal,0.3578971561854973,0.1389466427266597,0.4730767756700516,1.2380538046360017,0.4421991417046348,0.3391097441315651,0.8294999301433563,1.737339955568313,0.5624047931646292,1.5,1.0,LogNormal,0.5870266908642932,0.5749726669858849,12079349.341539,6617531.742779157,11008365.478807282,4390833.736028125,4390833.736028125,100.0,661753174.2779157,1100836547.8807282,439083373.6028125,439083373.6028125,False,channel2,True,0.663515326665303,0.663515326665303,False,0.663515326665303,0.663515326665303,0.663515326665303,0.663515326665303,0.5089330299387913,0.663515326665303,percent_roi_or_contribution,0.5,0.0,0,True,False,False,0.5,True,1.327030653330606,,1.327030653330606,1.327030653330606,,True,False,0.0
"multi|channel0,channel1,channel2,channel3,channel4|pmode=roi|rpk=revenue_per_conversion|target=channel2|mu=1.500000|sigma=1.000000|dist=LogNormal|1.500000|1.000000|LogNormal|alpha=0p3|ec=0p5|slope=1p2|lag=4|decay=geometric",channel2,"{""kpi_type"": ""non_revenue"", ""kpi_type_effective"": ""revenue"", ""prior_design_mode"": ""roi"", ""prior_grid_type"": ""roi"", ""revenue_per_kpi"": null, ""roi_prior_overrides"": {""channel0"": {""dist"": ""LogNormal"", ""mu"": 1.0, ""sigma"": 1.0}, ""channel1"": {""dist"": ""LogNormal"", ""mu"": 1.0, ""sigma"": 1.0}, ""channel2"": {""dist"": ""LogNormal"", ""mu"": 1.5, ""sigma"": 1.0}, ""channel3"": {""dist"": ""LogNormal"", ""mu"": 1.0, ""sigma"": 1.0}, ""channel4"": {""dist"": ""LogNormal"", ""mu"": 1.0, ""sigma"": 1.0}}, ""run_mode"": ""roi_full"", ""structural_overrides"": {""adstock_decay_spec"": ""geometric"", ""alpha_m"": 0.3, ""ec_m"": 0.5, ""max_lag"": 4, ""slope_m"": 1.2}, ""sweep_type"": ""fixed_full_grid"", ""target_channel"": ""channel2"", ""two_layer_enabled"": false}",channel3,PASS,PASS,,,0.2585340054263361,0.2623016127571463,0.0037676073308102,0.014572966231646,0.3,0.5,1.2,4,geometric,prior_sweep,roi_full,roi,non_revenue,revenue,__revenue_equiv__,,channel2,fixed_full_grid,False,roi,roi,Revenue-equivalent ROI,1.5,1.0,LogNormal,target_channels,channel2,configured,,,,upload_8ce52c632a82_national_all_channels,/Users/jasper/Documents/Intern/BlueAlpha/capstone-Blue_Alpha_1/backend/storage/uploads/upload_8ce52c632a82_national_all_channels.csv,1.5,1.0,LogNormal,0.1334336334010044,0.0872698206454515,0.2386796101927757,0.505061289668083,0.1367233714503395,0.0888306185603141,0.2392115816473961,0.507483971118927,0.9905203588189064,1.0,1.0,LogNormal,1.7712416763739736,0.7649271355409023,87860358.24888599,22714890.336277325,23045913.66610344,331023.32982611284,331023.32982611284,100.0,2271489033.6277323,2304591366.610344,33102332.982611656,33102332.982611656,False,channel2,False,0.014572966231646152,0.014572966231646152,False,0.014572966231646223,0.014572966231646223,0.014572966231646188,0.014572966231646188,0.01446780104054293,0.014572966231646188,percent_roi_or_contribution,0.5,0.0,0,True,False,False,0.5,True,0.029145932463292376,,0.029145932463292376,0.029145932463292376,,True,False,0.0
"multi|channel0,channel1,channel2,channel3,channel4|pmode=roi|rpk=revenue_per_conversion|target=channel2|mu=1.500000|sigma=1.000000|dist=LogNormal|1.500000|1.000000|LogNormal|alpha=0p3|ec=0p5|slope=1p2|lag=4|decay=geometric",channel2,"{""kpi_type"": ""non_revenue"", ""kpi_type_effective"": ""revenue"", ""prior_design_mode"": ""roi"", ""prior_grid_type"": ""roi"", ""revenue_per_kpi"": null, ""roi_prior_overrides"": {""channel0"": {""dist"": ""LogNormal"", ""mu"": 1.0, ""sigma"": 1.0}, ""channel1"": {""dist"": ""LogNormal"", ""mu"": 1.0, ""sigma"": 1.0}, ""channel2"": {""dist"": ""LogNormal"", ""mu"": 1.5, ""sigma"": 1.0}, ""channel3"": {""dist"": ""LogNormal"", ""mu"": 1.0, ""sigma"": 1.0}, ""channel4"": {""dist"": ""LogNormal"", ""mu"": 1.0, ""sigma"": 1.0}}, ""run_mode"": ""roi_full"", ""structural_overrides"": {""adstock_decay_spec"": ""geometric"", ""alpha_m"": 0.3, ""ec_m"": 0.5, ""max_lag"": 4, ""slope_m"": 1.2}, ""sweep_type"": ""fixed_full_grid"", ""target_channel"": ""channel2"", ""two_layer_enabled"": false}",channel4,PASS,PASS,,,0.4063499003617714,0.4216488210577517,0.0152989206959803,0.037649623347661,0.3,0.5,1.2,4,geometric,prior_sweep,roi_full,roi,non_revenue,revenue,__revenue_equiv__,,channel2,fixed_full_grid,False,roi,roi,Revenue-equivalent ROI,1.5,1.0,LogNormal,target_channels,channel2,configured,,,,upload_8ce52c632a82_national_all_channels,/Users/jasper/Documents/Intern/BlueAlpha/capstone-Blue_Alpha_1/backend/storage/uploads/upload_8ce52c632a82_national_all_channels.csv,1.5,1.0,LogNormal,0.2333962216151473,0.1240440666675567,0.3590486496686935,0.8468084782361984,0.2502249515429682,0.1219372238963842,0.3677482604980469,0.8983840942382811,0.9308613881724876,1.0,1.0,LogNormal,1.0839462658101966,0.5898772332255432,47730683.477718174,19395358.475370027,20125586.416660577,730227.9412905499,730227.9412905499,100.0,1939535847.5370028,2012558641.6660576,73022794.12905478,73022794.12905478,False,channel2,False,0.037649623347661136,0.037649623347661136,False,0.0376496233476612,0.0376496233476612,0.03764962334766117,0.03764962334766117,0.036958177999547356,0.03764962334766117,percent_roi_or_contribution,0.5,0.0,0,True,False,False,0.5,True,0.07529924669532234,,0.07529924669532234,0.07529924669532234,,True,False,0.0
"multi|channel0,channel1,channel2,channel3,channel4|pmode=roi|rpk=revenue_per_conversion|target=channel2|mu=1.500000|sigma=1.500000|dist=LogNormal|1.500000|1.500000|LogNormal|alpha=0p3|ec=0p5|slope=1p2|lag=4|decay=geometric",channel2,"{""kpi_type"": ""non_revenue"", ""kpi_type_effective"": ""revenue"", ""prior_design_mode"": ""roi"", ""prior_grid_type"": ""roi"", ""revenue_per_kpi"": null, ""roi_prior_overrides"": {""channel0"": {""dist"": ""LogNormal"", ""mu"": 1.0, ""sigma"": 1.0}, ""channel1"": {""dist"": ""LogNormal"", ""mu"": 1.0, ""sigma"": 1.0}, ""channel2"": {""dist"": ""LogNormal"", ""mu"": 1.5, ""sigma"": 1.5}, ""channel3"": {""dist"": ""LogNormal"", ""mu"": 1.0, ""sigma"": 1.0}, ""channel4"": {""dist"": ""LogNormal"", ""mu"": 1.0, ""sigma"": 1.0}}, ""run_mode"": ""roi_full"", ""structural_overrides"": {""adstock_decay_spec"": ""geometric"", ""alpha_m"": 0.3, ""ec_m"": 0.5, ""max_lag"": 4, ""slope_m"": 1.2}, ""sweep_type"": ""fixed_full_grid"", ""target_channel"": ""channel2"", ""two_layer_enabled"": false}",channel0,PASS,PASS,,,0.4308758754407366,0.4320731920593728,0.0011973166186362,0.002778797066351,0.3,0.5,1.2,4,geometric,prior_sweep,roi_full,roi,non_revenue,revenue,__revenue_equiv__,,channel2,fixed_full_grid,False,roi,roi,Revenue-equivalent ROI,1.5,1.5,LogNormal,target_channels,channel2,configured,,,,upload_8ce52c632a82_national_all_channels,/Users/jasper/Documents/Intern/BlueAlpha/capstone-Blue_Alpha_1/backend/storage/uploads/upload_8ce52c632a82_national_all_channels.csv,1.5,1.5,LogNormal,0.260312272419158,0.1235604096204042,0.3676227629184723,0.9330472171306609,0.2611437299421378,0.1187575981020927,0.3712225556373596,0.9209663093090056,0.9792657072552288,1.0,1.0,LogNormal,1.0380527872326084,0.5208548631759524,40501713.0799782,17451211.080185138,17499704.45433903,48493.37415389344,48493.37415389344,100.0,1745121108.0185137,1749970445.4339032,4849337.415389538,4849337.415389538,False,channel2,False,0.0027787970663511485,0.0027787970663511485,False,0.002778797066351167,0.002778797066351167,0.0027787970663511576,0.0027787970663511576,0.002774943347267951,0.0027787970663511576,percent_roi_or_contribution,0.5,0.5,0,False,False,False,1.0,True,,,0.0027787970663511576,0.0027787970663511576,,True,False,0.0
"multi|channel0,channel1,channel2,channel3,channel4|pmode=roi|rpk=revenue_per_conversion|target=channel2|mu=1.500000|sigma=1.500000|dist=LogNormal|1.500000|1.500000|LogNormal|alpha=0p3|ec=0p5|slope=1p2|lag=4|decay=geometric",channel2,"{""kpi_type"": ""non_revenue"", ""kpi_type_effective"": ""revenue"", ""prior_design_mode"": ""roi"", ""prior_grid_type"": ""roi"", ""revenue_per_kpi"": null, ""roi_prior_overrides"": {""channel0"": {""dist"": ""LogNormal"", ""mu"": 1.0, ""sigma"": 1.0}, ""channel1"": {""dist"": ""LogNormal"", ""mu"": 1.0, ""sigma"": 1.0}, ""channel2"": {""dist"": ""LogNormal"", ""mu"": 1.5, ""sigma"": 1.5}, ""channel3"": {""dist"": ""LogNormal"", ""mu"": 1.0, ""sigma"": 1.0}, ""channel4"": {""dist"": ""LogNormal"", ""mu"": 1.0, ""sigma"": 1.0}}, ""run_mode"": ""roi_full"", ""structural_overrides"": {""adstock_decay_spec"": ""geometric"", ""alpha_m"": 0.3, ""ec_m"": 0.5, ""max_lag"": 4, ""slope_m"": 1.2}, ""sweep_type"": ""fixed_full_grid"", ""target_channel"": ""channel2"", ""two_layer_enabled"": false}",channel1,PASS,PASS,,,0.4654245746042579,0.4661140549617509,0.0006894803574929,0.0014814008436903,0.3,0.5,1.2,4,geometric,prior_sweep,roi_full,roi,non_revenue,revenue,__revenue_equiv__,,channel2,fixed_full_grid,False,roi,roi,Revenue-equivalent ROI,1.5,1.5,LogNormal,target_channels,channel2,configured,,,,upload_8ce52c632a82_national_all_channels,/Users/jasper/Documents/Intern/BlueAlpha/capstone-Blue_Alpha_1/backend/storage/uploads/upload_8ce52c632a82_national_all_channels.csv,1.5,1.5,LogNormal,0.2843900597561066,0.1218790113925933,0.3990941643714905,1.014937341213226,0.2829601349704654,0.1249837946146726,0.396185040473938,1.004130619764328,0.9844226248090968,1.0,1.0,LogNormal,0.9449995772361104,0.5289547041838069,31320298.2023646,14577236.467314048,14598831.197715402,21594.73040135391,21594.73040135391,100.0,1457723646.7314048,1459883119.7715402,2159473.0401353836,2159473.0401353836,False,channel2,False,0.001481400843690414,0.001481400843690414,False,0.0014814008436904284,0.0014814008436904284,0.0014814008436904212,0.0014814008436904212,0.0014803046519266318,0.0014814008436904212,percent_roi_or_contribution,0.5,0.5,0,False,False,False,1.0,True,,,0.0014814008436904212,0.0014814008436904212,,True,False,0.0
"multi|channel0,channel1,channel2,channel3,channel4|pmode=roi|rpk=revenue_per_conversion|target=channel2|mu=1.500000|sigma=1.500000|dist=LogNormal|1.500000|1.500000|LogNormal|alpha=0p3|ec=0p5|slope=1p2|lag=4|decay=geometric",channel2,"{""kpi_type"": ""non_revenue"", ""kpi_type_effective"": ""revenue"", ""prior_design_mode"": ""roi"", ""prior_grid_type"": ""roi"", ""revenue_per_kpi"": null, ""roi_prior_overrides"": {""channel0"": {""dist"": ""LogNormal"", ""mu"": 1.0, ""sigma"": 1.0}, ""channel1"": {""dist"": ""LogNormal"", ""mu"": 1.0, ""sigma"": 1.0}, ""channel2"": {""dist"": ""LogNormal"", ""mu"": 1.5, ""sigma"": 1.5}, ""channel3"": {""dist"": ""LogNormal"", ""mu"": 1.0, ""sigma"": 1.0}, ""channel4"": {""dist"": ""LogNormal"", ""mu"": 1.0, ""sigma"": 1.0}}, ""run_mode"": ""roi_full"", ""structural_overrides"": {""adstock_decay_spec"": ""geometric"", ""alpha_m"": 0.3, ""ec_m"": 0.5, ""max_lag"": 4, ""slope_m"": 1.2}, ""sweep_type"": ""fixed_full_grid"", ""target_channel"": ""channel2"", ""two_layer_enabled"": false}",channel2,PASS,PASS,,,0.5478384270270665,0.6953678235132247,0.1475293964861581,0.2692936260180765,0.3,0.5,1.2,4,geometric,prior_sweep,roi_full,roi,non_revenue,revenue,__revenue_equiv__,,channel2,fixed_full_grid,False,roi,roi,Revenue-equivalent ROI,1.5,1.5,LogNormal,target_channels,channel2,configured,,,,upload_8ce52c632a82_national_all_channels,/Users/jasper/Documents/Intern/BlueAlpha/capstone-Blue_Alpha_1/backend/storage/uploads/upload_8ce52c632a82_national_all_channels.csv,1.5,1.5,LogNormal,0.3578971561854973,0.1389466427266597,0.4730767756700516,1.2380538046360017,0.4284392141033129,0.1928113855421543,0.5940993130207062,1.501668763160705,0.7670253556615956,1.5,1.5,LogNormal,0.937736649765752,0.7856788841371045,12079349.341539,6617531.742779157,8399590.861081878,1782059.1183027206,1782059.1183027206,100.0,661753174.2779157,839959086.1081878,178205911.83027208,178205911.83027208,False,channel2,True,0.2692936260180765,0.2692936260180765,False,0.26929362601807655,0.26929362601807655,0.2692936260180765,0.2692936260180765,0.2384605457481423,0.2692936260180765,percent_roi_or_contribution,0.5,0.5,0,False,False,False,1.0,True,,,0.2692936260180765,0.2692936260180765,,True,False,0.0
"multi|channel0,channel1,channel2,channel3,channel4|pmode=roi|rpk=revenue_per_conversion|target=channel2|mu=1.500000|sigma=1.500000|dist=LogNormal|1.500000|1.500000|LogNormal|alpha=0p3|ec=0p5|slope=1p2|lag=4|decay=geometric",channel2,"{""kpi_type"": ""non_revenue"", ""kpi_type_effective"": ""revenue"", ""prior_design_mode"": ""roi"", ""prior_grid_type"": ""roi"", ""revenue_per_kpi"": null, ""roi_prior_overrides"": {""channel0"": {""dist"": ""LogNormal"", ""mu"": 1.0, ""sigma"": 1.0}, ""channel1"": {""dist"": ""LogNormal"", ""mu"": 1.0, ""sigma"": 1.0}, ""channel2"": {""dist"": ""LogNormal"", ""mu"": 1.5, ""sigma"": 1.5}, ""channel3"": {""dist"": ""LogNormal"", ""mu"": 1.0, ""sigma"": 1.0}, ""channel4"": {""dist"": ""LogNormal"", ""mu"": 1.0, ""sigma"": 1.0}}, ""run_mode"": ""roi_full"", ""structural_overrides"": {""adstock_decay_spec"": ""geometric"", ""alpha_m"": 0.3, ""ec_m"": 0.5, ""max_lag"": 4, ""slope_m"": 1.2}, ""sweep_type"": ""fixed_full_grid"", ""target_channel"": ""channel2"", ""two_layer_enabled"": false}",channel3,PASS,PASS,,,0.2585340054263361,0.2573356958897784,0.0011983095365576,0.0046350171018377,0.3,0.5,1.2,4,geometric,prior_sweep,roi_full,roi,non_revenue,revenue,__revenue_equiv__,,channel2,fixed_full_grid,False,roi,roi,Revenue-equivalent ROI,1.5,1.5,LogNormal,target_channels,channel2,configured,,,,upload_8ce52c632a82_national_all_channels,/Users/jasper/Documents/Intern/BlueAlpha/capstone-Blue_Alpha_1/backend/storage/uploads/upload_8ce52c632a82_national_all_channels.csv,1.5,1.5,LogNormal,0.1334336334010044,0.0872698206454515,0.2386796101927757,0.505061289668083,0.1366070540298655,0.0841571059077978,0.2330160066485405,0.512906926870346,0.974441150983305,1.0,1.0,LogNormal,1.775752571040928,0.769904046718401,87860358.24888599,22714890.336277325,22609606.431102306,-105283.90517501906,105283.90517501906,100.0,2271489033.6277323,2260960643.1102304,-10528390.517501833,10528390.517501833,False,channel2,False,0.0046350171018378055,-0.0046350171018378055,False,0.004635017101837953,-0.004635017101837953,0.004635017101837879,-0.004635017101837879,0.004624308487062927,0.004635017101837879,percent_roi_or_contribution,0.5,0.5,0,False,False,False,1.0,True,,,0.004635017101837879,0.004635017101837879,,True,False,0.0
"multi|channel0,channel1,channel2,channel3,channel4|pmode=roi|rpk=revenue_per_conversion|target=channel2|mu=1.500000|sigma=1.500000|dist=LogNormal|1.500000|1.500000|LogNormal|alpha=0p3|ec=0p5|slope=1p2|lag=4|decay=geometric",channel2,"{""kpi_type"": ""non_revenue"", ""kpi_type_effective"": ""revenue"", ""prior_design_mode"": ""roi"", ""prior_grid_type"": ""roi"", ""revenue_per_kpi"": null, ""roi_prior_overrides"": {""channel0"": {""dist"": ""LogNormal"", ""mu"": 1.0, ""sigma"": 1.0}, ""channel1"": {""dist"": ""LogNormal"", ""mu"": 1.0, ""sigma"": 1.0}, ""channel2"": {""dist"": ""LogNormal"", ""mu"": 1.5, ""sigma"": 1.5}, ""channel3"": {""dist"": ""LogNormal"", ""mu"": 1.0, ""sigma"": 1.0}, ""channel4"": {""dist"": ""LogNormal"", ""mu"": 1.0, ""sigma"": 1.0}}, ""run_mode"": ""roi_full"", ""structural_overrides"": {""adstock_decay_spec"": ""geometric"", ""alpha_m"": 0.3, ""ec_m"": 0.5, ""max_lag"": 4, ""slope_m"": 1.2}, ""sweep_type"": ""fixed_full_grid"", ""target_channel"": ""channel2"", ""two_layer_enabled"": false}",channel4,PASS,PASS,,,0.4063499003617714,0.4052209064022948,0.0011289939594765,0.0027783788268963,0.3,0.5,1.2,4,geometric,prior_sweep,roi_full,roi,non_revenue,revenue,__revenue_equiv__,,channel2,fixed_full_grid,False,roi,roi,Revenue-equivalent ROI,1.5,1.5,LogNormal,target_channels,channel2,configured,,,,upload_8ce52c632a82_national_all_channels,/Users/jasper/Documents/Intern/BlueAlpha/capstone-Blue_Alpha_1/backend/storage/uploads/upload_8ce52c632a82_national_all_channels.csv,1.5,1.5,LogNormal,0.2333962216151473,0.1240440666675567,0.3590486496686935,0.8468084782361984,0.2345151071516025,0.1171757970005273,0.3560691922903061,0.8362173974514008,0.9760710410856888,1.0,1.0,LogNormal,1.1546150231811485,0.6061276079973993,47730683.477718174,19395358.475370027,19341470.822041996,-53887.6533280313,53887.6533280313,100.0,1939535847.5370028,1934147082.2041996,-5388765.332803249,5388765.332803249,False,channel2,False,0.0027783788268963237,-0.0027783788268963237,False,0.002778378826896275,-0.002778378826896275,0.0027783788268962994,-0.0027783788268962994,0.002774526266708143,0.0027783788268962994,percent_roi_or_contribution,0.5,0.5,0,False,False,False,1.0,True,,,0.0027783788268962994,0.0027783788268962994,,True,False,0.0
"multi|channel0,channel1,channel2,channel3,channel4|pmode=roi|rpk=revenue_per_conversion|target=channel2|mu=1.500000|sigma=0.500000|dist=LogNormal|1.500000|0.500000|LogNormal|alpha=0p3|ec=0p5|slope=1p2|lag=4|decay=geometric",channel2,"{""kpi_type"": ""non_revenue"", ""kpi_type_effective"": ""revenue"", ""prior_design_mode"": ""roi"", ""prior_grid_type"": ""roi"", ""revenue_per_kpi"": null, ""roi_prior_overrides"": {""channel0"": {""dist"": ""LogNormal"", ""mu"": 1.0, ""sigma"": 1.0}, ""channel1"": {""dist"": ""LogNormal"", ""mu"": 1.0, ""sigma"": 1.0}, ""channel2"": {""dist"": ""LogNormal"", ""mu"": 1.5, ""sigma"": 0.5}, ""channel3"": {""dist"": ""LogNormal"", ""mu"": 1.0, ""sigma"": 1.0}, ""channel4"": {""dist"": ""LogNormal"", ""mu"": 1.0, ""sigma"": 1.0}}, ""run_mode"": ""roi_full"", ""structural_overrides"": {""adstock_decay_spec"": ""geometric"", ""alpha_m"": 0.3, ""ec_m"": 0.5, ""max_lag"": 4, ""slope_m"": 1.2}, ""sweep_type"": ""fixed_full_grid"", ""target_channel"": ""channel2"", ""two_layer_enabled"": false}",channel0,PASS,PASS,,,0.4308758754407366,0.4494685742476334,0.0185926988068968,0.0431509394390638,0.3,0.5,1.2,4,geometric,prior_sweep,roi_full,roi,non_revenue,revenue,__revenue_equiv__,,channel2,fixed_full_grid,False,roi,roi,Revenue-equivalent ROI,1.5,0.5,LogNormal,target_channels,channel2,configured,,,,upload_8ce52c632a82_national_all_channels,/Users/jasper/Documents/Intern/BlueAlpha/capstone-Blue_Alpha_1/backend/storage/uploads/upload_8ce52c632a82_national_all_channels.csv,1.5,0.5,LogNormal,0.260312272419158,0.1235604096204042,0.3676227629184723,0.9330472171306609,0.2820848704692184,0.1241554170846939,0.3878977298736572,0.982460418343544,0.9417764487492364,1.0,1.0,LogNormal,0.9568756566567128,0.5033132121361374,40501713.0799782,17451211.080185138,18204247.23264453,753036.1524593905,753036.1524593905,100.0,1745121108.0185137,1820424723.264453,75303615.24593925,75303615.24593925,False,channel2,False,0.043150939439063854,0.043150939439063854,False,0.04315093943906394,0.04315093943906394,0.043150939439063896,0.043150939439063896,0.042245882172417176,0.043150939439063896,percent_roi_or_contribution,0.5,0.5,0,False,False,False,1.0,True,,,0.043150939439063896,0.043150939439063896,,True,False,0.0
"multi|channel0,channel1,channel2,channel3,channel4|pmode=roi|rpk=revenue_per_conversion|target=channel2|mu=1.500000|sigma=0.500000|dist=LogNormal|1.500000|0.500000|LogNormal|alpha=0p3|ec=0p5|slope=1p2|lag=4|decay=geometric",channel2,"{""kpi_type"": ""non_revenue"", ""kpi_type_effective"": ""revenue"", ""prior_design_mode"": ""roi"", ""prior_grid_type"": ""roi"", ""revenue_per_kpi"": null, ""roi_prior_overrides"": {""channel0"": {""dist"": ""LogNormal"", ""mu"": 1.0, ""sigma"": 1.0}, ""channel1"": {""dist"": ""LogNormal"", ""mu"": 1.0, ""sigma"": 1.0}, ""channel2"": {""dist"": ""LogNormal"", ""mu"": 1.5, ""sigma"": 0.5}, ""channel3"": {""dist"": ""LogNormal"", ""mu"": 1.0, ""sigma"": 1.0}, ""channel4"": {""dist"": ""LogNormal"", ""mu"": 1.0, ""sigma"": 1.0}}, ""run_mode"": ""roi_full"", ""structural_overrides"": {""adstock_decay_spec"": ""geometric"", ""alpha_m"": 0.3, ""ec_m"": 0.5, ""max_lag"": 4, ""slope_m"": 1.2}, ""sweep_type"": ""fixed_full_grid"", ""target_channel"": ""channel2"", ""two_layer_enabled"": false}",channel1,PASS,PASS,,,0.4654245746042579,0.482598298403124,0.0171737237988661,0.0368990481722384,0.3,0.5,1.2,4,geometric,prior_sweep,roi_full,roi,non_revenue,revenue,__revenue_equiv__,,channel2,fixed_full_grid,False,roi,roi,Revenue-equivalent ROI,1.5,0.5,LogNormal,target_channels,channel2,configured,,,,upload_8ce52c632a82_national_all_channels,/Users/jasper/Documents/Intern/BlueAlpha/capstone-Blue_Alpha_1/backend/storage/uploads/upload_8ce52c632a82_national_all_channels.csv,1.5,0.5,LogNormal,0.2843900597561066,0.1218790113925933,0.3990941643714905,1.014937341213226,0.3221071007937149,0.1274556100368499,0.4017179906368255,1.0914673149585723,0.9153181076054352,1.0,1.0,LogNormal,0.8185999301784905,0.5125047472413732,31320298.2023646,14577236.467314048,15115122.61793958,537886.1506255325,537886.1506255325,100.0,1457723646.7314048,1511512261.793958,53788615.06255317,53788615.06255317,False,channel2,False,0.03689904817223848,0.03689904817223848,False,0.03689904817223848,0.03689904817223848,0.03689904817223848,0.03689904817223848,0.03623457462645998,0.03689904817223848,percent_roi_or_contribution,0.5,0.5,0,False,False,False,1.0,True,,,0.03689904817223848,0.03689904817223848,,True,False,0.0
"multi|channel0,channel1,channel2,channel3,channel4|pmode=roi|rpk=revenue_per_conversion|target=channel2|mu=1.500000|sigma=0.500000|dist=LogNormal|1.500000|0.500000|LogNormal|alpha=0p3|ec=0p5|slope=1p2|lag=4|decay=geometric",channel2,"{""kpi_type"": ""non_revenue"", ""kpi_type_effective"": ""revenue"", ""prior_design_mode"": ""roi"", ""prior_grid_type"": ""roi"", ""revenue_per_kpi"": null, ""roi_prior_overrides"": {""channel0"": {""dist"": ""LogNormal"", ""mu"": 1.0, ""sigma"": 1.0}, ""channel1"": {""dist"": ""LogNormal"", ""mu"": 1.0, ""sigma"": 1.0}, ""channel2"": {""dist"": ""LogNormal"", ""mu"": 1.5, ""sigma"": 0.5}, ""channel3"": {""dist"": ""LogNormal"", ""mu"": 1.0, ""sigma"": 1.0}, ""channel4"": {""dist"": ""LogNormal"", ""mu"": 1.0, ""sigma"": 1.0}}, ""run_mode"": ""roi_full"", ""structural_overrides"": {""adstock_decay_spec"": ""geometric"", ""alpha_m"": 0.3, ""ec_m"": 0.5, ""max_lag"": 4, ""slope_m"": 1.2}, ""sweep_type"": ""fixed_full_grid"", ""target_channel"": ""channel2"", ""two_layer_enabled"": false}",channel2,PASS,PASS,,,0.5478384270270665,1.2333473701278368,0.6855089431007703,1.2512976623797547,0.3,0.5,1.2,4,geometric,prior_sweep,roi_full,roi,non_revenue,revenue,__revenue_equiv__,,channel2,fixed_full_grid,False,roi,roi,Revenue-equivalent ROI,1.5,0.5,LogNormal,target_channels,channel2,configured,,,,upload_8ce52c632a82_national_all_channels,/Users/jasper/Documents/Intern/BlueAlpha/capstone-Blue_Alpha_1/backend/storage/uploads/upload_8ce52c632a82_national_all_channels.csv,1.5,0.5,LogNormal,0.3578971561854973,0.1389466427266597,0.4730767756700516,1.2380538046360017,0.3579734427402752,0.726172947883606,1.1872628331184387,1.873184025287628,0.2951619322128181,1.5,0.5,LogNormal,0.2326465185129995,0.2592408100539922,12079349.341539,6617531.742779157,14898033.74324254,8280502.000463384,8280502.000463384,100.0,661753174.2779157,1489803374.324254,828050200.0463383,828050200.0463383,False,channel2,True,1.251297662379755,1.251297662379755,False,1.2512976623797545,1.2512976623797545,1.2512976623797547,1.2512976623797547,0.811506788801852,1.2512976623797547,percent_roi_or_contribution,0.5,0.5,0,False,False,False,1.0,True,,,1.2512976623797547,1.2512976623797547,,True,False,0.0
"multi|channel0,channel1,channel2,channel3,channel4|pmode=roi|rpk=revenue_per_conversion|target=channel2|mu=1.500000|sigma=0.500000|dist=LogNormal|1.500000|0.500000|LogNormal|alpha=0p3|ec=0p5|slope=1p2|lag=4|decay=geometric",channel2,"{""kpi_type"": ""non_revenue"", ""kpi_type_effective"": ""revenue"", ""prior_design_mode"": ""roi"", ""prior_grid_type"": ""roi"", ""revenue_per_kpi"": null, ""roi_prior_overrides"": {""channel0"": {""dist"": ""LogNormal"", ""mu"": 1.0, ""sigma"": 1.0}, ""channel1"": {""dist"": ""LogNormal"", ""mu"": 1.0, ""sigma"": 1.0}, ""channel2"": {""dist"": ""LogNormal"", ""mu"": 1.5, ""sigma"": 0.5}, ""channel3"": {""dist"": ""LogNormal"", ""mu"": 1.0, ""sigma"": 1.0}, ""channel4"": {""dist"": ""LogNormal"", ""mu"": 1.0, ""sigma"": 1.0}}, ""run_mode"": ""roi_full"", ""structural_overrides"": {""adstock_decay_spec"": ""geometric"", ""alpha_m"": 0.3, ""ec_m"": 0.5, ""max_lag"": 4, ""slope_m"": 1.2}, ""sweep_type"": ""fixed_full_grid"", ""target_channel"": ""channel2"", ""two_layer_enabled"": false}",channel3,PASS,PASS,,,0.2585340054263361,0.2603962178404133,0.0018622124140771,0.0072029689518262,0.3,0.5,1.2,4,geometric,prior_sweep,roi_full,roi,non_revenue,revenue,__revenue_equiv__,,channel2,fixed_full_grid,False,roi,roi,Revenue-equivalent ROI,1.5,0.5,LogNormal,target_channels,channel2,configured,,,,upload_8ce52c632a82_national_all_channels,/Users/jasper/Documents/Intern/BlueAlpha/capstone-Blue_Alpha_1/backend/storage/uploads/upload_8ce52c632a82_national_all_channels.csv,1.5,0.5,LogNormal,0.1334336334010044,0.0872698206454515,0.2386796101927757,0.505061289668083,0.1427410836898077,0.0876793835312128,0.2337613999843597,0.5198560088872909,0.9648525946545728,1.0,1.0,LogNormal,1.7304172791927497,0.7669594082413503,87860358.24888599,22714890.336277325,22878504.986113667,163614.64983634278,163614.64983634278,100.0,2271489033.6277323,2287850498.6113667,16361464.983634472,16361464.983634472,False,channel2,False,0.007202968951826301,0.007202968951826301,False,0.0072029689518262096,0.0072029689518262096,0.0072029689518262555,0.0072029689518262555,0.007177151471839197,0.0072029689518262555,percent_roi_or_contribution,0.5,0.5,0,False,False,False,1.0,True,,,0.0072029689518262555,0.0072029689518262555,,True,False,0.0
"multi|channel0,channel1,channel2,channel3,channel4|pmode=roi|rpk=revenue_per_conversion|target=channel2|mu=1.500000|sigma=0.500000|dist=LogNormal|1.500000|0.500000|LogNormal|alpha=0p3|ec=0p5|slope=1p2|lag=4|decay=geometric",channel2,"{""kpi_type"": ""non_revenue"", ""kpi_type_effective"": ""revenue"", ""prior_design_mode"": ""roi"", ""prior_grid_type"": ""roi"", ""revenue_per_kpi"": null, ""roi_prior_overrides"": {""channel0"": {""dist"": ""LogNormal"", ""mu"": 1.0, ""sigma"": 1.0}, ""channel1"": {""dist"": ""LogNormal"", ""mu"": 1.0, ""sigma"": 1.0}, ""channel2"": {""dist"": ""LogNormal"", ""mu"": 1.5, ""sigma"": 0.5}, ""channel3"": {""dist"": ""LogNormal"", ""mu"": 1.0, ""sigma"": 1.0}, ""channel4"": {""dist"": ""LogNormal"", ""mu"": 1.0, ""sigma"": 1.0}}, ""run_mode"": ""roi_full"", ""structural_overrides"": {""adstock_decay_spec"": ""geometric"", ""alpha_m"": 0.3, ""ec_m"": 0.5, ""max_lag"": 4, ""slope_m"": 1.2}, ""sweep_type"": ""fixed_full_grid"", ""target_channel"": ""channel2"", ""two_layer_enabled"": false}",channel4,PASS,PASS,,,0.4063499003617714,0.4129980861907825,0.0066481858290111,0.0163607418707185,0.3,0.5,1.2,4,geometric,prior_sweep,roi_full,roi,non_revenue,revenue,__revenue_equiv__,,channel2,fixed_full_grid,False,roi,roi,Revenue-equivalent ROI,1.5,0.5,LogNormal,target_channels,channel2,configured,,,,upload_8ce52c632a82_national_all_channels,/Users/jasper/Documents/Intern/BlueAlpha/capstone-Blue_Alpha_1/backend/storage/uploads/upload_8ce52c632a82_national_all_channels.csv,1.5,0.5,LogNormal,0.2333962216151473,0.1240440666675567,0.3590486496686935,0.8468084782361984,0.2542449595186665,0.1168687473982572,0.3514888882637024,0.89324554502964,0.930945404053412,1.0,1.0,LogNormal,1.0740629422801498,0.5984053264760495,47730683.477718174,19395358.475370027,19712680.928875607,317322.4535055794,317322.4535055794,100.0,1939535847.5370028,1971268092.8875608,31732245.350557804,31732245.350557804,False,channel2,False,0.016360741870718468,0.016360741870718468,False,0.016360741870718398,0.016360741870718398,0.016360741870718433,0.016360741870718433,0.016228347033463188,0.016360741870718433,percent_roi_or_contribution,0.5,0.5,0,False,False,False,1.0,True,,,0.016360741870718433,0.016360741870718433,,True,False,0.0
"multi|channel0,channel1,channel2,channel3,channel4|pmode=roi|rpk=revenue_per_conversion|target=channel3|mu=0.500000|sigma=0.500000|dist=LogNormal|0.500000|0.500000|LogNormal|alpha=0p3|ec=0p5|slope=1p2|lag=4|decay=geometric",channel3,"{""kpi_type"": ""non_revenue"", ""kpi_type_effective"": ""revenue"", ""prior_design_mode"": ""roi"", ""prior_grid_type"": ""roi"", ""revenue_per_kpi"": null, ""roi_prior_overrides"": {""channel0"": {""dist"": ""LogNormal"", ""mu"": 1.0, ""sigma"": 1.0}, ""channel1"": {""dist"": ""LogNormal"", ""mu"": 1.0, ""sigma"": 1.0}, ""channel2"": {""dist"": ""LogNormal"", ""mu"": 1.0, ""sigma"": 1.0}, ""channel3"": {""dist"": ""LogNormal"", ""mu"": 0.5, ""sigma"": 0.5}, ""channel4"": {""dist"": ""LogNormal"", ""mu"": 1.0, ""sigma"": 1.0}}, ""run_mode"": ""roi_full"", ""structural_overrides"": {""adstock_decay_spec"": ""geometric"", ""alpha_m"": 0.3, ""ec_m"": 0.5, ""max_lag"": 4, ""slope_m"": 1.2}, ""sweep_type"": ""fixed_full_grid"", ""target_channel"": ""channel3"", ""two_layer_enabled"": false}",channel0,PASS,PASS,,,0.4308758754407366,0.4600532145332545,0.0291773390925179,0.0677163442085793,0.3,0.5,1.2,4,geometric,prior_sweep,roi_full,roi,non_revenue,revenue,__revenue_equiv__,,channel3,fixed_full_grid,False,roi,roi,Revenue-equivalent ROI,0.5,0.5,LogNormal,target_channels,channel3,configured,,,,upload_8ce52c632a82_national_all_channels,/Users/jasper/Documents/Intern/BlueAlpha/capstone-Blue_Alpha_1/backend/storage/uploads/upload_8ce52c632a82_national_all_channels.csv,0.5,0.5,LogNormal,0.260312272419158,0.1235604096204042,0.3676227629184723,0.9330472171306609,0.2814070312837991,0.1305293224751949,0.3878041356801986,1.0220365285873412,0.8931989150453956,1.0,1.0,LogNormal,0.9533193720160448,0.492670455529839,40501713.0799782,17451211.080185138,18632943.29654753,1181732.216362391,1181732.216362391,100.0,1745121108.0185137,1863294329.6547527,118173221.63623904,118173221.63623904,False,channel3,False,0.06771634420857942,0.06771634420857942,False,0.06771634420857935,0.06771634420857935,0.06771634420857939,0.06771634420857939,0.06552210995100341,0.06771634420857939,percent_roi_or_contribution,0.5,0.5,0,False,False,False,1.0,True,,,0.06771634420857939,0.06771634420857939,,True,False,0.0
"multi|channel0,channel1,channel2,channel3,channel4|pmode=roi|rpk=revenue_per_conversion|target=channel3|mu=0.500000|sigma=0.500000|dist=LogNormal|0.500000|0.500000|LogNormal|alpha=0p3|ec=0p5|slope=1p2|lag=4|decay=geometric",channel3,"{""kpi_type"": ""non_revenue"", ""kpi_type_effective"": ""revenue"", ""prior_design_mode"": ""roi"", ""prior_grid_type"": ""roi"", ""revenue_per_kpi"": null, ""roi_prior_overrides"": {""channel0"": {""dist"": ""LogNormal"", ""mu"": 1.0, ""sigma"": 1.0}, ""channel1"": {""dist"": ""LogNormal"", ""mu"": 1.0, ""sigma"": 1.0}, ""channel2"": {""dist"": ""LogNormal"", ""mu"": 1.0, ""sigma"": 1.0}, ""channel3"": {""dist"": ""LogNormal"", ""mu"": 0.5, ""sigma"": 0.5}, ""channel4"": {""dist"": ""LogNormal"", ""mu"": 1.0, ""sigma"": 1.0}}, ""run_mode"": ""roi_full"", ""structural_overrides"": {""adstock_decay_spec"": ""geometric"", ""alpha_m"": 0.3, ""ec_m"": 0.5, ""max_lag"": 4, ""slope_m"": 1.2}, ""sweep_type"": ""fixed_full_grid"", ""target_channel"": ""channel3"", ""two_layer_enabled"": false}",channel1,PASS,PASS,,,0.4654245746042579,0.4972869465903689,0.0318623719861109,0.068458722905216,0.3,0.5,1.2,4,geometric,prior_sweep,roi_full,roi,non_revenue,revenue,__revenue_equiv__,,channel3,fixed_full_grid,False,roi,roi,Revenue-equivalent ROI,0.5,0.5,LogNormal,target_channels,channel3,configured,,,,upload_8ce52c632a82_national_all_channels,/Users/jasper/Documents/Intern/BlueAlpha/capstone-Blue_Alpha_1/backend/storage/uploads/upload_8ce52c632a82_national_all_channels.csv,0.5,0.5,LogNormal,0.2843900597561066,0.1218790113925933,0.3990941643714905,1.014937341213226,0.3105026650941174,0.1308779887855053,0.4263013750314712,1.0901563823223113,0.9130228372257292,1.0,1.0,LogNormal,0.844128953961059,0.4976485477436243,31320298.2023646,14577236.467314048,15575175.459353711,997938.9920396636,997938.9920396636,100.0,1457723646.7314048,1557517545.9353712,99793899.20396638,99793899.20396638,False,channel3,False,0.0684587229052161,0.0684587229052161,False,0.06845872290521611,0.06845872290521611,0.0684587229052161,0.0684587229052161,0.06621716415133791,0.0684587229052161,percent_roi_or_contribution,0.5,0.5,0,False,False,False,1.0,True,,,0.0684587229052161,0.0684587229052161,,True,False,0.0
"multi|channel0,channel1,channel2,channel3,channel4|pmode=roi|rpk=revenue_per_conversion|target=channel3|mu=0.500000|sigma=0.500000|dist=LogNormal|0.500000|0.500000|LogNormal|alpha=0p3|ec=0p5|slope=1p2|lag=4|decay=geometric",channel3,"{""kpi_type"": ""non_revenue"", ""kpi_type_effective"": ""revenue"", ""prior_design_mode"": ""roi"", ""prior_grid_type"": ""roi"", ""revenue_per_kpi"": null, ""roi_prior_overrides"": {""channel0"": {""dist"": ""LogNormal"", ""mu"": 1.0, ""sigma"": 1.0}, ""channel1"": {""dist"": ""LogNormal"", ""mu"": 1.0, ""sigma"": 1.0}, ""channel2"": {""dist"": ""LogNormal"", ""mu"": 1.0, ""sigma"": 1.0}, ""channel3"": {""dist"": ""LogNormal"", ""mu"": 0.5, ""sigma"": 0.5}, ""channel4"": {""dist"": ""LogNormal"", ""mu"": 1.0, ""sigma"": 1.0}}, ""run_mode"": ""roi_full"", ""structural_overrides"": {""adstock_decay_spec"": ""geometric"", ""alpha_m"": 0.3, ""ec_m"": 0.5, ""max_lag"": 4, ""slope_m"": 1.2}, ""sweep_type"": ""fixed_full_grid"", ""target_channel"": ""channel3"", ""two_layer_enabled"": false}",channel2,PASS,PASS,,,0.5478384270270665,0.5490697538169722,0.0012313267899056,0.0022476093847372,0.3,0.5,1.2,4,geometric,prior_sweep,roi_full,roi,non_revenue,revenue,__revenue_equiv__,,channel3,fixed_full_grid,False,roi,roi,Revenue-equivalent ROI,0.5,0.5,LogNormal,target_channels,channel3,configured,,,,upload_8ce52c632a82_national_all_channels,/Users/jasper/Documents/Intern/BlueAlpha/capstone-Blue_Alpha_1/backend/storage/uploads/upload_8ce52c632a82_national_all_channels.csv,0.5,0.5,LogNormal,0.3578971561854973,0.1389466427266597,0.4730767756700516,1.2380538046360017,0.3560965856283917,0.1509981177747249,0.4630171060562134,1.2281035304069516,0.9799821618495376,1.0,1.0,LogNormal,0.6976247095919732,0.4383402218519626,12079349.341539,6617531.742779157,6632405.369228024,14873.626448866911,14873.626448866911,100.0,661753174.2779157,663240536.9228024,1487362.644886732,1487362.644886732,False,channel3,False,0.002247609384737151,0.002247609384737151,False,0.002247609384737224,0.002247609384737224,0.0022476093847371877,0.0022476093847371877,0.0022450872891807473,0.0022476093847371877,percent_roi_or_contribution,0.5,0.5,0,False,False,False,1.0,True,,,0.0022476093847371877,0.0022476093847371877,,True,False,0.0
"multi|channel0,channel1,channel2,channel3,channel4|pmode=roi|rpk=revenue_per_conversion|target=channel3|mu=0.500000|sigma=0.500000|dist=LogNormal|0.500000|0.500000|LogNormal|alpha=0p3|ec=0p5|slope=1p2|lag=4|decay=geometric",channel3,"{""kpi_type"": ""non_revenue"", ""kpi_type_effective"": ""revenue"", ""prior_design_mode"": ""roi"", ""prior_grid_type"": ""roi"", ""revenue_per_kpi"": null, ""roi_prior_overrides"": {""channel0"": {""dist"": ""LogNormal"", ""mu"": 1.0, ""sigma"": 1.0}, ""channel1"": {""dist"": ""LogNormal"", ""mu"": 1.0, ""sigma"": 1.0}, ""channel2"": {""dist"": ""LogNormal"", ""mu"": 1.0, ""sigma"": 1.0}, ""channel3"": {""dist"": ""LogNormal"", ""mu"": 0.5, ""sigma"": 0.5}, ""channel4"": {""dist"": ""LogNormal"", ""mu"": 1.0, ""sigma"": 1.0}}, ""run_mode"": ""roi_full"", ""structural_overrides"": {""adstock_decay_spec"": ""geometric"", ""alpha_m"": 0.3, ""ec_m"": 0.5, ""max_lag"": 4, ""slope_m"": 1.2}, ""sweep_type"": ""fixed_full_grid"", ""target_channel"": ""channel3"", ""two_layer_enabled"": false}",channel3,PASS,PASS,,,0.2585340054263361,0.1988032786206652,0.0597307268056708,0.2310362488183006,0.3,0.5,1.2,4,geometric,prior_sweep,roi_full,roi,non_revenue,revenue,__revenue_equiv__,,channel3,fixed_full_grid,False,roi,roi,Revenue-equivalent ROI,0.5,0.5,LogNormal,target_channels,channel3,configured,,,,upload_8ce52c632a82_national_all_channels,/Users/jasper/Documents/Intern/BlueAlpha/capstone-Blue_Alpha_1/backend/storage/uploads/upload_8ce52c632a82_national_all_channels.csv,0.5,0.5,LogNormal,0.1334336334010044,0.0872698206454515,0.2386796101927757,0.505061289668083,0.1177594884665067,0.0593116680160164,0.1755342558026313,0.4205029740929603,0.7475792177062499,0.5,0.5,LogNormal,1.1551373115027506,0.3149118588424249,87860358.24888599,22714890.336277325,17466927.280664742,-5247963.055612583,5247963.055612583,100.0,2271489033.6277323,1746692728.0664742,-524796305.5612581,524796305.5612581,False,channel3,True,0.23103624881830065,-0.23103624881830065,False,0.23103624881830073,-0.23103624881830073,0.2310362488183007,-0.2310362488183007,0.20785629341239617,0.2310362488183007,percent_roi_or_contribution,0.5,0.5,0,False,False,False,1.0,True,,,0.2310362488183007,0.2310362488183007,,True,False,0.0
"multi|channel0,channel1,channel2,channel3,channel4|pmode=roi|rpk=revenue_per_conversion|target=channel3|mu=0.500000|sigma=0.500000|dist=LogNormal|0.500000|0.500000|LogNormal|alpha=0p3|ec=0p5|slope=1p2|lag=4|decay=geometric",channel3,"{""kpi_type"": ""non_revenue"", ""kpi_type_effective"": ""revenue"", ""prior_design_mode"": ""roi"", ""prior_grid_type"": ""roi"", ""revenue_per_kpi"": null, ""roi_prior_overrides"": {""channel0"": {""dist"": ""LogNormal"", ""mu"": 1.0, ""sigma"": 1.0}, ""channel1"": {""dist"": ""LogNormal"", ""mu"": 1.0, ""sigma"": 1.0}, ""channel2"": {""dist"": ""LogNormal"", ""mu"": 1.0, ""sigma"": 1.0}, ""channel3"": {""dist"": ""LogNormal"", ""mu"": 0.5, ""sigma"": 0.5}, ""channel4"": {""dist"": ""LogNormal"", ""mu"": 1.0, ""sigma"": 1.0}}, ""run_mode"": ""roi_full"", ""structural_overrides"": {""adstock_decay_spec"": ""geometric"", ""alpha_m"": 0.3, ""ec_m"": 0.5, ""max_lag"": 4, ""slope_m"": 1.2}, ""sweep_type"": ""fixed_full_grid"", ""target_channel"": ""channel3"", ""two_layer_enabled"": false}",channel4,PASS,PASS,,,0.4063499003617714,0.4360152895345042,0.0296653891727328,0.0730045439812385,0.3,0.5,1.2,4,geometric,prior_sweep,roi_full,roi,non_revenue,revenue,__revenue_equiv__,,channel3,fixed_full_grid,False,roi,roi,Revenue-equivalent ROI,0.5,0.5,LogNormal,target_channels,channel3,configured,,,,upload_8ce52c632a82_national_all_channels,/Users/jasper/Documents/Intern/BlueAlpha/capstone-Blue_Alpha_1/backend/storage/uploads/upload_8ce52c632a82_national_all_channels.csv,0.5,0.5,LogNormal,0.2333962216151473,0.1240440666675567,0.3590486496686935,0.8468084782361984,0.2528335607864057,0.1288739562034607,0.383080244064331,0.9237352669239044,0.8977646894233648,1.0,1.0,LogNormal,1.0660256507948214,0.5752892674404675,47730683.477718174,19395358.475370027,20811307.776217066,1415949.3008470386,1415949.3008470386,100.0,1939535847.5370028,2081130777.6217065,141594930.08470368,141594930.08470368,False,channel3,False,0.07300454398123848,0.07300454398123848,False,0.07300454398123853,0.07300454398123853,0.07300454398123851,0.07300454398123851,0.07046269847765461,0.07300454398123851,percent_roi_or_contribution,0.5,0.5,0,False,False,False,1.0,True,,,0.07300454398123851,0.07300454398123851,,True,False,0.0
"multi|channel0,channel1,channel2,channel3,channel4|pmode=roi|rpk=revenue_per_conversion|target=channel3|mu=0.500000|sigma=1.000000|dist=LogNormal|0.500000|1.000000|LogNormal|alpha=0p3|ec=0p5|slope=1p2|lag=4|decay=geometric",channel3,"{""kpi_type"": ""non_revenue"", ""kpi_type_effective"": ""revenue"", ""prior_design_mode"": ""roi"", ""prior_grid_type"": ""roi"", ""revenue_per_kpi"": null, ""roi_prior_overrides"": {""channel0"": {""dist"": ""LogNormal"", ""mu"": 1.0, ""sigma"": 1.0}, ""channel1"": {""dist"": ""LogNormal"", ""mu"": 1.0, ""sigma"": 1.0}, ""channel2"": {""dist"": ""LogNormal"", ""mu"": 1.0, ""sigma"": 1.0}, ""channel3"": {""dist"": ""LogNormal"", ""mu"": 0.5, ""sigma"": 1.0}, ""channel4"": {""dist"": ""LogNormal"", ""mu"": 1.0, ""sigma"": 1.0}}, ""run_mode"": ""roi_full"", ""structural_overrides"": {""adstock_decay_spec"": ""geometric"", ""alpha_m"": 0.3, ""ec_m"": 0.5, ""max_lag"": 4, ""slope_m"": 1.2}, ""sweep_type"": ""fixed_full_grid"", ""target_channel"": ""channel3"", ""two_layer_enabled"": false}",channel0,PASS,PASS,,,0.4308758754407366,0.4879625320450092,0.0570866566042726,0.1324897954564747,0.3,0.5,1.2,4,geometric,prior_sweep,roi_full,roi,non_revenue,revenue,__revenue_equiv__,,channel3,fixed_full_grid,False,roi,roi,Revenue-equivalent ROI,0.5,1.0,LogNormal,target_channels,channel3,configured,,,,upload_8ce52c632a82_national_all_channels,/Users/jasper/Documents/Intern/BlueAlpha/capstone-Blue_Alpha_1/backend/storage/uploads/upload_8ce52c632a82_national_all_channels.csv,0.5,1.0,LogNormal,0.260312272419158,0.1235604096204042,0.3676227629184723,0.9330472171306609,0.3186257323124443,0.1315228894352912,0.4172010719776153,1.038067662715911,0.8764548613281059,1.0,1.0,LogNormal,0.8255904808770782,0.4649796772971142,40501713.0799782,17451211.080185138,19763318.46666663,2312107.3864814937,2312107.3864814937,100.0,1745121108.0185137,1976331846.6666632,231210738.6481495,231210738.6481495,False,channel3,False,0.13248979545647466,0.13248979545647466,False,0.13248979545647468,0.13248979545647468,0.13248979545647466,0.13248979545647466,0.12441856769999655,0.13248979545647466,percent_roi_or_contribution,0.5,0.0,0,True,False,False,0.5,True,0.2649795909129493,,0.2649795909129493,0.2649795909129493,,True,False,0.0
"multi|channel0,channel1,channel2,channel3,channel4|pmode=roi|rpk=revenue_per_conversion|target=channel3|mu=0.500000|sigma=1.000000|dist=LogNormal|0.500000|1.000000|LogNormal|alpha=0p3|ec=0p5|slope=1p2|lag=4|decay=geometric",channel3,"{""kpi_type"": ""non_revenue"", ""kpi_type_effective"": ""revenue"", ""prior_design_mode"": ""roi"", ""prior_grid_type"": ""roi"", ""revenue_per_kpi"": null, ""roi_prior_overrides"": {""channel0"": {""dist"": ""LogNormal"", ""mu"": 1.0, ""sigma"": 1.0}, ""channel1"": {""dist"": ""LogNormal"", ""mu"": 1.0, ""sigma"": 1.0}, ""channel2"": {""dist"": ""LogNormal"", ""mu"": 1.0, ""sigma"": 1.0}, ""channel3"": {""dist"": ""LogNormal"", ""mu"": 0.5, ""sigma"": 1.0}, ""channel4"": {""dist"": ""LogNormal"", ""mu"": 1.0, ""sigma"": 1.0}}, ""run_mode"": ""roi_full"", ""structural_overrides"": {""adstock_decay_spec"": ""geometric"", ""alpha_m"": 0.3, ""ec_m"": 0.5, ""max_lag"": 4, ""slope_m"": 1.2}, ""sweep_type"": ""fixed_full_grid"", ""target_channel"": ""channel3"", ""two_layer_enabled"": false}",channel1,PASS,PASS,,,0.4654245746042579,0.4896678260620683,0.0242432514578104,0.052088464556097,0.3,0.5,1.2,4,geometric,prior_sweep,roi_full,roi,non_revenue,revenue,__revenue_equiv__,,channel3,fixed_full_grid,False,roi,roi,Revenue-equivalent ROI,0.5,1.0,LogNormal,target_channels,channel3,configured,,,,upload_8ce52c632a82_national_all_channels,/Users/jasper/Documents/Intern/BlueAlpha/capstone-Blue_Alpha_1/backend/storage/uploads/upload_8ce52c632a82_national_all_channels.csv,0.5,1.0,LogNormal,0.2843900597561066,0.1218790113925933,0.3990941643714905,1.014937341213226,0.3185675421465348,0.1276395604014396,0.4212005883455276,1.130684322118759,0.8795530429683062,1.0,1.0,LogNormal,0.8248828665304759,0.5050960682056379,31320298.2023646,14577236.467314048,15336542.33236758,759305.8650535326,759305.8650535326,100.0,1457723646.7314048,1533654233.236758,75930586.50535321,75930586.50535321,False,channel3,False,0.052088464556097024,0.052088464556097024,False,0.05208846455609702,0.05208846455609702,0.05208846455609702,0.05208846455609702,0.050777202563364494,0.05208846455609702,percent_roi_or_contribution,0.5,0.0,0,True,False,False,0.5,True,0.10417692911219403,,0.10417692911219403,0.10417692911219403,,True,False,0.0
"multi|channel0,channel1,channel2,channel3,channel4|pmode=roi|rpk=revenue_per_conversion|target=channel3|mu=0.500000|sigma=1.000000|dist=LogNormal|0.500000|1.000000|LogNormal|alpha=0p3|ec=0p5|slope=1p2|lag=4|decay=geometric",channel3,"{""kpi_type"": ""non_revenue"", ""kpi_type_effective"": ""revenue"", ""prior_design_mode"": ""roi"", ""prior_grid_type"": ""roi"", ""revenue_per_kpi"": null, ""roi_prior_overrides"": {""channel0"": {""dist"": ""LogNormal"", ""mu"": 1.0, ""sigma"": 1.0}, ""channel1"": {""dist"": ""LogNormal"", ""mu"": 1.0, ""sigma"": 1.0}, ""channel2"": {""dist"": ""LogNormal"", ""mu"": 1.0, ""sigma"": 1.0}, ""channel3"": {""dist"": ""LogNormal"", ""mu"": 0.5, ""sigma"": 1.0}, ""channel4"": {""dist"": ""LogNormal"", ""mu"": 1.0, ""sigma"": 1.0}}, ""run_mode"": ""roi_full"", ""structural_overrides"": {""adstock_decay_spec"": ""geometric"", ""alpha_m"": 0.3, ""ec_m"": 0.5, ""max_lag"": 4, ""slope_m"": 1.2}, ""sweep_type"": ""fixed_full_grid"", ""target_channel"": ""channel3"", ""two_layer_enabled"": false}",channel2,PASS,PASS,,,0.5478384270270665,0.568477551539739,0.0206391245126724,0.037673743743523,0.3,0.5,1.2,4,geometric,prior_sweep,roi_full,roi,non_revenue,revenue,__revenue_equiv__,,channel3,fixed_full_grid,False,roi,roi,Revenue-equivalent ROI,0.5,1.0,LogNormal,target_channels,channel3,configured,,,,upload_8ce52c632a82_national_all_channels,/Users/jasper/Documents/Intern/BlueAlpha/capstone-Blue_Alpha_1/backend/storage/uploads/upload_8ce52c632a82_national_all_channels.csv,0.5,1.0,LogNormal,0.3578971561854973,0.1389466427266597,0.4730767756700516,1.2380538046360017,0.389066071757037,0.1453811317682266,0.4695576429367065,1.3485517561435698,0.9033300709032036,1.0,1.0,LogNormal,0.6127981153702515,0.4191147582694247,12079349.341539,6617531.742779157,6866838.937871248,249307.19509209137,249307.19509209137,100.0,661753174.2779157,686683893.7871249,24930719.509209156,24930719.509209156,False,channel3,False,0.03767374374352307,0.03767374374352307,False,0.03767374374352303,0.03767374374352303,0.03767374374352305,0.03767374374352305,0.03698142295139005,0.03767374374352305,percent_roi_or_contribution,0.5,0.0,0,True,False,False,0.5,True,0.0753474874870461,,0.0753474874870461,0.0753474874870461,,True,False,0.0
"multi|channel0,channel1,channel2,channel3,channel4|pmode=roi|rpk=revenue_per_conversion|target=channel3|mu=0.500000|sigma=1.000000|dist=LogNormal|0.500000|1.000000|LogNormal|alpha=0p3|ec=0p5|slope=1p2|lag=4|decay=geometric",channel3,"{""kpi_type"": ""non_revenue"", ""kpi_type_effective"": ""revenue"", ""prior_design_mode"": ""roi"", ""prior_grid_type"": ""roi"", ""revenue_per_kpi"": null, ""roi_prior_overrides"": {""channel0"": {""dist"": ""LogNormal"", ""mu"": 1.0, ""sigma"": 1.0}, ""channel1"": {""dist"": ""LogNormal"", ""mu"": 1.0, ""sigma"": 1.0}, ""channel2"": {""dist"": ""LogNormal"", ""mu"": 1.0, ""sigma"": 1.0}, ""channel3"": {""dist"": ""LogNormal"", ""mu"": 0.5, ""sigma"": 1.0}, ""channel4"": {""dist"": ""LogNormal"", ""mu"": 1.0, ""sigma"": 1.0}}, ""run_mode"": ""roi_full"", ""structural_overrides"": {""adstock_decay_spec"": ""geometric"", ""alpha_m"": 0.3, ""ec_m"": 0.5, ""max_lag"": 4, ""slope_m"": 1.2}, ""sweep_type"": ""fixed_full_grid"", ""target_channel"": ""channel3"", ""two_layer_enabled"": false}",channel3,PASS,PASS,,,0.2585340054263361,0.1193336391929187,0.1392003662334174,0.538421883820926,0.3,0.5,1.2,4,geometric,prior_sweep,roi_full,roi,non_revenue,revenue,__revenue_equiv__,,channel3,fixed_full_grid,False,roi,roi,Revenue-equivalent ROI,0.5,1.0,LogNormal,target_channels,channel3,configured,,,,upload_8ce52c632a82_national_all_channels,/Users/jasper/Documents/Intern/BlueAlpha/capstone-Blue_Alpha_1/backend/storage/uploads/upload_8ce52c632a82_national_all_channels.csv,0.5,1.0,LogNormal,0.1334336334010044,0.0872698206454515,0.2386796101927757,0.505061289668083,0.1026401277169579,0.01703025046736,0.0884697064757347,0.3193409845232963,0.4755254179281739,0.5,1.0,LogNormal,1.8542472513899164,0.3908100779038031,87860358.24888599,22714890.336277325,10484696.290633138,-12230194.045644186,12230194.045644186,100.0,2271489033.6277323,1048469629.0633138,-1223019404.5644183,1223019404.5644183,False,channel3,True,0.538421883820926,-0.538421883820926,False,0.538421883820926,-0.538421883820926,0.538421883820926,-0.538421883820926,0.43075714024386186,0.538421883820926,percent_roi_or_contribution,0.5,0.0,0,True,False,False,0.5,True,1.076843767641852,,1.076843767641852,1.076843767641852,,True,False,0.0
"multi|channel0,channel1,channel2,channel3,channel4|pmode=roi|rpk=revenue_per_conversion|target=channel3|mu=0.500000|sigma=1.000000|dist=LogNormal|0.500000|1.000000|LogNormal|alpha=0p3|ec=0p5|slope=1p2|lag=4|decay=geometric",channel3,"{""kpi_type"": ""non_revenue"", ""kpi_type_effective"": ""revenue"", ""prior_design_mode"": ""roi"", ""prior_grid_type"": ""roi"", ""revenue_per_kpi"": null, ""roi_prior_overrides"": {""channel0"": {""dist"": ""LogNormal"", ""mu"": 1.0, ""sigma"": 1.0}, ""channel1"": {""dist"": ""LogNormal"", ""mu"": 1.0, ""sigma"": 1.0}, ""channel2"": {""dist"": ""LogNormal"", ""mu"": 1.0, ""sigma"": 1.0}, ""channel3"": {""dist"": ""LogNormal"", ""mu"": 0.5, ""sigma"": 1.0}, ""channel4"": {""dist"": ""LogNormal"", ""mu"": 1.0, ""sigma"": 1.0}}, ""run_mode"": ""roi_full"", ""structural_overrides"": {""adstock_decay_spec"": ""geometric"", ""alpha_m"": 0.3, ""ec_m"": 0.5, ""max_lag"": 4, ""slope_m"": 1.2}, ""sweep_type"": ""fixed_full_grid"", ""target_channel"": ""channel3"", ""two_layer_enabled"": false}",channel4,PASS,PASS,,,0.4063499003617714,0.4487392242501179,0.0423893238883465,0.1043172985907159,0.3,0.5,1.2,4,geometric,prior_sweep,roi_full,roi,non_revenue,revenue,__revenue_equiv__,,channel3,fixed_full_grid,False,roi,roi,Revenue-equivalent ROI,0.5,1.0,LogNormal,target_channels,channel3,configured,,,,upload_8ce52c632a82_national_all_channels,/Users/jasper/Documents/Intern/BlueAlpha/capstone-Blue_Alpha_1/backend/storage/uploads/upload_8ce52c632a82_national_all_channels.csv,0.5,1.0,LogNormal,0.2333962216151473,0.1240440666675567,0.3590486496686935,0.8468084782361984,0.2899623910315879,0.1185327593237161,0.37562096118927,1.029536360502243,0.7933716295233432,1.0,1.0,LogNormal,0.9319873660561178,0.5629195174220478,47730683.477718174,19395358.475370027,21418629.876719173,2023271.401349146,2023271.401349146,100.0,1939535847.5370028,2141862987.6719172,202327140.1349144,202327140.1349144,False,channel3,False,0.10431729859071585,0.10431729859071585,False,0.10431729859071583,0.10431729859071583,0.10431729859071584,0.10431729859071584,0.0992273147048593,0.10431729859071584,percent_roi_or_contribution,0.5,0.0,0,True,False,False,0.5,True,0.20863459718143168,,0.20863459718143168,0.20863459718143168,,True,False,0.0
"multi|channel0,channel1,channel2,channel3,channel4|pmode=roi|rpk=revenue_per_conversion|target=channel3|mu=1.000000|sigma=0.500000|dist=LogNormal|1.000000|0.500000|LogNormal|alpha=0p3|ec=0p5|slope=1p2|lag=4|decay=geometric",channel3,"{""kpi_type"": ""non_revenue"", ""kpi_type_effective"": ""revenue"", ""prior_design_mode"": ""roi"", ""prior_grid_type"": ""roi"", ""revenue_per_kpi"": null, ""roi_prior_overrides"": {""channel0"": {""dist"": ""LogNormal"", ""mu"": 1.0, ""sigma"": 1.0}, ""channel1"": {""dist"": ""LogNormal"", ""mu"": 1.0, ""sigma"": 1.0}, ""channel2"": {""dist"": ""LogNormal"", ""mu"": 1.0, ""sigma"": 1.0}, ""channel3"": {""dist"": ""LogNormal"", ""mu"": 1.0, ""sigma"": 0.5}, ""channel4"": {""dist"": ""LogNormal"", ""mu"": 1.0, ""sigma"": 1.0}}, ""run_mode"": ""roi_full"", ""structural_overrides"": {""adstock_decay_spec"": ""geometric"", ""alpha_m"": 0.3, ""ec_m"": 0.5, ""max_lag"": 4, ""slope_m"": 1.2}, ""sweep_type"": ""fixed_full_grid"", ""target_channel"": ""channel3"", ""two_layer_enabled"": false}",channel0,PASS,PASS,,,0.4308758754407366,0.4281071039723853,0.0027687714683513,0.0064259143437055,0.3,0.5,1.2,4,geometric,prior_sweep,roi_full,roi,non_revenue,revenue,__revenue_equiv__,,channel3,fixed_full_grid,False,roi,roi,Revenue-equivalent ROI,1.0,0.5,LogNormal,target_channels,channel3,configured,,,,upload_8ce52c632a82_national_all_channels,/Users/jasper/Documents/Intern/BlueAlpha/capstone-Blue_Alpha_1/backend/storage/uploads/upload_8ce52c632a82_national_all_channels.csv,1.0,0.5,LogNormal,0.260312272419158,0.1235604096204042,0.3676227629184723,0.9330472171306609,0.261319056797492,0.1242259636521339,0.3733876049518585,0.9266016244888304,0.991215240807405,1.0,1.0,LogNormal,1.039687745379715,0.524804378242567,40501713.0799782,17451211.080185138,17339071.092589945,-112139.98759519307,112139.98759519307,100.0,1745121108.0185137,1733907109.2589946,-11213998.7595191,11213998.7595191,False,channel3,False,0.006425914343705527,-0.006425914343705527,False,0.0064259143437054465,-0.0064259143437054465,0.006425914343705487,-0.006425914343705487,0.006405356179132383,0.006425914343705487,percent_roi_or_contribution,0.0,0.5,0,False,True,False,0.5,True,,0.012851828687410975,0.012851828687410975,0.012851828687410975,,True,False,0.0
"multi|channel0,channel1,channel2,channel3,channel4|pmode=roi|rpk=revenue_per_conversion|target=channel3|mu=1.000000|sigma=0.500000|dist=LogNormal|1.000000|0.500000|LogNormal|alpha=0p3|ec=0p5|slope=1p2|lag=4|decay=geometric",channel3,"{""kpi_type"": ""non_revenue"", ""kpi_type_effective"": ""revenue"", ""prior_design_mode"": ""roi"", ""prior_grid_type"": ""roi"", ""revenue_per_kpi"": null, ""roi_prior_overrides"": {""channel0"": {""dist"": ""LogNormal"", ""mu"": 1.0, ""sigma"": 1.0}, ""channel1"": {""dist"": ""LogNormal"", ""mu"": 1.0, ""sigma"": 1.0}, ""channel2"": {""dist"": ""LogNormal"", ""mu"": 1.0, ""sigma"": 1.0}, ""channel3"": {""dist"": ""LogNormal"", ""mu"": 1.0, ""sigma"": 0.5}, ""channel4"": {""dist"": ""LogNormal"", ""mu"": 1.0, ""sigma"": 1.0}}, ""run_mode"": ""roi_full"", ""structural_overrides"": {""adstock_decay_spec"": ""geometric"", ""alpha_m"": 0.3, ""ec_m"": 0.5, ""max_lag"": 4, ""slope_m"": 1.2}, ""sweep_type"": ""fixed_full_grid"", ""target_channel"": ""channel3"", ""two_layer_enabled"": false}",channel1,PASS,PASS,,,0.4654245746042579,0.474201972343338,0.00877739773908,0.0188589047893386,0.3,0.5,1.2,4,geometric,prior_sweep,roi_full,roi,non_revenue,revenue,__revenue_equiv__,,channel3,fixed_full_grid,False,roi,roi,Revenue-equivalent ROI,1.0,0.5,LogNormal,target_channels,channel3,configured,,,,upload_8ce52c632a82_national_all_channels,/Users/jasper/Documents/Intern/BlueAlpha/capstone-Blue_Alpha_1/backend/storage/uploads/upload_8ce52c632a82_national_all_channels.csv,1.0,0.5,LogNormal,0.2843900597561066,0.1218790113925933,0.3990941643714905,1.014937341213226,0.3115585632388094,0.1282853290438652,0.4002797156572342,1.0714316666126251,0.9337576039571016,1.0,1.0,LogNormal,0.8529341065557794,0.5206907420791235,31320298.2023646,14577236.467314048,14852147.181942798,274910.71462875046,274910.71462875046,100.0,1457723646.7314048,1485214718.19428,27491071.462875128,27491071.462875128,False,channel3,False,0.018858904789338545,0.018858904789338545,False,0.018858904789338618,0.018858904789338618,0.018858904789338583,0.018858904789338583,0.018683280266206793,0.018858904789338583,percent_roi_or_contribution,0.0,0.5,0,False,True,False,0.5,True,,0.03771780957867717,0.03771780957867717,0.03771780957867717,,True,False,0.0
"multi|channel0,channel1,channel2,channel3,channel4|pmode=roi|rpk=revenue_per_conversion|target=channel3|mu=1.000000|sigma=0.500000|dist=LogNormal|1.000000|0.500000|LogNormal|alpha=0p3|ec=0p5|slope=1p2|lag=4|decay=geometric",channel3,"{""kpi_type"": ""non_revenue"", ""kpi_type_effective"": ""revenue"", ""prior_design_mode"": ""roi"", ""prior_grid_type"": ""roi"", ""revenue_per_kpi"": null, ""roi_prior_overrides"": {""channel0"": {""dist"": ""LogNormal"", ""mu"": 1.0, ""sigma"": 1.0}, ""channel1"": {""dist"": ""LogNormal"", ""mu"": 1.0, ""sigma"": 1.0}, ""channel2"": {""dist"": ""LogNormal"", ""mu"": 1.0, ""sigma"": 1.0}, ""channel3"": {""dist"": ""LogNormal"", ""mu"": 1.0, ""sigma"": 0.5}, ""channel4"": {""dist"": ""LogNormal"", ""mu"": 1.0, ""sigma"": 1.0}}, ""run_mode"": ""roi_full"", ""structural_overrides"": {""adstock_decay_spec"": ""geometric"", ""alpha_m"": 0.3, ""ec_m"": 0.5, ""max_lag"": 4, ""slope_m"": 1.2}, ""sweep_type"": ""fixed_full_grid"", ""target_channel"": ""channel3"", ""two_layer_enabled"": false}",channel2,PASS,PASS,,,0.5478384270270665,0.5265576523666581,0.0212807746604084,0.0388449835034245,0.3,0.5,1.2,4,geometric,prior_sweep,roi_full,roi,non_revenue,revenue,__revenue_equiv__,,channel3,fixed_full_grid,False,roi,roi,Revenue-equivalent ROI,1.0,0.5,LogNormal,target_channels,channel3,configured,,,,upload_8ce52c632a82_national_all_channels,/Users/jasper/Documents/Intern/BlueAlpha/capstone-Blue_Alpha_1/backend/storage/uploads/upload_8ce52c632a82_national_all_channels.csv,1.0,0.5,LogNormal,0.3578971561854973,0.1389466427266597,0.4730767756700516,1.2380538046360017,0.360735430115001,0.1312641978263855,0.4366359412670135,1.1854652106761912,0.945544267411564,1.0,1.0,LogNormal,0.6967493234417816,0.4617325280549144,12079349.341539,6617531.742779157,6360473.831397513,-257057.9113816442,257057.9113816442,100.0,661753174.2779157,636047383.1397513,-25705791.1381644,25705791.1381644,False,channel3,False,0.038844983503424545,-0.038844983503424545,False,0.038844983503424475,-0.038844983503424475,0.03884498350342451,-0.03884498350342451,0.038109503202956925,0.03884498350342451,percent_roi_or_contribution,0.0,0.5,0,False,True,False,0.5,True,,0.07768996700684902,0.07768996700684902,0.07768996700684902,,True,False,0.0
"multi|channel0,channel1,channel2,channel3,channel4|pmode=roi|rpk=revenue_per_conversion|target=channel3|mu=1.000000|sigma=0.500000|dist=LogNormal|1.000000|0.500000|LogNormal|alpha=0p3|ec=0p5|slope=1p2|lag=4|decay=geometric",channel3,"{""kpi_type"": ""non_revenue"", ""kpi_type_effective"": ""revenue"", ""prior_design_mode"": ""roi"", ""prior_grid_type"": ""roi"", ""revenue_per_kpi"": null, ""roi_prior_overrides"": {""channel0"": {""dist"": ""LogNormal"", ""mu"": 1.0, ""sigma"": 1.0}, ""channel1"": {""dist"": ""LogNormal"", ""mu"": 1.0, ""sigma"": 1.0}, ""channel2"": {""dist"": ""LogNormal"", ""mu"": 1.0, ""sigma"": 1.0}, ""channel3"": {""dist"": ""LogNormal"", ""mu"": 1.0, ""sigma"": 0.5}, ""channel4"": {""dist"": ""LogNormal"", ""mu"": 1.0, ""sigma"": 1.0}}, ""run_mode"": ""roi_full"", ""structural_overrides"": {""adstock_decay_spec"": ""geometric"", ""alpha_m"": 0.3, ""ec_m"": 0.5, ""max_lag"": 4, ""slope_m"": 1.2}, ""sweep_type"": ""fixed_full_grid"", ""target_channel"": ""channel3"", ""two_layer_enabled"": false}",channel3,PASS,PASS,,,0.2585340054263361,0.4712588306392232,0.2127248252128871,0.8228117800677428,0.3,0.5,1.2,4,geometric,prior_sweep,roi_full,roi,non_revenue,revenue,__revenue_equiv__,,channel3,fixed_full_grid,False,roi,roi,Revenue-equivalent ROI,1.0,0.5,LogNormal,target_channels,channel3,configured,,,,upload_8ce52c632a82_national_all_channels,/Users/jasper/Documents/Intern/BlueAlpha/capstone-Blue_Alpha_1/backend/storage/uploads/upload_8ce52c632a82_national_all_channels.csv,1.0,0.5,LogNormal,0.1334336334010044,0.0872698206454515,0.2386796101927757,0.505061289668083,0.1621678979134712,0.2504892259836196,0.4512674510478973,0.7645225435495376,0.3758893173479589,1.0,0.5,LogNormal,1.2377071955966894,0.5478529504547676,87860358.24888599,22714890.336277325,41404969.68791324,18690079.35163591,18690079.35163591,100.0,2271489033.6277323,4140496968.791324,1869007935.1635911,1869007935.1635911,False,channel3,True,0.8228117800677429,0.8228117800677429,False,0.8228117800677428,0.8228117800677428,0.8228117800677428,0.8228117800677428,0.600380243008906,0.8228117800677428,percent_roi_or_contribution,0.0,0.5,0,False,True,False,0.5,True,,1.6456235601354856,1.6456235601354856,1.6456235601354856,,True,False,0.0
"multi|channel0,channel1,channel2,channel3,channel4|pmode=roi|rpk=revenue_per_conversion|target=channel3|mu=1.000000|sigma=0.500000|dist=LogNormal|1.000000|0.500000|LogNormal|alpha=0p3|ec=0p5|slope=1p2|lag=4|decay=geometric",channel3,"{""kpi_type"": ""non_revenue"", ""kpi_type_effective"": ""revenue"", ""prior_design_mode"": ""roi"", ""prior_grid_type"": ""roi"", ""revenue_per_kpi"": null, ""roi_prior_overrides"": {""channel0"": {""dist"": ""LogNormal"", ""mu"": 1.0, ""sigma"": 1.0}, ""channel1"": {""dist"": ""LogNormal"", ""mu"": 1.0, ""sigma"": 1.0}, ""channel2"": {""dist"": ""LogNormal"", ""mu"": 1.0, ""sigma"": 1.0}, ""channel3"": {""dist"": ""LogNormal"", ""mu"": 1.0, ""sigma"": 0.5}, ""channel4"": {""dist"": ""LogNormal"", ""mu"": 1.0, ""sigma"": 1.0}}, ""run_mode"": ""roi_full"", ""structural_overrides"": {""adstock_decay_spec"": ""geometric"", ""alpha_m"": 0.3, ""ec_m"": 0.5, ""max_lag"": 4, ""slope_m"": 1.2}, ""sweep_type"": ""fixed_full_grid"", ""target_channel"": ""channel3"", ""two_layer_enabled"": false}",channel4,PASS,PASS,,,0.4063499003617714,0.4030883676744997,0.0032615326872716,0.0080264143890965,0.3,0.5,1.2,4,geometric,prior_sweep,roi_full,roi,non_revenue,revenue,__revenue_equiv__,,channel3,fixed_full_grid,False,roi,roi,Revenue-equivalent ROI,1.0,0.5,LogNormal,target_channels,channel3,configured,,,,upload_8ce52c632a82_national_all_channels,/Users/jasper/Documents/Intern/BlueAlpha/capstone-Blue_Alpha_1/backend/storage/uploads/upload_8ce52c632a82_national_all_channels.csv,1.0,0.5,LogNormal,0.2333962216151473,0.1240440666675567,0.3590486496686935,0.8468084782361984,0.2368766608588954,0.1148216016590595,0.3498550355434418,0.8823216915130615,0.941712478113364,1.0,1.0,LogNormal,1.1464227162610927,0.6086020153857564,47730683.477718174,19395358.475370027,19239683.29102163,-155675.18434839696,155675.18434839696,100.0,1939535847.5370028,1923968329.102163,-15567518.434839724,15567518.434839724,False,channel3,False,0.00802641438909661,-0.00802641438909661,False,0.008026414389096615,-0.008026414389096615,0.008026414389096612,-0.008026414389096612,0.007994374056926289,0.008026414389096612,percent_roi_or_contribution,0.0,0.5,0,False,True,False,0.5,True,,0.016052828778193223,0.016052828778193223,0.016052828778193223,,True,False,0.0
"multi|channel0,channel1,channel2,channel3,channel4|pmode=roi|rpk=revenue_per_conversion|target=channel3|mu=0.500000|sigma=1.500000|dist=LogNormal|0.500000|1.500000|LogNormal|alpha=0p3|ec=0p5|slope=1p2|lag=4|decay=geometric",channel3,"{""kpi_type"": ""non_revenue"", ""kpi_type_effective"": ""revenue"", ""prior_design_mode"": ""roi"", ""prior_grid_type"": ""roi"", ""revenue_per_kpi"": null, ""roi_prior_overrides"": {""channel0"": {""dist"": ""LogNormal"", ""mu"": 1.0, ""sigma"": 1.0}, ""channel1"": {""dist"": ""LogNormal"", ""mu"": 1.0, ""sigma"": 1.0}, ""channel2"": {""dist"": ""LogNormal"", ""mu"": 1.0, ""sigma"": 1.0}, ""channel3"": {""dist"": ""LogNormal"", ""mu"": 0.5, ""sigma"": 1.5}, ""channel4"": {""dist"": ""LogNormal"", ""mu"": 1.0, ""sigma"": 1.0}}, ""run_mode"": ""roi_full"", ""structural_overrides"": {""adstock_decay_spec"": ""geometric"", ""alpha_m"": 0.3, ""ec_m"": 0.5, ""max_lag"": 4, ""slope_m"": 1.2}, ""sweep_type"": ""fixed_full_grid"", ""target_channel"": ""channel3"", ""two_layer_enabled"": false}",channel0,PASS,PASS,,,0.4308758754407366,0.4717495238687843,0.0408736484280477,0.09486177054178,0.3,0.5,1.2,4,geometric,prior_sweep,roi_full,roi,non_revenue,revenue,__revenue_equiv__,,channel3,fixed_full_grid,False,roi,roi,Revenue-equivalent ROI,0.5,1.5,LogNormal,target_channels,channel3,configured,,,,upload_8ce52c632a82_national_all_channels,/Users/jasper/Documents/Intern/BlueAlpha/capstone-Blue_Alpha_1/backend/storage/uploads/upload_8ce52c632a82_national_all_channels.csv,0.5,1.5,LogNormal,0.260312272419158,0.1235604096204042,0.3676227629184723,0.9330472171306609,0.2999910868909168,0.1178864534944296,0.3981645852327347,1.0664422273635863,0.8533887303309134,1.0,1.0,LogNormal,0.8885241240043329,0.4811266196147155,40501713.0799782,17451211.080185138,19106663.86134983,1655452.7811646909,1655452.7811646909,100.0,1745121108.0185137,1910666386.1349828,165545278.11646914,165545278.11646914,False,channel3,False,0.09486177054178004,0.09486177054178004,False,0.09486177054177998,0.09486177054177998,0.09486177054178001,0.09486177054178001,0.09062811835176389,0.09486177054178001,percent_roi_or_contribution,0.5,0.5,0,False,False,False,1.0,True,,,0.09486177054178001,0.09486177054178001,,True,False,0.0
"multi|channel0,channel1,channel2,channel3,channel4|pmode=roi|rpk=revenue_per_conversion|target=channel3|mu=0.500000|sigma=1.500000|dist=LogNormal|0.500000|1.500000|LogNormal|alpha=0p3|ec=0p5|slope=1p2|lag=4|decay=geometric",channel3,"{""kpi_type"": ""non_revenue"", ""kpi_type_effective"": ""revenue"", ""prior_design_mode"": ""roi"", ""prior_grid_type"": ""roi"", ""revenue_per_kpi"": null, ""roi_prior_overrides"": {""channel0"": {""dist"": ""LogNormal"", ""mu"": 1.0, ""sigma"": 1.0}, ""channel1"": {""dist"": ""LogNormal"", ""mu"": 1.0, ""sigma"": 1.0}, ""channel2"": {""dist"": ""LogNormal"", ""mu"": 1.0, ""sigma"": 1.0}, ""channel3"": {""dist"": ""LogNormal"", ""mu"": 0.5, ""sigma"": 1.5}, ""channel4"": {""dist"": ""LogNormal"", ""mu"": 1.0, ""sigma"": 1.0}}, ""run_mode"": ""roi_full"", ""structural_overrides"": {""adstock_decay_spec"": ""geometric"", ""alpha_m"": 0.3, ""ec_m"": 0.5, ""max_lag"": 4, ""slope_m"": 1.2}, ""sweep_type"": ""fixed_full_grid"", ""target_channel"": ""channel3"", ""two_layer_enabled"": false}",channel1,PASS,PASS,,,0.4654245746042579,0.4993450785242021,0.0339205039199442,0.0728807754699807,0.3,0.5,1.2,4,geometric,prior_sweep,roi_full,roi,non_revenue,revenue,__revenue_equiv__,,channel3,fixed_full_grid,False,roi,roi,Revenue-equivalent ROI,0.5,1.5,LogNormal,target_channels,channel3,configured,,,,upload_8ce52c632a82_national_all_channels,/Users/jasper/Documents/Intern/BlueAlpha/capstone-Blue_Alpha_1/backend/storage/uploads/upload_8ce52c632a82_national_all_channels.csv,0.5,1.5,LogNormal,0.2843900597561066,0.1218790113925933,0.3990941643714905,1.014937341213226,0.3332056975113046,0.1204619258642196,0.4210876822471618,1.1332996249198912,0.8817388320490873,1.0,1.0,LogNormal,0.7798359630879448,0.4958972356981766,31320298.2023646,14577236.467314048,15639636.76526118,1062400.297947131,1062400.297947131,100.0,1457723646.7314048,1563963676.5261178,106240029.79471302,106240029.79471302,False,channel3,False,0.07288077546998074,0.07288077546998074,False,0.07288077546998092,0.07288077546998092,0.07288077546998084,0.07288077546998084,0.07034734421312511,0.07288077546998084,percent_roi_or_contribution,0.5,0.5,0,False,False,False,1.0,True,,,0.07288077546998084,0.07288077546998084,,True,False,0.0
"multi|channel0,channel1,channel2,channel3,channel4|pmode=roi|rpk=revenue_per_conversion|target=channel3|mu=0.500000|sigma=1.500000|dist=LogNormal|0.500000|1.500000|LogNormal|alpha=0p3|ec=0p5|slope=1p2|lag=4|decay=geometric",channel3,"{""kpi_type"": ""non_revenue"", ""kpi_type_effective"": ""revenue"", ""prior_design_mode"": ""roi"", ""prior_grid_type"": ""roi"", ""revenue_per_kpi"": null, ""roi_prior_overrides"": {""channel0"": {""dist"": ""LogNormal"", ""mu"": 1.0, ""sigma"": 1.0}, ""channel1"": {""dist"": ""LogNormal"", ""mu"": 1.0, ""sigma"": 1.0}, ""channel2"": {""dist"": ""LogNormal"", ""mu"": 1.0, ""sigma"": 1.0}, ""channel3"": {""dist"": ""LogNormal"", ""mu"": 0.5, ""sigma"": 1.5}, ""channel4"": {""dist"": ""LogNormal"", ""mu"": 1.0, ""sigma"": 1.0}}, ""run_mode"": ""roi_full"", ""structural_overrides"": {""adstock_decay_spec"": ""geometric"", ""alpha_m"": 0.3, ""ec_m"": 0.5, ""max_lag"": 4, ""slope_m"": 1.2}, ""sweep_type"": ""fixed_full_grid"", ""target_channel"": ""channel3"", ""two_layer_enabled"": false}",channel2,PASS,PASS,,,0.5478384270270665,0.5588643209636212,0.0110258939365546,0.0201261784362014,0.3,0.5,1.2,4,geometric,prior_sweep,roi_full,roi,non_revenue,revenue,__revenue_equiv__,,channel3,fixed_full_grid,False,roi,roi,Revenue-equivalent ROI,0.5,1.5,LogNormal,target_channels,channel3,configured,,,,upload_8ce52c632a82_national_all_channels,/Users/jasper/Documents/Intern/BlueAlpha/capstone-Blue_Alpha_1/backend/storage/uploads/upload_8ce52c632a82_national_all_channels.csv,0.5,1.5,LogNormal,0.3578971561854973,0.1389466427266597,0.4730767756700516,1.2380538046360017,0.3671177054216209,0.1442879423499107,0.4795044809579849,1.298745334148406,0.943065266736326,1.0,1.0,LogNormal,0.6667608076050502,0.4293091463100252,12079349.341539,6617531.742779157,6750717.367441557,133185.62466240022,133185.62466240022,100.0,661753174.2779157,675071736.7441558,13318562.466240048,13318562.466240048,False,channel3,False,0.020126178436201365,0.020126178436201365,False,0.020126178436201413,0.020126178436201413,0.02012617843620139,0.02012617843620139,0.01992632399464468,0.02012617843620139,percent_roi_or_contribution,0.5,0.5,0,False,False,False,1.0,True,,,0.02012617843620139,0.02012617843620139,,True,False,0.0
"multi|channel0,channel1,channel2,channel3,channel4|pmode=roi|rpk=revenue_per_conversion|target=channel3|mu=0.500000|sigma=1.500000|dist=LogNormal|0.500000|1.500000|LogNormal|alpha=0p3|ec=0p5|slope=1p2|lag=4|decay=geometric",channel3,"{""kpi_type"": ""non_revenue"", ""kpi_type_effective"": ""revenue"", ""prior_design_mode"": ""roi"", ""prior_grid_type"": ""roi"", ""revenue_per_kpi"": null, ""roi_prior_overrides"": {""channel0"": {""dist"": ""LogNormal"", ""mu"": 1.0, ""sigma"": 1.0}, ""channel1"": {""dist"": ""LogNormal"", ""mu"": 1.0, ""sigma"": 1.0}, ""channel2"": {""dist"": ""LogNormal"", ""mu"": 1.0, ""sigma"": 1.0}, ""channel3"": {""dist"": ""LogNormal"", ""mu"": 0.5, ""sigma"": 1.5}, ""channel4"": {""dist"": ""LogNormal"", ""mu"": 1.0, ""sigma"": 1.0}}, ""run_mode"": ""roi_full"", ""structural_overrides"": {""adstock_decay_spec"": ""geometric"", ""alpha_m"": 0.3, ""ec_m"": 0.5, ""max_lag"": 4, ""slope_m"": 1.2}, ""sweep_type"": ""fixed_full_grid"", ""target_channel"": ""channel3"", ""two_layer_enabled"": false}",channel3,PASS,PASS,,,0.2585340054263361,0.0847946437148978,0.1737393617114382,0.6720174447648889,0.3,0.5,1.2,4,geometric,prior_sweep,roi_full,roi,non_revenue,revenue,__revenue_equiv__,,channel3,fixed_full_grid,False,roi,roi,Revenue-equivalent ROI,0.5,1.5,LogNormal,target_channels,channel3,configured,,,,upload_8ce52c632a82_national_all_channels,/Users/jasper/Documents/Intern/BlueAlpha/capstone-Blue_Alpha_1/backend/storage/uploads/upload_8ce52c632a82_national_all_channels.csv,0.5,1.5,LogNormal,0.1334336334010044,0.0872698206454515,0.2386796101927757,0.505061289668083,0.083309233318268,0.0075877469731494,0.0577722620218992,0.2546504631638527,0.3364613957390781,0.5,1.5,LogNormal,2.430513425735366,0.4165162698175926,87860358.24888599,22714890.336277325,7450087.77437757,-15264802.561899755,15264802.561899755,100.0,2271489033.6277323,745008777.437757,-1526480256.1899753,1526480256.1899753,False,channel3,True,0.6720174447648888,-0.6720174447648888,False,0.6720174447648889,-0.6720174447648889,0.6720174447648888,-0.6720174447648888,0.514030948079905,0.6720174447648888,percent_roi_or_contribution,0.5,0.5,0,False,False,False,1.0,True,,,0.6720174447648888,0.6720174447648888,,True,False,0.0
"multi|channel0,channel1,channel2,channel3,channel4|pmode=roi|rpk=revenue_per_conversion|target=channel3|mu=0.500000|sigma=1.500000|dist=LogNormal|0.500000|1.500000|LogNormal|alpha=0p3|ec=0p5|slope=1p2|lag=4|decay=geometric",channel3,"{""kpi_type"": ""non_revenue"", ""kpi_type_effective"": ""revenue"", ""prior_design_mode"": ""roi"", ""prior_grid_type"": ""roi"", ""revenue_per_kpi"": null, ""roi_prior_overrides"": {""channel0"": {""dist"": ""LogNormal"", ""mu"": 1.0, ""sigma"": 1.0}, ""channel1"": {""dist"": ""LogNormal"", ""mu"": 1.0, ""sigma"": 1.0}, ""channel2"": {""dist"": ""LogNormal"", ""mu"": 1.0, ""sigma"": 1.0}, ""channel3"": {""dist"": ""LogNormal"", ""mu"": 0.5, ""sigma"": 1.5}, ""channel4"": {""dist"": ""LogNormal"", ""mu"": 1.0, ""sigma"": 1.0}}, ""run_mode"": ""roi_full"", ""structural_overrides"": {""adstock_decay_spec"": ""geometric"", ""alpha_m"": 0.3, ""ec_m"": 0.5, ""max_lag"": 4, ""slope_m"": 1.2}, ""sweep_type"": ""fixed_full_grid"", ""target_channel"": ""channel3"", ""two_layer_enabled"": false}",channel4,PASS,PASS,,,0.4063499003617714,0.464795277894785,0.0584453775330136,0.1438301756219946,0.3,0.5,1.2,4,geometric,prior_sweep,roi_full,roi,non_revenue,revenue,__revenue_equiv__,,channel3,fixed_full_grid,False,roi,roi,Revenue-equivalent ROI,0.5,1.5,LogNormal,target_channels,channel3,configured,,,,upload_8ce52c632a82_national_all_channels,/Users/jasper/Documents/Intern/BlueAlpha/capstone-Blue_Alpha_1/backend/storage/uploads/upload_8ce52c632a82_national_all_channels.csv,0.5,1.5,LogNormal,0.2333962216151473,0.1240440666675567,0.3590486496686935,0.8468084782361984,0.3233585849616177,0.126312206685543,0.388172373175621,1.0307420790195465,0.7946375328227269,1.0,1.0,LogNormal,0.8244958358989083,0.5466894625173093,47730683.477718174,19395358.475370027,22184996.29113404,2789637.8157640137,2789637.8157640137,100.0,1939535847.5370028,2218499629.1134043,278963781.5764015,278963781.5764015,False,channel3,False,0.14383017562199463,0.14383017562199463,False,0.14383017562199465,0.14383017562199465,0.14383017562199463,0.14383017562199463,0.1343824340552568,0.14383017562199463,percent_roi_or_contribution,0.5,0.5,0,False,False,False,1.0,True,,,0.14383017562199463,0.14383017562199463,,True,False,0.0
"multi|channel0,channel1,channel2,channel3,channel4|pmode=roi|rpk=revenue_per_conversion|target=channel3|mu=1.500000|sigma=1.000000|dist=LogNormal|1.500000|1.000000|LogNormal|alpha=0p3|ec=0p5|slope=1p2|lag=4|decay=geometric",channel3,"{""kpi_type"": ""non_revenue"", ""kpi_type_effective"": ""revenue"", ""prior_design_mode"": ""roi"", ""prior_grid_type"": ""roi"", ""revenue_per_kpi"": null, ""roi_prior_overrides"": {""channel0"": {""dist"": ""LogNormal"", ""mu"": 1.0, ""sigma"": 1.0}, ""channel1"": {""dist"": ""LogNormal"", ""mu"": 1.0, ""sigma"": 1.0}, ""channel2"": {""dist"": ""LogNormal"", ""mu"": 1.0, ""sigma"": 1.0}, ""channel3"": {""dist"": ""LogNormal"", ""mu"": 1.5, ""sigma"": 1.0}, ""channel4"": {""dist"": ""LogNormal"", ""mu"": 1.0, ""sigma"": 1.0}}, ""run_mode"": ""roi_full"", ""structural_overrides"": {""adstock_decay_spec"": ""geometric"", ""alpha_m"": 0.3, ""ec_m"": 0.5, ""max_lag"": 4, ""slope_m"": 1.2}, ""sweep_type"": ""fixed_full_grid"", ""target_channel"": ""channel3"", ""two_layer_enabled"": false}",channel0,PASS,PASS,,,0.4308758754407366,0.4185191315909227,0.0123567438498138,0.0286781984189167,0.3,0.5,1.2,4,geometric,prior_sweep,roi_full,roi,non_revenue,revenue,__revenue_equiv__,,channel3,fixed_full_grid,False,roi,roi,Revenue-equivalent ROI,1.5,1.0,LogNormal,target_channels,channel3,configured,,,,upload_8ce52c632a82_national_all_channels,/Users/jasper/Documents/Intern/BlueAlpha/capstone-Blue_Alpha_1/backend/storage/uploads/upload_8ce52c632a82_national_all_channels.csv,1.5,1.0,LogNormal,0.260312272419158,0.1235604096204042,0.3676227629184723,0.9330472171306609,0.2584258654579545,0.1257838413119316,0.3549254685640335,0.911948040127754,0.9711884017403968,1.0,1.0,LogNormal,1.0555983776934508,0.5341230957712917,40501713.0799782,17451211.080185138,16950741.786177192,-500469.2940079458,500469.2940079458,100.0,1745121108.0185137,1695074178.6177192,-50046929.400794506,50046929.400794506,False,channel3,False,0.02867819841891672,-0.02867819841891672,False,0.028678198418916633,-0.028678198418916633,0.028678198418916674,-0.028678198418916674,0.02827467559782327,0.028678198418916674,percent_roi_or_contribution,0.5,0.0,0,True,False,False,0.5,True,0.05735639683783335,,0.05735639683783335,0.05735639683783335,,True,False,0.0
"multi|channel0,channel1,channel2,channel3,channel4|pmode=roi|rpk=revenue_per_conversion|target=channel3|mu=1.500000|sigma=1.000000|dist=LogNormal|1.500000|1.000000|LogNormal|alpha=0p3|ec=0p5|slope=1p2|lag=4|decay=geometric",channel3,"{""kpi_type"": ""non_revenue"", ""kpi_type_effective"": ""revenue"", ""prior_design_mode"": ""roi"", ""prior_grid_type"": ""roi"", ""revenue_per_kpi"": null, ""roi_prior_overrides"": {""channel0"": {""dist"": ""LogNormal"", ""mu"": 1.0, ""sigma"": 1.0}, ""channel1"": {""dist"": ""LogNormal"", ""mu"": 1.0, ""sigma"": 1.0}, ""channel2"": {""dist"": ""LogNormal"", ""mu"": 1.0, ""sigma"": 1.0}, ""channel3"": {""dist"": ""LogNormal"", ""mu"": 1.5, ""sigma"": 1.0}, ""channel4"": {""dist"": ""LogNormal"", ""mu"": 1.0, ""sigma"": 1.0}}, ""run_mode"": ""roi_full"", ""structural_overrides"": {""adstock_decay_spec"": ""geometric"", ""alpha_m"": 0.3, ""ec_m"": 0.5, ""max_lag"": 4, ""slope_m"": 1.2}, ""sweep_type"": ""fixed_full_grid"", ""target_channel"": ""channel3"", ""two_layer_enabled"": false}",channel1,PASS,PASS,,,0.4654245746042579,0.4497582820709794,0.0156662925332785,0.0336602177626724,0.3,0.5,1.2,4,geometric,prior_sweep,roi_full,roi,non_revenue,revenue,__revenue_equiv__,,channel3,fixed_full_grid,False,roi,roi,Revenue-equivalent ROI,1.5,1.0,LogNormal,target_channels,channel3,configured,,,,upload_8ce52c632a82_national_all_channels,/Users/jasper/Documents/Intern/BlueAlpha/capstone-Blue_Alpha_1/backend/storage/uploads/upload_8ce52c632a82_national_all_channels.csv,1.5,1.0,LogNormal,0.2843900597561066,0.1218790113925933,0.3990941643714905,1.014937341213226,0.2805067935047124,0.1161900062114,0.3834847509860992,0.9611001908779144,0.9337676416961124,1.0,1.0,LogNormal,0.9618823397204186,0.5451870251237491,31320298.2023646,14577236.467314048,14086563.513446288,-490672.9538677595,490672.9538677595,100.0,1457723646.7314048,1408656351.3446288,-49067295.38677597,49067295.38677597,False,channel3,False,0.03366021776267243,-0.03366021776267243,False,0.033660217762672355,-0.033660217762672355,0.03366021776267239,-0.03366021776267239,0.033106112568443515,0.03366021776267239,percent_roi_or_contribution,0.5,0.0,0,True,False,False,0.5,True,0.06732043552534478,,0.06732043552534478,0.06732043552534478,,True,False,0.0
"multi|channel0,channel1,channel2,channel3,channel4|pmode=roi|rpk=revenue_per_conversion|target=channel3|mu=1.500000|sigma=1.000000|dist=LogNormal|1.500000|1.000000|LogNormal|alpha=0p3|ec=0p5|slope=1p2|lag=4|decay=geometric",channel3,"{""kpi_type"": ""non_revenue"", ""kpi_type_effective"": ""revenue"", ""prior_design_mode"": ""roi"", ""prior_grid_type"": ""roi"", ""revenue_per_kpi"": null, ""roi_prior_overrides"": {""channel0"": {""dist"": ""LogNormal"", ""mu"": 1.0, ""sigma"": 1.0}, ""channel1"": {""dist"": ""LogNormal"", ""mu"": 1.0, ""sigma"": 1.0}, ""channel2"": {""dist"": ""LogNormal"", ""mu"": 1.0, ""sigma"": 1.0}, ""channel3"": {""dist"": ""LogNormal"", ""mu"": 1.5, ""sigma"": 1.0}, ""channel4"": {""dist"": ""LogNormal"", ""mu"": 1.0, ""sigma"": 1.0}}, ""run_mode"": ""roi_full"", ""structural_overrides"": {""adstock_decay_spec"": ""geometric"", ""alpha_m"": 0.3, ""ec_m"": 0.5, ""max_lag"": 4, ""slope_m"": 1.2}, ""sweep_type"": ""fixed_full_grid"", ""target_channel"": ""channel3"", ""two_layer_enabled"": false}",channel2,PASS,PASS,,,0.5478384270270665,0.535919669183592,0.0119187578434745,0.0217559726654327,0.3,0.5,1.2,4,geometric,prior_sweep,roi_full,roi,non_revenue,revenue,__revenue_equiv__,,channel3,fixed_full_grid,False,roi,roi,Revenue-equivalent ROI,1.5,1.0,LogNormal,target_channels,channel3,configured,,,,upload_8ce52c632a82_national_all_channels,/Users/jasper/Documents/Intern/BlueAlpha/capstone-Blue_Alpha_1/backend/storage/uploads/upload_8ce52c632a82_national_all_channels.csv,1.5,1.0,LogNormal,0.3578971561854973,0.1389466427266597,0.4730767756700516,1.2380538046360017,0.3646319647245726,0.1272397138178348,0.4440821707248688,1.24323650598526,0.9848658792062644,1.0,1.0,LogNormal,0.6830302614898953,0.4517203182552562,12079349.341539,6617531.742779157,6473560.90307062,-143970.83970853686,143970.83970853686,100.0,661753174.2779157,647356090.307062,-14397083.970853686,14397083.970853686,False,channel3,False,0.021755972665432714,-0.021755972665432714,False,0.021755972665432746,-0.021755972665432746,0.021755972665432728,-0.021755972665432728,0.021522688970422966,0.021755972665432728,percent_roi_or_contribution,0.5,0.0,0,True,False,False,0.5,True,0.043511945330865456,,0.043511945330865456,0.043511945330865456,,True,False,0.0
"multi|channel0,channel1,channel2,channel3,channel4|pmode=roi|rpk=revenue_per_conversion|target=channel3|mu=1.500000|sigma=1.000000|dist=LogNormal|1.500000|1.000000|LogNormal|alpha=0p3|ec=0p5|slope=1p2|lag=4|decay=geometric",channel3,"{""kpi_type"": ""non_revenue"", ""kpi_type_effective"": ""revenue"", ""prior_design_mode"": ""roi"", ""prior_grid_type"": ""roi"", ""revenue_per_kpi"": null, ""roi_prior_overrides"": {""channel0"": {""dist"": ""LogNormal"", ""mu"": 1.0, ""sigma"": 1.0}, ""channel1"": {""dist"": ""LogNormal"", ""mu"": 1.0, ""sigma"": 1.0}, ""channel2"": {""dist"": ""LogNormal"", ""mu"": 1.0, ""sigma"": 1.0}, ""channel3"": {""dist"": ""LogNormal"", ""mu"": 1.5, ""sigma"": 1.0}, ""channel4"": {""dist"": ""LogNormal"", ""mu"": 1.0, ""sigma"": 1.0}}, ""run_mode"": ""roi_full"", ""structural_overrides"": {""adstock_decay_spec"": ""geometric"", ""alpha_m"": 0.3, ""ec_m"": 0.5, ""max_lag"": 4, ""slope_m"": 1.2}, ""sweep_type"": ""fixed_full_grid"", ""target_channel"": ""channel3"", ""two_layer_enabled"": false}",channel3,PASS,PASS,,,0.2585340054263361,0.4303050382621586,0.1717710328358225,0.66440402125269,0.3,0.5,1.2,4,geometric,prior_sweep,roi_full,roi,non_revenue,revenue,__revenue_equiv__,,channel3,fixed_full_grid,False,roi,roi,Revenue-equivalent ROI,1.5,1.0,LogNormal,target_channels,channel3,configured,,,,upload_8ce52c632a82_national_all_channels,/Users/jasper/Documents/Intern/BlueAlpha/capstone-Blue_Alpha_1/backend/storage/uploads/upload_8ce52c632a82_national_all_channels.csv,1.5,1.0,LogNormal,0.1334336334010044,0.0872698206454515,0.2386796101927757,0.505061289668083,0.1589678461178713,0.2067470714449882,0.4095731079578399,0.7229433655738831,0.4692883959119001,1.5,1.0,LogNormal,1.9238123665193776,1.1043283539653073,87860358.24888599,22714890.336277325,37806754.81801385,15091864.481736522,15091864.481736522,100.0,2271489033.6277323,3780675481.801385,1509186448.1736526,1509186448.1736526,False,channel3,True,0.6644040212526902,0.6644040212526902,False,0.66440402125269,0.66440402125269,0.66440402125269,0.66440402125269,0.5094671141611555,0.66440402125269,percent_roi_or_contribution,0.5,0.0,0,True,False,False,0.5,True,1.32880804250538,,1.32880804250538,1.32880804250538,,True,False,0.0
"multi|channel0,channel1,channel2,channel3,channel4|pmode=roi|rpk=revenue_per_conversion|target=channel3|mu=1.500000|sigma=1.000000|dist=LogNormal|1.500000|1.000000|LogNormal|alpha=0p3|ec=0p5|slope=1p2|lag=4|decay=geometric",channel3,"{""kpi_type"": ""non_revenue"", ""kpi_type_effective"": ""revenue"", ""prior_design_mode"": ""roi"", ""prior_grid_type"": ""roi"", ""revenue_per_kpi"": null, ""roi_prior_overrides"": {""channel0"": {""dist"": ""LogNormal"", ""mu"": 1.0, ""sigma"": 1.0}, ""channel1"": {""dist"": ""LogNormal"", ""mu"": 1.0, ""sigma"": 1.0}, ""channel2"": {""dist"": ""LogNormal"", ""mu"": 1.0, ""sigma"": 1.0}, ""channel3"": {""dist"": ""LogNormal"", ""mu"": 1.5, ""sigma"": 1.0}, ""channel4"": {""dist"": ""LogNormal"", ""mu"": 1.0, ""sigma"": 1.0}}, ""run_mode"": ""roi_full"", ""structural_overrides"": {""adstock_decay_spec"": ""geometric"", ""alpha_m"": 0.3, ""ec_m"": 0.5, ""max_lag"": 4, ""slope_m"": 1.2}, ""sweep_type"": ""fixed_full_grid"", ""target_channel"": ""channel3"", ""two_layer_enabled"": false}",channel4,PASS,PASS,,,0.4063499003617714,0.3860611384827643,0.020288761879007,0.0499292896613093,0.3,0.5,1.2,4,geometric,prior_sweep,roi_full,roi,non_revenue,revenue,__revenue_equiv__,,channel3,fixed_full_grid,False,roi,roi,Revenue-equivalent ROI,1.5,1.0,LogNormal,target_channels,channel3,configured,,,,upload_8ce52c632a82_national_all_channels,/Users/jasper/Documents/Intern/BlueAlpha/capstone-Blue_Alpha_1/backend/storage/uploads/upload_8ce52c632a82_national_all_channels.csv,1.5,1.0,LogNormal,0.2333962216151473,0.1240440666675567,0.3590486496686935,0.8468084782361984,0.2283519123368154,0.1148911360651254,0.3317619115114212,0.8286499172449111,0.9626850055052596,1.0,1.0,LogNormal,1.191400125574228,0.6253544767168495,47730683.477718174,19395358.475370027,18426962.003968347,-968396.4714016804,968396.4714016804,100.0,1939535847.5370028,1842696200.3968344,-96839647.1401682,96839647.1401682,False,channel3,False,0.049929289661309356,-0.049929289661309356,False,0.049929289661309294,-0.049929289661309294,0.04992928966130933,-0.04992928966130933,0.048722818722072896,0.04992928966130933,percent_roi_or_contribution,0.5,0.0,0,True,False,False,0.5,True,0.09985857932261866,,0.09985857932261866,0.09985857932261866,,True,False,0.0
"multi|channel0,channel1,channel2,channel3,channel4|pmode=roi|rpk=revenue_per_conversion|target=channel3|mu=1.000000|sigma=1.500000|dist=LogNormal|1.000000|1.500000|LogNormal|alpha=0p3|ec=0p5|slope=1p2|lag=4|decay=geometric",channel3,"{""kpi_type"": ""non_revenue"", ""kpi_type_effective"": ""revenue"", ""prior_design_mode"": ""roi"", ""prior_grid_type"": ""roi"", ""revenue_per_kpi"": null, ""roi_prior_overrides"": {""channel0"": {""dist"": ""LogNormal"", ""mu"": 1.0, ""sigma"": 1.0}, ""channel1"": {""dist"": ""LogNormal"", ""mu"": 1.0, ""sigma"": 1.0}, ""channel2"": {""dist"": ""LogNormal"", ""mu"": 1.0, ""sigma"": 1.0}, ""channel3"": {""dist"": ""LogNormal"", ""mu"": 1.0, ""sigma"": 1.5}, ""channel4"": {""dist"": ""LogNormal"", ""mu"": 1.0, ""sigma"": 1.0}}, ""run_mode"": ""roi_full"", ""structural_overrides"": {""adstock_decay_spec"": ""geometric"", ""alpha_m"": 0.3, ""ec_m"": 0.5, ""max_lag"": 4, ""slope_m"": 1.2}, ""sweep_type"": ""fixed_full_grid"", ""target_channel"": ""channel3"", ""two_layer_enabled"": false}",channel0,PASS,PASS,,,0.4308758754407366,0.4449270390005161,0.0140511635597795,0.0326106991843226,0.3,0.5,1.2,4,geometric,prior_sweep,roi_full,roi,non_revenue,revenue,__revenue_equiv__,,channel3,fixed_full_grid,False,roi,roi,Revenue-equivalent ROI,1.0,1.5,LogNormal,target_channels,channel3,configured,,,,upload_8ce52c632a82_national_all_channels,/Users/jasper/Documents/Intern/BlueAlpha/capstone-Blue_Alpha_1/backend/storage/uploads/upload_8ce52c632a82_national_all_channels.csv,1.0,1.5,LogNormal,0.260312272419158,0.1235604096204042,0.3676227629184723,0.9330472171306609,0.27527510382354,0.1306309729814529,0.3764129430055618,0.9788506865501404,0.9381800141931556,1.0,1.0,LogNormal,0.9819254912284684,0.5080127321296092,40501713.0799782,17451211.080185138,18020307.27512317,569096.1949380338,569096.1949380338,100.0,1745121108.0185137,1802030727.5123172,56909619.4938035,56909619.4938035,False,channel3,False,0.03261069918432265,0.03261069918432265,False,0.032610699184322536,0.032610699184322536,0.03261069918432259,0.03261069918432259,0.032090254812330674,0.03261069918432259,percent_roi_or_contribution,0.0,0.5,0,False,True,False,0.5,True,,0.06522139836864518,0.06522139836864518,0.06522139836864518,,True,False,0.0
"multi|channel0,channel1,channel2,channel3,channel4|pmode=roi|rpk=revenue_per_conversion|target=channel3|mu=1.000000|sigma=1.500000|dist=LogNormal|1.000000|1.500000|LogNormal|alpha=0p3|ec=0p5|slope=1p2|lag=4|decay=geometric",channel3,"{""kpi_type"": ""non_revenue"", ""kpi_type_effective"": ""revenue"", ""prior_design_mode"": ""roi"", ""prior_grid_type"": ""roi"", ""revenue_per_kpi"": null, ""roi_prior_overrides"": {""channel0"": {""dist"": ""LogNormal"", ""mu"": 1.0, ""sigma"": 1.0}, ""channel1"": {""dist"": ""LogNormal"", ""mu"": 1.0, ""sigma"": 1.0}, ""channel2"": {""dist"": ""LogNormal"", ""mu"": 1.0, ""sigma"": 1.0}, ""channel3"": {""dist"": ""LogNormal"", ""mu"": 1.0, ""sigma"": 1.5}, ""channel4"": {""dist"": ""LogNormal"", ""mu"": 1.0, ""sigma"": 1.0}}, ""run_mode"": ""roi_full"", ""structural_overrides"": {""adstock_decay_spec"": ""geometric"", ""alpha_m"": 0.3, ""ec_m"": 0.5, ""max_lag"": 4, ""slope_m"": 1.2}, ""sweep_type"": ""fixed_full_grid"", ""target_channel"": ""channel3"", ""two_layer_enabled"": false}",channel1,PASS,PASS,,,0.4654245746042579,0.4722554341610521,0.0068308595567941,0.0146766198639216,0.3,0.5,1.2,4,geometric,prior_sweep,roi_full,roi,non_revenue,revenue,__revenue_equiv__,,channel3,fixed_full_grid,False,roi,roi,Revenue-equivalent ROI,1.0,1.5,LogNormal,target_channels,channel3,configured,,,,upload_8ce52c632a82_national_all_channels,/Users/jasper/Documents/Intern/BlueAlpha/capstone-Blue_Alpha_1/backend/storage/uploads/upload_8ce52c632a82_national_all_channels.csv,1.0,1.5,LogNormal,0.2843900597561066,0.1218790113925933,0.3990941643714905,1.014937341213226,0.2823134183721611,0.1233820874243974,0.4021920561790466,1.000830167531967,0.982520458975845,1.0,1.0,LogNormal,0.9438450090213626,0.5225825986331661,31320298.2023646,14577236.467314048,14791181.025611317,213944.5582972672,213944.5582972672,100.0,1457723646.7314048,1479118102.5611317,21394455.829726696,21394455.829726696,False,channel3,False,0.014676619863921764,0.014676619863921764,False,0.014676619863921967,0.014676619863921967,0.014676619863921866,0.014676619863921866,0.014569960610342523,0.014676619863921866,percent_roi_or_contribution,0.0,0.5,0,False,True,False,0.5,True,,0.029353239727843733,0.029353239727843733,0.029353239727843733,,True,False,0.0
"multi|channel0,channel1,channel2,channel3,channel4|pmode=roi|rpk=revenue_per_conversion|target=channel3|mu=1.000000|sigma=1.500000|dist=LogNormal|1.000000|1.500000|LogNormal|alpha=0p3|ec=0p5|slope=1p2|lag=4|decay=geometric",channel3,"{""kpi_type"": ""non_revenue"", ""kpi_type_effective"": ""revenue"", ""prior_design_mode"": ""roi"", ""prior_grid_type"": ""roi"", ""revenue_per_kpi"": null, ""roi_prior_overrides"": {""channel0"": {""dist"": ""LogNormal"", ""mu"": 1.0, ""sigma"": 1.0}, ""channel1"": {""dist"": ""LogNormal"", ""mu"": 1.0, ""sigma"": 1.0}, ""channel2"": {""dist"": ""LogNormal"", ""mu"": 1.0, ""sigma"": 1.0}, ""channel3"": {""dist"": ""LogNormal"", ""mu"": 1.0, ""sigma"": 1.5}, ""channel4"": {""dist"": ""LogNormal"", ""mu"": 1.0, ""sigma"": 1.0}}, ""run_mode"": ""roi_full"", ""structural_overrides"": {""adstock_decay_spec"": ""geometric"", ""alpha_m"": 0.3, ""ec_m"": 0.5, ""max_lag"": 4, ""slope_m"": 1.2}, ""sweep_type"": ""fixed_full_grid"", ""target_channel"": ""channel3"", ""two_layer_enabled"": false}",channel2,PASS,PASS,,,0.5478384270270665,0.5688145066828777,0.0209760796558111,0.0382888067374924,0.3,0.5,1.2,4,geometric,prior_sweep,roi_full,roi,non_revenue,revenue,__revenue_equiv__,,channel3,fixed_full_grid,False,roi,roi,Revenue-equivalent ROI,1.0,1.5,LogNormal,target_channels,channel3,configured,,,,upload_8ce52c632a82_national_all_channels,/Users/jasper/Documents/Intern/BlueAlpha/capstone-Blue_Alpha_1/backend/storage/uploads/upload_8ce52c632a82_national_all_channels.csv,1.0,1.5,LogNormal,0.3578971561854973,0.1389466427266597,0.4730767756700516,1.2380538046360017,0.4040665726362017,0.132751926779747,0.4703218638896942,1.3353714048862455,0.913927623756656,1.0,1.0,LogNormal,0.5807709932279121,0.4188233063042619,12079349.341539,6617531.742779157,6870909.1367576495,253377.39397849236,253377.39397849236,100.0,661753174.2779157,687090913.6757649,25337739.3978492,25337739.3978492,False,channel3,False,0.03828880673749237,0.03828880673749237,False,0.03828880673749239,0.03828880673749239,0.03828880673749238,0.03828880673749238,0.03757397989498589,0.03828880673749238,percent_roi_or_contribution,0.0,0.5,0,False,True,False,0.5,True,,0.07657761347498476,0.07657761347498476,0.07657761347498476,,True,False,0.0
"multi|channel0,channel1,channel2,channel3,channel4|pmode=roi|rpk=revenue_per_conversion|target=channel3|mu=1.000000|sigma=1.500000|dist=LogNormal|1.000000|1.500000|LogNormal|alpha=0p3|ec=0p5|slope=1p2|lag=4|decay=geometric",channel3,"{""kpi_type"": ""non_revenue"", ""kpi_type_effective"": ""revenue"", ""prior_design_mode"": ""roi"", ""prior_grid_type"": ""roi"", ""revenue_per_kpi"": null, ""roi_prior_overrides"": {""channel0"": {""dist"": ""LogNormal"", ""mu"": 1.0, ""sigma"": 1.0}, ""channel1"": {""dist"": ""LogNormal"", ""mu"": 1.0, ""sigma"": 1.0}, ""channel2"": {""dist"": ""LogNormal"", ""mu"": 1.0, ""sigma"": 1.0}, ""channel3"": {""dist"": ""LogNormal"", ""mu"": 1.0, ""sigma"": 1.5}, ""channel4"": {""dist"": ""LogNormal"", ""mu"": 1.0, ""sigma"": 1.0}}, ""run_mode"": ""roi_full"", ""structural_overrides"": {""adstock_decay_spec"": ""geometric"", ""alpha_m"": 0.3, ""ec_m"": 0.5, ""max_lag"": 4, ""slope_m"": 1.2}, ""sweep_type"": ""fixed_full_grid"", ""target_channel"": ""channel3"", ""two_layer_enabled"": false}",channel3,PASS,PASS,,,0.2585340054263361,0.185067680455201,0.073466324971135,0.2841650360461684,0.3,0.5,1.2,4,geometric,prior_sweep,roi_full,roi,non_revenue,revenue,__revenue_equiv__,,channel3,fixed_full_grid,False,roi,roi,Revenue-equivalent ROI,1.0,1.5,LogNormal,target_channels,channel3,configured,,,,upload_8ce52c632a82_national_all_channels,/Users/jasper/Documents/Intern/BlueAlpha/capstone-Blue_Alpha_1/backend/storage/uploads/upload_8ce52c632a82_national_all_channels.csv,1.0,1.5,LogNormal,0.1334336334010044,0.0872698206454515,0.2386796101927757,0.505061289668083,0.1230646642081067,0.0411318585276603,0.157438188791275,0.4310510843992231,0.7410205964055675,1.0,1.5,LogNormal,2.1514570217083526,0.8411890258525035,87860358.24888599,22714890.336277325,16260112.705084316,-6454777.631193008,6454777.631193008,100.0,2271489033.6277323,1626011270.5084317,-645477763.1193006,645477763.1193006,False,channel3,True,0.2841650360461684,-0.2841650360461684,False,0.2841650360461684,-0.2841650360461684,0.2841650360461684,-0.2841650360461684,0.2501087297543808,0.2841650360461684,percent_roi_or_contribution,0.0,0.5,0,False,True,False,0.5,True,,0.5683300720923368,0.5683300720923368,0.5683300720923368,,True,False,0.0
"multi|channel0,channel1,channel2,channel3,channel4|pmode=roi|rpk=revenue_per_conversion|target=channel3|mu=1.000000|sigma=1.500000|dist=LogNormal|1.000000|1.500000|LogNormal|alpha=0p3|ec=0p5|slope=1p2|lag=4|decay=geometric",channel3,"{""kpi_type"": ""non_revenue"", ""kpi_type_effective"": ""revenue"", ""prior_design_mode"": ""roi"", ""prior_grid_type"": ""roi"", ""revenue_per_kpi"": null, ""roi_prior_overrides"": {""channel0"": {""dist"": ""LogNormal"", ""mu"": 1.0, ""sigma"": 1.0}, ""channel1"": {""dist"": ""LogNormal"", ""mu"": 1.0, ""sigma"": 1.0}, ""channel2"": {""dist"": ""LogNormal"", ""mu"": 1.0, ""sigma"": 1.0}, ""channel3"": {""dist"": ""LogNormal"", ""mu"": 1.0, ""sigma"": 1.5}, ""channel4"": {""dist"": ""LogNormal"", ""mu"": 1.0, ""sigma"": 1.0}}, ""run_mode"": ""roi_full"", ""structural_overrides"": {""adstock_decay_spec"": ""geometric"", ""alpha_m"": 0.3, ""ec_m"": 0.5, ""max_lag"": 4, ""slope_m"": 1.2}, ""sweep_type"": ""fixed_full_grid"", ""target_channel"": ""channel3"", ""two_layer_enabled"": false}",channel4,PASS,PASS,,,0.4063499003617714,0.4219049943176408,0.0155550939558694,0.0382800486527024,0.3,0.5,1.2,4,geometric,prior_sweep,roi_full,roi,non_revenue,revenue,__revenue_equiv__,,channel3,fixed_full_grid,False,roi,roi,Revenue-equivalent ROI,1.0,1.5,LogNormal,target_channels,channel3,configured,,,,upload_8ce52c632a82_national_all_channels,/Users/jasper/Documents/Intern/BlueAlpha/capstone-Blue_Alpha_1/backend/storage/uploads/upload_8ce52c632a82_national_all_channels.csv,1.0,1.5,LogNormal,0.2333962216151473,0.1240440666675567,0.3590486496686935,0.8468084782361984,0.2445233064494181,0.1277733355760574,0.3688316643238067,0.9026951521635054,0.9234368975446348,1.0,1.0,LogNormal,1.1054373932045651,0.5897318069842061,47730683.477718174,19395358.475370027,20137813.7414438,742455.2660737708,742455.2660737708,100.0,1939535847.5370028,2013781374.14438,74245526.60737705,74245526.60737705,False,channel3,False,0.03828004865270246,0.03828004865270246,False,0.038280048652702715,0.038280048652702715,0.038280048652702584,0.038280048652702584,0.0375655447450825,0.038280048652702584,percent_roi_or_contribution,0.0,0.5,0,False,True,False,0.5,True,,0.07656009730540517,0.07656009730540517,0.07656009730540517,,True,False,0.0
"multi|channel0,channel1,channel2,channel3,channel4|pmode=roi|rpk=revenue_per_conversion|target=channel3|mu=1.500000|sigma=0.500000|dist=LogNormal|1.500000|0.500000|LogNormal|alpha=0p3|ec=0p5|slope=1p2|lag=4|decay=geometric",channel3,"{""kpi_type"": ""non_revenue"", ""kpi_type_effective"": ""revenue"", ""prior_design_mode"": ""roi"", ""prior_grid_type"": ""roi"", ""revenue_per_kpi"": null, ""roi_prior_overrides"": {""channel0"": {""dist"": ""LogNormal"", ""mu"": 1.0, ""sigma"": 1.0}, ""channel1"": {""dist"": ""LogNormal"", ""mu"": 1.0, ""sigma"": 1.0}, ""channel2"": {""dist"": ""LogNormal"", ""mu"": 1.0, ""sigma"": 1.0}, ""channel3"": {""dist"": ""LogNormal"", ""mu"": 1.5, ""sigma"": 0.5}, ""channel4"": {""dist"": ""LogNormal"", ""mu"": 1.0, ""sigma"": 1.0}}, ""run_mode"": ""roi_full"", ""structural_overrides"": {""adstock_decay_spec"": ""geometric"", ""alpha_m"": 0.3, ""ec_m"": 0.5, ""max_lag"": 4, ""slope_m"": 1.2}, ""sweep_type"": ""fixed_full_grid"", ""target_channel"": ""channel3"", ""two_layer_enabled"": false}",channel0,PASS,PASS,,,0.4308758754407366,0.398543578311801,0.0323322971289355,0.0750385411944063,0.3,0.5,1.2,4,geometric,prior_sweep,roi_full,roi,non_revenue,revenue,__revenue_equiv__,,channel3,fixed_full_grid,False,roi,roi,Revenue-equivalent ROI,1.5,0.5,LogNormal,target_channels,channel3,configured,,,,upload_8ce52c632a82_national_all_channels,/Users/jasper/Documents/Intern/BlueAlpha/capstone-Blue_Alpha_1/backend/storage/uploads/upload_8ce52c632a82_national_all_channels.csv,1.5,0.5,LogNormal,0.260312272419158,0.1235604096204042,0.3676227629184723,0.9330472171306609,0.2424403896068478,0.1137094270437955,0.3455890268087387,0.8701958537101745,0.9112669440165976,1.0,1.0,LogNormal,1.1272629997278996,0.5541508101748527,40501713.0799782,17451211.080185138,16141697.658652386,-1309513.421532752,1309513.421532752,100.0,1745121108.0185137,1614169765.865239,-130951342.153275,130951342.153275,False,channel3,False,0.07503854119440631,-0.07503854119440631,False,0.0750385411944063,-0.0750385411944063,0.07503854119440631,-0.07503854119440631,0.07235651321081504,0.07503854119440631,percent_roi_or_contribution,0.5,0.5,0,False,False,False,1.0,True,,,0.07503854119440631,0.07503854119440631,,True,False,0.0
"multi|channel0,channel1,channel2,channel3,channel4|pmode=roi|rpk=revenue_per_conversion|target=channel3|mu=1.500000|sigma=0.500000|dist=LogNormal|1.500000|0.500000|LogNormal|alpha=0p3|ec=0p5|slope=1p2|lag=4|decay=geometric",channel3,"{""kpi_type"": ""non_revenue"", ""kpi_type_effective"": ""revenue"", ""prior_design_mode"": ""roi"", ""prior_grid_type"": ""roi"", ""revenue_per_kpi"": null, ""roi_prior_overrides"": {""channel0"": {""dist"": ""LogNormal"", ""mu"": 1.0, ""sigma"": 1.0}, ""channel1"": {""dist"": ""LogNormal"", ""mu"": 1.0, ""sigma"": 1.0}, ""channel2"": {""dist"": ""LogNormal"", ""mu"": 1.0, ""sigma"": 1.0}, ""channel3"": {""dist"": ""LogNormal"", ""mu"": 1.5, ""sigma"": 0.5}, ""channel4"": {""dist"": ""LogNormal"", ""mu"": 1.0, ""sigma"": 1.0}}, ""run_mode"": ""roi_full"", ""structural_overrides"": {""adstock_decay_spec"": ""geometric"", ""alpha_m"": 0.3, ""ec_m"": 0.5, ""max_lag"": 4, ""slope_m"": 1.2}, ""sweep_type"": ""fixed_full_grid"", ""target_channel"": ""channel3"", ""two_layer_enabled"": false}",channel1,PASS,PASS,,,0.4654245746042579,0.4336216797276089,0.031802894876649,0.0683309318243249,0.3,0.5,1.2,4,geometric,prior_sweep,roi_full,roi,non_revenue,revenue,__revenue_equiv__,,channel3,fixed_full_grid,False,roi,roi,Revenue-equivalent ROI,1.5,0.5,LogNormal,target_channels,channel3,configured,,,,upload_8ce52c632a82_national_all_channels,/Users/jasper/Documents/Intern/BlueAlpha/capstone-Blue_Alpha_1/backend/storage/uploads/upload_8ce52c632a82_national_all_channels.csv,1.5,0.5,LogNormal,0.2843900597561066,0.1218790113925933,0.3990941643714905,1.014937341213226,0.260556128784385,0.1154816955327987,0.3650778979063034,0.9154046088457106,0.8822287138492803,1.0,1.0,LogNormal,1.0392739243758786,0.5611606234030537,31320298.2023646,14577236.467314048,13581160.316078948,-996076.1512351,996076.1512351,100.0,1457723646.7314048,1358116031.607895,-99607615.12350988,99607615.12350988,False,channel3,False,0.06833093182432498,-0.06833093182432498,False,0.06833093182432497,-0.06833093182432497,0.06833093182432498,-0.06833093182432498,0.06609755379964923,0.06833093182432498,percent_roi_or_contribution,0.5,0.5,0,False,False,False,1.0,True,,,0.06833093182432498,0.06833093182432498,,True,False,0.0
"multi|channel0,channel1,channel2,channel3,channel4|pmode=roi|rpk=revenue_per_conversion|target=channel3|mu=1.500000|sigma=0.500000|dist=LogNormal|1.500000|0.500000|LogNormal|alpha=0p3|ec=0p5|slope=1p2|lag=4|decay=geometric",channel3,"{""kpi_type"": ""non_revenue"", ""kpi_type_effective"": ""revenue"", ""prior_design_mode"": ""roi"", ""prior_grid_type"": ""roi"", ""revenue_per_kpi"": null, ""roi_prior_overrides"": {""channel0"": {""dist"": ""LogNormal"", ""mu"": 1.0, ""sigma"": 1.0}, ""channel1"": {""dist"": ""LogNormal"", ""mu"": 1.0, ""sigma"": 1.0}, ""channel2"": {""dist"": ""LogNormal"", ""mu"": 1.0, ""sigma"": 1.0}, ""channel3"": {""dist"": ""LogNormal"", ""mu"": 1.5, ""sigma"": 0.5}, ""channel4"": {""dist"": ""LogNormal"", ""mu"": 1.0, ""sigma"": 1.0}}, ""run_mode"": ""roi_full"", ""structural_overrides"": {""adstock_decay_spec"": ""geometric"", ""alpha_m"": 0.3, ""ec_m"": 0.5, ""max_lag"": 4, ""slope_m"": 1.2}, ""sweep_type"": ""fixed_full_grid"", ""target_channel"": ""channel3"", ""two_layer_enabled"": false}",channel2,PASS,PASS,,,0.5478384270270665,0.5085030135667572,0.0393354134603093,0.07180112149812,0.3,0.5,1.2,4,geometric,prior_sweep,roi_full,roi,non_revenue,revenue,__revenue_equiv__,,channel3,fixed_full_grid,False,roi,roi,Revenue-equivalent ROI,1.5,0.5,LogNormal,target_channels,channel3,configured,,,,upload_8ce52c632a82_national_all_channels,/Users/jasper/Documents/Intern/BlueAlpha/capstone-Blue_Alpha_1/backend/storage/uploads/upload_8ce52c632a82_national_all_channels.csv,1.5,0.5,LogNormal,0.3578971561854973,0.1389466427266597,0.4730767756700516,1.2380538046360017,0.3286902098972348,0.1307864516973495,0.4293278902769089,1.1400303363800046,0.9041029621224728,1.0,1.0,LogNormal,0.7874428539433558,0.4793018617285268,12079349.341539,6617531.742779157,6142385.542098206,-475146.2006809516,475146.2006809516,100.0,661753174.2779157,614238554.2098205,-47514620.06809521,47514620.06809521,False,channel3,False,0.07180112149811996,-0.07180112149811996,False,0.07180112149811993,-0.07180112149811993,0.07180112149811994,-0.07180112149811994,0.06934052444690282,0.07180112149811994,percent_roi_or_contribution,0.5,0.5,0,False,False,False,1.0,True,,,0.07180112149811994,0.07180112149811994,,True,False,0.0
"multi|channel0,channel1,channel2,channel3,channel4|pmode=roi|rpk=revenue_per_conversion|target=channel3|mu=1.500000|sigma=0.500000|dist=LogNormal|1.500000|0.500000|LogNormal|alpha=0p3|ec=0p5|slope=1p2|lag=4|decay=geometric",channel3,"{""kpi_type"": ""non_revenue"", ""kpi_type_effective"": ""revenue"", ""prior_design_mode"": ""roi"", ""prior_grid_type"": ""roi"", ""revenue_per_kpi"": null, ""roi_prior_overrides"": {""channel0"": {""dist"": ""LogNormal"", ""mu"": 1.0, ""sigma"": 1.0}, ""channel1"": {""dist"": ""LogNormal"", ""mu"": 1.0, ""sigma"": 1.0}, ""channel2"": {""dist"": ""LogNormal"", ""mu"": 1.0, ""sigma"": 1.0}, ""channel3"": {""dist"": ""LogNormal"", ""mu"": 1.5, ""sigma"": 0.5}, ""channel4"": {""dist"": ""LogNormal"", ""mu"": 1.0, ""sigma"": 1.0}}, ""run_mode"": ""roi_full"", ""structural_overrides"": {""adstock_decay_spec"": ""geometric"", ""alpha_m"": 0.3, ""ec_m"": 0.5, ""max_lag"": 4, ""slope_m"": 1.2}, ""sweep_type"": ""fixed_full_grid"", ""target_channel"": ""channel3"", ""two_layer_enabled"": false}",channel3,PASS,PASS,,,0.2585340054263361,0.760961354970932,0.5024273495445959,1.9433704619091283,0.3,0.5,1.2,4,geometric,prior_sweep,roi_full,roi,non_revenue,revenue,__revenue_equiv__,,channel3,fixed_full_grid,False,roi,roi,Revenue-equivalent ROI,1.5,0.5,LogNormal,target_channels,channel3,configured,,,,upload_8ce52c632a82_national_all_channels,/Users/jasper/Documents/Intern/BlueAlpha/capstone-Blue_Alpha_1/backend/storage/uploads/upload_8ce52c632a82_national_all_channels.csv,1.5,0.5,LogNormal,0.1334336334010044,0.0872698206454515,0.2386796101927757,0.505061289668083,0.1722388304059995,0.504081392288208,0.7473569810390472,1.074602574110031,0.0009924692323195,1.5,0.5,LogNormal,1.7174147029712112,0.7597260687879186,87860358.24888599,22714890.336277325,66858337.26130378,44143446.92502646,44143446.92502646,100.0,2271489033.6277323,6685833726.130379,4414344692.502646,4414344692.502646,False,channel3,True,1.9433704619091285,1.9433704619091285,False,1.9433704619091283,1.9433704619091283,1.9433704619091285,1.9433704619091285,1.0795553403333598,1.9433704619091285,percent_roi_or_contribution,0.5,0.5,0,False,False,False,1.0,True,,,1.9433704619091285,1.9433704619091285,,True,False,0.0
"multi|channel0,channel1,channel2,channel3,channel4|pmode=roi|rpk=revenue_per_conversion|target=channel3|mu=1.500000|sigma=0.500000|dist=LogNormal|1.500000|0.500000|LogNormal|alpha=0p3|ec=0p5|slope=1p2|lag=4|decay=geometric",channel3,"{""kpi_type"": ""non_revenue"", ""kpi_type_effective"": ""revenue"", ""prior_design_mode"": ""roi"", ""prior_grid_type"": ""roi"", ""revenue_per_kpi"": null, ""roi_prior_overrides"": {""channel0"": {""dist"": ""LogNormal"", ""mu"": 1.0, ""sigma"": 1.0}, ""channel1"": {""dist"": ""LogNormal"", ""mu"": 1.0, ""sigma"": 1.0}, ""channel2"": {""dist"": ""LogNormal"", ""mu"": 1.0, ""sigma"": 1.0}, ""channel3"": {""dist"": ""LogNormal"", ""mu"": 1.5, ""sigma"": 0.5}, ""channel4"": {""dist"": ""LogNormal"", ""mu"": 1.0, ""sigma"": 1.0}}, ""run_mode"": ""roi_full"", ""structural_overrides"": {""adstock_decay_spec"": ""geometric"", ""alpha_m"": 0.3, ""ec_m"": 0.5, ""max_lag"": 4, ""slope_m"": 1.2}, ""sweep_type"": ""fixed_full_grid"", ""target_channel"": ""channel3"", ""two_layer_enabled"": false}",channel4,PASS,PASS,,,0.4063499003617714,0.3665805686203142,0.0397693317414571,0.0978696726787695,0.3,0.5,1.2,4,geometric,prior_sweep,roi_full,roi,non_revenue,revenue,__revenue_equiv__,,channel3,fixed_full_grid,False,roi,roi,Revenue-equivalent ROI,1.5,0.5,LogNormal,target_channels,channel3,configured,,,,upload_8ce52c632a82_national_all_channels,/Users/jasper/Documents/Intern/BlueAlpha/capstone-Blue_Alpha_1/backend/storage/uploads/upload_8ce52c632a82_national_all_channels.csv,1.5,0.5,LogNormal,0.2333962216151473,0.1240440666675567,0.3590486496686935,0.8468084782361984,0.2178287114633195,0.1152539495378732,0.3148680925369262,0.7900398463010785,0.9103843302269566,1.0,1.0,LogNormal,1.248381014064526,0.6449220250533579,47730683.477718174,19395358.475370027,17497141.089898165,-1898217.3854718616,1898217.3854718616,100.0,1939535847.5370028,1749714108.9898164,-189821738.54718637,189821738.54718637,False,channel3,False,0.09786967267876957,-0.09786967267876957,False,0.09786967267876948,-0.09786967267876948,0.09786967267876953,-0.09786967267876953,0.09337164085012964,0.09786967267876953,percent_roi_or_contribution,0.5,0.5,0,False,False,False,1.0,True,,,0.09786967267876953,0.09786967267876953,,True,False,0.0
"multi|channel0,channel1,channel2,channel3,channel4|pmode=roi|rpk=revenue_per_conversion|target=channel3|mu=1.500000|sigma=1.500000|dist=LogNormal|1.500000|1.500000|LogNormal|alpha=0p3|ec=0p5|slope=1p2|lag=4|decay=geometric",channel3,"{""kpi_type"": ""non_revenue"", ""kpi_type_effective"": ""revenue"", ""prior_design_mode"": ""roi"", ""prior_grid_type"": ""roi"", ""revenue_per_kpi"": null, ""roi_prior_overrides"": {""channel0"": {""dist"": ""LogNormal"", ""mu"": 1.0, ""sigma"": 1.0}, ""channel1"": {""dist"": ""LogNormal"", ""mu"": 1.0, ""sigma"": 1.0}, ""channel2"": {""dist"": ""LogNormal"", ""mu"": 1.0, ""sigma"": 1.0}, ""channel3"": {""dist"": ""LogNormal"", ""mu"": 1.5, ""sigma"": 1.5}, ""channel4"": {""dist"": ""LogNormal"", ""mu"": 1.0, ""sigma"": 1.0}}, ""run_mode"": ""roi_full"", ""structural_overrides"": {""adstock_decay_spec"": ""geometric"", ""alpha_m"": 0.3, ""ec_m"": 0.5, ""max_lag"": 4, ""slope_m"": 1.2}, ""sweep_type"": ""fixed_full_grid"", ""target_channel"": ""channel3"", ""two_layer_enabled"": false}",channel0,PASS,PASS,,,0.4308758754407366,0.4493875382312884,0.0185116627905518,0.0429628666762011,0.3,0.5,1.2,4,geometric,prior_sweep,roi_full,roi,non_revenue,revenue,__revenue_equiv__,,channel3,fixed_full_grid,False,roi,roi,Revenue-equivalent ROI,1.5,1.5,LogNormal,target_channels,channel3,configured,,,,upload_8ce52c632a82_national_all_channels,/Users/jasper/Documents/Intern/BlueAlpha/capstone-Blue_Alpha_1/backend/storage/uploads/upload_8ce52c632a82_national_all_channels.csv,1.5,1.5,LogNormal,0.260312272419158,0.1235604096204042,0.3676227629184723,0.9330472171306609,0.2766051909768731,0.120634064078331,0.3855479657649994,0.9735984742641448,0.9490276473949414,1.0,1.0,LogNormal,0.9750063502035542,0.5033446685198794,40501713.0799782,17451211.080185138,18200965.135161377,749754.0549762398,749754.0549762398,100.0,1745121108.0185137,1820096513.5161376,74975405.49762416,74975405.49762416,False,channel3,False,0.042962866676201174,0.042962866676201174,False,0.042962866676201236,0.042962866676201236,0.04296286667620121,0.04296286667620121,0.04206557296510461,0.04296286667620121,percent_roi_or_contribution,0.5,0.5,0,False,False,False,1.0,True,,,0.04296286667620121,0.04296286667620121,,True,False,0.0
"multi|channel0,channel1,channel2,channel3,channel4|pmode=roi|rpk=revenue_per_conversion|target=channel3|mu=1.500000|sigma=1.500000|dist=LogNormal|1.500000|1.500000|LogNormal|alpha=0p3|ec=0p5|slope=1p2|lag=4|decay=geometric",channel3,"{""kpi_type"": ""non_revenue"", ""kpi_type_effective"": ""revenue"", ""prior_design_mode"": ""roi"", ""prior_grid_type"": ""roi"", ""revenue_per_kpi"": null, ""roi_prior_overrides"": {""channel0"": {""dist"": ""LogNormal"", ""mu"": 1.0, ""sigma"": 1.0}, ""channel1"": {""dist"": ""LogNormal"", ""mu"": 1.0, ""sigma"": 1.0}, ""channel2"": {""dist"": ""LogNormal"", ""mu"": 1.0, ""sigma"": 1.0}, ""channel3"": {""dist"": ""LogNormal"", ""mu"": 1.5, ""sigma"": 1.5}, ""channel4"": {""dist"": ""LogNormal"", ""mu"": 1.0, ""sigma"": 1.0}}, ""run_mode"": ""roi_full"", ""structural_overrides"": {""adstock_decay_spec"": ""geometric"", ""alpha_m"": 0.3, ""ec_m"": 0.5, ""max_lag"": 4, ""slope_m"": 1.2}, ""sweep_type"": ""fixed_full_grid"", ""target_channel"": ""channel3"", ""two_layer_enabled"": false}",channel1,PASS,PASS,,,0.4654245746042579,0.4682239550848802,0.0027993804806222,0.0060146812896644,0.3,0.5,1.2,4,geometric,prior_sweep,roi_full,roi,non_revenue,revenue,__revenue_equiv__,,channel3,fixed_full_grid,False,roi,roi,Revenue-equivalent ROI,1.5,1.5,LogNormal,target_channels,channel3,configured,,,,upload_8ce52c632a82_national_all_channels,/Users/jasper/Documents/Intern/BlueAlpha/capstone-Blue_Alpha_1/backend/storage/uploads/upload_8ce52c632a82_national_all_channels.csv,1.5,1.5,LogNormal,0.2843900597561066,0.1218790113925933,0.3990941643714905,1.014937341213226,0.2926137636020054,0.133633691817522,0.4015435874462127,1.0349062681198116,0.9652544794278884,1.0,1.0,LogNormal,0.9131060408319668,0.5267446312420883,31320298.2023646,14577236.467314048,14664913.898749016,87677.43143496849,87677.43143496849,100.0,1457723646.7314048,1466491389.8749015,8767743.143496752,8767743.143496752,False,channel3,False,0.006014681289664485,0.006014681289664485,False,0.006014681289664476,0.006014681289664476,0.006014681289664481,0.006014681289664481,0.005996665298360742,0.006014681289664481,percent_roi_or_contribution,0.5,0.5,0,False,False,False,1.0,True,,,0.006014681289664481,0.006014681289664481,,True,False,0.0
"multi|channel0,channel1,channel2,channel3,channel4|pmode=roi|rpk=revenue_per_conversion|target=channel3|mu=1.500000|sigma=1.500000|dist=LogNormal|1.500000|1.500000|LogNormal|alpha=0p3|ec=0p5|slope=1p2|lag=4|decay=geometric",channel3,"{""kpi_type"": ""non_revenue"", ""kpi_type_effective"": ""revenue"", ""prior_design_mode"": ""roi"", ""prior_grid_type"": ""roi"", ""revenue_per_kpi"": null, ""roi_prior_overrides"": {""channel0"": {""dist"": ""LogNormal"", ""mu"": 1.0, ""sigma"": 1.0}, ""channel1"": {""dist"": ""LogNormal"", ""mu"": 1.0, ""sigma"": 1.0}, ""channel2"": {""dist"": ""LogNormal"", ""mu"": 1.0, ""sigma"": 1.0}, ""channel3"": {""dist"": ""LogNormal"", ""mu"": 1.5, ""sigma"": 1.5}, ""channel4"": {""dist"": ""LogNormal"", ""mu"": 1.0, ""sigma"": 1.0}}, ""run_mode"": ""roi_full"", ""structural_overrides"": {""adstock_decay_spec"": ""geometric"", ""alpha_m"": 0.3, ""ec_m"": 0.5, ""max_lag"": 4, ""slope_m"": 1.2}, ""sweep_type"": ""fixed_full_grid"", ""target_channel"": ""channel3"", ""two_layer_enabled"": false}",channel2,PASS,PASS,,,0.5478384270270665,0.5498180532796929,0.0019796262526263,0.0036135220805322,0.3,0.5,1.2,4,geometric,prior_sweep,roi_full,roi,non_revenue,revenue,__revenue_equiv__,,channel3,fixed_full_grid,False,roi,roi,Revenue-equivalent ROI,1.5,1.5,LogNormal,target_channels,channel3,configured,,,,upload_8ce52c632a82_national_all_channels,/Users/jasper/Documents/Intern/BlueAlpha/capstone-Blue_Alpha_1/backend/storage/uploads/upload_8ce52c632a82_national_all_channels.csv,1.5,1.5,LogNormal,0.3578971561854973,0.1389466427266597,0.4730767756700516,1.2380538046360017,0.3684217891147705,0.1430878803133964,0.4632955640554428,1.2968427777290343,0.945651247311884,1.0,1.0,LogNormal,0.6677260310110262,0.4377790643002635,12079349.341539,6617531.742779157,6641444.339850313,23912.597071155906,23912.597071155906,100.0,661753174.2779157,664144433.9850312,2391259.707115531,2391259.707115531,False,channel3,False,0.003613522080532279,0.003613522080532279,False,0.0036135220805323044,0.0036135220805323044,0.003613522080532292,0.003613522080532292,0.0036070089950222687,0.003613522080532292,percent_roi_or_contribution,0.5,0.5,0,False,False,False,1.0,True,,,0.003613522080532292,0.003613522080532292,,True,False,0.0
"multi|channel0,channel1,channel2,channel3,channel4|pmode=roi|rpk=revenue_per_conversion|target=channel3|mu=1.500000|sigma=1.500000|dist=LogNormal|1.500000|1.500000|LogNormal|alpha=0p3|ec=0p5|slope=1p2|lag=4|decay=geometric",channel3,"{""kpi_type"": ""non_revenue"", ""kpi_type_effective"": ""revenue"", ""prior_design_mode"": ""roi"", ""prior_grid_type"": ""roi"", ""revenue_per_kpi"": null, ""roi_prior_overrides"": {""channel0"": {""dist"": ""LogNormal"", ""mu"": 1.0, ""sigma"": 1.0}, ""channel1"": {""dist"": ""LogNormal"", ""mu"": 1.0, ""sigma"": 1.0}, ""channel2"": {""dist"": ""LogNormal"", ""mu"": 1.0, ""sigma"": 1.0}, ""channel3"": {""dist"": ""LogNormal"", ""mu"": 1.5, ""sigma"": 1.5}, ""channel4"": {""dist"": ""LogNormal"", ""mu"": 1.0, ""sigma"": 1.0}}, ""run_mode"": ""roi_full"", ""structural_overrides"": {""adstock_decay_spec"": ""geometric"", ""alpha_m"": 0.3, ""ec_m"": 0.5, ""max_lag"": 4, ""slope_m"": 1.2}, ""sweep_type"": ""fixed_full_grid"", ""target_channel"": ""channel3"", ""two_layer_enabled"": false}",channel3,PASS,PASS,,,0.2585340054263361,0.3025852046146368,0.0440511991883006,0.1703884141494576,0.3,0.5,1.2,4,geometric,prior_sweep,roi_full,roi,non_revenue,revenue,__revenue_equiv__,,channel3,fixed_full_grid,False,roi,roi,Revenue-equivalent ROI,1.5,1.5,LogNormal,target_channels,channel3,configured,,,,upload_8ce52c632a82_national_all_channels,/Users/jasper/Documents/Intern/BlueAlpha/capstone-Blue_Alpha_1/backend/storage/uploads/upload_8ce52c632a82_national_all_channels.csv,1.5,1.5,LogNormal,0.1334336334010044,0.0872698206454515,0.2386796101927757,0.505061289668083,0.1459967267645977,0.1114717356860637,0.2777872085571289,0.568725562095642,0.8174989310470991,1.5,1.5,LogNormal,2.152995570928013,1.2383082694866678,87860358.24888599,22714890.336277325,26585244.478254456,3870354.1419771314,3870354.1419771314,100.0,2271489033.6277323,2658524447.8254457,387035414.1977134,387035414.1977134,False,channel3,True,0.17038841414945768,0.17038841414945768,False,0.17038841414945752,0.17038841414945752,0.1703884141494576,0.1703884141494576,0.15733567162271192,0.1703884141494576,percent_roi_or_contribution,0.5,0.5,0,False,False,False,1.0,True,,,0.1703884141494576,0.1703884141494576,,True,False,0.0
"multi|channel0,channel1,channel2,channel3,channel4|pmode=roi|rpk=revenue_per_conversion|target=channel3|mu=1.500000|sigma=1.500000|dist=LogNormal|1.500000|1.500000|LogNormal|alpha=0p3|ec=0p5|slope=1p2|lag=4|decay=geometric",channel3,"{""kpi_type"": ""non_revenue"", ""kpi_type_effective"": ""revenue"", ""prior_design_mode"": ""roi"", ""prior_grid_type"": ""roi"", ""revenue_per_kpi"": null, ""roi_prior_overrides"": {""channel0"": {""dist"": ""LogNormal"", ""mu"": 1.0, ""sigma"": 1.0}, ""channel1"": {""dist"": ""LogNormal"", ""mu"": 1.0, ""sigma"": 1.0}, ""channel2"": {""dist"": ""LogNormal"", ""mu"": 1.0, ""sigma"": 1.0}, ""channel3"": {""dist"": ""LogNormal"", ""mu"": 1.5, ""sigma"": 1.5}, ""channel4"": {""dist"": ""LogNormal"", ""mu"": 1.0, ""sigma"": 1.0}}, ""run_mode"": ""roi_full"", ""structural_overrides"": {""adstock_decay_spec"": ""geometric"", ""alpha_m"": 0.3, ""ec_m"": 0.5, ""max_lag"": 4, ""slope_m"": 1.2}, ""sweep_type"": ""fixed_full_grid"", ""target_channel"": ""channel3"", ""two_layer_enabled"": false}",channel4,PASS,PASS,,,0.4063499003617714,0.4126520338685562,0.0063021335067848,0.0155091301884755,0.3,0.5,1.2,4,geometric,prior_sweep,roi_full,roi,non_revenue,revenue,__revenue_equiv__,,channel3,fixed_full_grid,False,roi,roi,Revenue-equivalent ROI,1.5,1.5,LogNormal,target_channels,channel3,configured,,,,upload_8ce52c632a82_national_all_channels,/Users/jasper/Documents/Intern/BlueAlpha/capstone-Blue_Alpha_1/backend/storage/uploads/upload_8ce52c632a82_national_all_channels.csv,1.5,1.5,LogNormal,0.2333962216151473,0.1240440666675567,0.3590486496686935,0.8468084782361984,0.2414608331305123,0.1181871891021728,0.3554310649633407,0.8783467710018158,0.9508061580470372,1.0,1.0,LogNormal,1.1226884843239815,0.5988361626541194,47730683.477718174,19395358.475370027,19696163.615016695,300805.139646668,300805.139646668,100.0,1939535847.5370028,1969616361.5016696,30080513.964666605,30080513.964666605,False,channel3,False,0.015509130188475658,0.015509130188475658,False,0.015509130188475632,0.015509130188475632,0.015509130188475644,0.015509130188475644,0.015390092828486385,0.015509130188475644,percent_roi_or_contribution,0.5,0.5,0,False,False,False,1.0,True,,,0.015509130188475644,0.015509130188475644,,True,False,0.0
"multi|channel0,channel1,channel2,channel3,channel4|pmode=roi|rpk=revenue_per_conversion|target=channel4|mu=0.500000|sigma=0.500000|dist=LogNormal|0.500000|0.500000|LogNormal|alpha=0p3|ec=0p5|slope=1p2|lag=4|decay=geometric",channel4,"{""kpi_type"": ""non_revenue"", ""kpi_type_effective"": ""revenue"", ""prior_design_mode"": ""roi"", ""prior_grid_type"": ""roi"", ""revenue_per_kpi"": null, ""roi_prior_overrides"": {""channel0"": {""dist"": ""LogNormal"", ""mu"": 1.0, ""sigma"": 1.0}, ""channel1"": {""dist"": ""LogNormal"", ""mu"": 1.0, ""sigma"": 1.0}, ""channel2"": {""dist"": ""LogNormal"", ""mu"": 1.0, ""sigma"": 1.0}, ""channel3"": {""dist"": ""LogNormal"", ""mu"": 1.0, ""sigma"": 1.0}, ""channel4"": {""dist"": ""LogNormal"", ""mu"": 0.5, ""sigma"": 0.5}}, ""run_mode"": ""roi_full"", ""structural_overrides"": {""adstock_decay_spec"": ""geometric"", ""alpha_m"": 0.3, ""ec_m"": 0.5, ""max_lag"": 4, ""slope_m"": 1.2}, ""sweep_type"": ""fixed_full_grid"", ""target_channel"": ""channel4"", ""two_layer_enabled"": false}",channel0,PASS,PASS,,,0.4308758754407366,0.4477808441376934,0.0169049686969568,0.039233964258651,0.3,0.5,1.2,4,geometric,prior_sweep,roi_full,roi,non_revenue,revenue,__revenue_equiv__,,channel4,fixed_full_grid,False,roi,roi,Revenue-equivalent ROI,0.5,0.5,LogNormal,target_channels,channel4,configured,,,,upload_8ce52c632a82_national_all_channels,/Users/jasper/Documents/Intern/BlueAlpha/capstone-Blue_Alpha_1/backend/storage/uploads/upload_8ce52c632a82_national_all_channels.csv,0.5,0.5,LogNormal,0.260312272419158,0.1235604096204042,0.3676227629184723,0.9330472171306609,0.2819756182982987,0.1311934724450111,0.38150255382061,0.9885770827531816,0.926980680940664,1.0,1.0,LogNormal,0.9581627944250032,0.5050425660767442,40501713.0799782,17451211.080185138,18135891.271975297,684680.1917901598,684680.1917901598,100.0,1745121108.0185137,1813589127.1975296,68468019.17901611,68468019.17901611,False,channel4,False,0.03923396425865106,0.03923396425865106,False,0.039233964258651104,0.039233964258651104,0.03923396425865108,0.03923396425865108,0.038483868922015274,0.03923396425865108,percent_roi_or_contribution,0.5,0.5,0,False,False,False,1.0,True,,,0.03923396425865108,0.03923396425865108,,True,False,0.0
"multi|channel0,channel1,channel2,channel3,channel4|pmode=roi|rpk=revenue_per_conversion|target=channel4|mu=0.500000|sigma=0.500000|dist=LogNormal|0.500000|0.500000|LogNormal|alpha=0p3|ec=0p5|slope=1p2|lag=4|decay=geometric",channel4,"{""kpi_type"": ""non_revenue"", ""kpi_type_effective"": ""revenue"", ""prior_design_mode"": ""roi"", ""prior_grid_type"": ""roi"", ""revenue_per_kpi"": null, ""roi_prior_overrides"": {""channel0"": {""dist"": ""LogNormal"", ""mu"": 1.0, ""sigma"": 1.0}, ""channel1"": {""dist"": ""LogNormal"", ""mu"": 1.0, ""sigma"": 1.0}, ""channel2"": {""dist"": ""LogNormal"", ""mu"": 1.0, ""sigma"": 1.0}, ""channel3"": {""dist"": ""LogNormal"", ""mu"": 1.0, ""sigma"": 1.0}, ""channel4"": {""dist"": ""LogNormal"", ""mu"": 0.5, ""sigma"": 0.5}}, ""run_mode"": ""roi_full"", ""structural_overrides"": {""adstock_decay_spec"": ""geometric"", ""alpha_m"": 0.3, ""ec_m"": 0.5, ""max_lag"": 4, ""slope_m"": 1.2}, ""sweep_type"": ""fixed_full_grid"", ""target_channel"": ""channel4"", ""two_layer_enabled"": false}",channel1,PASS,PASS,,,0.4654245746042579,0.4744675375862668,0.0090429629820089,0.0194294918563291,0.3,0.5,1.2,4,geometric,prior_sweep,roi_full,roi,non_revenue,revenue,__revenue_equiv__,,channel4,fixed_full_grid,False,roi,roi,Revenue-equivalent ROI,0.5,0.5,LogNormal,target_channels,channel4,configured,,,,upload_8ce52c632a82_national_all_channels,/Users/jasper/Documents/Intern/BlueAlpha/capstone-Blue_Alpha_1/backend/storage/uploads/upload_8ce52c632a82_national_all_channels.csv,0.5,0.5,LogNormal,0.2843900597561066,0.1218790113925933,0.3990941643714905,1.014937341213226,0.2900128359801358,0.1286778844892978,0.4010404050350189,1.0062912225723264,0.9827055062117764,1.0,1.0,LogNormal,0.917976002022624,0.5205548709758543,31320298.2023646,14577236.467314048,14860464.764543513,283228.29722946323,283228.29722946323,100.0,1457723646.7314048,1486046476.4543512,28322829.722946405,28322829.722946405,False,channel4,False,0.019429491856329188,0.019429491856329188,False,0.01942949185632932,0.01942949185632932,0.019429491856329254,0.019429491856329254,0.019243149107960485,0.019429491856329254,percent_roi_or_contribution,0.5,0.5,0,False,False,False,1.0,True,,,0.019429491856329254,0.019429491856329254,,True,False,0.0
"multi|channel0,channel1,channel2,channel3,channel4|pmode=roi|rpk=revenue_per_conversion|target=channel4|mu=0.500000|sigma=0.500000|dist=LogNormal|0.500000|0.500000|LogNormal|alpha=0p3|ec=0p5|slope=1p2|lag=4|decay=geometric",channel4,"{""kpi_type"": ""non_revenue"", ""kpi_type_effective"": ""revenue"", ""prior_design_mode"": ""roi"", ""prior_grid_type"": ""roi"", ""revenue_per_kpi"": null, ""roi_prior_overrides"": {""channel0"": {""dist"": ""LogNormal"", ""mu"": 1.0, ""sigma"": 1.0}, ""channel1"": {""dist"": ""LogNormal"", ""mu"": 1.0, ""sigma"": 1.0}, ""channel2"": {""dist"": ""LogNormal"", ""mu"": 1.0, ""sigma"": 1.0}, ""channel3"": {""dist"": ""LogNormal"", ""mu"": 1.0, ""sigma"": 1.0}, ""channel4"": {""dist"": ""LogNormal"", ""mu"": 0.5, ""sigma"": 0.5}}, ""run_mode"": ""roi_full"", ""structural_overrides"": {""adstock_decay_spec"": ""geometric"", ""alpha_m"": 0.3, ""ec_m"": 0.5, ""max_lag"": 4, ""slope_m"": 1.2}, ""sweep_type"": ""fixed_full_grid"", ""target_channel"": ""channel4"", ""two_layer_enabled"": false}",channel2,PASS,PASS,,,0.5478384270270665,0.5660784115207692,0.0182399844937026,0.0332944598148854,0.3,0.5,1.2,4,geometric,prior_sweep,roi_full,roi,non_revenue,revenue,__revenue_equiv__,,channel4,fixed_full_grid,False,roi,roi,Revenue-equivalent ROI,0.5,0.5,LogNormal,target_channels,channel4,configured,,,,upload_8ce52c632a82_national_all_channels,/Users/jasper/Documents/Intern/BlueAlpha/capstone-Blue_Alpha_1/backend/storage/uploads/upload_8ce52c632a82_national_all_channels.csv,0.5,0.5,LogNormal,0.3578971561854973,0.1389466427266597,0.4730767756700516,1.2380538046360017,0.3871983279781961,0.1264302022755146,0.4718271940946579,1.3720256865024567,0.8823949474989341,1.0,1.0,LogNormal,0.6179234868958934,0.4217785347731697,12079349.341539,6617531.742779157,6837858.887462846,220327.14468368888,220327.14468368888,100.0,661753174.2779157,683785888.7462846,22032714.468368888,22032714.468368888,False,channel4,False,0.033294459814885366,0.033294459814885366,False,0.03329445981488535,0.03329445981488535,0.03329445981488536,0.03329445981488536,0.03275220258137655,0.03329445981488536,percent_roi_or_contribution,0.5,0.5,0,False,False,False,1.0,True,,,0.03329445981488536,0.03329445981488536,,True,False,0.0
"multi|channel0,channel1,channel2,channel3,channel4|pmode=roi|rpk=revenue_per_conversion|target=channel4|mu=0.500000|sigma=0.500000|dist=LogNormal|0.500000|0.500000|LogNormal|alpha=0p3|ec=0p5|slope=1p2|lag=4|decay=geometric",channel4,"{""kpi_type"": ""non_revenue"", ""kpi_type_effective"": ""revenue"", ""prior_design_mode"": ""roi"", ""prior_grid_type"": ""roi"", ""revenue_per_kpi"": null, ""roi_prior_overrides"": {""channel0"": {""dist"": ""LogNormal"", ""mu"": 1.0, ""sigma"": 1.0}, ""channel1"": {""dist"": ""LogNormal"", ""mu"": 1.0, ""sigma"": 1.0}, ""channel2"": {""dist"": ""LogNormal"", ""mu"": 1.0, ""sigma"": 1.0}, ""channel3"": {""dist"": ""LogNormal"", ""mu"": 1.0, ""sigma"": 1.0}, ""channel4"": {""dist"": ""LogNormal"", ""mu"": 0.5, ""sigma"": 0.5}}, ""run_mode"": ""roi_full"", ""structural_overrides"": {""adstock_decay_spec"": ""geometric"", ""alpha_m"": 0.3, ""ec_m"": 0.5, ""max_lag"": 4, ""slope_m"": 1.2}, ""sweep_type"": ""fixed_full_grid"", ""target_channel"": ""channel4"", ""two_layer_enabled"": false}",channel3,PASS,PASS,,,0.2585340054263361,0.2659717979514971,0.007437792525161,0.0287691072317382,0.3,0.5,1.2,4,geometric,prior_sweep,roi_full,roi,non_revenue,revenue,__revenue_equiv__,,channel4,fixed_full_grid,False,roi,roi,Revenue-equivalent ROI,0.5,0.5,LogNormal,target_channels,channel4,configured,,,,upload_8ce52c632a82_national_all_channels,/Users/jasper/Documents/Intern/BlueAlpha/capstone-Blue_Alpha_1/backend/storage/uploads/upload_8ce52c632a82_national_all_channels.csv,0.5,0.5,LogNormal,0.1334336334010044,0.0872698206454515,0.2386796101927757,0.505061289668083,0.1382290798024456,0.0883846808224916,0.2416868060827255,0.5380741477012634,0.924295939142582,1.0,1.0,LogNormal,1.7577953114840383,0.7613366311839362,87860358.24888599,22714890.336277325,23368377.45211886,653487.115841534,653487.115841534,100.0,2271489033.6277323,2336837745.211886,65348711.58415365,65348711.58415365,False,channel4,False,0.028769107231738106,0.028769107231738106,False,0.028769107231738106,0.028769107231738106,0.028769107231738106,0.028769107231738106,0.02836304608744006,0.028769107231738106,percent_roi_or_contribution,0.5,0.5,0,False,False,False,1.0,True,,,0.028769107231738106,0.028769107231738106,,True,False,0.0
"multi|channel0,channel1,channel2,channel3,channel4|pmode=roi|rpk=revenue_per_conversion|target=channel4|mu=0.500000|sigma=0.500000|dist=LogNormal|0.500000|0.500000|LogNormal|alpha=0p3|ec=0p5|slope=1p2|lag=4|decay=geometric",channel4,"{""kpi_type"": ""non_revenue"", ""kpi_type_effective"": ""revenue"", ""prior_design_mode"": ""roi"", ""prior_grid_type"": ""roi"", ""revenue_per_kpi"": null, ""roi_prior_overrides"": {""channel0"": {""dist"": ""LogNormal"", ""mu"": 1.0, ""sigma"": 1.0}, ""channel1"": {""dist"": ""LogNormal"", ""mu"": 1.0, ""sigma"": 1.0}, ""channel2"": {""dist"": ""LogNormal"", ""mu"": 1.0, ""sigma"": 1.0}, ""channel3"": {""dist"": ""LogNormal"", ""mu"": 1.0, ""sigma"": 1.0}, ""channel4"": {""dist"": ""LogNormal"", ""mu"": 0.5, ""sigma"": 0.5}}, ""run_mode"": ""roi_full"", ""structural_overrides"": {""adstock_decay_spec"": ""geometric"", ""alpha_m"": 0.3, ""ec_m"": 0.5, ""max_lag"": 4, ""slope_m"": 1.2}, ""sweep_type"": ""fixed_full_grid"", ""target_channel"": ""channel4"", ""two_layer_enabled"": false}",channel4,PASS,PASS,,,0.4063499003617714,0.2867437843186781,0.1196061160430932,0.2943426734856057,0.3,0.5,1.2,4,geometric,prior_sweep,roi_full,roi,non_revenue,revenue,__revenue_equiv__,,channel4,fixed_full_grid,False,roi,roi,Revenue-equivalent ROI,0.5,0.5,LogNormal,target_channels,channel4,configured,,,,upload_8ce52c632a82_national_all_channels,/Users/jasper/Documents/Intern/BlueAlpha/capstone-Blue_Alpha_1/backend/storage/uploads/upload_8ce52c632a82_national_all_channels.csv,0.5,0.5,LogNormal,0.2333962216151473,0.1240440666675567,0.3590486496686935,0.8468084782361984,0.1952538552224941,0.0753751646727323,0.2342088967561721,0.6758136600255963,0.7152524834703619,0.5,0.5,LogNormal,0.6075121278516693,0.2189334571722234,47730683.477718174,19395358.475370027,13686476.808517912,-5708881.666852115,5708881.666852115,100.0,1939535847.5370028,1368647680.8517911,-570888166.6852117,570888166.6852117,False,channel4,True,0.2943426734856057,-0.2943426734856057,False,0.29434267348560567,-0.29434267348560567,0.2943426734856057,-0.2943426734856057,0.2580029782430784,0.2943426734856057,percent_roi_or_contribution,0.5,0.5,0,False,False,False,1.0,True,,,0.2943426734856057,0.2943426734856057,,True,False,0.0
"multi|channel0,channel1,channel2,channel3,channel4|pmode=roi|rpk=revenue_per_conversion|target=channel4|mu=0.500000|sigma=1.000000|dist=LogNormal|0.500000|1.000000|LogNormal|alpha=0p3|ec=0p5|slope=1p2|lag=4|decay=geometric",channel4,"{""kpi_type"": ""non_revenue"", ""kpi_type_effective"": ""revenue"", ""prior_design_mode"": ""roi"", ""prior_grid_type"": ""roi"", ""revenue_per_kpi"": null, ""roi_prior_overrides"": {""channel0"": {""dist"": ""LogNormal"", ""mu"": 1.0, ""sigma"": 1.0}, ""channel1"": {""dist"": ""LogNormal"", ""mu"": 1.0, ""sigma"": 1.0}, ""channel2"": {""dist"": ""LogNormal"", ""mu"": 1.0, ""sigma"": 1.0}, ""channel3"": {""dist"": ""LogNormal"", ""mu"": 1.0, ""sigma"": 1.0}, ""channel4"": {""dist"": ""LogNormal"", ""mu"": 0.5, ""sigma"": 1.0}}, ""run_mode"": ""roi_full"", ""structural_overrides"": {""adstock_decay_spec"": ""geometric"", ""alpha_m"": 0.3, ""ec_m"": 0.5, ""max_lag"": 4, ""slope_m"": 1.2}, ""sweep_type"": ""fixed_full_grid"", ""target_channel"": ""channel4"", ""two_layer_enabled"": false}",channel0,PASS,PASS,,,0.4308758754407366,0.4514899346480767,0.0206140592073401,0.0478422218144709,0.3,0.5,1.2,4,geometric,prior_sweep,roi_full,roi,non_revenue,revenue,__revenue_equiv__,,channel4,fixed_full_grid,False,roi,roi,Revenue-equivalent ROI,0.5,1.0,LogNormal,target_channels,channel4,configured,,,,upload_8ce52c632a82_national_all_channels,/Users/jasper/Documents/Intern/BlueAlpha/capstone-Blue_Alpha_1/backend/storage/uploads/upload_8ce52c632a82_national_all_channels.csv,0.5,1.0,LogNormal,0.260312272419158,0.1235604096204042,0.3676227629184723,0.9330472171306609,0.2944653982109713,0.1267499677836895,0.3841475397348404,0.9529356241226196,0.9721742767908788,1.0,1.0,LogNormal,0.916380357402691,0.501272636611585,40501713.0799782,17451211.080185138,18286115.79161451,834904.7114293724,834904.7114293724,100.0,1745121108.0185137,1828611579.161451,83490471.14293742,83490471.14293742,False,channel4,False,0.04784222181447102,0.04784222181447102,False,0.04784222181447106,0.04784222181447106,0.047842221814471037,0.047842221814471037,0.04673302286105606,0.047842221814471037,percent_roi_or_contribution,0.5,0.0,0,True,False,False,0.5,True,0.09568444362894207,,0.09568444362894207,0.09568444362894207,,True,False,0.0
"multi|channel0,channel1,channel2,channel3,channel4|pmode=roi|rpk=revenue_per_conversion|target=channel4|mu=0.500000|sigma=1.000000|dist=LogNormal|0.500000|1.000000|LogNormal|alpha=0p3|ec=0p5|slope=1p2|lag=4|decay=geometric",channel4,"{""kpi_type"": ""non_revenue"", ""kpi_type_effective"": ""revenue"", ""prior_design_mode"": ""roi"", ""prior_grid_type"": ""roi"", ""revenue_per_kpi"": null, ""roi_prior_overrides"": {""channel0"": {""dist"": ""LogNormal"", ""mu"": 1.0, ""sigma"": 1.0}, ""channel1"": {""dist"": ""LogNormal"", ""mu"": 1.0, ""sigma"": 1.0}, ""channel2"": {""dist"": ""LogNormal"", ""mu"": 1.0, ""sigma"": 1.0}, ""channel3"": {""dist"": ""LogNormal"", ""mu"": 1.0, ""sigma"": 1.0}, ""channel4"": {""dist"": ""LogNormal"", ""mu"": 0.5, ""sigma"": 1.0}}, ""run_mode"": ""roi_full"", ""structural_overrides"": {""adstock_decay_spec"": ""geometric"", ""alpha_m"": 0.3, ""ec_m"": 0.5, ""max_lag"": 4, ""slope_m"": 1.2}, ""sweep_type"": ""fixed_full_grid"", ""target_channel"": ""channel4"", ""two_layer_enabled"": false}",channel1,PASS,PASS,,,0.4654245746042579,0.4722989384519557,0.0068743638476977,0.0147700921326359,0.3,0.5,1.2,4,geometric,prior_sweep,roi_full,roi,non_revenue,revenue,__revenue_equiv__,,channel4,fixed_full_grid,False,roi,roi,Revenue-equivalent ROI,0.5,1.0,LogNormal,target_channels,channel4,configured,,,,upload_8ce52c632a82_national_all_channels,/Users/jasper/Documents/Intern/BlueAlpha/capstone-Blue_Alpha_1/backend/storage/uploads/upload_8ce52c632a82_national_all_channels.csv,0.5,1.0,LogNormal,0.2843900597561066,0.1218790113925933,0.3990941643714905,1.014937341213226,0.2857489483780511,0.1173833016306162,0.4047615826129913,1.0255813062191008,0.9833299845503274,1.0,1.0,LogNormal,0.9327020924598304,0.5225831743211916,31320298.2023646,14577236.467314048,14792543.592975495,215307.1256614495,215307.1256614495,100.0,1457723646.7314048,1479254359.2975495,21530712.566144943,21530712.566144943,False,channel4,False,0.014770092132635975,0.014770092132635975,False,0.01477009213263585,0.01477009213263585,0.014770092132635913,0.014770092132635913,0.014662076622285847,0.014770092132635913,percent_roi_or_contribution,0.5,0.0,0,True,False,False,0.5,True,0.029540184265271826,,0.029540184265271826,0.029540184265271826,,True,False,0.0
"multi|channel0,channel1,channel2,channel3,channel4|pmode=roi|rpk=revenue_per_conversion|target=channel4|mu=0.500000|sigma=1.000000|dist=LogNormal|0.500000|1.000000|LogNormal|alpha=0p3|ec=0p5|slope=1p2|lag=4|decay=geometric",channel4,"{""kpi_type"": ""non_revenue"", ""kpi_type_effective"": ""revenue"", ""prior_design_mode"": ""roi"", ""prior_grid_type"": ""roi"", ""revenue_per_kpi"": null, ""roi_prior_overrides"": {""channel0"": {""dist"": ""LogNormal"", ""mu"": 1.0, ""sigma"": 1.0}, ""channel1"": {""dist"": ""LogNormal"", ""mu"": 1.0, ""sigma"": 1.0}, ""channel2"": {""dist"": ""LogNormal"", ""mu"": 1.0, ""sigma"": 1.0}, ""channel3"": {""dist"": ""LogNormal"", ""mu"": 1.0, ""sigma"": 1.0}, ""channel4"": {""dist"": ""LogNormal"", ""mu"": 0.5, ""sigma"": 1.0}}, ""run_mode"": ""roi_full"", ""structural_overrides"": {""adstock_decay_spec"": ""geometric"", ""alpha_m"": 0.3, ""ec_m"": 0.5, ""max_lag"": 4, ""slope_m"": 1.2}, ""sweep_type"": ""fixed_full_grid"", ""target_channel"": ""channel4"", ""two_layer_enabled"": false}",channel2,PASS,PASS,,,0.5478384270270665,0.5674432180915028,0.0196047910644362,0.0357857172794993,0.3,0.5,1.2,4,geometric,prior_sweep,roi_full,roi,non_revenue,revenue,__revenue_equiv__,,channel4,fixed_full_grid,False,roi,roi,Revenue-equivalent ROI,0.5,1.0,LogNormal,target_channels,channel4,configured,,,,upload_8ce52c632a82_national_all_channels,/Users/jasper/Documents/Intern/BlueAlpha/capstone-Blue_Alpha_1/backend/storage/uploads/upload_8ce52c632a82_national_all_channels.csv,0.5,1.0,LogNormal,0.3578971561854973,0.1389466427266597,0.4730767756700516,1.2380538046360017,0.3893814056443591,0.1317411296069622,0.4631927758455276,1.368106800317764,0.8889822711410708,1.0,1.0,LogNormal,0.6125575628009863,0.4207138161448728,12079349.341539,6617531.742779157,6854344.862814365,236813.12003520783,236813.12003520783,100.0,661753174.2779157,685434486.2814364,23681312.003520727,23681312.003520727,False,channel4,False,0.03578571727949936,0.03578571727949936,False,0.0357857172794994,0.0357857172794994,0.03578571727949938,0.03578571727949938,0.035160285840851305,0.03578571727949938,percent_roi_or_contribution,0.5,0.0,0,True,False,False,0.5,True,0.07157143455899875,,0.07157143455899875,0.07157143455899875,,True,False,0.0
"multi|channel0,channel1,channel2,channel3,channel4|pmode=roi|rpk=revenue_per_conversion|target=channel4|mu=0.500000|sigma=1.000000|dist=LogNormal|0.500000|1.000000|LogNormal|alpha=0p3|ec=0p5|slope=1p2|lag=4|decay=geometric",channel4,"{""kpi_type"": ""non_revenue"", ""kpi_type_effective"": ""revenue"", ""prior_design_mode"": ""roi"", ""prior_grid_type"": ""roi"", ""revenue_per_kpi"": null, ""roi_prior_overrides"": {""channel0"": {""dist"": ""LogNormal"", ""mu"": 1.0, ""sigma"": 1.0}, ""channel1"": {""dist"": ""LogNormal"", ""mu"": 1.0, ""sigma"": 1.0}, ""channel2"": {""dist"": ""LogNormal"", ""mu"": 1.0, ""sigma"": 1.0}, ""channel3"": {""dist"": ""LogNormal"", ""mu"": 1.0, ""sigma"": 1.0}, ""channel4"": {""dist"": ""LogNormal"", ""mu"": 0.5, ""sigma"": 1.0}}, ""run_mode"": ""roi_full"", ""structural_overrides"": {""adstock_decay_spec"": ""geometric"", ""alpha_m"": 0.3, ""ec_m"": 0.5, ""max_lag"": 4, ""slope_m"": 1.2}, ""sweep_type"": ""fixed_full_grid"", ""target_channel"": ""channel4"", ""two_layer_enabled"": false}",channel3,PASS,PASS,,,0.2585340054263361,0.2658607009503369,0.0073266955240008,0.028339388127758,0.3,0.5,1.2,4,geometric,prior_sweep,roi_full,roi,non_revenue,revenue,__revenue_equiv__,,channel4,fixed_full_grid,False,roi,roi,Revenue-equivalent ROI,0.5,1.0,LogNormal,target_channels,channel4,configured,,,,upload_8ce52c632a82_national_all_channels,/Users/jasper/Documents/Intern/BlueAlpha/capstone-Blue_Alpha_1/backend/storage/uploads/upload_8ce52c632a82_national_all_channels.csv,0.5,1.0,LogNormal,0.1334336334010044,0.0872698206454515,0.2386796101927757,0.505061289668083,0.1417499994610997,0.0875126302242279,0.2422751560807228,0.5504700154066084,0.9014431862645448,1.0,1.0,LogNormal,1.7332171265542176,0.7614105500003542,87860358.24888599,22714890.336277325,23358616.429796547,643726.093519222,643726.093519222,100.0,2271489033.6277323,2335861642.979655,64372609.35192251,64372609.35192251,False,channel4,False,0.028339388127758023,0.028339388127758023,False,0.028339388127757974,0.028339388127757974,0.028339388127758,0.028339388127758,0.027945256640553803,0.028339388127758,percent_roi_or_contribution,0.5,0.0,0,True,False,False,0.5,True,0.056678776255516,,0.056678776255516,0.056678776255516,,True,False,0.0
"multi|channel0,channel1,channel2,channel3,channel4|pmode=roi|rpk=revenue_per_conversion|target=channel4|mu=0.500000|sigma=1.000000|dist=LogNormal|0.500000|1.000000|LogNormal|alpha=0p3|ec=0p5|slope=1p2|lag=4|decay=geometric",channel4,"{""kpi_type"": ""non_revenue"", ""kpi_type_effective"": ""revenue"", ""prior_design_mode"": ""roi"", ""prior_grid_type"": ""roi"", ""revenue_per_kpi"": null, ""roi_prior_overrides"": {""channel0"": {""dist"": ""LogNormal"", ""mu"": 1.0, ""sigma"": 1.0}, ""channel1"": {""dist"": ""LogNormal"", ""mu"": 1.0, ""sigma"": 1.0}, ""channel2"": {""dist"": ""LogNormal"", ""mu"": 1.0, ""sigma"": 1.0}, ""channel3"": {""dist"": ""LogNormal"", ""mu"": 1.0, ""sigma"": 1.0}, ""channel4"": {""dist"": ""LogNormal"", ""mu"": 0.5, ""sigma"": 1.0}}, ""run_mode"": ""roi_full"", ""structural_overrides"": {""adstock_decay_spec"": ""geometric"", ""alpha_m"": 0.3, ""ec_m"": 0.5, ""max_lag"": 4, ""slope_m"": 1.2}, ""sweep_type"": ""fixed_full_grid"", ""target_channel"": ""channel4"", ""two_layer_enabled"": false}",channel4,PASS,PASS,,,0.4063499003617714,0.1844867037475342,0.2218631966142371,0.5459905279088624,0.3,0.5,1.2,4,geometric,prior_sweep,roi_full,roi,non_revenue,revenue,__revenue_equiv__,,channel4,fixed_full_grid,False,roi,roi,Revenue-equivalent ROI,0.5,1.0,LogNormal,target_channels,channel4,configured,,,,upload_8ce52c632a82_national_all_channels,/Users/jasper/Documents/Intern/BlueAlpha/capstone-Blue_Alpha_1/backend/storage/uploads/upload_8ce52c632a82_national_all_channels.csv,0.5,1.0,LogNormal,0.2333962216151473,0.1240440666675567,0.3590486496686935,0.8468084782361984,0.1767588319080256,0.0218909469433128,0.1280603259801864,0.5389371514320372,0.5029509848265953,0.5,1.0,LogNormal,1.2983651694763867,0.3279829517295718,47730683.477718174,19395358.475370027,8805676.46242112,-10589682.012948908,10589682.012948908,100.0,1939535847.5370028,880567646.2421119,-1058968201.2948908,1058968201.2948908,False,channel4,True,0.5459905279088624,-0.5459905279088624,False,0.5459905279088623,-0.5459905279088623,0.5459905279088624,-0.5459905279088624,0.4356648233087265,0.5459905279088624,percent_roi_or_contribution,0.5,0.0,0,True,False,False,0.5,True,1.0919810558177248,,1.0919810558177248,1.0919810558177248,,True,False,0.0
"multi|channel0,channel1,channel2,channel3,channel4|pmode=roi|rpk=revenue_per_conversion|target=channel4|mu=1.000000|sigma=0.500000|dist=LogNormal|1.000000|0.500000|LogNormal|alpha=0p3|ec=0p5|slope=1p2|lag=4|decay=geometric",channel4,"{""kpi_type"": ""non_revenue"", ""kpi_type_effective"": ""revenue"", ""prior_design_mode"": ""roi"", ""prior_grid_type"": ""roi"", ""revenue_per_kpi"": null, ""roi_prior_overrides"": {""channel0"": {""dist"": ""LogNormal"", ""mu"": 1.0, ""sigma"": 1.0}, ""channel1"": {""dist"": ""LogNormal"", ""mu"": 1.0, ""sigma"": 1.0}, ""channel2"": {""dist"": ""LogNormal"", ""mu"": 1.0, ""sigma"": 1.0}, ""channel3"": {""dist"": ""LogNormal"", ""mu"": 1.0, ""sigma"": 1.0}, ""channel4"": {""dist"": ""LogNormal"", ""mu"": 1.0, ""sigma"": 0.5}}, ""run_mode"": ""roi_full"", ""structural_overrides"": {""adstock_decay_spec"": ""geometric"", ""alpha_m"": 0.3, ""ec_m"": 0.5, ""max_lag"": 4, ""slope_m"": 1.2}, ""sweep_type"": ""fixed_full_grid"", ""target_channel"": ""channel4"", ""two_layer_enabled"": false}",channel0,PASS,PASS,,,0.4308758754407366,0.4298726439165572,0.0010032315241793,0.0023283538980992,0.3,0.5,1.2,4,geometric,prior_sweep,roi_full,roi,non_revenue,revenue,__revenue_equiv__,,channel4,fixed_full_grid,False,roi,roi,Revenue-equivalent ROI,1.0,0.5,LogNormal,target_channels,channel4,configured,,,,upload_8ce52c632a82_national_all_channels,/Users/jasper/Documents/Intern/BlueAlpha/capstone-Blue_Alpha_1/backend/storage/uploads/upload_8ce52c632a82_national_all_channels.csv,1.0,0.5,LogNormal,0.260312272419158,0.1235604096204042,0.3676227629184723,0.9330472171306609,0.2641264118399875,0.1237348463386297,0.3641875982284546,0.933586487174034,0.9991189089075326,1.0,1.0,LogNormal,1.028731439505485,0.5227472349905027,40501713.0799782,17451211.080185138,17410578.484840035,-40632.59534510225,40632.59534510225,100.0,1745121108.0185137,1741057848.4840035,-4063259.534510136,4063259.534510136,False,channel4,False,0.002328353898099236,-0.002328353898099236,False,0.0023283538980992708,-0.0023283538980992708,0.0023283538980992534,-0.0023283538980992534,0.002325647482343516,0.0023283538980992534,percent_roi_or_contribution,0.0,0.5,0,False,True,False,0.5,True,,0.004656707796198507,0.004656707796198507,0.004656707796198507,,True,False,0.0
"multi|channel0,channel1,channel2,channel3,channel4|pmode=roi|rpk=revenue_per_conversion|target=channel4|mu=1.000000|sigma=0.500000|dist=LogNormal|1.000000|0.500000|LogNormal|alpha=0p3|ec=0p5|slope=1p2|lag=4|decay=geometric",channel4,"{""kpi_type"": ""non_revenue"", ""kpi_type_effective"": ""revenue"", ""prior_design_mode"": ""roi"", ""prior_grid_type"": ""roi"", ""revenue_per_kpi"": null, ""roi_prior_overrides"": {""channel0"": {""dist"": ""LogNormal"", ""mu"": 1.0, ""sigma"": 1.0}, ""channel1"": {""dist"": ""LogNormal"", ""mu"": 1.0, ""sigma"": 1.0}, ""channel2"": {""dist"": ""LogNormal"", ""mu"": 1.0, ""sigma"": 1.0}, ""channel3"": {""dist"": ""LogNormal"", ""mu"": 1.0, ""sigma"": 1.0}, ""channel4"": {""dist"": ""LogNormal"", ""mu"": 1.0, ""sigma"": 0.5}}, ""run_mode"": ""roi_full"", ""structural_overrides"": {""adstock_decay_spec"": ""geometric"", ""alpha_m"": 0.3, ""ec_m"": 0.5, ""max_lag"": 4, ""slope_m"": 1.2}, ""sweep_type"": ""fixed_full_grid"", ""target_channel"": ""channel4"", ""two_layer_enabled"": false}",channel1,PASS,PASS,,,0.4654245746042579,0.4617884123014907,0.0036361623027671,0.0078125705026619,0.3,0.5,1.2,4,geometric,prior_sweep,roi_full,roi,non_revenue,revenue,__revenue_equiv__,,channel4,fixed_full_grid,False,roi,roi,Revenue-equivalent ROI,1.0,0.5,LogNormal,target_channels,channel4,configured,,,,upload_8ce52c632a82_national_all_channels,/Users/jasper/Documents/Intern/BlueAlpha/capstone-Blue_Alpha_1/backend/storage/uploads/upload_8ce52c632a82_national_all_channels.csv,1.0,0.5,LogNormal,0.2843900597561066,0.1218790113925933,0.3990941643714905,1.014937341213226,0.2816797906035701,0.1256711408495903,0.391713872551918,0.997233593463897,0.975930041198268,1.0,1.0,LogNormal,0.951491956303415,0.5333131607015845,31320298.2023646,14577236.467314048,14463350.779679185,-113885.68763486482,113885.68763486482,100.0,1457723646.7314048,1446335077.9679184,-11388568.763486383,11388568.763486383,False,channel4,False,0.007812570502661922,-0.007812570502661922,False,0.007812570502661754,-0.007812570502661754,0.007812570502661837,-0.007812570502661837,0.007782210398182161,0.007812570502661837,percent_roi_or_contribution,0.0,0.5,0,False,True,False,0.5,True,,0.015625141005323674,0.015625141005323674,0.015625141005323674,,True,False,0.0
"multi|channel0,channel1,channel2,channel3,channel4|pmode=roi|rpk=revenue_per_conversion|target=channel4|mu=1.000000|sigma=0.500000|dist=LogNormal|1.000000|0.500000|LogNormal|alpha=0p3|ec=0p5|slope=1p2|lag=4|decay=geometric",channel4,"{""kpi_type"": ""non_revenue"", ""kpi_type_effective"": ""revenue"", ""prior_design_mode"": ""roi"", ""prior_grid_type"": ""roi"", ""revenue_per_kpi"": null, ""roi_prior_overrides"": {""channel0"": {""dist"": ""LogNormal"", ""mu"": 1.0, ""sigma"": 1.0}, ""channel1"": {""dist"": ""LogNormal"", ""mu"": 1.0, ""sigma"": 1.0}, ""channel2"": {""dist"": ""LogNormal"", ""mu"": 1.0, ""sigma"": 1.0}, ""channel3"": {""dist"": ""LogNormal"", ""mu"": 1.0, ""sigma"": 1.0}, ""channel4"": {""dist"": ""LogNormal"", ""mu"": 1.0, ""sigma"": 0.5}}, ""run_mode"": ""roi_full"", ""structural_overrides"": {""adstock_decay_spec"": ""geometric"", ""alpha_m"": 0.3, ""ec_m"": 0.5, ""max_lag"": 4, ""slope_m"": 1.2}, ""sweep_type"": ""fixed_full_grid"", ""target_channel"": ""channel4"", ""two_layer_enabled"": false}",channel2,PASS,PASS,,,0.5478384270270665,0.54200443358471,0.0058339934423565,0.0106491132321908,0.3,0.5,1.2,4,geometric,prior_sweep,roi_full,roi,non_revenue,revenue,__revenue_equiv__,,channel4,fixed_full_grid,False,roi,roi,Revenue-equivalent ROI,1.0,0.5,LogNormal,target_channels,channel4,configured,,,,upload_8ce52c632a82_national_all_channels,/Users/jasper/Documents/Intern/BlueAlpha/capstone-Blue_Alpha_1/backend/storage/uploads/upload_8ce52c632a82_national_all_channels.csv,1.0,0.5,LogNormal,0.3578971561854973,0.1389466427266597,0.4730767756700516,1.2380538046360017,0.3662941781554147,0.1319125719368457,0.4499415904283523,1.2679511785507198,0.9674910302435834,1.0,1.0,LogNormal,0.6762841848785919,0.4453461387718887,12079349.341539,6617531.742779157,6547060.897932684,-70470.84484647308,70470.84484647308,100.0,661753174.2779157,654706089.7932684,-7047084.484647274,7047084.484647274,False,channel4,False,0.01064911323219089,-0.01064911323219089,False,0.010649113232190937,-0.010649113232190937,0.010649113232190914,-0.010649113232190914,0.010592810787233448,0.010649113232190914,percent_roi_or_contribution,0.0,0.5,0,False,True,False,0.5,True,,0.021298226464381828,0.021298226464381828,0.021298226464381828,,True,False,0.0
"multi|channel0,channel1,channel2,channel3,channel4|pmode=roi|rpk=revenue_per_conversion|target=channel4|mu=1.000000|sigma=0.500000|dist=LogNormal|1.000000|0.500000|LogNormal|alpha=0p3|ec=0p5|slope=1p2|lag=4|decay=geometric",channel4,"{""kpi_type"": ""non_revenue"", ""kpi_type_effective"": ""revenue"", ""prior_design_mode"": ""roi"", ""prior_grid_type"": ""roi"", ""revenue_per_kpi"": null, ""roi_prior_overrides"": {""channel0"": {""dist"": ""LogNormal"", ""mu"": 1.0, ""sigma"": 1.0}, ""channel1"": {""dist"": ""LogNormal"", ""mu"": 1.0, ""sigma"": 1.0}, ""channel2"": {""dist"": ""LogNormal"", ""mu"": 1.0, ""sigma"": 1.0}, ""channel3"": {""dist"": ""LogNormal"", ""mu"": 1.0, ""sigma"": 1.0}, ""channel4"": {""dist"": ""LogNormal"", ""mu"": 1.0, ""sigma"": 0.5}}, ""run_mode"": ""roi_full"", ""structural_overrides"": {""adstock_decay_spec"": ""geometric"", ""alpha_m"": 0.3, ""ec_m"": 0.5, ""max_lag"": 4, ""slope_m"": 1.2}, ""sweep_type"": ""fixed_full_grid"", ""target_channel"": ""channel4"", ""two_layer_enabled"": false}",channel3,PASS,PASS,,,0.2585340054263361,0.251568050524996,0.0069659549013401,0.0269440567009855,0.3,0.5,1.2,4,geometric,prior_sweep,roi_full,roi,non_revenue,revenue,__revenue_equiv__,,channel4,fixed_full_grid,False,roi,roi,Revenue-equivalent ROI,1.0,0.5,LogNormal,target_channels,channel4,configured,,,,upload_8ce52c632a82_national_all_channels,/Users/jasper/Documents/Intern/BlueAlpha/capstone-Blue_Alpha_1/backend/storage/uploads/upload_8ce52c632a82_national_all_channels.csv,1.0,0.5,LogNormal,0.1334336334010044,0.0872698206454515,0.2386796101927757,0.505061289668083,0.1348074614517521,0.0801183834671974,0.2291195765137672,0.5125201791524886,0.9662112257431664,1.0,1.0,LogNormal,1.7930694473488415,0.7757799961825276,87860358.24888599,22714890.336277325,22102859.0431,-612031.2931773253,612031.2931773253,100.0,2271489033.6277323,2210285904.31,-61203129.317732334,61203129.317732334,False,channel4,False,0.02694405670098557,-0.02694405670098557,False,0.026944056700985562,-0.026944056700985562,0.026944056700985566,-0.026944056700985566,0.02658745692231546,0.026944056700985566,percent_roi_or_contribution,0.0,0.5,0,False,True,False,0.5,True,,0.05388811340197113,0.05388811340197113,0.05388811340197113,,True,False,0.0
"multi|channel0,channel1,channel2,channel3,channel4|pmode=roi|rpk=revenue_per_conversion|target=channel4|mu=1.000000|sigma=0.500000|dist=LogNormal|1.000000|0.500000|LogNormal|alpha=0p3|ec=0p5|slope=1p2|lag=4|decay=geometric",channel4,"{""kpi_type"": ""non_revenue"", ""kpi_type_effective"": ""revenue"", ""prior_design_mode"": ""roi"", ""prior_grid_type"": ""roi"", ""revenue_per_kpi"": null, ""roi_prior_overrides"": {""channel0"": {""dist"": ""LogNormal"", ""mu"": 1.0, ""sigma"": 1.0}, ""channel1"": {""dist"": ""LogNormal"", ""mu"": 1.0, ""sigma"": 1.0}, ""channel2"": {""dist"": ""LogNormal"", ""mu"": 1.0, ""sigma"": 1.0}, ""channel3"": {""dist"": ""LogNormal"", ""mu"": 1.0, ""sigma"": 1.0}, ""channel4"": {""dist"": ""LogNormal"", ""mu"": 1.0, ""sigma"": 0.5}}, ""run_mode"": ""roi_full"", ""structural_overrides"": {""adstock_decay_spec"": ""geometric"", ""alpha_m"": 0.3, ""ec_m"": 0.5, ""max_lag"": 4, ""slope_m"": 1.2}, ""sweep_type"": ""fixed_full_grid"", ""target_channel"": ""channel4"", ""two_layer_enabled"": false}",channel4,PASS,PASS,,,0.4063499003617714,0.650418709864219,0.2440688095024476,0.600637060043953,0.3,0.5,1.2,4,geometric,prior_sweep,roi_full,roi,non_revenue,revenue,__revenue_equiv__,,channel4,fixed_full_grid,False,roi,roi,Revenue-equivalent ROI,1.0,0.5,LogNormal,target_channels,channel4,configured,,,,upload_8ce52c632a82_national_all_channels,/Users/jasper/Documents/Intern/BlueAlpha/capstone-Blue_Alpha_1/backend/storage/uploads/upload_8ce52c632a82_national_all_channels.csv,1.0,0.5,LogNormal,0.2333962216151473,0.1240440666675567,0.3590486496686935,0.8468084782361984,0.2462571794678607,0.3338708892464638,0.6079763770103455,1.0807167649269105,0.5361683153737051,1.0,0.5,LogNormal,0.5739310173004903,0.35498107268703,47730683.477718174,19395358.475370027,31044929.56851485,11649571.093144825,11649571.093144825,100.0,1939535847.5370028,3104492956.851485,1164957109.314482,1164957109.314482,False,channel4,True,0.6006370600439531,0.6006370600439531,False,0.6006370600439531,0.6006370600439531,0.6006370600439531,0.6006370600439531,0.47040171252754154,0.6006370600439531,percent_roi_or_contribution,0.0,0.5,0,False,True,False,0.5,True,,1.2012741200879062,1.2012741200879062,1.2012741200879062,,True,False,0.0
"multi|channel0,channel1,channel2,channel3,channel4|pmode=roi|rpk=revenue_per_conversion|target=channel4|mu=0.500000|sigma=1.500000|dist=LogNormal|0.500000|1.500000|LogNormal|alpha=0p3|ec=0p5|slope=1p2|lag=4|decay=geometric",channel4,"{""kpi_type"": ""non_revenue"", ""kpi_type_effective"": ""revenue"", ""prior_design_mode"": ""roi"", ""prior_grid_type"": ""roi"", ""revenue_per_kpi"": null, ""roi_prior_overrides"": {""channel0"": {""dist"": ""LogNormal"", ""mu"": 1.0, ""sigma"": 1.0}, ""channel1"": {""dist"": ""LogNormal"", ""mu"": 1.0, ""sigma"": 1.0}, ""channel2"": {""dist"": ""LogNormal"", ""mu"": 1.0, ""sigma"": 1.0}, ""channel3"": {""dist"": ""LogNormal"", ""mu"": 1.0, ""sigma"": 1.0}, ""channel4"": {""dist"": ""LogNormal"", ""mu"": 0.5, ""sigma"": 1.5}}, ""run_mode"": ""roi_full"", ""structural_overrides"": {""adstock_decay_spec"": ""geometric"", ""alpha_m"": 0.3, ""ec_m"": 0.5, ""max_lag"": 4, ""slope_m"": 1.2}, ""sweep_type"": ""fixed_full_grid"", ""target_channel"": ""channel4"", ""two_layer_enabled"": false}",channel0,PASS,PASS,,,0.4308758754407366,0.4582621662318706,0.027386290791134,0.0635595825900463,0.3,0.5,1.2,4,geometric,prior_sweep,roi_full,roi,non_revenue,revenue,__revenue_equiv__,,channel4,fixed_full_grid,False,roi,roi,Revenue-equivalent ROI,0.5,1.5,LogNormal,target_channels,channel4,configured,,,,upload_8ce52c632a82_national_all_channels,/Users/jasper/Documents/Intern/BlueAlpha/capstone-Blue_Alpha_1/backend/storage/uploads/upload_8ce52c632a82_national_all_channels.csv,0.5,1.5,LogNormal,0.260312272419158,0.1235604096204042,0.3676227629184723,0.9330472171306609,0.2626356613165646,0.1310038901865482,0.4031551331281662,0.9452346086502074,0.9761086911225034,1.0,1.0,LogNormal,1.0182162109981807,0.4945089389223263,40501713.0799782,17451211.080185138,18560402.772132497,1109191.6919473596,1109191.6919473596,100.0,1745121108.0185137,1856040277.2132497,110919169.194736,110919169.194736,False,channel4,False,0.06355958259004636,0.06355958259004636,False,0.06355958259004638,0.06355958259004638,0.06355958259004638,0.06355958259004638,0.06162137909120732,0.06355958259004638,percent_roi_or_contribution,0.5,0.5,0,False,False,False,1.0,True,,,0.06355958259004638,0.06355958259004638,,True,False,0.0
"multi|channel0,channel1,channel2,channel3,channel4|pmode=roi|rpk=revenue_per_conversion|target=channel4|mu=0.500000|sigma=1.500000|dist=LogNormal|0.500000|1.500000|LogNormal|alpha=0p3|ec=0p5|slope=1p2|lag=4|decay=geometric",channel4,"{""kpi_type"": ""non_revenue"", ""kpi_type_effective"": ""revenue"", ""prior_design_mode"": ""roi"", ""prior_grid_type"": ""roi"", ""revenue_per_kpi"": null, ""roi_prior_overrides"": {""channel0"": {""dist"": ""LogNormal"", ""mu"": 1.0, ""sigma"": 1.0}, ""channel1"": {""dist"": ""LogNormal"", ""mu"": 1.0, ""sigma"": 1.0}, ""channel2"": {""dist"": ""LogNormal"", ""mu"": 1.0, ""sigma"": 1.0}, ""channel3"": {""dist"": ""LogNormal"", ""mu"": 1.0, ""sigma"": 1.0}, ""channel4"": {""dist"": ""LogNormal"", ""mu"": 0.5, ""sigma"": 1.5}}, ""run_mode"": ""roi_full"", ""structural_overrides"": {""adstock_decay_spec"": ""geometric"", ""alpha_m"": 0.3, ""ec_m"": 0.5, ""max_lag"": 4, ""slope_m"": 1.2}, ""sweep_type"": ""fixed_full_grid"", ""target_channel"": ""channel4"", ""two_layer_enabled"": false}",channel1,PASS,PASS,,,0.4654245746042579,0.4654486385174096,2.406391315168399e-05,5.170314260305453e-05,0.3,0.5,1.2,4,geometric,prior_sweep,roi_full,roi,non_revenue,revenue,__revenue_equiv__,,channel4,fixed_full_grid,False,roi,roi,Revenue-equivalent ROI,0.5,1.5,LogNormal,target_channels,channel4,configured,,,,upload_8ce52c632a82_national_all_channels,/Users/jasper/Documents/Intern/BlueAlpha/capstone-Blue_Alpha_1/backend/storage/uploads/upload_8ce52c632a82_national_all_channels.csv,0.5,1.5,LogNormal,0.2843900597561066,0.1218790113925933,0.3990941643714905,1.014937341213226,0.2949915539247225,0.1084304630756378,0.3969931602478027,1.0340588510036464,0.964813030226652,1.0,1.0,LogNormal,0.9071911412907449,0.5295432143163297,31320298.2023646,14577236.467314048,14577990.156249875,753.6889358274639,753.6889358274639,100.0,1457723646.7314048,1457799015.6249876,75368.89358282089,75368.89358282089,False,channel4,False,5.170314260295581e-05,5.170314260295581e-05,False,5.170314260301878e-05,5.170314260301878e-05,5.1703142602987296e-05,5.1703142602987296e-05,5.1701806041547715e-05,5.1703142602987296e-05,percent_roi_or_contribution,0.5,0.5,0,False,False,False,1.0,True,,,5.1703142602987296e-05,5.1703142602987296e-05,,True,False,0.0
"multi|channel0,channel1,channel2,channel3,channel4|pmode=roi|rpk=revenue_per_conversion|target=channel4|mu=0.500000|sigma=1.500000|dist=LogNormal|0.500000|1.500000|LogNormal|alpha=0p3|ec=0p5|slope=1p2|lag=4|decay=geometric",channel4,"{""kpi_type"": ""non_revenue"", ""kpi_type_effective"": ""revenue"", ""prior_design_mode"": ""roi"", ""prior_grid_type"": ""roi"", ""revenue_per_kpi"": null, ""roi_prior_overrides"": {""channel0"": {""dist"": ""LogNormal"", ""mu"": 1.0, ""sigma"": 1.0}, ""channel1"": {""dist"": ""LogNormal"", ""mu"": 1.0, ""sigma"": 1.0}, ""channel2"": {""dist"": ""LogNormal"", ""mu"": 1.0, ""sigma"": 1.0}, ""channel3"": {""dist"": ""LogNormal"", ""mu"": 1.0, ""sigma"": 1.0}, ""channel4"": {""dist"": ""LogNormal"", ""mu"": 0.5, ""sigma"": 1.5}}, ""run_mode"": ""roi_full"", ""structural_overrides"": {""adstock_decay_spec"": ""geometric"", ""alpha_m"": 0.3, ""ec_m"": 0.5, ""max_lag"": 4, ""slope_m"": 1.2}, ""sweep_type"": ""fixed_full_grid"", ""target_channel"": ""channel4"", ""two_layer_enabled"": false}",channel2,PASS,PASS,,,0.5478384270270665,0.5697044957336038,0.0218660687065372,0.0399133533315598,0.3,0.5,1.2,4,geometric,prior_sweep,roi_full,roi,non_revenue,revenue,__revenue_equiv__,,channel4,fixed_full_grid,False,roi,roi,Revenue-equivalent ROI,0.5,1.5,LogNormal,target_channels,channel4,configured,,,,upload_8ce52c632a82_national_all_channels,/Users/jasper/Documents/Intern/BlueAlpha/capstone-Blue_Alpha_1/backend/storage/uploads/upload_8ce52c632a82_national_all_channels.csv,0.5,1.5,LogNormal,0.3578971561854973,0.1389466427266597,0.4730767756700516,1.2380538046360017,0.3880753137914508,0.1372041851282119,0.4679276198148727,1.3313244819641112,0.9204325266237272,1.0,1.0,LogNormal,0.6144341855685054,0.4179029405000997,12079349.341539,6617531.742779157,6881659.625411515,264127.882632358,264127.882632358,100.0,661753174.2779157,688165962.5411515,26412788.263235807,26412788.263235807,False,channel4,False,0.039913353331559875,0.039913353331559875,False,0.039913353331559924,0.039913353331559924,0.0399133533315599,0.0399133533315599,0.03913739557819918,0.0399133533315599,percent_roi_or_contribution,0.5,0.5,0,False,False,False,1.0,True,,,0.0399133533315599,0.0399133533315599,,True,False,0.0
"multi|channel0,channel1,channel2,channel3,channel4|pmode=roi|rpk=revenue_per_conversion|target=channel4|mu=0.500000|sigma=1.500000|dist=LogNormal|0.500000|1.500000|LogNormal|alpha=0p3|ec=0p5|slope=1p2|lag=4|decay=geometric",channel4,"{""kpi_type"": ""non_revenue"", ""kpi_type_effective"": ""revenue"", ""prior_design_mode"": ""roi"", ""prior_grid_type"": ""roi"", ""revenue_per_kpi"": null, ""roi_prior_overrides"": {""channel0"": {""dist"": ""LogNormal"", ""mu"": 1.0, ""sigma"": 1.0}, ""channel1"": {""dist"": ""LogNormal"", ""mu"": 1.0, ""sigma"": 1.0}, ""channel2"": {""dist"": ""LogNormal"", ""mu"": 1.0, ""sigma"": 1.0}, ""channel3"": {""dist"": ""LogNormal"", ""mu"": 1.0, ""sigma"": 1.0}, ""channel4"": {""dist"": ""LogNormal"", ""mu"": 0.5, ""sigma"": 1.5}}, ""run_mode"": ""roi_full"", ""structural_overrides"": {""adstock_decay_spec"": ""geometric"", ""alpha_m"": 0.3, ""ec_m"": 0.5, ""max_lag"": 4, ""slope_m"": 1.2}, ""sweep_type"": ""fixed_full_grid"", ""target_channel"": ""channel4"", ""two_layer_enabled"": false}",channel3,PASS,PASS,,,0.2585340054263361,0.2665514748403803,0.0080174694140441,0.0310112760633671,0.3,0.5,1.2,4,geometric,prior_sweep,roi_full,roi,non_revenue,revenue,__revenue_equiv__,,channel4,fixed_full_grid,False,roi,roi,Revenue-equivalent ROI,0.5,1.5,LogNormal,target_channels,channel4,configured,,,,upload_8ce52c632a82_national_all_channels,/Users/jasper/Documents/Intern/BlueAlpha/capstone-Blue_Alpha_1/backend/storage/uploads/upload_8ce52c632a82_national_all_channels.csv,0.5,1.5,LogNormal,0.1334336334010044,0.0872698206454515,0.2386796101927757,0.505061289668083,0.1387719309557033,0.0935085475444793,0.2406879663467407,0.536454963684082,0.9162207354845876,1.0,1.0,LogNormal,1.7535256718438994,0.7606807375005536,87860358.24888599,22714890.336277325,23419308.07124473,704417.7349674068,704417.7349674068,100.0,2271489033.6277323,2341930807.124473,70441773.49674082,70441773.49674082,False,channel4,False,0.03101127606336722,0.03101127606336722,False,0.031011276063367153,0.031011276063367153,0.031011276063367184,0.031011276063367184,0.030540141990889242,0.031011276063367184,percent_roi_or_contribution,0.5,0.5,0,False,False,False,1.0,True,,,0.031011276063367184,0.031011276063367184,,True,False,0.0
"multi|channel0,channel1,channel2,channel3,channel4|pmode=roi|rpk=revenue_per_conversion|target=channel4|mu=0.500000|sigma=1.500000|dist=LogNormal|0.500000|1.500000|LogNormal|alpha=0p3|ec=0p5|slope=1p2|lag=4|decay=geometric",channel4,"{""kpi_type"": ""non_revenue"", ""kpi_type_effective"": ""revenue"", ""prior_design_mode"": ""roi"", ""prior_grid_type"": ""roi"", ""revenue_per_kpi"": null, ""roi_prior_overrides"": {""channel0"": {""dist"": ""LogNormal"", ""mu"": 1.0, ""sigma"": 1.0}, ""channel1"": {""dist"": ""LogNormal"", ""mu"": 1.0, ""sigma"": 1.0}, ""channel2"": {""dist"": ""LogNormal"", ""mu"": 1.0, ""sigma"": 1.0}, ""channel3"": {""dist"": ""LogNormal"", ""mu"": 1.0, ""sigma"": 1.0}, ""channel4"": {""dist"": ""LogNormal"", ""mu"": 0.5, ""sigma"": 1.5}}, ""run_mode"": ""roi_full"", ""structural_overrides"": {""adstock_decay_spec"": ""geometric"", ""alpha_m"": 0.3, ""ec_m"": 0.5, ""max_lag"": 4, ""slope_m"": 1.2}, ""sweep_type"": ""fixed_full_grid"", ""target_channel"": ""channel4"", ""two_layer_enabled"": false}",channel4,PASS,PASS,,,0.4063499003617714,0.1805485884283552,0.2258013119334161,0.5556819670249368,0.3,0.5,1.2,4,geometric,prior_sweep,roi_full,roi,non_revenue,revenue,__revenue_equiv__,,channel4,fixed_full_grid,False,roi,roi,Revenue-equivalent ROI,0.5,1.5,LogNormal,target_channels,channel4,configured,,,,upload_8ce52c632a82_national_all_channels,/Users/jasper/Documents/Intern/BlueAlpha/capstone-Blue_Alpha_1/backend/storage/uploads/upload_8ce52c632a82_national_all_channels.csv,0.5,1.5,LogNormal,0.2333962216151473,0.1240440666675567,0.3590486496686935,0.8468084782361984,0.233340432736913,0.0110412882640957,0.0952673070132732,0.7624642610549918,0.763873243706474,0.5,1.5,LogNormal,1.3954990178080748,0.3364795444153298,47730683.477718174,19395358.475370027,8617707.526622633,-10777650.948747396,10777650.948747396,100.0,1939535847.5370028,861770752.6622633,-1077765094.8747396,1077765094.8747396,False,channel4,True,0.5556819670249368,-0.5556819670249368,False,0.5556819670249368,-0.5556819670249368,0.5556819670249368,-0.5556819670249368,0.4419140134932881,0.5556819670249368,percent_roi_or_contribution,0.5,0.5,0,False,False,False,1.0,True,,,0.5556819670249368,0.5556819670249368,,True,False,0.0
"multi|channel0,channel1,channel2,channel3,channel4|pmode=roi|rpk=revenue_per_conversion|target=channel4|mu=1.500000|sigma=0.500000|dist=LogNormal|1.500000|0.500000|LogNormal|alpha=0p3|ec=0p5|slope=1p2|lag=4|decay=geometric",channel4,"{""kpi_type"": ""non_revenue"", ""kpi_type_effective"": ""revenue"", ""prior_design_mode"": ""roi"", ""prior_grid_type"": ""roi"", ""revenue_per_kpi"": null, ""roi_prior_overrides"": {""channel0"": {""dist"": ""LogNormal"", ""mu"": 1.0, ""sigma"": 1.0}, ""channel1"": {""dist"": ""LogNormal"", ""mu"": 1.0, ""sigma"": 1.0}, ""channel2"": {""dist"": ""LogNormal"", ""mu"": 1.0, ""sigma"": 1.0}, ""channel3"": {""dist"": ""LogNormal"", ""mu"": 1.0, ""sigma"": 1.0}, ""channel4"": {""dist"": ""LogNormal"", ""mu"": 1.5, ""sigma"": 0.5}}, ""run_mode"": ""roi_full"", ""structural_overrides"": {""adstock_decay_spec"": ""geometric"", ""alpha_m"": 0.3, ""ec_m"": 0.5, ""max_lag"": 4, ""slope_m"": 1.2}, ""sweep_type"": ""fixed_full_grid"", ""target_channel"": ""channel4"", ""two_layer_enabled"": false}",channel0,PASS,PASS,,,0.4308758754407366,0.4079716692399233,0.0229042062008132,0.0531573186300693,0.3,0.5,1.2,4,geometric,prior_sweep,roi_full,roi,non_revenue,revenue,__revenue_equiv__,,channel4,fixed_full_grid,False,roi,roi,Revenue-equivalent ROI,1.5,0.5,LogNormal,target_channels,channel4,configured,,,,upload_8ce52c632a82_national_all_channels,/Users/jasper/Documents/Intern/BlueAlpha/capstone-Blue_Alpha_1/backend/storage/uploads/upload_8ce52c632a82_national_all_channels.csv,1.5,0.5,LogNormal,0.260312272419158,0.1235604096204042,0.3676227629184723,0.9330472171306609,0.2403104274147052,0.1186177361756563,0.3530612885951996,0.8560543328523633,0.899395147598332,1.0,1.0,LogNormal,1.1299470668349552,0.5445963914899005,40501713.0799782,17451211.080185138,16523551.49231514,-927659.587869998,927659.587869998,100.0,1745121108.0185137,1652355149.231514,-92765958.7869997,92765958.7869997,False,channel4,False,0.05315731863006932,-0.05315731863006932,False,0.053157318630069346,-0.053157318630069346,0.05315731863006933,-0.05315731863006933,0.05179262240113178,0.05315731863006933,percent_roi_or_contribution,0.5,0.5,0,False,False,False,1.0,True,,,0.05315731863006933,0.05315731863006933,,True,False,0.0
"multi|channel0,channel1,channel2,channel3,channel4|pmode=roi|rpk=revenue_per_conversion|target=channel4|mu=1.500000|sigma=0.500000|dist=LogNormal|1.500000|0.500000|LogNormal|alpha=0p3|ec=0p5|slope=1p2|lag=4|decay=geometric",channel4,"{""kpi_type"": ""non_revenue"", ""kpi_type_effective"": ""revenue"", ""prior_design_mode"": ""roi"", ""prior_grid_type"": ""roi"", ""revenue_per_kpi"": null, ""roi_prior_overrides"": {""channel0"": {""dist"": ""LogNormal"", ""mu"": 1.0, ""sigma"": 1.0}, ""channel1"": {""dist"": ""LogNormal"", ""mu"": 1.0, ""sigma"": 1.0}, ""channel2"": {""dist"": ""LogNormal"", ""mu"": 1.0, ""sigma"": 1.0}, ""channel3"": {""dist"": ""LogNormal"", ""mu"": 1.0, ""sigma"": 1.0}, ""channel4"": {""dist"": ""LogNormal"", ""mu"": 1.5, ""sigma"": 0.5}}, ""run_mode"": ""roi_full"", ""structural_overrides"": {""adstock_decay_spec"": ""geometric"", ""alpha_m"": 0.3, ""ec_m"": 0.5, ""max_lag"": 4, ""slope_m"": 1.2}, ""sweep_type"": ""fixed_full_grid"", ""target_channel"": ""channel4"", ""two_layer_enabled"": false}",channel1,PASS,PASS,,,0.4654245746042579,0.4395900363195688,0.0258345382846891,0.0555074649993626,0.3,0.5,1.2,4,geometric,prior_sweep,roi_full,roi,non_revenue,revenue,__revenue_equiv__,,channel4,fixed_full_grid,False,roi,roi,Revenue-equivalent ROI,1.5,0.5,LogNormal,target_channels,channel4,configured,,,,upload_8ce52c632a82_national_all_channels,/Users/jasper/Documents/Intern/BlueAlpha/capstone-Blue_Alpha_1/backend/storage/uploads/upload_8ce52c632a82_national_all_channels.csv,1.5,0.5,LogNormal,0.2843900597561066,0.1218790113925933,0.3990941643714905,1.014937341213226,0.2662920136418639,0.1173708297312259,0.3757618069648742,0.922314283251762,0.8917837972113565,1.0,1.0,LogNormal,1.0156471586522018,0.5551213302573205,31320298.2023646,14577236.467314048,13768091.02431718,-809145.4429968689,809145.4429968689,100.0,1457723646.7314048,1376809102.431718,-80914544.29968691,80914544.29968691,False,channel4,False,0.05550746499936271,-0.05550746499936271,False,0.05550746499936263,-0.05550746499936263,0.05550746499936267,-0.05550746499936267,0.05402166075812344,0.05550746499936267,percent_roi_or_contribution,0.5,0.5,0,False,False,False,1.0,True,,,0.05550746499936267,0.05550746499936267,,True,False,0.0
"multi|channel0,channel1,channel2,channel3,channel4|pmode=roi|rpk=revenue_per_conversion|target=channel4|mu=1.500000|sigma=0.500000|dist=LogNormal|1.500000|0.500000|LogNormal|alpha=0p3|ec=0p5|slope=1p2|lag=4|decay=geometric",channel4,"{""kpi_type"": ""non_revenue"", ""kpi_type_effective"": ""revenue"", ""prior_design_mode"": ""roi"", ""prior_grid_type"": ""roi"", ""revenue_per_kpi"": null, ""roi_prior_overrides"": {""channel0"": {""dist"": ""LogNormal"", ""mu"": 1.0, ""sigma"": 1.0}, ""channel1"": {""dist"": ""LogNormal"", ""mu"": 1.0, ""sigma"": 1.0}, ""channel2"": {""dist"": ""LogNormal"", ""mu"": 1.0, ""sigma"": 1.0}, ""channel3"": {""dist"": ""LogNormal"", ""mu"": 1.0, ""sigma"": 1.0}, ""channel4"": {""dist"": ""LogNormal"", ""mu"": 1.5, ""sigma"": 0.5}}, ""run_mode"": ""roi_full"", ""structural_overrides"": {""adstock_decay_spec"": ""geometric"", ""alpha_m"": 0.3, ""ec_m"": 0.5, ""max_lag"": 4, ""slope_m"": 1.2}, ""sweep_type"": ""fixed_full_grid"", ""target_channel"": ""channel4"", ""two_layer_enabled"": false}",channel2,PASS,PASS,,,0.5478384270270665,0.517538786828518,0.0302996401985485,0.0553076211958596,0.3,0.5,1.2,4,geometric,prior_sweep,roi_full,roi,non_revenue,revenue,__revenue_equiv__,,channel4,fixed_full_grid,False,roi,roi,Revenue-equivalent ROI,1.5,0.5,LogNormal,target_channels,channel4,configured,,,,upload_8ce52c632a82_national_all_channels,/Users/jasper/Documents/Intern/BlueAlpha/capstone-Blue_Alpha_1/backend/storage/uploads/upload_8ce52c632a82_national_all_channels.csv,1.5,0.5,LogNormal,0.3578971561854973,0.1389466427266597,0.4730767756700516,1.2380538046360017,0.3377922276579709,0.1339692242443561,0.4382554739713669,1.1603995621204377,0.9251582148094522,1.0,1.0,LogNormal,0.7587604892230395,0.4699077479766178,12079349.341539,6617531.742779157,6251531.803897951,-365999.9388812063,365999.9388812063,100.0,661753174.2779157,625153180.3897951,-36599993.88812065,36599993.88812065,False,channel4,False,0.05530762119585963,-0.05530762119585963,False,0.055307621195859615,-0.055307621195859615,0.05530762119585962,-0.05530762119585962,0.053832308497560995,0.05530762119585962,percent_roi_or_contribution,0.5,0.5,0,False,False,False,1.0,True,,,0.05530762119585962,0.05530762119585962,,True,False,0.0
"multi|channel0,channel1,channel2,channel3,channel4|pmode=roi|rpk=revenue_per_conversion|target=channel4|mu=1.500000|sigma=0.500000|dist=LogNormal|1.500000|0.500000|LogNormal|alpha=0p3|ec=0p5|slope=1p2|lag=4|decay=geometric",channel4,"{""kpi_type"": ""non_revenue"", ""kpi_type_effective"": ""revenue"", ""prior_design_mode"": ""roi"", ""prior_grid_type"": ""roi"", ""revenue_per_kpi"": null, ""roi_prior_overrides"": {""channel0"": {""dist"": ""LogNormal"", ""mu"": 1.0, ""sigma"": 1.0}, ""channel1"": {""dist"": ""LogNormal"", ""mu"": 1.0, ""sigma"": 1.0}, ""channel2"": {""dist"": ""LogNormal"", ""mu"": 1.0, ""sigma"": 1.0}, ""channel3"": {""dist"": ""LogNormal"", ""mu"": 1.0, ""sigma"": 1.0}, ""channel4"": {""dist"": ""LogNormal"", ""mu"": 1.5, ""sigma"": 0.5}}, ""run_mode"": ""roi_full"", ""structural_overrides"": {""adstock_decay_spec"": ""geometric"", ""alpha_m"": 0.3, ""ec_m"": 0.5, ""max_lag"": 4, ""slope_m"": 1.2}, ""sweep_type"": ""fixed_full_grid"", ""target_channel"": ""channel4"", ""two_layer_enabled"": false}",channel3,PASS,PASS,,,0.2585340054263361,0.2398061644216068,0.0187278410047292,0.0724385984499258,0.3,0.5,1.2,4,geometric,prior_sweep,roi_full,roi,non_revenue,revenue,__revenue_equiv__,,channel4,fixed_full_grid,False,roi,roi,Revenue-equivalent ROI,1.5,0.5,LogNormal,target_channels,channel4,configured,,,,upload_8ce52c632a82_national_all_channels,/Users/jasper/Documents/Intern/BlueAlpha/capstone-Blue_Alpha_1/backend/storage/uploads/upload_8ce52c632a82_national_all_channels.csv,1.5,0.5,LogNormal,0.1334336334010044,0.0872698206454515,0.2386796101927757,0.505061289668083,0.1274784811372321,0.0845115702599287,0.2171436846256256,0.4892414227128028,0.9558242070237304,1.0,1.0,LogNormal,1.8568804194243056,0.7874345374983527,87860358.24888599,22714890.336277325,21069455.51637363,-1645434.819903694,1645434.819903694,100.0,2271489033.6277323,2106945551.637363,-164543481.99036932,164543481.99036932,False,channel4,False,0.07243859844992578,-0.07243859844992578,False,0.07243859844992584,-0.07243859844992584,0.07243859844992581,-0.07243859844992581,0.06993511931860175,0.07243859844992581,percent_roi_or_contribution,0.5,0.5,0,False,False,False,1.0,True,,,0.07243859844992581,0.07243859844992581,,True,False,0.0
"multi|channel0,channel1,channel2,channel3,channel4|pmode=roi|rpk=revenue_per_conversion|target=channel4|mu=1.500000|sigma=0.500000|dist=LogNormal|1.500000|0.500000|LogNormal|alpha=0p3|ec=0p5|slope=1p2|lag=4|decay=geometric",channel4,"{""kpi_type"": ""non_revenue"", ""kpi_type_effective"": ""revenue"", ""prior_design_mode"": ""roi"", ""prior_grid_type"": ""roi"", ""revenue_per_kpi"": null, ""roi_prior_overrides"": {""channel0"": {""dist"": ""LogNormal"", ""mu"": 1.0, ""sigma"": 1.0}, ""channel1"": {""dist"": ""LogNormal"", ""mu"": 1.0, ""sigma"": 1.0}, ""channel2"": {""dist"": ""LogNormal"", ""mu"": 1.0, ""sigma"": 1.0}, ""channel3"": {""dist"": ""LogNormal"", ""mu"": 1.0, ""sigma"": 1.0}, ""channel4"": {""dist"": ""LogNormal"", ""mu"": 1.5, ""sigma"": 0.5}}, ""run_mode"": ""roi_full"", ""structural_overrides"": {""adstock_decay_spec"": ""geometric"", ""alpha_m"": 0.3, ""ec_m"": 0.5, ""max_lag"": 4, ""slope_m"": 1.2}, ""sweep_type"": ""fixed_full_grid"", ""target_channel"": ""channel4"", ""two_layer_enabled"": false}",channel4,PASS,PASS,,,0.4063499003617714,1.0234158904105426,0.6170659900487712,1.5185582413073075,0.3,0.5,1.2,4,geometric,prior_sweep,roi_full,roi,non_revenue,revenue,__revenue_equiv__,,channel4,fixed_full_grid,False,roi,roi,Revenue-equivalent ROI,1.5,0.5,LogNormal,target_channels,channel4,configured,,,,upload_8ce52c632a82_national_all_channels,/Users/jasper/Documents/Intern/BlueAlpha/capstone-Blue_Alpha_1/backend/storage/uploads/upload_8ce52c632a82_national_all_channels.csv,1.5,0.5,LogNormal,0.2333962216151473,0.1240440666675567,0.3590486496686935,0.8468084782361984,0.2647800967585113,0.6556028485298157,0.9900172650814056,1.490933609008789,0.1398837461137367,1.5,0.5,LogNormal,0.7301902667881595,0.4821961231602047,47730683.477718174,19395358.475370027,48848339.93125272,29452981.45588269,29452981.45588269,100.0,1939535847.5370028,4884833993.125272,2945298145.588269,2945298145.588269,False,channel4,True,1.5185582413073075,1.5185582413073075,False,1.5185582413073075,1.5185582413073075,1.5185582413073075,1.5185582413073075,0.9236866113311804,1.5185582413073075,percent_roi_or_contribution,0.5,0.5,0,False,False,False,1.0,True,,,1.5185582413073075,1.5185582413073075,,True,False,0.0
"multi|channel0,channel1,channel2,channel3,channel4|pmode=roi|rpk=revenue_per_conversion|target=channel4|mu=1.500000|sigma=1.000000|dist=LogNormal|1.500000|1.000000|LogNormal|alpha=0p3|ec=0p5|slope=1p2|lag=4|decay=geometric",channel4,"{""kpi_type"": ""non_revenue"", ""kpi_type_effective"": ""revenue"", ""prior_design_mode"": ""roi"", ""prior_grid_type"": ""roi"", ""revenue_per_kpi"": null, ""roi_prior_overrides"": {""channel0"": {""dist"": ""LogNormal"", ""mu"": 1.0, ""sigma"": 1.0}, ""channel1"": {""dist"": ""LogNormal"", ""mu"": 1.0, ""sigma"": 1.0}, ""channel2"": {""dist"": ""LogNormal"", ""mu"": 1.0, ""sigma"": 1.0}, ""channel3"": {""dist"": ""LogNormal"", ""mu"": 1.0, ""sigma"": 1.0}, ""channel4"": {""dist"": ""LogNormal"", ""mu"": 1.5, ""sigma"": 1.0}}, ""run_mode"": ""roi_full"", ""structural_overrides"": {""adstock_decay_spec"": ""geometric"", ""alpha_m"": 0.3, ""ec_m"": 0.5, ""max_lag"": 4, ""slope_m"": 1.2}, ""sweep_type"": ""fixed_full_grid"", ""target_channel"": ""channel4"", ""two_layer_enabled"": false}",channel0,PASS,PASS,,,0.4308758754407366,0.4319289696527024,0.0010530942119658,0.0024440779166126,0.3,0.5,1.2,4,geometric,prior_sweep,roi_full,roi,non_revenue,revenue,__revenue_equiv__,,channel4,fixed_full_grid,False,roi,roi,Revenue-equivalent ROI,1.5,1.0,LogNormal,target_channels,channel4,configured,,,,upload_8ce52c632a82_national_all_channels,/Users/jasper/Documents/Intern/BlueAlpha/capstone-Blue_Alpha_1/backend/storage/uploads/upload_8ce52c632a82_national_all_channels.csv,1.5,1.0,LogNormal,0.260312272419158,0.1235604096204042,0.3676227629184723,0.9330472171306609,0.2624939004932071,0.125486359000206,0.3742061108350754,0.9390384763479228,0.9902913285836916,1.0,1.0,LogNormal,1.0333313050947668,0.5206309494978381,40501713.0799782,17451211.080185138,17493863.199804362,42652.11961922422,42652.11961922422,100.0,1745121108.0185137,1749386319.980436,4265211.961922407,4265211.961922407,False,channel4,False,0.0024440779166125647,0.0024440779166125647,False,0.00244407791661252,0.00244407791661252,0.002444077916612542,0.002444077916612542,0.002441096015858225,0.002444077916612542,percent_roi_or_contribution,0.5,0.0,0,True,False,False,0.5,True,0.004888155833225084,,0.004888155833225084,0.004888155833225084,,True,False,0.0
"multi|channel0,channel1,channel2,channel3,channel4|pmode=roi|rpk=revenue_per_conversion|target=channel4|mu=1.500000|sigma=1.000000|dist=LogNormal|1.500000|1.000000|LogNormal|alpha=0p3|ec=0p5|slope=1p2|lag=4|decay=geometric",channel4,"{""kpi_type"": ""non_revenue"", ""kpi_type_effective"": ""revenue"", ""prior_design_mode"": ""roi"", ""prior_grid_type"": ""roi"", ""revenue_per_kpi"": null, ""roi_prior_overrides"": {""channel0"": {""dist"": ""LogNormal"", ""mu"": 1.0, ""sigma"": 1.0}, ""channel1"": {""dist"": ""LogNormal"", ""mu"": 1.0, ""sigma"": 1.0}, ""channel2"": {""dist"": ""LogNormal"", ""mu"": 1.0, ""sigma"": 1.0}, ""channel3"": {""dist"": ""LogNormal"", ""mu"": 1.0, ""sigma"": 1.0}, ""channel4"": {""dist"": ""LogNormal"", ""mu"": 1.5, ""sigma"": 1.0}}, ""run_mode"": ""roi_full"", ""structural_overrides"": {""adstock_decay_spec"": ""geometric"", ""alpha_m"": 0.3, ""ec_m"": 0.5, ""max_lag"": 4, ""slope_m"": 1.2}, ""sweep_type"": ""fixed_full_grid"", ""target_channel"": ""channel4"", ""two_layer_enabled"": false}",channel1,PASS,PASS,,,0.4654245746042579,0.4641205360802511,0.0013040385240067,0.0028018256773734,0.3,0.5,1.2,4,geometric,prior_sweep,roi_full,roi,non_revenue,revenue,__revenue_equiv__,,channel4,fixed_full_grid,False,roi,roi,Revenue-equivalent ROI,1.5,1.0,LogNormal,target_channels,channel4,configured,,,,upload_8ce52c632a82_national_all_channels,/Users/jasper/Documents/Intern/BlueAlpha/capstone-Blue_Alpha_1/backend/storage/uploads/upload_8ce52c632a82_national_all_channels.csv,1.5,1.0,LogNormal,0.2843900597561066,0.1218790113925933,0.3990941643714905,1.014937341213226,0.2883454611243112,0.122458603233099,0.3976832032203674,1.016107016801834,0.9980438239257412,1.0,1.0,LogNormal,0.9287509523010772,0.530747282525835,31320298.2023646,14577236.467314048,14536393.591874784,-40842.87543926388,40842.87543926388,100.0,1457723646.7314048,1453639359.1874783,-4084287.5439264774,4084287.5439264774,False,channel4,False,0.002801825677373375,-0.002801825677373375,False,0.0028018256773733635,-0.0028018256773733635,0.002801825677373369,-0.002801825677373369,0.0027979078800940953,0.002801825677373369,percent_roi_or_contribution,0.5,0.0,0,True,False,False,0.5,True,0.005603651354746738,,0.005603651354746738,0.005603651354746738,,True,False,0.0
"multi|channel0,channel1,channel2,channel3,channel4|pmode=roi|rpk=revenue_per_conversion|target=channel4|mu=1.500000|sigma=1.000000|dist=LogNormal|1.500000|1.000000|LogNormal|alpha=0p3|ec=0p5|slope=1p2|lag=4|decay=geometric",channel4,"{""kpi_type"": ""non_revenue"", ""kpi_type_effective"": ""revenue"", ""prior_design_mode"": ""roi"", ""prior_grid_type"": ""roi"", ""revenue_per_kpi"": null, ""roi_prior_overrides"": {""channel0"": {""dist"": ""LogNormal"", ""mu"": 1.0, ""sigma"": 1.0}, ""channel1"": {""dist"": ""LogNormal"", ""mu"": 1.0, ""sigma"": 1.0}, ""channel2"": {""dist"": ""LogNormal"", ""mu"": 1.0, ""sigma"": 1.0}, ""channel3"": {""dist"": ""LogNormal"", ""mu"": 1.0, ""sigma"": 1.0}, ""channel4"": {""dist"": ""LogNormal"", ""mu"": 1.5, ""sigma"": 1.0}}, ""run_mode"": ""roi_full"", ""structural_overrides"": {""adstock_decay_spec"": ""geometric"", ""alpha_m"": 0.3, ""ec_m"": 0.5, ""max_lag"": 4, ""slope_m"": 1.2}, ""sweep_type"": ""fixed_full_grid"", ""target_channel"": ""channel4"", ""two_layer_enabled"": false}",channel2,PASS,PASS,,,0.5478384270270665,0.5345474286843092,0.0132909983427573,0.0242607996939592,0.3,0.5,1.2,4,geometric,prior_sweep,roi_full,roi,non_revenue,revenue,__revenue_equiv__,,channel4,fixed_full_grid,False,roi,roi,Revenue-equivalent ROI,1.5,1.0,LogNormal,target_channels,channel4,configured,,,,upload_8ce52c632a82_national_all_channels,/Users/jasper/Documents/Intern/BlueAlpha/capstone-Blue_Alpha_1/backend/storage/uploads/upload_8ce52c632a82_national_all_channels.csv,1.5,1.0,LogNormal,0.3578971561854973,0.1389466427266597,0.4730767756700516,1.2380538046360017,0.3536060182784345,0.1368149511516094,0.4506224244832992,1.233128547668457,0.993591809333401,1.0,1.0,LogNormal,0.7104135844988488,0.4531253674332998,12079349.341539,6617531.742779157,6456985.130699175,-160546.6120799817,160546.6120799817,100.0,661753174.2779157,645698513.0699176,-16054661.207998157,16054661.207998157,False,channel4,False,0.024260799693959258,-0.024260799693959258,False,0.024260799693959178,-0.024260799693959178,0.024260799693959216,-0.024260799693959216,0.02397118139116868,0.024260799693959216,percent_roi_or_contribution,0.5,0.0,0,True,False,False,0.5,True,0.04852159938791843,,0.04852159938791843,0.04852159938791843,,True,False,0.0
"multi|channel0,channel1,channel2,channel3,channel4|pmode=roi|rpk=revenue_per_conversion|target=channel4|mu=1.500000|sigma=1.000000|dist=LogNormal|1.500000|1.000000|LogNormal|alpha=0p3|ec=0p5|slope=1p2|lag=4|decay=geometric",channel4,"{""kpi_type"": ""non_revenue"", ""kpi_type_effective"": ""revenue"", ""prior_design_mode"": ""roi"", ""prior_grid_type"": ""roi"", ""revenue_per_kpi"": null, ""roi_prior_overrides"": {""channel0"": {""dist"": ""LogNormal"", ""mu"": 1.0, ""sigma"": 1.0}, ""channel1"": {""dist"": ""LogNormal"", ""mu"": 1.0, ""sigma"": 1.0}, ""channel2"": {""dist"": ""LogNormal"", ""mu"": 1.0, ""sigma"": 1.0}, ""channel3"": {""dist"": ""LogNormal"", ""mu"": 1.0, ""sigma"": 1.0}, ""channel4"": {""dist"": ""LogNormal"", ""mu"": 1.5, ""sigma"": 1.0}}, ""run_mode"": ""roi_full"", ""structural_overrides"": {""adstock_decay_spec"": ""geometric"", ""alpha_m"": 0.3, ""ec_m"": 0.5, ""max_lag"": 4, ""slope_m"": 1.2}, ""sweep_type"": ""fixed_full_grid"", ""target_channel"": ""channel4"", ""two_layer_enabled"": false}",channel3,PASS,PASS,,,0.2585340054263361,0.256859426839898,0.0016745785864381,0.0064772082251873,0.3,0.5,1.2,4,geometric,prior_sweep,roi_full,roi,non_revenue,revenue,__revenue_equiv__,,channel4,fixed_full_grid,False,roi,roi,Revenue-equivalent ROI,1.5,1.0,LogNormal,target_channels,channel4,configured,,,,upload_8ce52c632a82_national_all_channels,/Users/jasper/Documents/Intern/BlueAlpha/capstone-Blue_Alpha_1/backend/storage/uploads/upload_8ce52c632a82_national_all_channels.csv,1.5,1.0,LogNormal,0.1334336334010044,0.0872698206454515,0.2386796101927757,0.505061289668083,0.1357489311079371,0.0852253854274749,0.2301491126418113,0.5139940440654754,0.9743983395375992,1.0,1.0,LogNormal,1.7822910360606086,0.7704424621949338,87860358.24888599,22714890.336277325,22567761.261756957,-147129.07452036813,147129.07452036813,100.0,2271489033.6277323,2256776126.1756954,-14712907.452036858,14712907.452036858,False,channel4,False,0.006477208225187378,-0.006477208225187378,False,0.006477208225187526,-0.006477208225187526,0.006477208225187452,-0.006477208225187452,0.00645632125630658,0.006477208225187452,percent_roi_or_contribution,0.5,0.0,0,True,False,False,0.5,True,0.012954416450374904,,0.012954416450374904,0.012954416450374904,,True,False,0.0
"multi|channel0,channel1,channel2,channel3,channel4|pmode=roi|rpk=revenue_per_conversion|target=channel4|mu=1.500000|sigma=1.000000|dist=LogNormal|1.500000|1.000000|LogNormal|alpha=0p3|ec=0p5|slope=1p2|lag=4|decay=geometric",channel4,"{""kpi_type"": ""non_revenue"", ""kpi_type_effective"": ""revenue"", ""prior_design_mode"": ""roi"", ""prior_grid_type"": ""roi"", ""revenue_per_kpi"": null, ""roi_prior_overrides"": {""channel0"": {""dist"": ""LogNormal"", ""mu"": 1.0, ""sigma"": 1.0}, ""channel1"": {""dist"": ""LogNormal"", ""mu"": 1.0, ""sigma"": 1.0}, ""channel2"": {""dist"": ""LogNormal"", ""mu"": 1.0, ""sigma"": 1.0}, ""channel3"": {""dist"": ""LogNormal"", ""mu"": 1.0, ""sigma"": 1.0}, ""channel4"": {""dist"": ""LogNormal"", ""mu"": 1.5, ""sigma"": 1.0}}, ""run_mode"": ""roi_full"", ""structural_overrides"": {""adstock_decay_spec"": ""geometric"", ""alpha_m"": 0.3, ""ec_m"": 0.5, ""max_lag"": 4, ""slope_m"": 1.2}, ""sweep_type"": ""fixed_full_grid"", ""target_channel"": ""channel4"", ""two_layer_enabled"": false}",channel4,PASS,PASS,,,0.4063499003617714,0.692156404213359,0.2858065038515876,0.7033507418043796,0.3,0.5,1.2,4,geometric,prior_sweep,roi_full,roi,non_revenue,revenue,__revenue_equiv__,,channel4,fixed_full_grid,False,roi,roi,Revenue-equivalent ROI,1.5,1.0,LogNormal,target_channels,channel4,configured,,,,upload_8ce52c632a82_national_all_channels,/Users/jasper/Documents/Intern/BlueAlpha/capstone-Blue_Alpha_1/backend/storage/uploads/upload_8ce52c632a82_national_all_channels.csv,1.5,1.0,LogNormal,0.2333962216151473,0.1240440666675567,0.3590486496686935,0.8468084782361984,0.2882477296445977,0.3011529326438903,0.6516568064689636,1.2440751552581786,0.4871789284696797,1.5,1.0,LogNormal,1.111784010654743,0.8184736256424452,47730683.477718174,19395358.475370027,33037098.2465834,13641739.771213371,13641739.771213371,100.0,1939535847.5370028,3303709824.65834,1364173977.1213372,1364173977.1213372,False,channel4,True,0.7033507418043796,0.7033507418043796,False,0.7033507418043797,0.7033507418043797,0.7033507418043796,0.7033507418043796,0.532597335732682,0.7033507418043796,percent_roi_or_contribution,0.5,0.0,0,True,False,False,0.5,True,1.4067014836087592,,1.4067014836087592,1.4067014836087592,,True,False,0.0
"multi|channel0,channel1,channel2,channel3,channel4|pmode=roi|rpk=revenue_per_conversion|target=channel4|mu=1.000000|sigma=1.500000|dist=LogNormal|1.000000|1.500000|LogNormal|alpha=0p3|ec=0p5|slope=1p2|lag=4|decay=geometric",channel4,"{""kpi_type"": ""non_revenue"", ""kpi_type_effective"": ""revenue"", ""prior_design_mode"": ""roi"", ""prior_grid_type"": ""roi"", ""revenue_per_kpi"": null, ""roi_prior_overrides"": {""channel0"": {""dist"": ""LogNormal"", ""mu"": 1.0, ""sigma"": 1.0}, ""channel1"": {""dist"": ""LogNormal"", ""mu"": 1.0, ""sigma"": 1.0}, ""channel2"": {""dist"": ""LogNormal"", ""mu"": 1.0, ""sigma"": 1.0}, ""channel3"": {""dist"": ""LogNormal"", ""mu"": 1.0, ""sigma"": 1.0}, ""channel4"": {""dist"": ""LogNormal"", ""mu"": 1.0, ""sigma"": 1.5}}, ""run_mode"": ""roi_full"", ""structural_overrides"": {""adstock_decay_spec"": ""geometric"", ""alpha_m"": 0.3, ""ec_m"": 0.5, ""max_lag"": 4, ""slope_m"": 1.2}, ""sweep_type"": ""fixed_full_grid"", ""target_channel"": ""channel4"", ""two_layer_enabled"": false}",channel0,PASS,PASS,,,0.4308758754407366,0.4702646406615773,0.0393887652208407,0.091415573407424,0.3,0.5,1.2,4,geometric,prior_sweep,roi_full,roi,non_revenue,revenue,__revenue_equiv__,,channel4,fixed_full_grid,False,roi,roi,Revenue-equivalent ROI,1.0,1.5,LogNormal,target_channels,channel4,configured,,,,upload_8ce52c632a82_national_all_channels,/Users/jasper/Documents/Intern/BlueAlpha/capstone-Blue_Alpha_1/backend/storage/uploads/upload_8ce52c632a82_national_all_channels.csv,1.0,1.5,LogNormal,0.260312272419158,0.1235604096204042,0.3676227629184723,0.9330472171306609,0.2962427316502187,0.1325957499444484,0.3955845981836319,1.0758697211742398,0.8405372681698928,1.0,1.0,LogNormal,0.9007657748422973,0.4825471514443047,40501713.0799782,17451211.080185138,19046523.547734253,1595312.4675491154,1595312.4675491154,100.0,1745121108.0185137,1904652354.773425,159531246.75491166,159531246.75491166,False,channel4,False,0.09141557340742398,0.09141557340742398,False,0.091415573407424,0.091415573407424,0.09141557340742398,0.09141557340742398,0.08747554487052135,0.09141557340742398,percent_roi_or_contribution,0.0,0.5,0,False,True,False,0.5,True,,0.18283114681484797,0.18283114681484797,0.18283114681484797,,True,False,0.0
"multi|channel0,channel1,channel2,channel3,channel4|pmode=roi|rpk=revenue_per_conversion|target=channel4|mu=1.000000|sigma=1.500000|dist=LogNormal|1.000000|1.500000|LogNormal|alpha=0p3|ec=0p5|slope=1p2|lag=4|decay=geometric",channel4,"{""kpi_type"": ""non_revenue"", ""kpi_type_effective"": ""revenue"", ""prior_design_mode"": ""roi"", ""prior_grid_type"": ""roi"", ""revenue_per_kpi"": null, ""roi_prior_overrides"": {""channel0"": {""dist"": ""LogNormal"", ""mu"": 1.0, ""sigma"": 1.0}, ""channel1"": {""dist"": ""LogNormal"", ""mu"": 1.0, ""sigma"": 1.0}, ""channel2"": {""dist"": ""LogNormal"", ""mu"": 1.0, ""sigma"": 1.0}, ""channel3"": {""dist"": ""LogNormal"", ""mu"": 1.0, ""sigma"": 1.0}, ""channel4"": {""dist"": ""LogNormal"", ""mu"": 1.0, ""sigma"": 1.5}}, ""run_mode"": ""roi_full"", ""structural_overrides"": {""adstock_decay_spec"": ""geometric"", ""alpha_m"": 0.3, ""ec_m"": 0.5, ""max_lag"": 4, ""slope_m"": 1.2}, ""sweep_type"": ""fixed_full_grid"", ""target_channel"": ""channel4"", ""two_layer_enabled"": false}",channel1,PASS,PASS,,,0.4654245746042579,0.4856518704568346,0.0202272958525767,0.0434598793365725,0.3,0.5,1.2,4,geometric,prior_sweep,roi_full,roi,non_revenue,revenue,__revenue_equiv__,,channel4,fixed_full_grid,False,roi,roi,Revenue-equivalent ROI,1.0,1.5,LogNormal,target_channels,channel4,configured,,,,upload_8ce52c632a82_national_all_channels,/Users/jasper/Documents/Intern/BlueAlpha/capstone-Blue_Alpha_1/backend/storage/uploads/upload_8ce52c632a82_national_all_channels.csv,1.0,1.5,LogNormal,0.2843900597561066,0.1218790113925933,0.3990941643714905,1.014937341213226,0.3159411969532479,0.1154843017458915,0.4138049930334091,1.0823693990707397,0.923644735337759,1.0,1.0,LogNormal,0.834385587450686,0.5089735379444597,31320298.2023646,14577236.467314048,15210761.405244203,633524.9379301555,633524.9379301555,100.0,1457723646.7314048,1521076140.5244205,63352493.79301548,63352493.79301548,False,channel4,False,0.043459879336572665,0.043459879336572665,False,0.04345987933657268,0.04345987933657268,0.04345987933657267,0.04345987933657267,0.042541998627854266,0.04345987933657267,percent_roi_or_contribution,0.0,0.5,0,False,True,False,0.5,True,,0.08691975867314534,0.08691975867314534,0.08691975867314534,,True,False,0.0
"multi|channel0,channel1,channel2,channel3,channel4|pmode=roi|rpk=revenue_per_conversion|target=channel4|mu=1.000000|sigma=1.500000|dist=LogNormal|1.000000|1.500000|LogNormal|alpha=0p3|ec=0p5|slope=1p2|lag=4|decay=geometric",channel4,"{""kpi_type"": ""non_revenue"", ""kpi_type_effective"": ""revenue"", ""prior_design_mode"": ""roi"", ""prior_grid_type"": ""roi"", ""revenue_per_kpi"": null, ""roi_prior_overrides"": {""channel0"": {""dist"": ""LogNormal"", ""mu"": 1.0, ""sigma"": 1.0}, ""channel1"": {""dist"": ""LogNormal"", ""mu"": 1.0, ""sigma"": 1.0}, ""channel2"": {""dist"": ""LogNormal"", ""mu"": 1.0, ""sigma"": 1.0}, ""channel3"": {""dist"": ""LogNormal"", ""mu"": 1.0, ""sigma"": 1.0}, ""channel4"": {""dist"": ""LogNormal"", ""mu"": 1.0, ""sigma"": 1.5}}, ""run_mode"": ""roi_full"", ""structural_overrides"": {""adstock_decay_spec"": ""geometric"", ""alpha_m"": 0.3, ""ec_m"": 0.5, ""max_lag"": 4, ""slope_m"": 1.2}, ""sweep_type"": ""fixed_full_grid"", ""target_channel"": ""channel4"", ""two_layer_enabled"": false}",channel2,PASS,PASS,,,0.5478384270270665,0.567201695550854,0.0193632685237874,0.0353448527312429,0.3,0.5,1.2,4,geometric,prior_sweep,roi_full,roi,non_revenue,revenue,__revenue_equiv__,,channel4,fixed_full_grid,False,roi,roi,Revenue-equivalent ROI,1.0,1.5,LogNormal,target_channels,channel4,configured,,,,upload_8ce52c632a82_national_all_channels,/Users/jasper/Documents/Intern/BlueAlpha/capstone-Blue_Alpha_1/backend/storage/uploads/upload_8ce52c632a82_national_all_channels.csv,1.0,1.5,LogNormal,0.3578971561854973,0.1389466427266597,0.4730767756700516,1.2380538046360017,0.3934048812766984,0.1450467810034751,0.4652526378631592,1.329772573709487,0.917856250182957,1.0,1.0,LogNormal,0.6039568516548837,0.4202666100281248,12079349.341539,6617531.742779157,6851427.427672012,233895.68489285465,233895.68489285465,100.0,661753174.2779157,685142742.7672012,23389568.48928547,23389568.48928547,False,channel4,False,0.03534485273124294,0.03534485273124294,False,0.03534485273124292,0.03534485273124292,0.03534485273124293,0.03534485273124293,0.03473456226620223,0.03534485273124293,percent_roi_or_contribution,0.0,0.5,0,False,True,False,0.5,True,,0.07068970546248586,0.07068970546248586,0.07068970546248586,,True,False,0.0
"multi|channel0,channel1,channel2,channel3,channel4|pmode=roi|rpk=revenue_per_conversion|target=channel4|mu=1.000000|sigma=1.500000|dist=LogNormal|1.000000|1.500000|LogNormal|alpha=0p3|ec=0p5|slope=1p2|lag=4|decay=geometric",channel4,"{""kpi_type"": ""non_revenue"", ""kpi_type_effective"": ""revenue"", ""prior_design_mode"": ""roi"", ""prior_grid_type"": ""roi"", ""revenue_per_kpi"": null, ""roi_prior_overrides"": {""channel0"": {""dist"": ""LogNormal"", ""mu"": 1.0, ""sigma"": 1.0}, ""channel1"": {""dist"": ""LogNormal"", ""mu"": 1.0, ""sigma"": 1.0}, ""channel2"": {""dist"": ""LogNormal"", ""mu"": 1.0, ""sigma"": 1.0}, ""channel3"": {""dist"": ""LogNormal"", ""mu"": 1.0, ""sigma"": 1.0}, ""channel4"": {""dist"": ""LogNormal"", ""mu"": 1.0, ""sigma"": 1.5}}, ""run_mode"": ""roi_full"", ""structural_overrides"": {""adstock_decay_spec"": ""geometric"", ""alpha_m"": 0.3, ""ec_m"": 0.5, ""max_lag"": 4, ""slope_m"": 1.2}, ""sweep_type"": ""fixed_full_grid"", ""target_channel"": ""channel4"", ""two_layer_enabled"": false}",channel3,PASS,PASS,,,0.2585340054263361,0.2744879362980524,0.0159539308717163,0.061709216338514,0.3,0.5,1.2,4,geometric,prior_sweep,roi_full,roi,non_revenue,revenue,__revenue_equiv__,,channel4,fixed_full_grid,False,roi,roi,Revenue-equivalent ROI,1.0,1.5,LogNormal,target_channels,channel4,configured,,,,upload_8ce52c632a82_national_all_channels,/Users/jasper/Documents/Intern/BlueAlpha/capstone-Blue_Alpha_1/backend/storage/uploads/upload_8ce52c632a82_national_all_channels.csv,1.0,1.5,LogNormal,0.1334336334010044,0.0872698206454515,0.2386796101927757,0.505061289668083,0.1516180235705492,0.0869869899004697,0.2424930706620216,0.5565436124801634,0.8897573773474431,1.0,1.0,LogNormal,1.6610688136770584,0.7529633920497956,87860358.24888599,22714890.336277325,24116608.41814428,1401718.0818669572,1401718.0818669572,100.0,2271489033.6277323,2411660841.8144283,140171808.18669605,140171808.18669605,False,channel4,False,0.06170921633851396,0.06170921633851396,False,0.061709216338513784,0.061709216338513784,0.06170921633851387,0.06170921633851387,0.05988007773675163,0.06170921633851387,percent_roi_or_contribution,0.0,0.5,0,False,True,False,0.5,True,,0.12341843267702773,0.12341843267702773,0.12341843267702773,,True,False,0.0
"multi|channel0,channel1,channel2,channel3,channel4|pmode=roi|rpk=revenue_per_conversion|target=channel4|mu=1.000000|sigma=1.500000|dist=LogNormal|1.000000|1.500000|LogNormal|alpha=0p3|ec=0p5|slope=1p2|lag=4|decay=geometric",channel4,"{""kpi_type"": ""non_revenue"", ""kpi_type_effective"": ""revenue"", ""prior_design_mode"": ""roi"", ""prior_grid_type"": ""roi"", ""revenue_per_kpi"": null, ""roi_prior_overrides"": {""channel0"": {""dist"": ""LogNormal"", ""mu"": 1.0, ""sigma"": 1.0}, ""channel1"": {""dist"": ""LogNormal"", ""mu"": 1.0, ""sigma"": 1.0}, ""channel2"": {""dist"": ""LogNormal"", ""mu"": 1.0, ""sigma"": 1.0}, ""channel3"": {""dist"": ""LogNormal"", ""mu"": 1.0, ""sigma"": 1.0}, ""channel4"": {""dist"": ""LogNormal"", ""mu"": 1.0, ""sigma"": 1.5}}, ""run_mode"": ""roi_full"", ""structural_overrides"": {""adstock_decay_spec"": ""geometric"", ""alpha_m"": 0.3, ""ec_m"": 0.5, ""max_lag"": 4, ""slope_m"": 1.2}, ""sweep_type"": ""fixed_full_grid"", ""target_channel"": ""channel4"", ""two_layer_enabled"": false}",channel4,PASS,PASS,,,0.4063499003617714,0.3533186409932872,0.0530312593684841,0.1305063919574502,0.3,0.5,1.2,4,geometric,prior_sweep,roi_full,roi,non_revenue,revenue,__revenue_equiv__,,channel4,fixed_full_grid,False,roi,roi,Revenue-equivalent ROI,1.0,1.5,LogNormal,target_channels,channel4,configured,,,,upload_8ce52c632a82_national_all_channels,/Users/jasper/Documents/Intern/BlueAlpha/capstone-Blue_Alpha_1/backend/storage/uploads/upload_8ce52c632a82_national_all_channels.csv,1.0,1.5,LogNormal,0.2333962216151473,0.1240440666675567,0.3590486496686935,0.8468084782361984,0.2910243075522522,0.0651220094412565,0.2770343720912933,0.8931056261062622,0.8729211508795653,1.0,1.5,LogNormal,1.2515673540050611,0.6652167819813571,47730683.477718174,19395358.475370027,16864140.220028132,-2531218.255341895,2531218.255341895,100.0,1939535847.5370028,1686414022.002813,-253121825.53418943,253121825.53418943,False,channel4,True,0.13050639195745023,-0.13050639195745023,False,0.13050639195745023,-0.13050639195745023,0.13050639195745023,-0.13050639195745023,0.12266566681760346,0.13050639195745023,percent_roi_or_contribution,0.0,0.5,0,False,True,False,0.5,True,,0.26101278391490046,0.26101278391490046,0.26101278391490046,,True,False,0.0
"multi|channel0,channel1,channel2,channel3,channel4|pmode=roi|rpk=revenue_per_conversion|target=channel4|mu=1.500000|sigma=1.500000|dist=LogNormal|1.500000|1.500000|LogNormal|alpha=0p3|ec=0p5|slope=1p2|lag=4|decay=geometric",channel4,"{""kpi_type"": ""non_revenue"", ""kpi_type_effective"": ""revenue"", ""prior_design_mode"": ""roi"", ""prior_grid_type"": ""roi"", ""revenue_per_kpi"": null, ""roi_prior_overrides"": {""channel0"": {""dist"": ""LogNormal"", ""mu"": 1.0, ""sigma"": 1.0}, ""channel1"": {""dist"": ""LogNormal"", ""mu"": 1.0, ""sigma"": 1.0}, ""channel2"": {""dist"": ""LogNormal"", ""mu"": 1.0, ""sigma"": 1.0}, ""channel3"": {""dist"": ""LogNormal"", ""mu"": 1.0, ""sigma"": 1.0}, ""channel4"": {""dist"": ""LogNormal"", ""mu"": 1.5, ""sigma"": 1.5}}, ""run_mode"": ""roi_full"", ""structural_overrides"": {""adstock_decay_spec"": ""geometric"", ""alpha_m"": 0.3, ""ec_m"": 0.5, ""max_lag"": 4, ""slope_m"": 1.2}, ""sweep_type"": ""fixed_full_grid"", ""target_channel"": ""channel4"", ""two_layer_enabled"": false}",channel0,PASS,PASS,,,0.4308758754407366,0.4368716894090175,0.0059958139682809,0.0139154088451758,0.3,0.5,1.2,4,geometric,prior_sweep,roi_full,roi,non_revenue,revenue,__revenue_equiv__,,channel4,fixed_full_grid,False,roi,roi,Revenue-equivalent ROI,1.5,1.5,LogNormal,target_channels,channel4,configured,,,,upload_8ce52c632a82_national_all_channels,/Users/jasper/Documents/Intern/BlueAlpha/capstone-Blue_Alpha_1/backend/storage/uploads/upload_8ce52c632a82_national_all_channels.csv,1.5,1.5,LogNormal,0.260312272419158,0.1235604096204042,0.3676227629184723,0.9330472171306609,0.2624135323856587,0.1259401932358742,0.3687568604946136,0.942174157500267,0.985943646787172,1.0,1.0,LogNormal,1.0308208297343715,0.5157708074488315,40501713.0799782,17451211.080185138,17694051.817209378,242840.7370242402,242840.7370242402,100.0,1745121108.0185137,1769405181.7209375,24284073.70242405,24284073.70242405,False,channel4,False,0.013915408845175857,0.013915408845175857,False,0.013915408845175914,0.013915408845175914,0.013915408845175885,0.013915408845175885,0.013819478459470656,0.013915408845175885,percent_roi_or_contribution,0.5,0.5,0,False,False,False,1.0,True,,,0.013915408845175885,0.013915408845175885,,True,False,0.0
"multi|channel0,channel1,channel2,channel3,channel4|pmode=roi|rpk=revenue_per_conversion|target=channel4|mu=1.500000|sigma=1.500000|dist=LogNormal|1.500000|1.500000|LogNormal|alpha=0p3|ec=0p5|slope=1p2|lag=4|decay=geometric",channel4,"{""kpi_type"": ""non_revenue"", ""kpi_type_effective"": ""revenue"", ""prior_design_mode"": ""roi"", ""prior_grid_type"": ""roi"", ""revenue_per_kpi"": null, ""roi_prior_overrides"": {""channel0"": {""dist"": ""LogNormal"", ""mu"": 1.0, ""sigma"": 1.0}, ""channel1"": {""dist"": ""LogNormal"", ""mu"": 1.0, ""sigma"": 1.0}, ""channel2"": {""dist"": ""LogNormal"", ""mu"": 1.0, ""sigma"": 1.0}, ""channel3"": {""dist"": ""LogNormal"", ""mu"": 1.0, ""sigma"": 1.0}, ""channel4"": {""dist"": ""LogNormal"", ""mu"": 1.5, ""sigma"": 1.5}}, ""run_mode"": ""roi_full"", ""structural_overrides"": {""adstock_decay_spec"": ""geometric"", ""alpha_m"": 0.3, ""ec_m"": 0.5, ""max_lag"": 4, ""slope_m"": 1.2}, ""sweep_type"": ""fixed_full_grid"", ""target_channel"": ""channel4"", ""two_layer_enabled"": false}",channel1,PASS,PASS,,,0.4654245746042579,0.4641258404186616,0.0012987341855962,0.0027904289039756,0.3,0.5,1.2,4,geometric,prior_sweep,roi_full,roi,non_revenue,revenue,__revenue_equiv__,,channel4,fixed_full_grid,False,roi,roi,Revenue-equivalent ROI,1.5,1.5,LogNormal,target_channels,channel4,configured,,,,upload_8ce52c632a82_national_all_channels,/Users/jasper/Documents/Intern/BlueAlpha/capstone-Blue_Alpha_1/backend/storage/uploads/upload_8ce52c632a82_national_all_channels.csv,1.5,1.5,LogNormal,0.2843900597561066,0.1218790113925933,0.3990941643714905,1.014937341213226,0.2795375218540372,0.1250760693103075,0.4005275815725326,0.975616046786308,0.9523901732676612,1.0,1.0,LogNormal,0.9572699195656872,0.5310929219229512,31320298.2023646,14577236.467314048,14536559.725335566,-40676.74197848141,40676.74197848141,100.0,1457723646.7314048,1453655972.5335567,-4067674.1978480816,4067674.1978480816,False,channel4,False,0.002790428903975632,-0.002790428903975632,False,0.0027904289039756775,-0.0027904289039756775,0.002790428903975655,-0.002790428903975655,0.002786542884670093,0.002790428903975655,percent_roi_or_contribution,0.5,0.5,0,False,False,False,1.0,True,,,0.002790428903975655,0.002790428903975655,,True,False,0.0
"multi|channel0,channel1,channel2,channel3,channel4|pmode=roi|rpk=revenue_per_conversion|target=channel4|mu=1.500000|sigma=1.500000|dist=LogNormal|1.500000|1.500000|LogNormal|alpha=0p3|ec=0p5|slope=1p2|lag=4|decay=geometric",channel4,"{""kpi_type"": ""non_revenue"", ""kpi_type_effective"": ""revenue"", ""prior_design_mode"": ""roi"", ""prior_grid_type"": ""roi"", ""revenue_per_kpi"": null, ""roi_prior_overrides"": {""channel0"": {""dist"": ""LogNormal"", ""mu"": 1.0, ""sigma"": 1.0}, ""channel1"": {""dist"": ""LogNormal"", ""mu"": 1.0, ""sigma"": 1.0}, ""channel2"": {""dist"": ""LogNormal"", ""mu"": 1.0, ""sigma"": 1.0}, ""channel3"": {""dist"": ""LogNormal"", ""mu"": 1.0, ""sigma"": 1.0}, ""channel4"": {""dist"": ""LogNormal"", ""mu"": 1.5, ""sigma"": 1.5}}, ""run_mode"": ""roi_full"", ""structural_overrides"": {""adstock_decay_spec"": ""geometric"", ""alpha_m"": 0.3, ""ec_m"": 0.5, ""max_lag"": 4, ""slope_m"": 1.2}, ""sweep_type"": ""fixed_full_grid"", ""target_channel"": ""channel4"", ""two_layer_enabled"": false}",channel2,PASS,PASS,,,0.5478384270270665,0.5537615424611916,0.005923115434125,0.0108117925686004,0.3,0.5,1.2,4,geometric,prior_sweep,roi_full,roi,non_revenue,revenue,__revenue_equiv__,,channel4,fixed_full_grid,False,roi,roi,Revenue-equivalent ROI,1.5,1.5,LogNormal,target_channels,channel4,configured,,,,upload_8ce52c632a82_national_all_channels,/Users/jasper/Documents/Intern/BlueAlpha/capstone-Blue_Alpha_1/backend/storage/uploads/upload_8ce52c632a82_national_all_channels.csv,1.5,1.5,LogNormal,0.3578971561854973,0.1389466427266597,0.4730767756700516,1.2380538046360017,0.3727981107072487,0.1303254447877407,0.46031554043293,1.2859570026397698,0.9510878743673729,1.0,1.0,LogNormal,0.6557718601956597,0.4343071882938724,12079349.341539,6617531.742779157,6689079.123298215,71547.38051905762,71547.38051905762,100.0,661753174.2779157,668907912.3298215,7154738.051905751,7154738.051905751,False,channel4,False,0.010811792568600542,0.010811792568600542,False,0.010811792568600502,0.010811792568600502,0.010811792568600521,0.010811792568600521,0.010753763033496554,0.010811792568600521,percent_roi_or_contribution,0.5,0.5,0,False,False,False,1.0,True,,,0.010811792568600521,0.010811792568600521,,True,False,0.0
"multi|channel0,channel1,channel2,channel3,channel4|pmode=roi|rpk=revenue_per_conversion|target=channel4|mu=1.500000|sigma=1.500000|dist=LogNormal|1.500000|1.500000|LogNormal|alpha=0p3|ec=0p5|slope=1p2|lag=4|decay=geometric",channel4,"{""kpi_type"": ""non_revenue"", ""kpi_type_effective"": ""revenue"", ""prior_design_mode"": ""roi"", ""prior_grid_type"": ""roi"", ""revenue_per_kpi"": null, ""roi_prior_overrides"": {""channel0"": {""dist"": ""LogNormal"", ""mu"": 1.0, ""sigma"": 1.0}, ""channel1"": {""dist"": ""LogNormal"", ""mu"": 1.0, ""sigma"": 1.0}, ""channel2"": {""dist"": ""LogNormal"", ""mu"": 1.0, ""sigma"": 1.0}, ""channel3"": {""dist"": ""LogNormal"", ""mu"": 1.0, ""sigma"": 1.0}, ""channel4"": {""dist"": ""LogNormal"", ""mu"": 1.5, ""sigma"": 1.5}}, ""run_mode"": ""roi_full"", ""structural_overrides"": {""adstock_decay_spec"": ""geometric"", ""alpha_m"": 0.3, ""ec_m"": 0.5, ""max_lag"": 4, ""slope_m"": 1.2}, ""sweep_type"": ""fixed_full_grid"", ""target_channel"": ""channel4"", ""two_layer_enabled"": false}",channel3,PASS,PASS,,,0.2585340054263361,0.259084593206644,0.0005505877803079,0.0021296532322701,0.3,0.5,1.2,4,geometric,prior_sweep,roi_full,roi,non_revenue,revenue,__revenue_equiv__,,channel4,fixed_full_grid,False,roi,roi,Revenue-equivalent ROI,1.5,1.5,LogNormal,target_channels,channel4,configured,,,,upload_8ce52c632a82_national_all_channels,/Users/jasper/Documents/Intern/BlueAlpha/capstone-Blue_Alpha_1/backend/storage/uploads/upload_8ce52c632a82_national_all_channels.csv,1.5,1.5,LogNormal,0.1334336334010044,0.0872698206454515,0.2386796101927757,0.505061289668083,0.1388157833645982,0.0854326244443655,0.234124980866909,0.5165358811616897,0.9691215793727548,1.0,1.0,LogNormal,1.7587202552402834,0.7681250158268534,87860358.24888599,22714890.336277325,22763265.175902635,48374.83962531015,48374.83962531015,100.0,2271489033.6277323,2276326517.5902634,4837483.96253109,4837483.96253109,False,channel4,False,0.002129653232270055,0.002129653232270055,False,0.002129653232269937,0.002129653232269937,0.0021296532322699962,0.0021296532322699962,0.0021273887353174324,0.0021296532322699962,percent_roi_or_contribution,0.5,0.5,0,False,False,False,1.0,True,,,0.0021296532322699962,0.0021296532322699962,,True,False,0.0
"multi|channel0,channel1,channel2,channel3,channel4|pmode=roi|rpk=revenue_per_conversion|target=channel4|mu=1.500000|sigma=1.500000|dist=LogNormal|1.500000|1.500000|LogNormal|alpha=0p3|ec=0p5|slope=1p2|lag=4|decay=geometric",channel4,"{""kpi_type"": ""non_revenue"", ""kpi_type_effective"": ""revenue"", ""prior_design_mode"": ""roi"", ""prior_grid_type"": ""roi"", ""revenue_per_kpi"": null, ""roi_prior_overrides"": {""channel0"": {""dist"": ""LogNormal"", ""mu"": 1.0, ""sigma"": 1.0}, ""channel1"": {""dist"": ""LogNormal"", ""mu"": 1.0, ""sigma"": 1.0}, ""channel2"": {""dist"": ""LogNormal"", ""mu"": 1.0, ""sigma"": 1.0}, ""channel3"": {""dist"": ""LogNormal"", ""mu"": 1.0, ""sigma"": 1.0}, ""channel4"": {""dist"": ""LogNormal"", ""mu"": 1.5, ""sigma"": 1.5}}, ""run_mode"": ""roi_full"", ""structural_overrides"": {""adstock_decay_spec"": ""geometric"", ""alpha_m"": 0.3, ""ec_m"": 0.5, ""max_lag"": 4, ""slope_m"": 1.2}, ""sweep_type"": ""fixed_full_grid"", ""target_channel"": ""channel4"", ""two_layer_enabled"": false}",channel4,PASS,PASS,,,0.4063499003617714,0.4993136496221025,0.0929637492603311,0.2287775859611776,0.3,0.5,1.2,4,geometric,prior_sweep,roi_full,roi,non_revenue,revenue,__revenue_equiv__,,channel4,fixed_full_grid,False,roi,roi,Revenue-equivalent ROI,1.5,1.5,LogNormal,target_channels,channel4,configured,,,,upload_8ce52c632a82_national_all_channels,/Users/jasper/Documents/Intern/BlueAlpha/capstone-Blue_Alpha_1/backend/storage/uploads/upload_8ce52c632a82_national_all_channels.csv,1.5,1.5,LogNormal,0.2333962216151473,0.1240440666675567,0.3590486496686935,0.8468084782361984,0.2697513249855487,0.1594260297715664,0.4494458585977554,1.0014254510402678,0.7834477237696126,1.5,1.5,LogNormal,1.454417415320867,1.0179227584462505,47730683.477718174,19395358.475370027,23832581.766216848,4437223.290846821,4437223.290846821,100.0,1939535847.5370028,2383258176.621685,443722329.0846822,443722329.0846822,False,channel4,True,0.22877758596117767,0.22877758596117767,False,0.2287775859611776,0.2287775859611776,0.22877758596117764,0.22877758596117764,0.20601984265341952,0.22877758596117764,percent_roi_or_contribution,0.5,0.5,0,False,False,False,1.0,True,,,0.22877758596117764,0.22877758596117764,,True,False,0.0
