run_id,targets,prior_key,channel,qc_status_code,qc_summary_short,qc_primary_review_check,qc_flagged_channels,roi_baseline,roi_new,delta_abs,delta_pct,adstock_alpha_m,saturation_ec_m,saturation_slope_m,max_lag,adstock_decay_spec,roi_prior_mu,roi_prior_sigma,roi_prior_dist,roi_baseline_sd,roi_baseline_p05,roi_baseline_p50,roi_baseline_p95,roi_new_sd,roi_new_p05,roi_new_p50,roi_new_p95,ci_overlap_baseline_new,prior_roi_mu_channel,prior_roi_sigma_channel,prior_roi_dist_channel,prior_posterior_kl_gaussian,prior_posterior_wasserstein,channel_total_spend,incremental_outcome_baseline,incremental_outcome_new,delta_outcome,delta_outcome_abs,dollars_per_subscription,incremental_value_baseline,incremental_value_new,delta_value,delta_value_abs
multi|meta|0.500000|1.000000|LogNormal|alpha=0p3|ec=0p5|slope=1p2|lag=4|decay=geometric,meta,"{""roi_prior_overrides"": {""meta"": {""dist"": ""LogNormal"", ""mu"": 0.5, ""sigma"": 1.0}}, ""structural_overrides"": {""adstock_decay_spec"": ""geometric"", ""alpha_m"": 0.3, ""ec_m"": 0.5, ""max_lag"": 4, ""slope_m"": 1.2}}",meta,REVIEW,REVIEW:ROIConsistency,ROIConsistency,google,0.029280560844733,0.018110017456056,0.011170543388676998,0.3815003219341122,0.3,0.5,1.2,4,geometric,0.5,1.0,LogNormal,0.010006085152067,0.0138470839709043,0.0283773858100175,0.046292670816183,0.0099007879345342,0.0047241763677448,0.0169029869139194,0.0368958292528986,0.5544763068237677,0.5,1.0,LogNormal,4.23129892610073,0.4350045445560538,840158.1265220001,24600.301142824308,15215.278337160727,-9385.02280566358,9385.02280566358,100.0,2460030.1142824306,1521527.8337160728,-938502.2805663578,938502.2805663578
multi|meta|0.500000|1.000000|LogNormal|alpha=0p3|ec=0p5|slope=1p2|lag=4|decay=geometric,meta,"{""roi_prior_overrides"": {""meta"": {""dist"": ""LogNormal"", ""mu"": 0.5, ""sigma"": 1.0}}, ""structural_overrides"": {""adstock_decay_spec"": ""geometric"", ""alpha_m"": 0.3, ""ec_m"": 0.5, ""max_lag"": 4, ""slope_m"": 1.2}}",google,REVIEW,REVIEW:ROIConsistency,ROIConsistency,google,0.0139941585313257,0.0143291834470195,0.00033502491569380004,0.023940340174355867,0.3,0.5,1.2,4,geometric,0.5,1.0,LogNormal,0.0061258891604371,0.0055775473359972,0.0131913190707564,0.025741961505264,0.0061091156743233,0.0059072118252515,0.0136459805071353,0.0260328621603548,0.9696624007171895,0.4,0.5,LogNormal,4.202384669936918,0.3826720794966008,10298543.94665,144119.45663124474,147569.72544874006,3450.268817495322,3450.268817495322,100.0,14411945.663124474,14756972.544874007,345026.8817495331,345026.8817495331
multi|meta|0.500000|1.000000|LogNormal|alpha=0p3|ec=0p5|slope=1p2|lag=4|decay=geometric,meta,"{""roi_prior_overrides"": {""meta"": {""dist"": ""LogNormal"", ""mu"": 0.5, ""sigma"": 1.0}}, ""structural_overrides"": {""adstock_decay_spec"": ""geometric"", ""alpha_m"": 0.3, ""ec_m"": 0.5, ""max_lag"": 4, ""slope_m"": 1.2}}",snapchat,REVIEW,REVIEW:ROIConsistency,ROIConsistency,google,0.03020469453244,0.0317409450186338,0.0015362504861938034,0.05086131510265268,0.3,0.5,1.2,4,geometric,0.5,1.0,LogNormal,0.0140056459119291,0.0100362443365156,0.0283850617706775,0.055136046744883,0.0145746706954414,0.0117051274515688,0.0298935547471046,0.0585064956918358,0.8960324751554465,0.4,0.5,LogNormal,3.306977265438932,0.3623549872034448,4342436.908989999,131161.9803624359,137833.0511751377,6671.070812701801,6671.070812701801,100.0,13116198.03624359,13783305.117513768,667107.0812701788,667107.0812701788
multi|meta|0.500000|1.000000|LogNormal|alpha=0p3|ec=0p5|slope=1p2|lag=4|decay=geometric,meta,"{""roi_prior_overrides"": {""meta"": {""dist"": ""LogNormal"", ""mu"": 0.5, ""sigma"": 1.0}}, ""structural_overrides"": {""adstock_decay_spec"": ""geometric"", ""alpha_m"": 0.3, ""ec_m"": 0.5, ""max_lag"": 4, ""slope_m"": 1.2}}",tiktok,REVIEW,REVIEW:ROIConsistency,ROIConsistency,google,0.0287884467632587,0.0273980833403766,0.001390363422882103,0.04829588182772526,0.3,0.5,1.2,4,geometric,0.5,1.0,LogNormal,0.0135185184648836,0.0105488827917724,0.0266212420538067,0.0536383530125021,0.0126331976115187,0.0104671422857791,0.0258098831400275,0.0504529066383838,0.9243202396895205,0.4,0.5,LogNormal,3.456263590171812,0.3836394293033469,1752685.0091300001,50457.0790781006,48020.20994957246,-2436.8691285281384,2436.8691285281384,100.0,5045707.90781006,4802020.994957246,-243686.91285281442,243686.91285281442
multi|meta|0.500000|1.000000|LogNormal|alpha=0p3|ec=0p5|slope=1p2|lag=4|decay=geometric,meta,"{""roi_prior_overrides"": {""meta"": {""dist"": ""LogNormal"", ""mu"": 0.5, ""sigma"": 1.0}}, ""structural_overrides"": {""adstock_decay_spec"": ""geometric"", ""alpha_m"": 0.3, ""ec_m"": 0.5, ""max_lag"": 4, ""slope_m"": 1.2}}",moloco,REVIEW,REVIEW:ROIConsistency,ROIConsistency,google,0.0709003097071157,0.0747210042749065,0.0038206945677908,0.053888263444459295,0.3,0.5,1.2,4,geometric,0.5,1.0,LogNormal,0.0334987230124958,0.0237496732734143,0.0674970224499702,0.1363316006958484,0.0337633222066213,0.026294894143939,0.0705364048480987,0.1351553291082382,0.9669441397625839,0.4,0.5,LogNormal,2.409125800914519,0.3312029189400225,842234.6095886,59714.69466588341,62932.61586354398,3217.9211976605657,3217.9211976605657,100.0,5971469.466588342,6293261.586354398,321792.11976605654,321792.11976605654
multi|meta|0.500000|1.000000|LogNormal|alpha=0p3|ec=0p5|slope=1p2|lag=4|decay=geometric,meta,"{""roi_prior_overrides"": {""meta"": {""dist"": ""LogNormal"", ""mu"": 0.5, ""sigma"": 1.0}}, ""structural_overrides"": {""adstock_decay_spec"": ""geometric"", ""alpha_m"": 0.3, ""ec_m"": 0.5, ""max_lag"": 4, ""slope_m"": 1.2}}",liveintent,REVIEW,REVIEW:ROIConsistency,ROIConsistency,google,0.1021999410221663,0.1042646198424821,0.0020646788203158017,0.020202348452118768,0.3,0.5,1.2,4,geometric,0.5,1.0,LogNormal,0.0593960569871977,0.0279089012183249,0.0902600549161434,0.2090533755719661,0.0605818597047103,0.0292073603719472,0.0947716496884822,0.2218569137156009,0.927289807636182,0.4,0.5,LogNormal,1.7928717485706689,0.3024164870055721,797987.173079,81554.242025119,83201.8292402589,1647.5872151398944,1647.5872151398944,100.0,8155424.2025119,8320182.9240258895,164758.72151398938,164758.72151398938
multi|meta|0.500000|1.000000|LogNormal|alpha=0p3|ec=0p5|slope=1p2|lag=4|decay=geometric,meta,"{""roi_prior_overrides"": {""meta"": {""dist"": ""LogNormal"", ""mu"": 0.5, ""sigma"": 1.0}}, ""structural_overrides"": {""adstock_decay_spec"": ""geometric"", ""alpha_m"": 0.3, ""ec_m"": 0.5, ""max_lag"": 4, ""slope_m"": 1.2}}",beehiiv,REVIEW,REVIEW:ROIConsistency,ROIConsistency,google,0.1893086385765733,0.1969542981723013,0.0076456595957280216,0.04038727262113517,0.3,0.5,1.2,4,geometric,0.5,1.0,LogNormal,0.1183300575836542,0.040099230594933,0.1659338995814323,0.4200867876410484,0.1309083011070004,0.0384767685085535,0.1686214432120323,0.4658325687050818,0.8891597045632009,0.4,0.5,LogNormal,0.9568400925379767,0.1975436786391797,328172.2732613,62125.84626967589,64634.93975978802,2509.0934901121364,2509.0934901121364,100.0,6212584.626967588,6463493.975978802,250909.34901121352,250909.34901121352
multi|meta|0.500000|1.000000|LogNormal|alpha=0p3|ec=0p5|slope=1p2|lag=4|decay=geometric,meta,"{""roi_prior_overrides"": {""meta"": {""dist"": ""LogNormal"", ""mu"": 0.5, ""sigma"": 1.0}}, ""structural_overrides"": {""adstock_decay_spec"": ""geometric"", ""alpha_m"": 0.3, ""ec_m"": 0.5, ""max_lag"": 4, ""slope_m"": 1.2}}",amazon,REVIEW,REVIEW:ROIConsistency,ROIConsistency,google,0.1427200755911568,0.1422959603865941,0.0004241152045627028,0.0029716576508664883,0.3,0.5,1.2,4,geometric,0.5,1.0,LogNormal,0.0870262617190748,0.0316873177886009,0.1256441920995712,0.3074017763137817,0.0861561770649179,0.0376708382740616,0.1253506541252136,0.3008356854319572,0.9544833033624205,0.4,0.5,LogNormal,1.4061149545017957,0.2716895997296558,15740.258094,2246.4508249999976,2239.775142218591,-6.675682781406522,6.675682781406522,100.0,224645.08249999976,223977.5142218591,-667.5682781406504,667.5682781406504
multi|meta|0.500000|1.500000|LogNormal|alpha=0p3|ec=0p5|slope=1p2|lag=4|decay=geometric,meta,"{""roi_prior_overrides"": {""meta"": {""dist"": ""LogNormal"", ""mu"": 0.5, ""sigma"": 1.5}}, ""structural_overrides"": {""adstock_decay_spec"": ""geometric"", ""alpha_m"": 0.3, ""ec_m"": 0.5, ""max_lag"": 4, ""slope_m"": 1.2}}",meta,REVIEW,REVIEW:ROIConsistency,ROIConsistency,google,0.029280560844733,0.0142268546335981,0.0150537062111349,0.5141194627712455,0.3,0.5,1.2,4,geometric,0.5,1.5,LogNormal,0.010006085152067,0.0138470839709043,0.0283773858100175,0.046292670816183,0.009312552624098,0.0026054089306853,0.0122822052799165,0.0319176023826003,0.413633577198269,0.5,1.5,LogNormal,4.634315435245294,0.421046437918576,840158.1265220001,24600.301142824308,11952.807535264616,-12647.493607559692,12647.493607559692,100.0,2460030.1142824306,1195280.7535264615,-1264749.360755969,1264749.360755969
multi|meta|0.500000|1.500000|LogNormal|alpha=0p3|ec=0p5|slope=1p2|lag=4|decay=geometric,meta,"{""roi_prior_overrides"": {""meta"": {""dist"": ""LogNormal"", ""mu"": 0.5, ""sigma"": 1.5}}, ""structural_overrides"": {""adstock_decay_spec"": ""geometric"", ""alpha_m"": 0.3, ""ec_m"": 0.5, ""max_lag"": 4, ""slope_m"": 1.2}}",google,REVIEW,REVIEW:ROIConsistency,ROIConsistency,google,0.0139941585313257,0.0139916747432046,2.483788121100672e-06,0.00017748749348101,0.3,0.5,1.2,4,geometric,0.5,1.5,LogNormal,0.0061258891604371,0.0055775473359972,0.0131913190707564,0.025741961505264,0.0061353334396143,0.005508909956552,0.0131381214596331,0.0254724267870187,0.9832861544944747,0.4,0.5,LogNormal,4.198623810318797,0.3830091346054965,10298543.94665,144119.45663124474,144093.87723012542,-25.57940111932112,25.57940111932112,100.0,14411945.663124474,14409387.723012542,-2557.9401119314134,2557.9401119314134
multi|meta|0.500000|1.500000|LogNormal|alpha=0p3|ec=0p5|slope=1p2|lag=4|decay=geometric,meta,"{""roi_prior_overrides"": {""meta"": {""dist"": ""LogNormal"", ""mu"": 0.5, ""sigma"": 1.5}}, ""structural_overrides"": {""adstock_decay_spec"": ""geometric"", ""alpha_m"": 0.3, ""ec_m"": 0.5, ""max_lag"": 4, ""slope_m"": 1.2}}",snapchat,REVIEW,REVIEW:ROIConsistency,ROIConsistency,google,0.03020469453244,0.0319770092594747,0.0017723147270347003,0.05867679691748662,0.3,0.5,1.2,4,geometric,0.5,1.5,LogNormal,0.0140056459119291,0.0100362443365156,0.0283850617706775,0.055136046744883,0.013447997448851,0.0126577544491738,0.030873498879373,0.0556204533204436,0.9318641968907723,0.4,0.5,LogNormal,3.387021432718574,0.362123819271921,4342436.908989999,131161.9803624359,138858.1452474579,7696.164885022008,7696.164885022008,100.0,13116198.03624359,13885814.52474579,769616.4885022007,769616.4885022007
multi|meta|0.500000|1.500000|LogNormal|alpha=0p3|ec=0p5|slope=1p2|lag=4|decay=geometric,meta,"{""roi_prior_overrides"": {""meta"": {""dist"": ""LogNormal"", ""mu"": 0.5, ""sigma"": 1.5}}, ""structural_overrides"": {""adstock_decay_spec"": ""geometric"", ""alpha_m"": 0.3, ""ec_m"": 0.5, ""max_lag"": 4, ""slope_m"": 1.2}}",tiktok,REVIEW,REVIEW:ROIConsistency,ROIConsistency,google,0.0287884467632587,0.0270794821282227,0.0017089646350360033,0.059362863480952766,0.3,0.5,1.2,4,geometric,0.5,1.5,LogNormal,0.0135185184648836,0.0105488827917724,0.0266212420538067,0.0536383530125021,0.01222062818844,0.010362175386399,0.0255741653963923,0.0498498639091849,0.9081435393154302,0.4,0.5,LogNormal,3.4899208522235114,0.3839512906568306,1752685.0091300001,50457.0790781006,47461.80238113968,-2995.276696960922,2995.276696960922,100.0,5045707.90781006,4746180.238113968,-299527.6696960926,299527.6696960926
multi|meta|0.500000|1.500000|LogNormal|alpha=0p3|ec=0p5|slope=1p2|lag=4|decay=geometric,meta,"{""roi_prior_overrides"": {""meta"": {""dist"": ""LogNormal"", ""mu"": 0.5, ""sigma"": 1.5}}, ""structural_overrides"": {""adstock_decay_spec"": ""geometric"", ""alpha_m"": 0.3, ""ec_m"": 0.5, ""max_lag"": 4, ""slope_m"": 1.2}}",moloco,REVIEW,REVIEW:ROIConsistency,ROIConsistency,google,0.0709003097071157,0.0747853642671058,0.0038850545599901087,0.05479601677396051,0.3,0.5,1.2,4,geometric,0.5,1.5,LogNormal,0.0334987230124958,0.0237496732734143,0.0674970224499702,0.1363316006958484,0.0338805736977702,0.026864446979016,0.0695018954575061,0.1375956811010837,0.9615370429372866,0.4,0.5,LogNormal,2.405591200691477,0.3311439768086755,842234.6095886,59714.69466588341,62986.82207644709,3272.1274105636767,3272.1274105636767,100.0,5971469.466588342,6298682.207644709,327212.74105636775,327212.74105636775
multi|meta|0.500000|1.500000|LogNormal|alpha=0p3|ec=0p5|slope=1p2|lag=4|decay=geometric,meta,"{""roi_prior_overrides"": {""meta"": {""dist"": ""LogNormal"", ""mu"": 0.5, ""sigma"": 1.5}}, ""structural_overrides"": {""adstock_decay_spec"": ""geometric"", ""alpha_m"": 0.3, ""ec_m"": 0.5, ""max_lag"": 4, ""slope_m"": 1.2}}",liveintent,REVIEW,REVIEW:ROIConsistency,ROIConsistency,google,0.1021999410221663,0.1033058214839547,0.0011058804617884027,0.01082075440286756,0.3,0.5,1.2,4,geometric,0.5,1.5,LogNormal,0.0593960569871977,0.0279089012183249,0.0902600549161434,0.2090533755719661,0.0579170025532189,0.0289278577081859,0.0940180607140064,0.2191023185849189,0.9421115033390912,0.4,0.5,LogNormal,1.8383607326822984,0.3032716708654156,797987.173079,81554.242025119,82436.72044858483,882.4784234658291,882.4784234658291,100.0,8155424.2025119,8243672.044858484,88247.8423465835,88247.8423465835
multi|meta|0.500000|1.500000|LogNormal|alpha=0p3|ec=0p5|slope=1p2|lag=4|decay=geometric,meta,"{""roi_prior_overrides"": {""meta"": {""dist"": ""LogNormal"", ""mu"": 0.5, ""sigma"": 1.5}}, ""structural_overrides"": {""adstock_decay_spec"": ""geometric"", ""alpha_m"": 0.3, ""ec_m"": 0.5, ""max_lag"": 4, ""slope_m"": 1.2}}",beehiiv,REVIEW,REVIEW:ROIConsistency,ROIConsistency,google,0.1893086385765733,0.1861898032474952,0.0031188353290780846,0.016474870626765115,0.3,0.5,1.2,4,geometric,0.5,1.5,LogNormal,0.1183300575836542,0.040099230594933,0.1659338995814323,0.4200867876410484,0.1109442076013288,0.0423286084085702,0.1687415167689323,0.4025000795722007,0.947850697963565,0.4,0.5,LogNormal,1.1216274925663092,0.2083698506724427,328172.2732613,62125.84626967589,61102.33098980468,-1023.5152798712079,1023.5152798712079,100.0,6212584.626967588,6110233.098980468,-102351.52798712067,102351.52798712067
multi|meta|0.500000|1.500000|LogNormal|alpha=0p3|ec=0p5|slope=1p2|lag=4|decay=geometric,meta,"{""roi_prior_overrides"": {""meta"": {""dist"": ""LogNormal"", ""mu"": 0.5, ""sigma"": 1.5}}, ""structural_overrides"": {""adstock_decay_spec"": ""geometric"", ""alpha_m"": 0.3, ""ec_m"": 0.5, ""max_lag"": 4, ""slope_m"": 1.2}}",amazon,REVIEW,REVIEW:ROIConsistency,ROIConsistency,google,0.1427200755911568,0.1415070054602498,0.0012130701309069902,0.008499646079098255,0.3,0.5,1.2,4,geometric,0.5,1.5,LogNormal,0.0870262617190748,0.0316873177886009,0.1256441920995712,0.3074017763137817,0.0846586699387238,0.0363699294626712,0.125400573015213,0.294794139266014,0.9372892926460044,0.4,0.5,LogNormal,1.4239520113188773,0.272474699671097,15740.258094,2246.4508249999976,2227.356788053399,-19.094036946598408,19.094036946598408,100.0,224645.08249999976,222735.6788053399,-1909.4036946598499,1909.4036946598499
multi|meta|1.000000|0.500000|LogNormal|alpha=0p3|ec=0p5|slope=1p2|lag=4|decay=geometric,meta,"{""roi_prior_overrides"": {""meta"": {""dist"": ""LogNormal"", ""mu"": 1.0, ""sigma"": 0.5}}, ""structural_overrides"": {""adstock_decay_spec"": ""geometric"", ""alpha_m"": 0.3, ""ec_m"": 0.5, ""max_lag"": 4, ""slope_m"": 1.2}}",meta,REVIEW,REVIEW:ROIConsistency,ROIConsistency,"meta,google",0.029280560844733,0.0598073105467483,0.030526749702015302,1.0425602796302473,0.3,0.5,1.2,4,geometric,1.0,0.5,LogNormal,0.010006085152067,0.0138470839709043,0.0283773858100175,0.046292670816183,0.0116489650348838,0.0414660217240452,0.0593195632100105,0.0802319392561912,0.0727070816287152,1.0,0.5,LogNormal,5.027586743939672,0.9188066503592376,840158.1265220001,24600.301142824308,50247.59798127551,25647.296838451202,25647.296838451202,100.0,2460030.1142824306,5024759.798127551,2564729.68384512,2564729.68384512
multi|meta|1.000000|0.500000|LogNormal|alpha=0p3|ec=0p5|slope=1p2|lag=4|decay=geometric,meta,"{""roi_prior_overrides"": {""meta"": {""dist"": ""LogNormal"", ""mu"": 1.0, ""sigma"": 0.5}}, ""structural_overrides"": {""adstock_decay_spec"": ""geometric"", ""alpha_m"": 0.3, ""ec_m"": 0.5, ""max_lag"": 4, ""slope_m"": 1.2}}",google,REVIEW,REVIEW:ROIConsistency,ROIConsistency,"meta,google",0.0139941585313257,0.0153994258124536,0.0014052672811279004,0.1004181336078358,0.3,0.5,1.2,4,geometric,1.0,0.5,LogNormal,0.0061258891604371,0.0055775473359972,0.0131913190707564,0.025741961505264,0.0067559345979778,0.0060068315826356,0.0146456635557115,0.0278102158568799,0.8876635705737074,0.4,0.5,LogNormal,4.100113268742364,0.3816034119865536,10298543.94665,144119.45663124474,158591.66348272978,14472.20685148504,14472.20685148504,100.0,14411945.663124474,15859166.348272977,1447220.6851485036,1447220.6851485036
multi|meta|1.000000|0.500000|LogNormal|alpha=0p3|ec=0p5|slope=1p2|lag=4|decay=geometric,meta,"{""roi_prior_overrides"": {""meta"": {""dist"": ""LogNormal"", ""mu"": 1.0, ""sigma"": 0.5}}, ""structural_overrides"": {""adstock_decay_spec"": ""geometric"", ""alpha_m"": 0.3, ""ec_m"": 0.5, ""max_lag"": 4, ""slope_m"": 1.2}}",snapchat,REVIEW,REVIEW:ROIConsistency,ROIConsistency,"meta,google",0.03020469453244,0.0290388396428897,0.001165854889550299,0.03859846648335297,0.3,0.5,1.2,4,geometric,1.0,0.5,LogNormal,0.0140056459119291,0.0100362443365156,0.0283850617706775,0.055136046744883,0.013941489455198,0.0103270782157778,0.0267114471644163,0.054252921231091,0.97396974420366,0.4,0.5,LogNormal,3.355351946465875,0.3650604532312679,4342436.908989999,131161.9803624359,126099.32905952621,-5062.651302909682,5062.651302909682,100.0,13116198.03624359,12609932.905952621,-506265.13029096834,506265.13029096834
multi|meta|1.000000|0.500000|LogNormal|alpha=0p3|ec=0p5|slope=1p2|lag=4|decay=geometric,meta,"{""roi_prior_overrides"": {""meta"": {""dist"": ""LogNormal"", ""mu"": 1.0, ""sigma"": 0.5}}, ""structural_overrides"": {""adstock_decay_spec"": ""geometric"", ""alpha_m"": 0.3, ""ec_m"": 0.5, ""max_lag"": 4, ""slope_m"": 1.2}}",tiktok,REVIEW,REVIEW:ROIConsistency,ROIConsistency,"meta,google",0.0287884467632587,0.032928806123867,0.004140359360608296,0.1438201718438119,0.3,0.5,1.2,4,geometric,1.0,0.5,LogNormal,0.0135185184648836,0.0105488827917724,0.0266212420538067,0.0536383530125021,0.0155305725956857,0.0119534921832382,0.0309190591797232,0.0618199046701192,0.8130296471985982,0.4,0.5,LogNormal,3.2417625117636053,0.3781125325636993,1752685.0091300001,50457.0790781006,57713.82486184983,7256.745783749233,7256.745783749233,100.0,5045707.90781006,5771382.4861849835,725674.5783749232,725674.5783749232
multi|meta|1.000000|0.500000|LogNormal|alpha=0p3|ec=0p5|slope=1p2|lag=4|decay=geometric,meta,"{""roi_prior_overrides"": {""meta"": {""dist"": ""LogNormal"", ""mu"": 1.0, ""sigma"": 0.5}}, ""structural_overrides"": {""adstock_decay_spec"": ""geometric"", ""alpha_m"": 0.3, ""ec_m"": 0.5, ""max_lag"": 4, ""slope_m"": 1.2}}",moloco,REVIEW,REVIEW:ROIConsistency,ROIConsistency,"meta,google",0.0709003097071157,0.0670060266538833,0.003894283053232389,0.0549261783103544,0.3,0.5,1.2,4,geometric,1.0,0.5,LogNormal,0.0334987230124958,0.0237496732734143,0.0674970224499702,0.1363316006958484,0.03210100356493,0.0229456339031457,0.0621943809092044,0.128217826783657,0.921349938314995,0.4,0.5,LogNormal,2.469551726499354,0.3389249190975959,842234.6095886,59714.69466588341,56434.79469891673,-3279.899966966681,3279.899966966681,100.0,5971469.466588342,5643479.469891673,-327989.9966966687,327989.9966966687
multi|meta|1.000000|0.500000|LogNormal|alpha=0p3|ec=0p5|slope=1p2|lag=4|decay=geometric,meta,"{""roi_prior_overrides"": {""meta"": {""dist"": ""LogNormal"", ""mu"": 1.0, ""sigma"": 0.5}}, ""structural_overrides"": {""adstock_decay_spec"": ""geometric"", ""alpha_m"": 0.3, ""ec_m"": 0.5, ""max_lag"": 4, ""slope_m"": 1.2}}",liveintent,REVIEW,REVIEW:ROIConsistency,ROIConsistency,"meta,google",0.1021999410221663,0.1024235305578137,0.0002235895356473977,0.002187765799188668,0.3,0.5,1.2,4,geometric,1.0,0.5,LogNormal,0.0593960569871977,0.0279089012183249,0.0902600549161434,0.2090533755719661,0.0638563834471032,0.0272242498584091,0.0899565666913986,0.2183684624731539,0.9476848494426652,0.4,0.5,LogNormal,1.743230331007132,0.3041922442245707,797987.173079,81554.242025119,81732.66360660033,178.42158148132148,178.42158148132148,100.0,8155424.2025119,8173266.360660032,17842.158148132265,17842.158148132265
multi|meta|1.000000|0.500000|LogNormal|alpha=0p3|ec=0p5|slope=1p2|lag=4|decay=geometric,meta,"{""roi_prior_overrides"": {""meta"": {""dist"": ""LogNormal"", ""mu"": 1.0, ""sigma"": 0.5}}, ""structural_overrides"": {""adstock_decay_spec"": ""geometric"", ""alpha_m"": 0.3, ""ec_m"": 0.5, ""max_lag"": 4, ""slope_m"": 1.2}}",beehiiv,REVIEW,REVIEW:ROIConsistency,ROIConsistency,"meta,google",0.1893086385765733,0.1766428249197391,0.012665813656834196,0.06690562962192037,0.3,0.5,1.2,4,geometric,1.0,0.5,LogNormal,0.1183300575836542,0.040099230594933,0.1659338995814323,0.4200867876410484,0.1089512206963246,0.0395714098587632,0.1522345468401909,0.3825828030705452,0.9000518572249842,0.4,0.5,LogNormal,1.1472254252080507,0.2179238819170853,328172.2732613,62125.84626967589,57969.27740920859,-4156.568860467298,4156.568860467298,100.0,6212584.626967588,5796927.740920858,-415656.88604673,415656.88604673
multi|meta|1.000000|0.500000|LogNormal|alpha=0p3|ec=0p5|slope=1p2|lag=4|decay=geometric,meta,"{""roi_prior_overrides"": {""meta"": {""dist"": ""LogNormal"", ""mu"": 1.0, ""sigma"": 0.5}}, ""structural_overrides"": {""adstock_decay_spec"": ""geometric"", ""alpha_m"": 0.3, ""ec_m"": 0.5, ""max_lag"": 4, ""slope_m"": 1.2}}",amazon,REVIEW,REVIEW:ROIConsistency,ROIConsistency,"meta,google",0.1427200755911568,0.1461916690385745,0.003471593447417709,0.024324492773971196,0.3,0.5,1.2,4,geometric,1.0,0.5,LogNormal,0.0870262617190748,0.0316873177886009,0.1256441920995712,0.3074017763137817,0.0897889579047241,0.0333295820280909,0.1286369413137436,0.3231247708201408,0.9404151437462301,0.4,0.5,LogNormal,1.3621075455277762,0.2677875217032344,15740.258094,2246.4508249999976,2301.0946018597915,54.64377685979389,54.64377685979389,100.0,224645.08249999976,230109.46018597914,5464.377685979387,5464.377685979387
multi|meta|1.000000|1.000000|LogNormal|alpha=0p3|ec=0p5|slope=1p2|lag=4|decay=geometric,meta,"{""roi_prior_overrides"": {""meta"": {""dist"": ""LogNormal"", ""mu"": 1.0, ""sigma"": 1.0}}, ""structural_overrides"": {""adstock_decay_spec"": ""geometric"", ""alpha_m"": 0.3, ""ec_m"": 0.5, ""max_lag"": 4, ""slope_m"": 1.2}}",meta,REVIEW,REVIEW:ROIConsistency,ROIConsistency,"meta,google",0.029280560844733,0.032282392316653,0.003001831471920003,0.10251960294879314,0.3,0.5,1.2,4,geometric,1.0,1.0,LogNormal,0.010006085152067,0.0138470839709043,0.0283773858100175,0.046292670816183,0.0103278749975311,0.0164533351548016,0.0316404309123754,0.0510946268215775,0.8011088350447281,1.0,1.0,LogNormal,4.541200745382172,0.9201782902069878,840158.1265220001,24600.301142824308,27122.314248407394,2522.013105583086,2522.013105583086,100.0,2460030.1142824306,2712231.4248407395,252201.31055830885,252201.31055830885
multi|meta|1.000000|1.000000|LogNormal|alpha=0p3|ec=0p5|slope=1p2|lag=4|decay=geometric,meta,"{""roi_prior_overrides"": {""meta"": {""dist"": ""LogNormal"", ""mu"": 1.0, ""sigma"": 1.0}}, ""structural_overrides"": {""adstock_decay_spec"": ""geometric"", ""alpha_m"": 0.3, ""ec_m"": 0.5, ""max_lag"": 4, ""slope_m"": 1.2}}",google,REVIEW,REVIEW:ROIConsistency,ROIConsistency,"meta,google",0.0139941585313257,0.0149116113275522,0.0009174527962265006,0.0655596972245811,0.3,0.5,1.2,4,geometric,1.0,1.0,LogNormal,0.0061258891604371,0.0055775473359972,0.0131913190707564,0.025741961505264,0.0063564392913614,0.0063330228906124,0.0140713239088654,0.0262805515900254,0.9374938234326639,0.4,0.5,LogNormal,4.161806680520648,0.3820901932007796,10298543.94665,144119.45663124474,153567.88457216028,9448.427940915542,9448.427940915542,100.0,14411945.663124474,15356788.457216028,944842.7940915544,944842.7940915544
multi|meta|1.000000|1.000000|LogNormal|alpha=0p3|ec=0p5|slope=1p2|lag=4|decay=geometric,meta,"{""roi_prior_overrides"": {""meta"": {""dist"": ""LogNormal"", ""mu"": 1.0, ""sigma"": 1.0}}, ""structural_overrides"": {""adstock_decay_spec"": ""geometric"", ""alpha_m"": 0.3, ""ec_m"": 0.5, ""max_lag"": 4, ""slope_m"": 1.2}}",snapchat,REVIEW,REVIEW:ROIConsistency,ROIConsistency,"meta,google",0.03020469453244,0.0304320002694536,0.00022730573701360002,0.007525510207344599,0.3,0.5,1.2,4,geometric,1.0,1.0,LogNormal,0.0140056459119291,0.0100362443365156,0.0283850617706775,0.055136046744883,0.0137479528256829,0.0113316564355045,0.028868063353002,0.0558365169912576,0.9564220422788933,0.4,0.5,LogNormal,3.367257196062486,0.3636616891012972,4342436.908989999,131161.9803624359,132149.04118446892,987.0608220330323,987.0608220330323,100.0,13116198.03624359,13214904.118446892,98706.08220330253,98706.08220330253
multi|meta|1.000000|1.000000|LogNormal|alpha=0p3|ec=0p5|slope=1p2|lag=4|decay=geometric,meta,"{""roi_prior_overrides"": {""meta"": {""dist"": ""LogNormal"", ""mu"": 1.0, ""sigma"": 1.0}}, ""structural_overrides"": {""adstock_decay_spec"": ""geometric"", ""alpha_m"": 0.3, ""ec_m"": 0.5, ""max_lag"": 4, ""slope_m"": 1.2}}",tiktok,REVIEW,REVIEW:ROIConsistency,ROIConsistency,"meta,google",0.0287884467632587,0.0288960994331864,0.00010765266992769987,0.003739440019566942,0.3,0.5,1.2,4,geometric,1.0,1.0,LogNormal,0.0135185184648836,0.0105488827917724,0.0266212420538067,0.0536383530125021,0.0137588498703949,0.0105312657542526,0.0269748885184526,0.055898194015026,0.9497991570654144,0.4,0.5,LogNormal,3.3687406763421044,0.3821393552715949,1752685.0091300001,50457.0790781006,50645.7602988757,188.68122077509906,188.68122077509906,100.0,5045707.90781006,5064576.02988757,18868.12207750976,18868.12207750976
multi|meta|1.000000|1.000000|LogNormal|alpha=0p3|ec=0p5|slope=1p2|lag=4|decay=geometric,meta,"{""roi_prior_overrides"": {""meta"": {""dist"": ""LogNormal"", ""mu"": 1.0, ""sigma"": 1.0}}, ""structural_overrides"": {""adstock_decay_spec"": ""geometric"", ""alpha_m"": 0.3, ""ec_m"": 0.5, ""max_lag"": 4, ""slope_m"": 1.2}}",moloco,REVIEW,REVIEW:ROIConsistency,ROIConsistency,"meta,google",0.0709003097071157,0.072094821021116,0.0011945113140003072,0.01684775876064215,0.3,0.5,1.2,4,geometric,1.0,1.0,LogNormal,0.0334987230124958,0.0237496732734143,0.0674970224499702,0.1363316006958484,0.0325591988198389,0.0265645585954189,0.0675949640572071,0.1336369946599006,0.9510623819995594,0.4,0.5,LogNormal,2.4487119795188224,0.3338358613591778,842234.6095886,59714.69466588341,60720.75343607963,1006.058770196214,1006.058770196214,100.0,5971469.466588342,6072075.343607963,100605.87701962143,100605.87701962143
multi|meta|1.000000|1.000000|LogNormal|alpha=0p3|ec=0p5|slope=1p2|lag=4|decay=geometric,meta,"{""roi_prior_overrides"": {""meta"": {""dist"": ""LogNormal"", ""mu"": 1.0, ""sigma"": 1.0}}, ""structural_overrides"": {""adstock_decay_spec"": ""geometric"", ""alpha_m"": 0.3, ""ec_m"": 0.5, ""max_lag"": 4, ""slope_m"": 1.2}}",liveintent,REVIEW,REVIEW:ROIConsistency,ROIConsistency,"meta,google",0.1021999410221663,0.1043899109730652,0.0021899699508989012,0.02142828977194733,0.3,0.5,1.2,4,geometric,1.0,1.0,LogNormal,0.0593960569871977,0.0279089012183249,0.0902600549161434,0.2090533755719661,0.062914528076921,0.0310482525266706,0.0915108174085617,0.2290876209735869,0.8848108948195036,0.4,0.5,LogNormal,1.7555181155245705,0.3022253099825961,797987.173079,81554.242025119,83301.80995536478,1747.567930245772,1747.567930245772,100.0,8155424.2025119,8330180.995536477,174756.7930245772,174756.7930245772
multi|meta|1.000000|1.000000|LogNormal|alpha=0p3|ec=0p5|slope=1p2|lag=4|decay=geometric,meta,"{""roi_prior_overrides"": {""meta"": {""dist"": ""LogNormal"", ""mu"": 1.0, ""sigma"": 1.0}}, ""structural_overrides"": {""adstock_decay_spec"": ""geometric"", ""alpha_m"": 0.3, ""ec_m"": 0.5, ""max_lag"": 4, ""slope_m"": 1.2}}",beehiiv,REVIEW,REVIEW:ROIConsistency,ROIConsistency,"meta,google",0.1893086385765733,0.1849304734286852,0.00437816514788808,0.023127128169151967,0.3,0.5,1.2,4,geometric,1.0,1.0,LogNormal,0.1183300575836542,0.040099230594933,0.1659338995814323,0.4200867876410484,0.1193033772674265,0.0386995125561952,0.1596473902463913,0.4250386059284209,0.9835596851701705,0.4,0.5,LogNormal,1.0539148548618242,0.2095777304121796,328172.2732613,62125.84626967589,60689.05386038006,-1436.7924092958274,1436.7924092958274,100.0,6212584.626967588,6068905.386038006,-143679.24092958216,143679.24092958216
multi|meta|1.000000|1.000000|LogNormal|alpha=0p3|ec=0p5|slope=1p2|lag=4|decay=geometric,meta,"{""roi_prior_overrides"": {""meta"": {""dist"": ""LogNormal"", ""mu"": 1.0, ""sigma"": 1.0}}, ""structural_overrides"": {""adstock_decay_spec"": ""geometric"", ""alpha_m"": 0.3, ""ec_m"": 0.5, ""max_lag"": 4, ""slope_m"": 1.2}}",amazon,REVIEW,REVIEW:ROIConsistency,ROIConsistency,"meta,google",0.1427200755911568,0.1425963186674441,0.0001237569237126923,0.0008671304523913959,0.3,0.5,1.2,4,geometric,1.0,1.0,LogNormal,0.0870262617190748,0.0316873177886009,0.1256441920995712,0.3074017763137817,0.0881399199992194,0.0352428067475557,0.1233909949660301,0.3079037234187124,0.985310662288036,0.4,0.5,LogNormal,1.383733147986585,0.2713552225481483,15740.258094,2246.4508249999976,2244.50285907984,-1.9479659201574577,1.9479659201574577,100.0,224645.08249999976,224450.285907984,-194.79659201574395,194.79659201574395
multi|meta|1.000000|1.500000|LogNormal|alpha=0p3|ec=0p5|slope=1p2|lag=4|decay=geometric,meta,"{""roi_prior_overrides"": {""meta"": {""dist"": ""LogNormal"", ""mu"": 1.0, ""sigma"": 1.5}}, ""structural_overrides"": {""adstock_decay_spec"": ""geometric"", ""alpha_m"": 0.3, ""ec_m"": 0.5, ""max_lag"": 4, ""slope_m"": 1.2}}",meta,REVIEW,REVIEW:ROIConsistency,ROIConsistency,"meta,google",0.029280560844733,0.0238717303498803,0.0054088304948527,0.1847242791398117,0.3,0.5,1.2,4,geometric,1.0,1.5,LogNormal,0.010006085152067,0.0138470839709043,0.0283773858100175,0.046292670816183,0.009987544211716,0.0094100057613104,0.0226236497983336,0.0420521276071667,0.7647235793373399,1.0,1.5,LogNormal,4.723643015935944,0.903990018500877,840158.1265220001,24600.301142824308,20056.0282475938,-4544.272895230508,4544.272895230508,100.0,2460030.1142824306,2005602.82475938,-454427.28952305065,454427.28952305065
multi|meta|1.000000|1.500000|LogNormal|alpha=0p3|ec=0p5|slope=1p2|lag=4|decay=geometric,meta,"{""roi_prior_overrides"": {""meta"": {""dist"": ""LogNormal"", ""mu"": 1.0, ""sigma"": 1.5}}, ""structural_overrides"": {""adstock_decay_spec"": ""geometric"", ""alpha_m"": 0.3, ""ec_m"": 0.5, ""max_lag"": 4, ""slope_m"": 1.2}}",google,REVIEW,REVIEW:ROIConsistency,ROIConsistency,"meta,google",0.0139941585313257,0.0143924185319338,0.0003982600006080996,0.02845901736189438,0.3,0.5,1.2,4,geometric,1.0,1.5,LogNormal,0.0061258891604371,0.0055775473359972,0.0131913190707564,0.025741961505264,0.0061899520810014,0.0057693820213899,0.0134164718911051,0.0261208241805434,0.972219750286644,0.4,0.5,LogNormal,4.18914379789727,0.3826103834599156,10298543.94665,144119.45663124474,148220.95474970012,4101.498118455376,4101.498118455376,100.0,14411945.663124474,14822095.474970011,410149.8118455373,410149.8118455373
multi|meta|1.000000|1.500000|LogNormal|alpha=0p3|ec=0p5|slope=1p2|lag=4|decay=geometric,meta,"{""roi_prior_overrides"": {""meta"": {""dist"": ""LogNormal"", ""mu"": 1.0, ""sigma"": 1.5}}, ""structural_overrides"": {""adstock_decay_spec"": ""geometric"", ""alpha_m"": 0.3, ""ec_m"": 0.5, ""max_lag"": 4, ""slope_m"": 1.2}}",snapchat,REVIEW,REVIEW:ROIConsistency,ROIConsistency,"meta,google",0.03020469453244,0.0304818502881486,0.000277155755708601,0.009175916525523409,0.3,0.5,1.2,4,geometric,1.0,1.5,LogNormal,0.0140056459119291,0.0100362443365156,0.0283850617706775,0.055136046744883,0.0141776756705732,0.0108383841346949,0.0288676992058753,0.0573041195049881,0.9371621307770245,0.4,0.5,LogNormal,3.3364288457002487,0.3636143496512546,4342436.908989999,131161.9803624359,132365.51174556394,1203.531383128051,1203.531383128051,100.0,13116198.03624359,13236551.174556393,120353.13831280358,120353.13831280358
multi|meta|1.000000|1.500000|LogNormal|alpha=0p3|ec=0p5|slope=1p2|lag=4|decay=geometric,meta,"{""roi_prior_overrides"": {""meta"": {""dist"": ""LogNormal"", ""mu"": 1.0, ""sigma"": 1.5}}, ""structural_overrides"": {""adstock_decay_spec"": ""geometric"", ""alpha_m"": 0.3, ""ec_m"": 0.5, ""max_lag"": 4, ""slope_m"": 1.2}}",tiktok,REVIEW,REVIEW:ROIConsistency,ROIConsistency,"meta,google",0.0287884467632587,0.0278443036276924,0.0009441431355663027,0.03279590397253618,0.3,0.5,1.2,4,geometric,1.0,1.5,LogNormal,0.0135185184648836,0.0105488827917724,0.0266212420538067,0.0536383530125021,0.0130801270658222,0.0095463253557682,0.026144104078412,0.0508193228393793,0.9133270159658137,0.4,0.5,LogNormal,3.4208559420607534,0.3831985345651618,1752685.0091300001,50457.0790781006,48802.29355792055,-1654.7855201800485,1654.7855201800485,100.0,5045707.90781006,4880229.355792055,-165478.5520180054,165478.5520180054
multi|meta|1.000000|1.500000|LogNormal|alpha=0p3|ec=0p5|slope=1p2|lag=4|decay=geometric,meta,"{""roi_prior_overrides"": {""meta"": {""dist"": ""LogNormal"", ""mu"": 1.0, ""sigma"": 1.5}}, ""structural_overrides"": {""adstock_decay_spec"": ""geometric"", ""alpha_m"": 0.3, ""ec_m"": 0.5, ""max_lag"": 4, ""slope_m"": 1.2}}",moloco,REVIEW,REVIEW:ROIConsistency,ROIConsistency,"meta,google",0.0709003097071157,0.0724410467645308,0.0015407370574151008,0.0217310342335566,0.3,0.5,1.2,4,geometric,1.0,1.5,LogNormal,0.0334987230124958,0.0237496732734143,0.0674970224499702,0.1363316006958484,0.0337325409712559,0.0259158665314316,0.0692808255553245,0.1339306838810443,0.9594330086774537,0.4,0.5,LogNormal,2.413010623837383,0.3334796216440603,842234.6095886,59714.69466588341,61012.35673991411,1297.662074030697,1297.662074030697,100.0,5971469.466588342,6101235.673991411,129766.20740306936,129766.20740306936
multi|meta|1.000000|1.500000|LogNormal|alpha=0p3|ec=0p5|slope=1p2|lag=4|decay=geometric,meta,"{""roi_prior_overrides"": {""meta"": {""dist"": ""LogNormal"", ""mu"": 1.0, ""sigma"": 1.5}}, ""structural_overrides"": {""adstock_decay_spec"": ""geometric"", ""alpha_m"": 0.3, ""ec_m"": 0.5, ""max_lag"": 4, ""slope_m"": 1.2}}",liveintent,REVIEW,REVIEW:ROIConsistency,ROIConsistency,"meta,google",0.1021999410221663,0.1032163177213321,0.001016376699165794,0.00994498322602122,0.3,0.5,1.2,4,geometric,1.0,1.5,LogNormal,0.0593960569871977,0.0279089012183249,0.0902600549161434,0.2090533755719661,0.0607408910357803,0.0274429449811577,0.0914605222642421,0.2210299119353294,0.935726599800099,0.4,0.5,LogNormal,1.791530989063196,0.3034298577577196,797987.173079,81554.242025119,82365.29759406968,811.0555689506728,811.0555689506728,100.0,8155424.2025119,8236529.759406968,81105.55689506792,81105.55689506792
multi|meta|1.000000|1.500000|LogNormal|alpha=0p3|ec=0p5|slope=1p2|lag=4|decay=geometric,meta,"{""roi_prior_overrides"": {""meta"": {""dist"": ""LogNormal"", ""mu"": 1.0, ""sigma"": 1.5}}, ""structural_overrides"": {""adstock_decay_spec"": ""geometric"", ""alpha_m"": 0.3, ""ec_m"": 0.5, ""max_lag"": 4, ""slope_m"": 1.2}}",beehiiv,REVIEW,REVIEW:ROIConsistency,ROIConsistency,"meta,google",0.1893086385765733,0.1817469445833315,0.007561693993241803,0.03994373447560973,0.3,0.5,1.2,4,geometric,1.0,1.5,LogNormal,0.1183300575836542,0.040099230594933,0.1659338995814323,0.4200867876410484,0.1154963031062304,0.0396551573649048,0.1550123021006584,0.4117607429623603,0.9769469276191618,0.4,0.5,LogNormal,1.087317161170701,0.2127836176910251,328172.2732613,62125.84626967589,59644.30796220741,-2481.5383074684796,2481.5383074684796,100.0,6212584.626967588,5964430.79622074,-248153.83074684814,248153.83074684814
multi|meta|1.000000|1.500000|LogNormal|alpha=0p3|ec=0p5|slope=1p2|lag=4|decay=geometric,meta,"{""roi_prior_overrides"": {""meta"": {""dist"": ""LogNormal"", ""mu"": 1.0, ""sigma"": 1.5}}, ""structural_overrides"": {""adstock_decay_spec"": ""geometric"", ""alpha_m"": 0.3, ""ec_m"": 0.5, ""max_lag"": 4, ""slope_m"": 1.2}}",amazon,REVIEW,REVIEW:ROIConsistency,ROIConsistency,"meta,google",0.1427200755911568,0.1401148761156946,0.0026051994754622,0.01825391042340241,0.3,0.5,1.2,4,geometric,1.0,1.5,LogNormal,0.0870262617190748,0.0316873177886009,0.1256441920995712,0.3074017763137817,0.0879779866679042,0.0335861980915069,0.1203638836741447,0.3056518480181693,0.9867659874711099,0.4,0.5,LogNormal,1.3880822742471766,0.2738696626906879,15740.258094,2246.4508249999976,2205.444312869869,-41.00651213012861,41.00651213012861,100.0,224645.08249999976,220544.4312869869,-4100.6512130128685,4100.6512130128685
multi|meta|1.500000|0.500000|LogNormal|alpha=0p3|ec=0p5|slope=1p2|lag=4|decay=geometric,meta,"{""roi_prior_overrides"": {""meta"": {""dist"": ""LogNormal"", ""mu"": 1.5, ""sigma"": 0.5}}, ""structural_overrides"": {""adstock_decay_spec"": ""geometric"", ""alpha_m"": 0.3, ""ec_m"": 0.5, ""max_lag"": 4, ""slope_m"": 1.2}}",meta,REVIEW,REVIEW:ROIConsistency,ROIConsistency,"meta,google",0.029280560844733,0.1013495570731659,0.0720689962284329,2.4613256764648583,0.3,0.5,1.2,4,geometric,1.5,0.5,LogNormal,0.010006085152067,0.0138470839709043,0.0283773858100175,0.046292670816183,0.0155526783687256,0.0778068829327821,0.1001776345074176,0.1278952814638614,0.0,1.5,0.5,LogNormal,6.883305126874923,1.3787751289158985,840158.1265220001,24600.301142824308,85149.65399442558,60549.352851601274,60549.352851601274,100.0,2460030.1142824306,8514965.399442557,6054935.285160126,6054935.285160126
multi|meta|1.500000|0.500000|LogNormal|alpha=0p3|ec=0p5|slope=1p2|lag=4|decay=geometric,meta,"{""roi_prior_overrides"": {""meta"": {""dist"": ""LogNormal"", ""mu"": 1.5, ""sigma"": 0.5}}, ""structural_overrides"": {""adstock_decay_spec"": ""geometric"", ""alpha_m"": 0.3, ""ec_m"": 0.5, ""max_lag"": 4, ""slope_m"": 1.2}}",google,REVIEW,REVIEW:ROIConsistency,ROIConsistency,"meta,google",0.0139941585313257,0.0165643719544944,0.0025702134231687015,0.18366330618702942,0.3,0.5,1.2,4,geometric,1.5,0.5,LogNormal,0.0061258891604371,0.0055775473359972,0.0131913190707564,0.025741961505264,0.0069325810636357,0.0068274180870503,0.0161076551303267,0.0288715251721441,0.8119928485920803,0.4,0.5,LogNormal,4.072517789776494,0.380442246850225,10298543.94665,144119.45663124474,170588.91252201734,26469.455890772602,26469.455890772602,100.0,14411945.663124474,17058891.252201736,2646945.589077262,2646945.589077262
multi|meta|1.500000|0.500000|LogNormal|alpha=0p3|ec=0p5|slope=1p2|lag=4|decay=geometric,meta,"{""roi_prior_overrides"": {""meta"": {""dist"": ""LogNormal"", ""mu"": 1.5, ""sigma"": 0.5}}, ""structural_overrides"": {""adstock_decay_spec"": ""geometric"", ""alpha_m"": 0.3, ""ec_m"": 0.5, ""max_lag"": 4, ""slope_m"": 1.2}}",snapchat,REVIEW,REVIEW:ROIConsistency,ROIConsistency,"meta,google",0.03020469453244,0.0277258011442609,0.0024788933881790993,0.08206980492773253,0.3,0.5,1.2,4,geometric,1.5,0.5,LogNormal,0.0140056459119291,0.0100362443365156,0.0283850617706775,0.055136046744883,0.0132625349480388,0.0100025949534028,0.0260797860100865,0.0504558818414807,0.895558303222779,0.4,0.5,LogNormal,3.407192907317528,0.366363159055561,4342436.908989999,131161.9803624359,120397.5422201557,-10764.438142280196,10764.438142280196,100.0,13116198.03624359,12039754.222015569,-1076443.8142280206,1076443.8142280206
multi|meta|1.500000|0.500000|LogNormal|alpha=0p3|ec=0p5|slope=1p2|lag=4|decay=geometric,meta,"{""roi_prior_overrides"": {""meta"": {""dist"": ""LogNormal"", ""mu"": 1.5, ""sigma"": 0.5}}, ""structural_overrides"": {""adstock_decay_spec"": ""geometric"", ""alpha_m"": 0.3, ""ec_m"": 0.5, ""max_lag"": 4, ""slope_m"": 1.2}}",tiktok,REVIEW,REVIEW:ROIConsistency,ROIConsistency,"meta,google",0.0287884467632587,0.0385293383415167,0.009740891578257999,0.3383611369644932,0.3,0.5,1.2,4,geometric,1.5,0.5,LogNormal,0.0135185184648836,0.0105488827917724,0.0266212420538067,0.0536383530125021,0.0185483953407825,0.0138032152317464,0.035822058096528,0.0733225159347057,0.6345839134410546,0.4,0.5,LogNormal,3.056234982069584,0.3725110117869493,1752685.0091300001,50457.0790781006,67529.79372287406,17072.714644773463,17072.714644773463,100.0,5045707.90781006,6752979.372287407,1707271.4644773463,1707271.4644773463
multi|meta|1.500000|0.500000|LogNormal|alpha=0p3|ec=0p5|slope=1p2|lag=4|decay=geometric,meta,"{""roi_prior_overrides"": {""meta"": {""dist"": ""LogNormal"", ""mu"": 1.5, ""sigma"": 0.5}}, ""structural_overrides"": {""adstock_decay_spec"": ""geometric"", ""alpha_m"": 0.3, ""ec_m"": 0.5, ""max_lag"": 4, ""slope_m"": 1.2}}",moloco,REVIEW,REVIEW:ROIConsistency,ROIConsistency,"meta,google",0.0709003097071157,0.0656586901455496,0.005241619561566088,0.07392943110148398,0.3,0.5,1.2,4,geometric,1.5,0.5,LogNormal,0.0334987230124958,0.0237496732734143,0.0674970224499702,0.1363316006958484,0.03340311542047,0.0211375276558101,0.0603783633559942,0.1259376361966133,0.8870939296302273,0.4,0.5,LogNormal,2.431758685917467,0.3402885947988744,842234.6095886,59714.69466588341,55300.02126083583,-4414.673405047586,4414.673405047586,100.0,5971469.466588342,5530002.126083583,-441467.340504759,441467.340504759
multi|meta|1.500000|0.500000|LogNormal|alpha=0p3|ec=0p5|slope=1p2|lag=4|decay=geometric,meta,"{""roi_prior_overrides"": {""meta"": {""dist"": ""LogNormal"", ""mu"": 1.5, ""sigma"": 0.5}}, ""structural_overrides"": {""adstock_decay_spec"": ""geometric"", ""alpha_m"": 0.3, ""ec_m"": 0.5, ""max_lag"": 4, ""slope_m"": 1.2}}",liveintent,REVIEW,REVIEW:ROIConsistency,ROIConsistency,"meta,google",0.1021999410221663,0.0976839893357828,0.004515951686383496,0.04418741969140694,0.3,0.5,1.2,4,geometric,1.5,0.5,LogNormal,0.0593960569871977,0.0279089012183249,0.0902600549161434,0.2090533755719661,0.0595275160137378,0.0264005821198225,0.0848838426172733,0.2203059263527393,0.9341902105392856,0.4,0.5,LogNormal,1.8180464296904928,0.3089099077686705,797987.173079,81554.242025119,77950.5705051405,-3603.6715199785103,3603.6715199785103,100.0,8155424.2025119,7795057.05051405,-360367.1519978503,360367.1519978503
multi|meta|1.500000|0.500000|LogNormal|alpha=0p3|ec=0p5|slope=1p2|lag=4|decay=geometric,meta,"{""roi_prior_overrides"": {""meta"": {""dist"": ""LogNormal"", ""mu"": 1.5, ""sigma"": 0.5}}, ""structural_overrides"": {""adstock_decay_spec"": ""geometric"", ""alpha_m"": 0.3, ""ec_m"": 0.5, ""max_lag"": 4, ""slope_m"": 1.2}}",beehiiv,REVIEW,REVIEW:ROIConsistency,ROIConsistency,"meta,google",0.1893086385765733,0.1640353532081159,0.025273285368457382,0.13350307497053082,0.3,0.5,1.2,4,geometric,1.5,0.5,LogNormal,0.1183300575836542,0.040099230594933,0.1659338995814323,0.4200867876410484,0.104082175424974,0.0410622736439108,0.1392714530229568,0.3681336730718612,0.860742393699636,0.4,0.5,LogNormal,1.202452190520228,0.230505098489532,328172.2732613,62125.84626967589,53831.854757527675,-8293.991512148212,8293.991512148212,100.0,6212584.626967588,5383185.475752767,-829399.1512148213,829399.1512148213
multi|meta|1.500000|0.500000|LogNormal|alpha=0p3|ec=0p5|slope=1p2|lag=4|decay=geometric,meta,"{""roi_prior_overrides"": {""meta"": {""dist"": ""LogNormal"", ""mu"": 1.5, ""sigma"": 0.5}}, ""structural_overrides"": {""adstock_decay_spec"": ""geometric"", ""alpha_m"": 0.3, ""ec_m"": 0.5, ""max_lag"": 4, ""slope_m"": 1.2}}",amazon,REVIEW,REVIEW:ROIConsistency,ROIConsistency,"meta,google",0.1427200755911568,0.158410331866083,0.015690256274926206,0.10993727553699806,0.3,0.5,1.2,4,geometric,1.5,0.5,LogNormal,0.0870262617190748,0.0316873177886009,0.1256441920995712,0.3074017763137817,0.1037299391569706,0.0350476192310452,0.1318347528576851,0.3635620117187499,0.8206535842110937,0.4,0.5,LogNormal,1.2110682515836644,0.2555889750647941,15740.258094,2246.4508249999976,2493.4195083283394,246.96868332834174,246.96868332834174,100.0,224645.08249999976,249341.95083283394,24696.868332834187,24696.868332834187
multi|meta|1.500000|1.000000|LogNormal|alpha=0p3|ec=0p5|slope=1p2|lag=4|decay=geometric,meta,"{""roi_prior_overrides"": {""meta"": {""dist"": ""LogNormal"", ""mu"": 1.5, ""sigma"": 1.0}}, ""structural_overrides"": {""adstock_decay_spec"": ""geometric"", ""alpha_m"": 0.3, ""ec_m"": 0.5, ""max_lag"": 4, ""slope_m"": 1.2}}",meta,REVIEW,REVIEW:ROIConsistency,ROIConsistency,"meta,google",0.029280560844733,0.0487444552453234,0.0194638944005904,0.6647377590819465,0.3,0.5,1.2,4,geometric,1.5,1.0,LogNormal,0.010006085152067,0.0138470839709043,0.0283773858100175,0.046292670816183,0.0112870642948851,0.0317620953544974,0.0481139216572046,0.0682048328220844,0.2673137826488585,1.5,1.0,LogNormal,5.037232988659484,1.4062204851210702,840158.1265220001,24600.301142824308,40953.05019724639,16352.749054422082,16352.749054422082,100.0,2460030.1142824306,4095305.019724639,1635274.9054422085,1635274.9054422085
multi|meta|1.500000|1.000000|LogNormal|alpha=0p3|ec=0p5|slope=1p2|lag=4|decay=geometric,meta,"{""roi_prior_overrides"": {""meta"": {""dist"": ""LogNormal"", ""mu"": 1.5, ""sigma"": 1.0}}, ""structural_overrides"": {""adstock_decay_spec"": ""geometric"", ""alpha_m"": 0.3, ""ec_m"": 0.5, ""max_lag"": 4, ""slope_m"": 1.2}}",google,REVIEW,REVIEW:ROIConsistency,ROIConsistency,"meta,google",0.0139941585313257,0.0151750972773879,0.0011809387460621993,0.08438797827098266,0.3,0.5,1.2,4,geometric,1.5,1.0,LogNormal,0.0061258891604371,0.0055775473359972,0.0131913190707564,0.025741961505264,0.0065274381257921,0.0060862749582156,0.0141220823861658,0.027200699225068,0.9090111676542015,0.4,0.5,LogNormal,4.1348591822892935,0.3818237961993309,10298543.94665,144119.45663124474,156281.40620586806,12161.949574623315,12161.949574623315,100.0,14411945.663124474,15628140.620586805,1216194.9574623313,1216194.9574623313
multi|meta|1.500000|1.000000|LogNormal|alpha=0p3|ec=0p5|slope=1p2|lag=4|decay=geometric,meta,"{""roi_prior_overrides"": {""meta"": {""dist"": ""LogNormal"", ""mu"": 1.5, ""sigma"": 1.0}}, ""structural_overrides"": {""adstock_decay_spec"": ""geometric"", ""alpha_m"": 0.3, ""ec_m"": 0.5, ""max_lag"": 4, ""slope_m"": 1.2}}",snapchat,REVIEW,REVIEW:ROIConsistency,ROIConsistency,"meta,google",0.03020469453244,0.0295174331237406,0.0006872614086993988,0.022753463305555943,0.3,0.5,1.2,4,geometric,1.5,1.0,LogNormal,0.0140056459119291,0.0100362443365156,0.0283850617706775,0.055136046744883,0.0136450876101562,0.0107309568673372,0.0274074655026197,0.0543191330507397,0.9664826419575523,0.4,0.5,LogNormal,3.376115565154364,0.3645778993820312,4342436.908989999,131161.9803624359,128177.59105517516,-2984.3893072607316,2984.3893072607316,100.0,13116198.03624359,12817759.105517516,-298438.9307260737,298438.9307260737
multi|meta|1.500000|1.000000|LogNormal|alpha=0p3|ec=0p5|slope=1p2|lag=4|decay=geometric,meta,"{""roi_prior_overrides"": {""meta"": {""dist"": ""LogNormal"", ""mu"": 1.5, ""sigma"": 1.0}}, ""structural_overrides"": {""adstock_decay_spec"": ""geometric"", ""alpha_m"": 0.3, ""ec_m"": 0.5, ""max_lag"": 4, ""slope_m"": 1.2}}",tiktok,REVIEW,REVIEW:ROIConsistency,ROIConsistency,"meta,google",0.0287884467632587,0.0307713768429433,0.0019829300796846,0.06887937011646339,0.3,0.5,1.2,4,geometric,1.5,1.0,LogNormal,0.0135185184648836,0.0105488827917724,0.0266212420538067,0.0536383530125021,0.0141147086634998,0.0116142372600734,0.0291677601635456,0.0561481365934014,0.9215965668045082,0.4,0.5,LogNormal,3.340448679453436,0.3802763263139208,1752685.0091300001,50457.0790781006,53932.530902916755,3475.451824816155,3475.451824816155,100.0,5045707.90781006,5393253.090291675,347545.1824816149,347545.1824816149
multi|meta|1.500000|1.000000|LogNormal|alpha=0p3|ec=0p5|slope=1p2|lag=4|decay=geometric,meta,"{""roi_prior_overrides"": {""meta"": {""dist"": ""LogNormal"", ""mu"": 1.5, ""sigma"": 1.0}}, ""structural_overrides"": {""adstock_decay_spec"": ""geometric"", ""alpha_m"": 0.3, ""ec_m"": 0.5, ""max_lag"": 4, ""slope_m"": 1.2}}",moloco,REVIEW,REVIEW:ROIConsistency,ROIConsistency,"meta,google",0.0709003097071157,0.0703099257564948,0.0005903839506208874,0.008326958698202103,0.3,0.5,1.2,4,geometric,1.5,1.0,LogNormal,0.0334987230124958,0.0237496732734143,0.0674970224499702,0.1363316006958484,0.0326254184966043,0.023398729134351,0.066747922450304,0.1309873349964618,0.9495699546137142,0.4,0.5,LogNormal,2.449036331353013,0.3356174398731507,842234.6095886,59714.69466588341,59217.45286972485,-497.24179615855974,497.24179615855974,100.0,5971469.466588342,5921745.2869724855,-49724.17961585615,49724.17961585615
multi|meta|1.500000|1.000000|LogNormal|alpha=0p3|ec=0p5|slope=1p2|lag=4|decay=geometric,meta,"{""roi_prior_overrides"": {""meta"": {""dist"": ""LogNormal"", ""mu"": 1.5, ""sigma"": 1.0}}, ""structural_overrides"": {""adstock_decay_spec"": ""geometric"", ""alpha_m"": 0.3, ""ec_m"": 0.5, ""max_lag"": 4, ""slope_m"": 1.2}}",liveintent,REVIEW,REVIEW:ROIConsistency,ROIConsistency,"meta,google",0.1021999410221663,0.1033024348823043,0.0011024938601379985,0.010787617381294634,0.3,0.5,1.2,4,geometric,1.5,1.0,LogNormal,0.0593960569871977,0.0279089012183249,0.0902600549161434,0.2090533755719661,0.0598851633784664,0.0307948851957917,0.0909343957901001,0.2175765439867973,0.9398466062752455,0.4,0.5,LogNormal,1.8054106697022152,0.3033079286559642,797987.173079,81554.242025119,82434.01798390748,879.7759587884793,879.7759587884793,100.0,8155424.2025119,8243401.798390748,87977.59587884787,87977.59587884787
multi|meta|1.500000|1.000000|LogNormal|alpha=0p3|ec=0p5|slope=1p2|lag=4|decay=geometric,meta,"{""roi_prior_overrides"": {""meta"": {""dist"": ""LogNormal"", ""mu"": 1.5, ""sigma"": 1.0}}, ""structural_overrides"": {""adstock_decay_spec"": ""geometric"", ""alpha_m"": 0.3, ""ec_m"": 0.5, ""max_lag"": 4, ""slope_m"": 1.2}}",beehiiv,REVIEW,REVIEW:ROIConsistency,ROIConsistency,"meta,google",0.1893086385765733,0.1775703480498244,0.011738290526748879,0.06200610080453817,0.3,0.5,1.2,4,geometric,1.5,1.0,LogNormal,0.1183300575836542,0.040099230594933,0.1659338995814323,0.4200867876410484,0.1131797653947482,0.0359582867473363,0.151853434741497,0.4089600384235382,0.9602536832607184,0.4,0.5,LogNormal,1.1101999182837192,0.2169781441893349,328172.2732613,62125.84626967589,58273.66478331113,-3852.1814863647596,3852.1814863647596,100.0,6212584.626967588,5827366.478331112,-385218.14863647614,385218.14863647614
multi|meta|1.500000|1.000000|LogNormal|alpha=0p3|ec=0p5|slope=1p2|lag=4|decay=geometric,meta,"{""roi_prior_overrides"": {""meta"": {""dist"": ""LogNormal"", ""mu"": 1.5, ""sigma"": 1.0}}, ""structural_overrides"": {""adstock_decay_spec"": ""geometric"", ""alpha_m"": 0.3, ""ec_m"": 0.5, ""max_lag"": 4, ""slope_m"": 1.2}}",amazon,REVIEW,REVIEW:ROIConsistency,ROIConsistency,"meta,google",0.1427200755911568,0.1465167666824224,0.003796691091265597,0.02660236182989273,0.3,0.5,1.2,4,geometric,1.5,1.0,LogNormal,0.0870262617190748,0.0316873177886009,0.1256441920995712,0.3074017763137817,0.0906842005839346,0.0330157559365034,0.1277367547154426,0.3182919532060623,0.9573676991567642,0.4,0.5,LogNormal,1.3521796983154708,0.267492994059534,15740.258094,2246.4508249999976,2306.2117226797086,59.76089767971098,59.76089767971098,100.0,224645.08249999976,230621.17226797086,5976.089767971105,5976.089767971105
multi|meta|1.500000|1.500000|LogNormal|alpha=0p3|ec=0p5|slope=1p2|lag=4|decay=geometric,meta,"{""roi_prior_overrides"": {""meta"": {""dist"": ""LogNormal"", ""mu"": 1.5, ""sigma"": 1.5}}, ""structural_overrides"": {""adstock_decay_spec"": ""geometric"", ""alpha_m"": 0.3, ""ec_m"": 0.5, ""max_lag"": 4, ""slope_m"": 1.2}}",meta,REVIEW,REVIEW:ROIConsistency,ROIConsistency,"meta,google",0.029280560844733,0.034823332161953,0.005542771317219999,0.18929867315765692,0.3,0.5,1.2,4,geometric,1.5,1.5,LogNormal,0.010006085152067,0.0138470839709043,0.0283773858100175,0.046292670816183,0.0104255990908687,0.0185398062691092,0.0342388190329074,0.0529688630253076,0.7093967917072551,1.5,1.5,LogNormal,4.946034234549566,1.3938621355752625,840158.1265220001,24600.301142824308,29257.10550843974,4656.804365615433,4656.804365615433,100.0,2460030.1142824306,2925710.550843974,465680.4365615435,465680.4365615435
multi|meta|1.500000|1.500000|LogNormal|alpha=0p3|ec=0p5|slope=1p2|lag=4|decay=geometric,meta,"{""roi_prior_overrides"": {""meta"": {""dist"": ""LogNormal"", ""mu"": 1.5, ""sigma"": 1.5}}, ""structural_overrides"": {""adstock_decay_spec"": ""geometric"", ""alpha_m"": 0.3, ""ec_m"": 0.5, ""max_lag"": 4, ""slope_m"": 1.2}}",google,REVIEW,REVIEW:ROIConsistency,ROIConsistency,"meta,google",0.0139941585313257,0.0143410958256572,0.00034693729433150043,0.024791579540483832,0.3,0.5,1.2,4,geometric,1.5,1.5,LogNormal,0.0061258891604371,0.0055775473359972,0.0131913190707564,0.025741961505264,0.0059248996771444,0.0060012394096702,0.0138799245469272,0.0246755089610815,0.9261002771840169,0.4,0.5,LogNormal,4.23298013328214,0.3826599364139439,10298543.94665,144119.45663124474,147692.40560364956,3572.948972404818,3572.948972404818,100.0,14411945.663124474,14769240.560364956,357294.89724048227,357294.89724048227
multi|meta|1.500000|1.500000|LogNormal|alpha=0p3|ec=0p5|slope=1p2|lag=4|decay=geometric,meta,"{""roi_prior_overrides"": {""meta"": {""dist"": ""LogNormal"", ""mu"": 1.5, ""sigma"": 1.5}}, ""structural_overrides"": {""adstock_decay_spec"": ""geometric"", ""alpha_m"": 0.3, ""ec_m"": 0.5, ""max_lag"": 4, ""slope_m"": 1.2}}",snapchat,REVIEW,REVIEW:ROIConsistency,ROIConsistency,"meta,google",0.03020469453244,0.0298276867393481,0.00037700779309189983,0.012481761491975774,0.3,0.5,1.2,4,geometric,1.5,1.5,LogNormal,0.0140056459119291,0.0100362443365156,0.0283850617706775,0.055136046744883,0.0136637993655461,0.0109820833429694,0.0279808025807142,0.0543559363111853,0.9617304434169477,0.4,0.5,LogNormal,3.3742866267543232,0.3642679312164219,4342436.908989999,131161.9803624359,129524.84780673675,-1637.132555699136,1637.132555699136,100.0,13116198.03624359,12952484.780673675,-163713.25556991436,163713.25556991436
multi|meta|1.500000|1.500000|LogNormal|alpha=0p3|ec=0p5|slope=1p2|lag=4|decay=geometric,meta,"{""roi_prior_overrides"": {""meta"": {""dist"": ""LogNormal"", ""mu"": 1.5, ""sigma"": 1.5}}, ""structural_overrides"": {""adstock_decay_spec"": ""geometric"", ""alpha_m"": 0.3, ""ec_m"": 0.5, ""max_lag"": 4, ""slope_m"": 1.2}}",tiktok,REVIEW,REVIEW:ROIConsistency,ROIConsistency,"meta,google",0.0287884467632587,0.029597279302931,0.0008088325396722988,0.028095733900606712,0.3,0.5,1.2,4,geometric,1.5,1.5,LogNormal,0.0135185184648836,0.0105488827917724,0.0266212420538067,0.0536383530125021,0.0139274331252504,0.0106371383182704,0.0277959266677498,0.0557768799364566,0.9507653977396119,0.4,0.5,LogNormal,3.355531894940809,0.381438121236337,1752685.0091300001,50457.0790781006,51874.707745280786,1417.6286671801863,1417.6286671801863,100.0,5045707.90781006,5187470.774528079,141762.86671801843,141762.86671801843
multi|meta|1.500000|1.500000|LogNormal|alpha=0p3|ec=0p5|slope=1p2|lag=4|decay=geometric,meta,"{""roi_prior_overrides"": {""meta"": {""dist"": ""LogNormal"", ""mu"": 1.5, ""sigma"": 1.5}}, ""structural_overrides"": {""adstock_decay_spec"": ""geometric"", ""alpha_m"": 0.3, ""ec_m"": 0.5, ""max_lag"": 4, ""slope_m"": 1.2}}",moloco,REVIEW,REVIEW:ROIConsistency,ROIConsistency,"meta,google",0.0709003097071157,0.0698334357530499,0.0010668739540657945,0.015047521773501105,0.3,0.5,1.2,4,geometric,1.5,1.5,LogNormal,0.0334987230124958,0.0237496732734143,0.0674970224499702,0.1363316006958484,0.0319041283242961,0.0237426075153052,0.0652133896946907,0.1273424066603183,0.9200964540182611,0.4,0.5,LogNormal,2.471928349551533,0.3360987588648224,842234.6095886,59714.69466588341,58816.136497700565,-898.558168182848,898.558168182848,100.0,5971469.466588342,5881613.649770057,-89855.8168182848,89855.8168182848
multi|meta|1.500000|1.500000|LogNormal|alpha=0p3|ec=0p5|slope=1p2|lag=4|decay=geometric,meta,"{""roi_prior_overrides"": {""meta"": {""dist"": ""LogNormal"", ""mu"": 1.5, ""sigma"": 1.5}}, ""structural_overrides"": {""adstock_decay_spec"": ""geometric"", ""alpha_m"": 0.3, ""ec_m"": 0.5, ""max_lag"": 4, ""slope_m"": 1.2}}",liveintent,REVIEW,REVIEW:ROIConsistency,ROIConsistency,"meta,google",0.1021999410221663,0.1015509902080521,0.000648950814114202,0.0063498159355439565,0.3,0.5,1.2,4,geometric,1.5,1.5,LogNormal,0.0593960569871977,0.0279089012183249,0.0902600549161434,0.2090533755719661,0.0606103507133659,0.0250553782097995,0.0879843421280384,0.2261892959475516,0.9006162480752049,0.4,0.5,LogNormal,1.7956332682000995,0.3050110465765156,797987.173079,81554.242025119,81036.3875994967,-517.8544256223104,517.8544256223104,100.0,8155424.2025119,8103638.759949669,-51785.44256223086,51785.44256223086
multi|meta|1.500000|1.500000|LogNormal|alpha=0p3|ec=0p5|slope=1p2|lag=4|decay=geometric,meta,"{""roi_prior_overrides"": {""meta"": {""dist"": ""LogNormal"", ""mu"": 1.5, ""sigma"": 1.5}}, ""structural_overrides"": {""adstock_decay_spec"": ""geometric"", ""alpha_m"": 0.3, ""ec_m"": 0.5, ""max_lag"": 4, ""slope_m"": 1.2}}",beehiiv,REVIEW,REVIEW:ROIConsistency,ROIConsistency,"meta,google",0.1893086385765733,0.1851208843880643,0.004187754188509002,0.02212130529275924,0.3,0.5,1.2,4,geometric,1.5,1.5,LogNormal,0.1183300575836542,0.040099230594933,0.1659338995814323,0.4200867876410484,0.1156248941237453,0.0426906758919358,0.1584434434771537,0.4027742236852645,0.9476193130966887,0.4,0.5,LogNormal,1.0833411192111384,0.209544219811121,328172.2732613,62125.84626967589,60751.54145777336,-1374.3048119025261,1374.3048119025261,100.0,6212584.626967588,6075154.145777336,-137430.48119025212,137430.48119025212
multi|meta|1.500000|1.500000|LogNormal|alpha=0p3|ec=0p5|slope=1p2|lag=4|decay=geometric,meta,"{""roi_prior_overrides"": {""meta"": {""dist"": ""LogNormal"", ""mu"": 1.5, ""sigma"": 1.5}}, ""structural_overrides"": {""adstock_decay_spec"": ""geometric"", ""alpha_m"": 0.3, ""ec_m"": 0.5, ""max_lag"": 4, ""slope_m"": 1.2}}",amazon,REVIEW,REVIEW:ROIConsistency,ROIConsistency,"meta,google",0.1427200755911568,0.1403814728984919,0.002338602692664893,0.01638594068128285,0.3,0.5,1.2,4,geometric,1.5,1.5,LogNormal,0.0870262617190748,0.0316873177886009,0.1256441920995712,0.3074017763137817,0.0829868861987649,0.0314433543011546,0.1245336309075355,0.2991444259881971,0.969193497516659,0.4,0.5,LogNormal,1.4445027065044185,0.2735788454694847,15740.258094,2246.4508249999976,2209.640615038129,-36.81020996186862,36.81020996186862,100.0,224645.08249999976,220964.0615038129,-3681.020996186853,3681.020996186853
multi|meta|2.000000|0.500000|LogNormal|alpha=0p3|ec=0p5|slope=1p2|lag=4|decay=geometric,meta,"{""roi_prior_overrides"": {""meta"": {""dist"": ""LogNormal"", ""mu"": 2.0, ""sigma"": 0.5}}, ""structural_overrides"": {""adstock_decay_spec"": ""geometric"", ""alpha_m"": 0.3, ""ec_m"": 0.5, ""max_lag"": 4, ""slope_m"": 1.2}}",meta,REVIEW,REVIEW:ROIConsistency,ROIConsistency,"meta,google",0.029280560844733,0.1683433792367577,0.13906281839202472,4.749322225398541,0.3,0.5,1.2,4,geometric,2.0,0.5,LogNormal,0.010006085152067,0.0138470839709043,0.0283773858100175,0.046292670816183,0.0237897196428465,0.130585166811943,0.1669461727142334,0.2100404456257819,0.0,2.0,0.5,LogNormal,9.256418413133645,1.8126731910412548,840158.1265220001,24600.301142824308,141435.05811193693,116834.75696911263,116834.75696911263,100.0,2460030.1142824306,14143505.811193693,11683475.696911262,11683475.696911262
multi|meta|2.000000|0.500000|LogNormal|alpha=0p3|ec=0p5|slope=1p2|lag=4|decay=geometric,meta,"{""roi_prior_overrides"": {""meta"": {""dist"": ""LogNormal"", ""mu"": 2.0, ""sigma"": 0.5}}, ""structural_overrides"": {""adstock_decay_spec"": ""geometric"", ""alpha_m"": 0.3, ""ec_m"": 0.5, ""max_lag"": 4, ""slope_m"": 1.2}}",google,REVIEW,REVIEW:ROIConsistency,ROIConsistency,"meta,google",0.0139941585313257,0.0182311233786943,0.0042369648473686,0.30276667495828513,0.3,0.5,1.2,4,geometric,2.0,0.5,LogNormal,0.0061258891604371,0.0055775473359972,0.0131913190707564,0.025741961505264,0.0076678540952904,0.0075394733576104,0.0173106454312801,0.0313768245279788,0.7055425627703603,0.4,0.5,LogNormal,3.96918384344597,0.3787710716721431,10298543.94665,144119.45663124474,187754.02531228148,43634.56868103673,43634.56868103673,100.0,14411945.663124474,18775402.531228147,4363456.868103674,4363456.868103674
multi|meta|2.000000|0.500000|LogNormal|alpha=0p3|ec=0p5|slope=1p2|lag=4|decay=geometric,meta,"{""roi_prior_overrides"": {""meta"": {""dist"": ""LogNormal"", ""mu"": 2.0, ""sigma"": 0.5}}, ""structural_overrides"": {""adstock_decay_spec"": ""geometric"", ""alpha_m"": 0.3, ""ec_m"": 0.5, ""max_lag"": 4, ""slope_m"": 1.2}}",snapchat,REVIEW,REVIEW:ROIConsistency,ROIConsistency,"meta,google",0.03020469453244,0.0278565832464179,0.0023481112860220983,0.07773994481222823,0.3,0.5,1.2,4,geometric,2.0,0.5,LogNormal,0.0140056459119291,0.0100362443365156,0.0283850617706775,0.055136046744883,0.0132038205976998,0.0095637838356196,0.0261196577921509,0.0518920380622148,0.9184488777534732,0.4,0.5,LogNormal,3.4114319985124464,0.3662359777238694,4342436.908989999,131161.9803624359,120965.45524759755,-10196.52511483834,10196.52511483834,100.0,13116198.03624359,12096545.524759755,-1019652.511483835,1019652.511483835
multi|meta|2.000000|0.500000|LogNormal|alpha=0p3|ec=0p5|slope=1p2|lag=4|decay=geometric,meta,"{""roi_prior_overrides"": {""meta"": {""dist"": ""LogNormal"", ""mu"": 2.0, ""sigma"": 0.5}}, ""structural_overrides"": {""adstock_decay_spec"": ""geometric"", ""alpha_m"": 0.3, ""ec_m"": 0.5, ""max_lag"": 4, ""slope_m"": 1.2}}",tiktok,REVIEW,REVIEW:ROIConsistency,ROIConsistency,"meta,google",0.0287884467632587,0.0475421293110897,0.018753682547830997,0.6514308570396863,0.3,0.5,1.2,4,geometric,2.0,0.5,LogNormal,0.0135185184648836,0.0105488827917724,0.0266212420538067,0.0536383530125021,0.0231876606573356,0.0163591803982853,0.0442648157477378,0.0907778248190879,0.4646599054182265,0.4,0.5,LogNormal,2.8205162658949336,0.3634959736733412,1752685.0091300001,50457.0790781006,83326.3773456669,32869.2982675663,32869.2982675663,100.0,5045707.90781006,8332637.73456669,3286929.82675663,3286929.82675663
multi|meta|2.000000|0.500000|LogNormal|alpha=0p3|ec=0p5|slope=1p2|lag=4|decay=geometric,meta,"{""roi_prior_overrides"": {""meta"": {""dist"": ""LogNormal"", ""mu"": 2.0, ""sigma"": 0.5}}, ""structural_overrides"": {""adstock_decay_spec"": ""geometric"", ""alpha_m"": 0.3, ""ec_m"": 0.5, ""max_lag"": 4, ""slope_m"": 1.2}}",moloco,REVIEW,REVIEW:ROIConsistency,ROIConsistency,"meta,google",0.0709003097071157,0.0664076986253106,0.004492611081805098,0.06336518275256853,0.3,0.5,1.2,4,geometric,2.0,0.5,LogNormal,0.0334987230124958,0.0237496732734143,0.0674970224499702,0.1363316006958484,0.033752184954227,0.0222605931572616,0.0608540046960115,0.1268912427127361,0.9041874150575211,0.4,0.5,LogNormal,2.420409010865942,0.3395444291340233,842234.6095886,59714.69466588341,55930.86212536588,-3783.8325405175347,3783.8325405175347,100.0,5971469.466588342,5593086.212536588,-378383.2540517533,378383.2540517533
multi|meta|2.000000|0.500000|LogNormal|alpha=0p3|ec=0p5|slope=1p2|lag=4|decay=geometric,meta,"{""roi_prior_overrides"": {""meta"": {""dist"": ""LogNormal"", ""mu"": 2.0, ""sigma"": 0.5}}, ""structural_overrides"": {""adstock_decay_spec"": ""geometric"", ""alpha_m"": 0.3, ""ec_m"": 0.5, ""max_lag"": 4, ""slope_m"": 1.2}}",liveintent,REVIEW,REVIEW:ROIConsistency,ROIConsistency,"meta,google",0.1021999410221663,0.0982958144058162,0.0039041266163501037,0.038200869563156936,0.3,0.5,1.2,4,geometric,2.0,0.5,LogNormal,0.0593960569871977,0.0279089012183249,0.0902600549161434,0.2090533755719661,0.0609167047746107,0.0270498235709965,0.0852461606264114,0.2249538369476795,0.9153148097550587,0.4,0.5,LogNormal,1.7945731839368977,0.3083016037606433,797987.173079,81554.242025119,78438.7990631953,-3115.4429619237053,3115.4429619237053,100.0,8155424.2025119,7843879.90631953,-311544.29619237036,311544.29619237036
multi|meta|2.000000|0.500000|LogNormal|alpha=0p3|ec=0p5|slope=1p2|lag=4|decay=geometric,meta,"{""roi_prior_overrides"": {""meta"": {""dist"": ""LogNormal"", ""mu"": 2.0, ""sigma"": 0.5}}, ""structural_overrides"": {""adstock_decay_spec"": ""geometric"", ""alpha_m"": 0.3, ""ec_m"": 0.5, ""max_lag"": 4, ""slope_m"": 1.2}}",beehiiv,REVIEW,REVIEW:ROIConsistency,ROIConsistency,"meta,google",0.1893086385765733,0.1582592560296567,0.031049382546916582,0.1640146101117168,0.3,0.5,1.2,4,geometric,2.0,0.5,LogNormal,0.1183300575836542,0.040099230594933,0.1659338995814323,0.4200867876410484,0.1036111874347111,0.0362400859594345,0.1341539397835731,0.3539302378892897,0.8175946436936365,0.4,0.5,LogNormal,1.2123105185193617,0.2362195153922993,328172.2732613,62125.84626967589,51936.29981589454,-10189.546453781346,10189.546453781346,100.0,6212584.626967588,5193629.981589454,-1018954.6453781342,1018954.6453781342
multi|meta|2.000000|0.500000|LogNormal|alpha=0p3|ec=0p5|slope=1p2|lag=4|decay=geometric,meta,"{""roi_prior_overrides"": {""meta"": {""dist"": ""LogNormal"", ""mu"": 2.0, ""sigma"": 0.5}}, ""structural_overrides"": {""adstock_decay_spec"": ""geometric"", ""alpha_m"": 0.3, ""ec_m"": 0.5, ""max_lag"": 4, ""slope_m"": 1.2}}",amazon,REVIEW,REVIEW:ROIConsistency,ROIConsistency,"meta,google",0.1427200755911568,0.180427642527502,0.03770756693634522,0.2642064669609918,0.3,0.5,1.2,4,geometric,2.0,0.5,LogNormal,0.0870262617190748,0.0316873177886009,0.1256441920995712,0.3074017763137817,0.1282965696700894,0.032128289528191,0.1465680673718452,0.4420865327119826,0.6707456466187004,0.4,0.5,LogNormal,0.9896076238563998,0.233624326164293,15740.258094,2246.4508249999976,2839.9776606748524,593.5268356748547,593.5268356748547,100.0,224645.08249999976,283997.7660674852,59352.68356748545,59352.68356748545
multi|meta|2.000000|1.000000|LogNormal|alpha=0p3|ec=0p5|slope=1p2|lag=4|decay=geometric,meta,"{""roi_prior_overrides"": {""meta"": {""dist"": ""LogNormal"", ""mu"": 2.0, ""sigma"": 1.0}}, ""structural_overrides"": {""adstock_decay_spec"": ""geometric"", ""alpha_m"": 0.3, ""ec_m"": 0.5, ""max_lag"": 4, ""slope_m"": 1.2}}",meta,REVIEW,REVIEW:ROIConsistency,ROIConsistency,"meta,google",0.029280560844733,0.0676667802004764,0.03838621935574339,1.310979648214229,0.3,0.5,1.2,4,geometric,2.0,1.0,LogNormal,0.010006085152067,0.0138470839709043,0.0283773858100175,0.046292670816183,0.0132220677794137,0.047584762237966,0.0673086121678352,0.0909186106175184,0.0,2.0,1.0,LogNormal,5.692911291532166,1.8895582565843905,840158.1265220001,24600.301142824308,56850.79528100821,32250.494138183905,32250.494138183905,100.0,2460030.1142824306,5685079.528100821,3225049.4138183906,3225049.4138183906
multi|meta|2.000000|1.000000|LogNormal|alpha=0p3|ec=0p5|slope=1p2|lag=4|decay=geometric,meta,"{""roi_prior_overrides"": {""meta"": {""dist"": ""LogNormal"", ""mu"": 2.0, ""sigma"": 1.0}}, ""structural_overrides"": {""adstock_decay_spec"": ""geometric"", ""alpha_m"": 0.3, ""ec_m"": 0.5, ""max_lag"": 4, ""slope_m"": 1.2}}",google,REVIEW,REVIEW:ROIConsistency,ROIConsistency,"meta,google",0.0139941585313257,0.0162062050993942,0.002212046568068499,0.1580692803441428,0.3,0.5,1.2,4,geometric,2.0,1.0,LogNormal,0.0061258891604371,0.0055775473359972,0.0131913190707564,0.025741961505264,0.0069599368817522,0.0059889960102736,0.0157618671655654,0.0286697292700409,0.8553962354622517,0.4,0.5,LogNormal,4.069129928281956,0.3807939902904295,10298543.94665,144119.45663124474,166900.3154245345,22780.85879328975,22780.85879328975,100.0,14411945.663124474,16690031.54245345,2278085.8793289755,2278085.8793289755
multi|meta|2.000000|1.000000|LogNormal|alpha=0p3|ec=0p5|slope=1p2|lag=4|decay=geometric,meta,"{""roi_prior_overrides"": {""meta"": {""dist"": ""LogNormal"", ""mu"": 2.0, ""sigma"": 1.0}}, ""structural_overrides"": {""adstock_decay_spec"": ""geometric"", ""alpha_m"": 0.3, ""ec_m"": 0.5, ""max_lag"": 4, ""slope_m"": 1.2}}",snapchat,REVIEW,REVIEW:ROIConsistency,ROIConsistency,"meta,google",0.03020469453244,0.0288474438353053,0.001357250697134698,0.044935090989812965,0.3,0.5,1.2,4,geometric,2.0,1.0,LogNormal,0.0140056459119291,0.0100362443365156,0.0283850617706775,0.055136046744883,0.0137974290443776,0.0097168069332838,0.0271267695352435,0.0534515891224145,0.9558800403967013,0.4,0.5,LogNormal,3.366015002738939,0.3652453465830506,4342436.908989999,131161.9803624359,125268.20484044576,-5893.77552199013,5893.77552199013,100.0,13116198.03624359,12526820.484044576,-589377.5521990135,589377.5521990135
multi|meta|2.000000|1.000000|LogNormal|alpha=0p3|ec=0p5|slope=1p2|lag=4|decay=geometric,meta,"{""roi_prior_overrides"": {""meta"": {""dist"": ""LogNormal"", ""mu"": 2.0, ""sigma"": 1.0}}, ""structural_overrides"": {""adstock_decay_spec"": ""geometric"", ""alpha_m"": 0.3, ""ec_m"": 0.5, ""max_lag"": 4, ""slope_m"": 1.2}}",tiktok,REVIEW,REVIEW:ROIConsistency,ROIConsistency,"meta,google",0.0287884467632587,0.0330518835883898,0.004263436825131098,0.14809540994661496,0.3,0.5,1.2,4,geometric,2.0,1.0,LogNormal,0.0135185184648836,0.0105488827917724,0.0266212420538067,0.0536383530125021,0.0153626524378838,0.0121655373834073,0.0314752906560897,0.0615149391815066,0.8137340529538878,0.4,0.5,LogNormal,3.252442563308814,0.3780029465083821,1752685.0091300001,50457.0790781006,57929.54088888068,7472.461810780078,7472.461810780078,100.0,5045707.90781006,5792954.088888068,747246.1810780074,747246.1810780074
multi|meta|2.000000|1.000000|LogNormal|alpha=0p3|ec=0p5|slope=1p2|lag=4|decay=geometric,meta,"{""roi_prior_overrides"": {""meta"": {""dist"": ""LogNormal"", ""mu"": 2.0, ""sigma"": 1.0}}, ""structural_overrides"": {""adstock_decay_spec"": ""geometric"", ""alpha_m"": 0.3, ""ec_m"": 0.5, ""max_lag"": 4, ""slope_m"": 1.2}}",moloco,REVIEW,REVIEW:ROIConsistency,ROIConsistency,"meta,google",0.0709003097071157,0.0673559608357027,0.003544348871413,0.04999059786980431,0.3,0.5,1.2,4,geometric,2.0,1.0,LogNormal,0.0334987230124958,0.0237496732734143,0.0674970224499702,0.1363316006958484,0.0325450577005024,0.0231821515597403,0.0626279041171073,0.1292143084108829,0.9320826211942456,0.4,0.5,LogNormal,2.455405053598719,0.3385712944712158,842234.6095886,59714.69466588341,56729.52137792309,-2985.1732879603223,2985.1732879603223,100.0,5971469.466588342,5672952.137792309,-298517.3287960328,298517.3287960328
multi|meta|2.000000|1.000000|LogNormal|alpha=0p3|ec=0p5|slope=1p2|lag=4|decay=geometric,meta,"{""roi_prior_overrides"": {""meta"": {""dist"": ""LogNormal"", ""mu"": 2.0, ""sigma"": 1.0}}, ""structural_overrides"": {""adstock_decay_spec"": ""geometric"", ""alpha_m"": 0.3, ""ec_m"": 0.5, ""max_lag"": 4, ""slope_m"": 1.2}}",liveintent,REVIEW,REVIEW:ROIConsistency,ROIConsistency,"meta,google",0.1021999410221663,0.0995573992227825,0.0026425417993837935,0.02585658830087434,0.3,0.5,1.2,4,geometric,2.0,1.0,LogNormal,0.0593960569871977,0.0279089012183249,0.0902600549161434,0.2090533755719661,0.0603450244782809,0.0300970632582902,0.0862208865582943,0.2156172476708888,0.9533742941947456,0.4,0.5,LogNormal,1.802344155395613,0.3070860360651781,797987.173079,81554.242025119,79445.52756488563,-2108.714460233372,2108.714460233372,100.0,8155424.2025119,7944552.7564885635,-210871.4460233366,210871.4460233366
multi|meta|2.000000|1.000000|LogNormal|alpha=0p3|ec=0p5|slope=1p2|lag=4|decay=geometric,meta,"{""roi_prior_overrides"": {""meta"": {""dist"": ""LogNormal"", ""mu"": 2.0, ""sigma"": 1.0}}, ""structural_overrides"": {""adstock_decay_spec"": ""geometric"", ""alpha_m"": 0.3, ""ec_m"": 0.5, ""max_lag"": 4, ""slope_m"": 1.2}}",beehiiv,REVIEW,REVIEW:ROIConsistency,ROIConsistency,"meta,google",0.1893086385765733,0.1754682001370626,0.013840438439510688,0.07311044304992131,0.3,0.5,1.2,4,geometric,2.0,1.0,LogNormal,0.1183300575836542,0.040099230594933,0.1659338995814323,0.4200867876410484,0.1152026328923381,0.0362813996151089,0.1488442718982696,0.4033045858144759,0.946326879587724,0.4,0.5,LogNormal,1.0952878470033924,0.2191280412295054,328172.2732613,62125.84626967589,57583.79812404858,-4542.048145627305,4542.048145627305,100.0,6212584.626967588,5758379.812404858,-454204.8145627305,454204.8145627305
multi|meta|2.000000|1.000000|LogNormal|alpha=0p3|ec=0p5|slope=1p2|lag=4|decay=geometric,meta,"{""roi_prior_overrides"": {""meta"": {""dist"": ""LogNormal"", ""mu"": 2.0, ""sigma"": 1.0}}, ""structural_overrides"": {""adstock_decay_spec"": ""geometric"", ""alpha_m"": 0.3, ""ec_m"": 0.5, ""max_lag"": 4, ""slope_m"": 1.2}}",amazon,REVIEW,REVIEW:ROIConsistency,ROIConsistency,"meta,google",0.1427200755911568,0.1531048530507056,0.0103847774595488,0.07276325644121417,0.3,0.5,1.2,4,geometric,2.0,1.0,LogNormal,0.0870262617190748,0.0316873177886009,0.1256441920995712,0.3074017763137817,0.0988552278304066,0.0353484792634844,0.1277017891407013,0.3454791262745857,0.8669866124387637,0.4,0.5,LogNormal,1.2624108030182355,0.2608163628373499,15740.258094,2246.4508249999976,2409.9099024620496,163.45907746205194,163.45907746205194,100.0,224645.08249999976,240990.99024620495,16345.907746205194,16345.907746205194
multi|meta|2.000000|1.500000|LogNormal|alpha=0p3|ec=0p5|slope=1p2|lag=4|decay=geometric,meta,"{""roi_prior_overrides"": {""meta"": {""dist"": ""LogNormal"", ""mu"": 2.0, ""sigma"": 1.5}}, ""structural_overrides"": {""adstock_decay_spec"": ""geometric"", ""alpha_m"": 0.3, ""ec_m"": 0.5, ""max_lag"": 4, ""slope_m"": 1.2}}",meta,REVIEW,REVIEW:ROIConsistency,ROIConsistency,"meta,google",0.029280560844733,0.0451820241877188,0.0159014633429858,0.5430723621486289,0.3,0.5,1.2,4,geometric,2.0,1.5,LogNormal,0.010006085152067,0.0138470839709043,0.0283773858100175,0.046292670816183,0.0115464678419178,0.0274575876072049,0.0445359703153371,0.0651868499815464,0.3668712320401658,2.0,1.5,LogNormal,5.216051175774416,1.8859802539640005,840158.1265220001,24600.301142824308,37960.04479402552,13359.74365120121,13359.74365120121,100.0,2460030.1142824306,3796004.479402552,1335974.3651201213,1335974.3651201213
multi|meta|2.000000|1.500000|LogNormal|alpha=0p3|ec=0p5|slope=1p2|lag=4|decay=geometric,meta,"{""roi_prior_overrides"": {""meta"": {""dist"": ""LogNormal"", ""mu"": 2.0, ""sigma"": 1.5}}, ""structural_overrides"": {""adstock_decay_spec"": ""geometric"", ""alpha_m"": 0.3, ""ec_m"": 0.5, ""max_lag"": 4, ""slope_m"": 1.2}}",google,REVIEW,REVIEW:ROIConsistency,ROIConsistency,"meta,google",0.0139941585313257,0.0151652735520231,0.0011711150206974007,0.08368599069932481,0.3,0.5,1.2,4,geometric,2.0,1.5,LogNormal,0.0061258891604371,0.0055775473359972,0.0131913190707564,0.025741961505264,0.0064609296619727,0.0065872010309249,0.0140902083367109,0.0274174961261451,0.8770515287554109,0.4,0.5,LogNormal,4.145113901044485,0.381835044306026,10298543.94665,144119.45663124474,156180.23613847885,12060.77950723411,12060.77950723411,100.0,14411945.663124474,15618023.613847885,1206077.9507234115,1206077.9507234115
multi|meta|2.000000|1.500000|LogNormal|alpha=0p3|ec=0p5|slope=1p2|lag=4|decay=geometric,meta,"{""roi_prior_overrides"": {""meta"": {""dist"": ""LogNormal"", ""mu"": 2.0, ""sigma"": 1.5}}, ""structural_overrides"": {""adstock_decay_spec"": ""geometric"", ""alpha_m"": 0.3, ""ec_m"": 0.5, ""max_lag"": 4, ""slope_m"": 1.2}}",snapchat,REVIEW,REVIEW:ROIConsistency,ROIConsistency,"meta,google",0.03020469453244,0.0293126095231855,0.0008920850092545007,0.029534647612357023,0.3,0.5,1.2,4,geometric,2.0,1.5,LogNormal,0.0140056459119291,0.0100362443365156,0.0283850617706775,0.055136046744883,0.0137359001245036,0.0099226030055433,0.0283730048686265,0.0539191115647554,0.9705712195078348,0.4,0.5,LogNormal,3.3697908787506754,0.364778906021752,4342436.908989999,131161.9803624359,127288.15749229246,-3873.8228701434273,3873.8228701434273,100.0,13116198.03624359,12728815.749229247,-387382.28701434284,387382.28701434284
multi|meta|2.000000|1.500000|LogNormal|alpha=0p3|ec=0p5|slope=1p2|lag=4|decay=geometric,meta,"{""roi_prior_overrides"": {""meta"": {""dist"": ""LogNormal"", ""mu"": 2.0, ""sigma"": 1.5}}, ""structural_overrides"": {""adstock_decay_spec"": ""geometric"", ""alpha_m"": 0.3, ""ec_m"": 0.5, ""max_lag"": 4, ""slope_m"": 1.2}}",tiktok,REVIEW,REVIEW:ROIConsistency,ROIConsistency,"meta,google",0.0287884467632587,0.0300708958075847,0.0012824490443259992,0.04454735105621355,0.3,0.5,1.2,4,geometric,2.0,1.5,LogNormal,0.0135185184648836,0.0105488827917724,0.0266212420538067,0.0536383530125021,0.0142349627420078,0.0108534664846956,0.0281887017190456,0.0574874687939882,0.9115077843586251,0.4,0.5,LogNormal,3.333007347632403,0.3809769957119577,1752685.0091300001,50457.0790781006,52704.80829306388,2247.7292149632776,2247.7292149632776,100.0,5045707.90781006,5270480.829306387,224772.92149632704,224772.92149632704
multi|meta|2.000000|1.500000|LogNormal|alpha=0p3|ec=0p5|slope=1p2|lag=4|decay=geometric,meta,"{""roi_prior_overrides"": {""meta"": {""dist"": ""LogNormal"", ""mu"": 2.0, ""sigma"": 1.5}}, ""structural_overrides"": {""adstock_decay_spec"": ""geometric"", ""alpha_m"": 0.3, ""ec_m"": 0.5, ""max_lag"": 4, ""slope_m"": 1.2}}",moloco,REVIEW,REVIEW:ROIConsistency,ROIConsistency,"meta,google",0.0709003097071157,0.0697642552002798,0.0011360545068358902,0.016023265787256102,0.3,0.5,1.2,4,geometric,2.0,1.5,LogNormal,0.0334987230124958,0.0237496732734143,0.0674970224499702,0.1363316006958484,0.0323382623977449,0.0246944289654493,0.0666059032082557,0.130096660554409,0.9362269238246874,0.4,0.5,LogNormal,2.458559795631104,0.3361774005158415,842234.6095886,59714.69466588341,58757.870241847115,-956.8244240362983,956.8244240362983,100.0,5971469.466588342,5875787.024184711,-95682.44240363035,95682.44240363035
multi|meta|2.000000|1.500000|LogNormal|alpha=0p3|ec=0p5|slope=1p2|lag=4|decay=geometric,meta,"{""roi_prior_overrides"": {""meta"": {""dist"": ""LogNormal"", ""mu"": 2.0, ""sigma"": 1.5}}, ""structural_overrides"": {""adstock_decay_spec"": ""geometric"", ""alpha_m"": 0.3, ""ec_m"": 0.5, ""max_lag"": 4, ""slope_m"": 1.2}}",liveintent,REVIEW,REVIEW:ROIConsistency,ROIConsistency,"meta,google",0.1021999410221663,0.1020040898614873,0.00019585116067899477,0.0019163529716373917,0.3,0.5,1.2,4,geometric,2.0,1.5,LogNormal,0.0593960569871977,0.0279089012183249,0.0902600549161434,0.2090533755719661,0.0584580877659841,0.030299068801105,0.0921748429536819,0.2090786382555961,0.9866675841897745,0.4,0.5,LogNormal,1.8307358703700047,0.3045953529766438,797987.173079,81554.242025119,81397.95531106454,-156.28671405446948,156.28671405446948,100.0,8155424.2025119,8139795.531106453,-15628.671405446716,15628.671405446716
multi|meta|2.000000|1.500000|LogNormal|alpha=0p3|ec=0p5|slope=1p2|lag=4|decay=geometric,meta,"{""roi_prior_overrides"": {""meta"": {""dist"": ""LogNormal"", ""mu"": 2.0, ""sigma"": 1.5}}, ""structural_overrides"": {""adstock_decay_spec"": ""geometric"", ""alpha_m"": 0.3, ""ec_m"": 0.5, ""max_lag"": 4, ""slope_m"": 1.2}}",beehiiv,REVIEW,REVIEW:ROIConsistency,ROIConsistency,"meta,google",0.1893086385765733,0.1756911472324281,0.013617491344145194,0.07193275196808868,0.3,0.5,1.2,4,geometric,2.0,1.5,LogNormal,0.1183300575836542,0.040099230594933,0.1659338995814323,0.4200867876410484,0.1069841158047773,0.0392492344602942,0.1542092785239219,0.3848848477005958,0.9053351336442909,0.4,0.5,LogNormal,1.1654478503316503,0.21884270553253,328172.2732613,62125.84626967589,57656.96317915168,-4468.883090524207,4468.883090524207,100.0,6212584.626967588,5765696.317915168,-446888.3090524208,446888.3090524208
multi|meta|2.000000|1.500000|LogNormal|alpha=0p3|ec=0p5|slope=1p2|lag=4|decay=geometric,meta,"{""roi_prior_overrides"": {""meta"": {""dist"": ""LogNormal"", ""mu"": 2.0, ""sigma"": 1.5}}, ""structural_overrides"": {""adstock_decay_spec"": ""geometric"", ""alpha_m"": 0.3, ""ec_m"": 0.5, ""max_lag"": 4, ""slope_m"": 1.2}}",amazon,REVIEW,REVIEW:ROIConsistency,ROIConsistency,"meta,google",0.1427200755911568,0.1448393989711379,0.0021193233799811084,0.014849511333305587,0.3,0.5,1.2,4,geometric,2.0,1.5,LogNormal,0.0870262617190748,0.0316873177886009,0.1256441920995712,0.3074017763137817,0.0921418015661385,0.0314085615798831,0.1248507648706436,0.312351432442665,0.9813897668179137,0.4,0.5,LogNormal,1.3384734744452431,0.2691421263517213,15740.258094,2246.4508249999976,2279.8095219855486,33.35869698555098,33.35869698555098,100.0,224645.08249999976,227980.95219855485,3335.8696985550923,3335.8696985550923
multi|meta|2.500000|0.500000|LogNormal|alpha=0p3|ec=0p5|slope=1p2|lag=4|decay=geometric,meta,"{""roi_prior_overrides"": {""meta"": {""dist"": ""LogNormal"", ""mu"": 2.5, ""sigma"": 0.5}}, ""structural_overrides"": {""adstock_decay_spec"": ""geometric"", ""alpha_m"": 0.3, ""ec_m"": 0.5, ""max_lag"": 4, ""slope_m"": 1.2}}",meta,REVIEW,REVIEW:Baseline,Baseline,,0.029280560844733,0.2877861459429065,0.2585055850981735,8.828573553251239,0.3,0.5,1.2,4,geometric,2.5,0.5,LogNormal,0.010006085152067,0.0138470839709043,0.0283773858100175,0.046292670816183,0.038191772473562,0.2301673136651515,0.2849628031253814,0.3538145422935486,0.0,2.5,0.5,LogNormal,11.862685481414196,2.1937873187361534,840158.1265220001,24600.301142824308,241785.86921437923,217185.5680715549,217185.5680715549,100.0,2460030.1142824306,24178586.921437923,21718556.807155494,21718556.807155494
multi|meta|2.500000|0.500000|LogNormal|alpha=0p3|ec=0p5|slope=1p2|lag=4|decay=geometric,meta,"{""roi_prior_overrides"": {""meta"": {""dist"": ""LogNormal"", ""mu"": 2.5, ""sigma"": 0.5}}, ""structural_overrides"": {""adstock_decay_spec"": ""geometric"", ""alpha_m"": 0.3, ""ec_m"": 0.5, ""max_lag"": 4, ""slope_m"": 1.2}}",google,REVIEW,REVIEW:Baseline,Baseline,,0.0139941585313257,0.0186255735593537,0.004631415028028002,0.3309534487308152,0.3,0.5,1.2,4,geometric,2.5,0.5,LogNormal,0.0061258891604371,0.0055775473359972,0.0131913190707564,0.025741961505264,0.0083473801566707,0.0070558927953243,0.0175577457994222,0.0341994863003492,0.6528582404292314,0.4,0.5,LogNormal,3.8836926262793607,0.3783749793971867,10298543.94665,144119.45663124474,191816.28783256636,47696.83120132162,47696.83120132162,100.0,14411945.663124474,19181628.783256635,4769683.120132161,4769683.120132161
multi|meta|2.500000|0.500000|LogNormal|alpha=0p3|ec=0p5|slope=1p2|lag=4|decay=geometric,meta,"{""roi_prior_overrides"": {""meta"": {""dist"": ""LogNormal"", ""mu"": 2.5, ""sigma"": 0.5}}, ""structural_overrides"": {""adstock_decay_spec"": ""geometric"", ""alpha_m"": 0.3, ""ec_m"": 0.5, ""max_lag"": 4, ""slope_m"": 1.2}}",snapchat,REVIEW,REVIEW:Baseline,Baseline,,0.03020469453244,0.0288564999907976,0.001348194541642398,0.044635264898786886,0.3,0.5,1.2,4,geometric,2.5,0.5,LogNormal,0.0140056459119291,0.0100362443365156,0.0283850617706775,0.055136046744883,0.0141094343969298,0.0100591834168881,0.026617320254445,0.0550715113058686,0.998060423444989,0.4,0.5,LogNormal,3.343657566100722,0.3652283327861877,4342436.908989999,131161.9803624359,125307.53062430907,-5854.449738126816,5854.449738126816,100.0,13116198.03624359,12530753.062430907,-585444.9738126826,585444.9738126826
multi|meta|2.500000|0.500000|LogNormal|alpha=0p3|ec=0p5|slope=1p2|lag=4|decay=geometric,meta,"{""roi_prior_overrides"": {""meta"": {""dist"": ""LogNormal"", ""mu"": 2.5, ""sigma"": 0.5}}, ""structural_overrides"": {""adstock_decay_spec"": ""geometric"", ""alpha_m"": 0.3, ""ec_m"": 0.5, ""max_lag"": 4, ""slope_m"": 1.2}}",tiktok,REVIEW,REVIEW:Baseline,Baseline,,0.0287884467632587,0.0575952743828141,0.0288068276195554,1.0006384803059314,0.3,0.5,1.2,4,geometric,2.5,0.5,LogNormal,0.0135185184648836,0.0105488827917724,0.0266212420538067,0.0536383530125021,0.0292408202696873,0.0190453059971332,0.0523991417139768,0.1139975607395172,0.3343981547337217,0.4,0.5,LogNormal,2.5752344543252588,0.3534472540293102,1752685.0091300001,50457.0790781006,100946.3740074874,50489.29492938679,50489.29492938679,100.0,5045707.90781006,10094637.400748739,5048929.492938679,5048929.492938679
multi|meta|2.500000|0.500000|LogNormal|alpha=0p3|ec=0p5|slope=1p2|lag=4|decay=geometric,meta,"{""roi_prior_overrides"": {""meta"": {""dist"": ""LogNormal"", ""mu"": 2.5, ""sigma"": 0.5}}, ""structural_overrides"": {""adstock_decay_spec"": ""geometric"", ""alpha_m"": 0.3, ""ec_m"": 0.5, ""max_lag"": 4, ""slope_m"": 1.2}}",moloco,REVIEW,REVIEW:Baseline,Baseline,,0.0709003097071157,0.0700112936094713,0.0008890160976443989,0.01253895929815907,0.3,0.5,1.2,4,geometric,2.5,0.5,LogNormal,0.0334987230124958,0.0237496732734143,0.0674970224499702,0.1363316006958484,0.0391384552288152,0.0207707320339977,0.0621876064687967,0.1442778378725051,0.9115421064893336,0.4,0.5,LogNormal,2.2683513351172606,0.3359444574494574,842234.6095886,59714.69466588341,58965.9345399659,-748.7601259175135,748.7601259175135,100.0,5971469.466588342,5896593.45399659,-74876.01259175129,74876.01259175129
multi|meta|2.500000|0.500000|LogNormal|alpha=0p3|ec=0p5|slope=1p2|lag=4|decay=geometric,meta,"{""roi_prior_overrides"": {""meta"": {""dist"": ""LogNormal"", ""mu"": 2.5, ""sigma"": 0.5}}, ""structural_overrides"": {""adstock_decay_spec"": ""geometric"", ""alpha_m"": 0.3, ""ec_m"": 0.5, ""max_lag"": 4, ""slope_m"": 1.2}}",liveintent,REVIEW,REVIEW:Baseline,Baseline,,0.1021999410221663,0.0937623880279716,0.0084375529941947,0.08255927459258183,0.3,0.5,1.2,4,geometric,2.5,0.5,LogNormal,0.0593960569871977,0.0279089012183249,0.0902600549161434,0.2090533755719661,0.0590528712366091,0.0259841089136898,0.0810679905116558,0.2035805262625217,0.9595910239380147,0.4,0.5,LogNormal,1.83071236631551,0.3128156794057552,797987.173079,81554.242025119,74821.18296357733,-6733.059061541673,6733.059061541673,100.0,8155424.2025119,7482118.296357733,-673305.9061541669,673305.9061541669
multi|meta|2.500000|0.500000|LogNormal|alpha=0p3|ec=0p5|slope=1p2|lag=4|decay=geometric,meta,"{""roi_prior_overrides"": {""meta"": {""dist"": ""LogNormal"", ""mu"": 2.5, ""sigma"": 0.5}}, ""structural_overrides"": {""adstock_decay_spec"": ""geometric"", ""alpha_m"": 0.3, ""ec_m"": 0.5, ""max_lag"": 4, ""slope_m"": 1.2}}",beehiiv,REVIEW,REVIEW:Baseline,Baseline,,0.1893086385765733,0.1416938332359616,0.04761480534061169,0.2515194536215103,0.3,0.5,1.2,4,geometric,2.5,0.5,LogNormal,0.1183300575836542,0.040099230594933,0.1659338995814323,0.4200867876410484,0.0958219054778181,0.0327596679329872,0.1162687949836254,0.3342394813895223,0.7594104203606777,0.4,0.5,LogNormal,1.3039246078668545,0.2528868921489496,328172.2732613,62125.84626967589,46499.98736015306,-15625.858909522824,15625.858909522824,100.0,6212584.626967588,4649998.736015307,-1562585.8909522817,1562585.8909522817
multi|meta|2.500000|0.500000|LogNormal|alpha=0p3|ec=0p5|slope=1p2|lag=4|decay=geometric,meta,"{""roi_prior_overrides"": {""meta"": {""dist"": ""LogNormal"", ""mu"": 2.5, ""sigma"": 0.5}}, ""structural_overrides"": {""adstock_decay_spec"": ""geometric"", ""alpha_m"": 0.3, ""ec_m"": 0.5, ""max_lag"": 4, ""slope_m"": 1.2}}",amazon,REVIEW,REVIEW:Baseline,Baseline,,0.1427200755911568,0.2275559652829542,0.0848358896917974,0.5944215580071763,0.3,0.5,1.2,4,geometric,2.5,0.5,LogNormal,0.0870262617190748,0.0316873177886009,0.1256441920995712,0.3074017763137817,0.1696940218312738,0.0409020503982901,0.1874792277812957,0.5641930490732193,0.5004635823779527,0.4,0.5,LogNormal,0.6976771669772701,0.1865075216387512,15740.258094,2246.4508249999976,3581.789624383003,1335.3387993830052,1335.3387993830052,100.0,224645.08249999976,358178.96243830025,133533.8799383005,133533.8799383005
multi|meta|2.500000|1.000000|LogNormal|alpha=0p3|ec=0p5|slope=1p2|lag=4|decay=geometric,meta,"{""roi_prior_overrides"": {""meta"": {""dist"": ""LogNormal"", ""mu"": 2.5, ""sigma"": 1.0}}, ""structural_overrides"": {""adstock_decay_spec"": ""geometric"", ""alpha_m"": 0.3, ""ec_m"": 0.5, ""max_lag"": 4, ""slope_m"": 1.2}}",meta,REVIEW,REVIEW:ROIConsistency,ROIConsistency,"meta,google",0.029280560844733,0.0903944223963966,0.061113861551663595,2.087182068531204,0.3,0.5,1.2,4,geometric,2.5,1.0,LogNormal,0.010006085152067,0.0138470839709043,0.0283773858100175,0.046292670816183,0.014632947425983,0.0677756022661924,0.0899356007575988,0.1164546608924865,0.0,2.5,1.0,LogNormal,6.62768620110195,2.3685501938788875,840158.1265220001,24600.301142824308,75945.6085685949,51345.30742577059,51345.30742577059,100.0,2460030.1142824306,7594560.856859489,5134530.742577059,5134530.742577059
multi|meta|2.500000|1.000000|LogNormal|alpha=0p3|ec=0p5|slope=1p2|lag=4|decay=geometric,meta,"{""roi_prior_overrides"": {""meta"": {""dist"": ""LogNormal"", ""mu"": 2.5, ""sigma"": 1.0}}, ""structural_overrides"": {""adstock_decay_spec"": ""geometric"", ""alpha_m"": 0.3, ""ec_m"": 0.5, ""max_lag"": 4, ""slope_m"": 1.2}}",google,REVIEW,REVIEW:ROIConsistency,ROIConsistency,"meta,google",0.0139941585313257,0.0164874147018417,0.0024932561705160016,0.17816406502290838,0.3,0.5,1.2,4,geometric,2.5,1.0,LogNormal,0.0061258891604371,0.0055775473359972,0.0131913190707564,0.025741961505264,0.0070305365725161,0.0065851324936375,0.0157076995819807,0.0293549835681915,0.8056726059342108,0.4,0.5,LogNormal,4.058607732460748,0.3805128766816665,10298543.94665,144119.45663124474,169796.3648735601,25676.908242315345,25676.908242315345,100.0,14411945.663124474,16979636.487356007,2567690.8242315333,2567690.8242315333
multi|meta|2.500000|1.000000|LogNormal|alpha=0p3|ec=0p5|slope=1p2|lag=4|decay=geometric,meta,"{""roi_prior_overrides"": {""meta"": {""dist"": ""LogNormal"", ""mu"": 2.5, ""sigma"": 1.0}}, ""structural_overrides"": {""adstock_decay_spec"": ""geometric"", ""alpha_m"": 0.3, ""ec_m"": 0.5, ""max_lag"": 4, ""slope_m"": 1.2}}",snapchat,REVIEW,REVIEW:ROIConsistency,ROIConsistency,"meta,google",0.03020469453244,0.0282096655309821,0.0019950290014578986,0.06605029556962505,0.3,0.5,1.2,4,geometric,2.5,1.0,LogNormal,0.0140056459119291,0.0100362443365156,0.0283850617706775,0.055136046744883,0.01349967032295,0.0103317639790475,0.0262144198641181,0.05091861076653,0.8999340267608888,0.4,0.5,LogNormal,3.388763421605036,0.3658836199986848,4342436.908989999,131161.9803624359,122498.69279199964,-8663.287570436252,8663.287570436252,100.0,13116198.03624359,12249869.279199963,-866328.7570436262,866328.7570436262
multi|meta|2.500000|1.000000|LogNormal|alpha=0p3|ec=0p5|slope=1p2|lag=4|decay=geometric,meta,"{""roi_prior_overrides"": {""meta"": {""dist"": ""LogNormal"", ""mu"": 2.5, ""sigma"": 1.0}}, ""structural_overrides"": {""adstock_decay_spec"": ""geometric"", ""alpha_m"": 0.3, ""ec_m"": 0.5, ""max_lag"": 4, ""slope_m"": 1.2}}",tiktok,REVIEW,REVIEW:ROIConsistency,ROIConsistency,"meta,google",0.0287884467632587,0.0370580563616628,0.008269609598404101,0.28725445545600614,0.3,0.5,1.2,4,geometric,2.5,1.0,LogNormal,0.0135185184648836,0.0105488827917724,0.0266212420538067,0.0536383530125021,0.0172388453573894,0.0133823839016258,0.0349400043487548,0.0701993443071842,0.6748643361372053,0.4,0.5,LogNormal,3.13149087454139,0.373975739705626,1752685.0091300001,50457.0790781006,64951.09985258103,14494.020774480428,14494.020774480428,100.0,5045707.90781006,6495109.985258102,1449402.077448042,1449402.077448042
multi|meta|2.500000|1.000000|LogNormal|alpha=0p3|ec=0p5|slope=1p2|lag=4|decay=geometric,meta,"{""roi_prior_overrides"": {""meta"": {""dist"": ""LogNormal"", ""mu"": 2.5, ""sigma"": 1.0}}, ""structural_overrides"": {""adstock_decay_spec"": ""geometric"", ""alpha_m"": 0.3, ""ec_m"": 0.5, ""max_lag"": 4, ""slope_m"": 1.2}}",moloco,REVIEW,REVIEW:ROIConsistency,ROIConsistency,"meta,google",0.0709003097071157,0.0661214692657813,0.004778840441334392,0.06740225058360749,0.3,0.5,1.2,4,geometric,2.5,1.0,LogNormal,0.0334987230124958,0.0237496732734143,0.0674970224499702,0.1363316006958484,0.0322553247232259,0.0217289407737553,0.0613457728177309,0.1252414599061011,0.8855971292610567,0.4,0.5,LogNormal,2.465955519628739,0.3398096212341226,842234.6095886,59714.69466588341,55689.78985248993,-4024.904813393485,4024.904813393485,100.0,5971469.466588342,5568978.985248993,-402490.4813393485,402490.4813393485
multi|meta|2.500000|1.000000|LogNormal|alpha=0p3|ec=0p5|slope=1p2|lag=4|decay=geometric,meta,"{""roi_prior_overrides"": {""meta"": {""dist"": ""LogNormal"", ""mu"": 2.5, ""sigma"": 1.0}}, ""structural_overrides"": {""adstock_decay_spec"": ""geometric"", ""alpha_m"": 0.3, ""ec_m"": 0.5, ""max_lag"": 4, ""slope_m"": 1.2}}",liveintent,REVIEW,REVIEW:ROIConsistency,ROIConsistency,"meta,google",0.1021999410221663,0.1008807903621345,0.0013191506600317982,0.012907548153532566,0.3,0.5,1.2,4,geometric,2.5,1.0,LogNormal,0.0593960569871977,0.0279089012183249,0.0902600549161434,0.2090533755719661,0.0612236533622186,0.0265805970877409,0.0886474885046482,0.2167140416800975,0.9527228349647395,0.4,0.5,LogNormal,1.786515765337119,0.3057208298014247,797987.173079,81554.242025119,80501.57671905494,-1052.6653060640674,1052.6653060640674,100.0,8155424.2025119,8050157.671905493,-105266.53060640674,105266.53060640674
multi|meta|2.500000|1.000000|LogNormal|alpha=0p3|ec=0p5|slope=1p2|lag=4|decay=geometric,meta,"{""roi_prior_overrides"": {""meta"": {""dist"": ""LogNormal"", ""mu"": 2.5, ""sigma"": 1.0}}, ""structural_overrides"": {""adstock_decay_spec"": ""geometric"", ""alpha_m"": 0.3, ""ec_m"": 0.5, ""max_lag"": 4, ""slope_m"": 1.2}}",beehiiv,REVIEW,REVIEW:ROIConsistency,ROIConsistency,"meta,google",0.1893086385765733,0.1721509290090762,0.017157709567497098,0.09063352679786452,0.3,0.5,1.2,4,geometric,2.5,1.0,LogNormal,0.1183300575836542,0.040099230594933,0.1659338995814323,0.4200867876410484,0.1093901316919229,0.0432897450402379,0.1432431861758232,0.3803242504596709,0.8869619522265839,0.4,0.5,LogNormal,1.1474502165418878,0.2224739867343056,328172.2732613,62125.84626967589,56495.16171695321,-5630.684552722676,5630.684552722676,100.0,6212584.626967588,5649516.171695321,-563068.4552722676,563068.4552722676
multi|meta|2.500000|1.000000|LogNormal|alpha=0p3|ec=0p5|slope=1p2|lag=4|decay=geometric,meta,"{""roi_prior_overrides"": {""meta"": {""dist"": ""LogNormal"", ""mu"": 2.5, ""sigma"": 1.0}}, ""structural_overrides"": {""adstock_decay_spec"": ""geometric"", ""alpha_m"": 0.3, ""ec_m"": 0.5, ""max_lag"": 4, ""slope_m"": 1.2}}",amazon,REVIEW,REVIEW:ROIConsistency,ROIConsistency,"meta,google",0.1427200755911568,0.1536749273643363,0.010954851773179508,0.07675760910161888,0.3,0.5,1.2,4,geometric,2.5,1.0,LogNormal,0.0870262617190748,0.0316873177886009,0.1256441920995712,0.3074017763137817,0.0958587109416231,0.0337090328335762,0.1335525512695312,0.3420874893665314,0.8817415985593002,0.4,0.5,LogNormal,1.2914626198279058,0.2603105885647174,15740.258094,2246.4508249999976,2418.8830192913565,172.43219429135888,172.43219429135888,100.0,224645.08249999976,241888.30192913566,17243.219429135905,17243.219429135905
multi|meta|2.500000|1.500000|LogNormal|alpha=0p3|ec=0p5|slope=1p2|lag=4|decay=geometric,meta,"{""roi_prior_overrides"": {""meta"": {""dist"": ""LogNormal"", ""mu"": 2.5, ""sigma"": 1.5}}, ""structural_overrides"": {""adstock_decay_spec"": ""geometric"", ""alpha_m"": 0.3, ""ec_m"": 0.5, ""max_lag"": 4, ""slope_m"": 1.2}}",meta,REVIEW,REVIEW:ROIConsistency,ROIConsistency,"meta,google",0.029280560844733,0.0579719195716703,0.0286913587269373,0.9798773622909724,0.3,0.5,1.2,4,geometric,2.5,1.5,LogNormal,0.010006085152067,0.0138470839709043,0.0283773858100175,0.046292670816183,0.0121123742985781,0.0391848690807819,0.0572145525366067,0.0785955242812633,0.1097756440360762,2.5,1.5,LogNormal,5.644247866689543,2.375694781738793,840158.1265220001,24600.301142824308,48705.57933821859,24105.27819539428,24105.27819539428,100.0,2460030.1142824306,4870557.933821859,2410527.819539428,2410527.819539428
multi|meta|2.500000|1.500000|LogNormal|alpha=0p3|ec=0p5|slope=1p2|lag=4|decay=geometric,meta,"{""roi_prior_overrides"": {""meta"": {""dist"": ""LogNormal"", ""mu"": 2.5, ""sigma"": 1.5}}, ""structural_overrides"": {""adstock_decay_spec"": ""geometric"", ""alpha_m"": 0.3, ""ec_m"": 0.5, ""max_lag"": 4, ""slope_m"": 1.2}}",google,REVIEW,REVIEW:ROIConsistency,ROIConsistency,"meta,google",0.0139941585313257,0.0155077113896065,0.0015135528582808002,0.10815604631694975,0.3,0.5,1.2,4,geometric,2.5,1.5,LogNormal,0.0061258891604371,0.0055775473359972,0.0131913190707564,0.025741961505264,0.0065994711546272,0.0064256118610501,0.014639850705862,0.0282055375166237,0.8536484897696331,0.4,0.5,LogNormal,4.123374326727771,0.3814909640074755,10298543.94665,144119.45663124474,159706.8472578273,15587.39062658255,15587.39062658255,100.0,14411945.663124474,15970684.72578273,1558739.062658256,1558739.062658256
multi|meta|2.500000|1.500000|LogNormal|alpha=0p3|ec=0p5|slope=1p2|lag=4|decay=geometric,meta,"{""roi_prior_overrides"": {""meta"": {""dist"": ""LogNormal"", ""mu"": 2.5, ""sigma"": 1.5}}, ""structural_overrides"": {""adstock_decay_spec"": ""geometric"", ""alpha_m"": 0.3, ""ec_m"": 0.5, ""max_lag"": 4, ""slope_m"": 1.2}}",snapchat,REVIEW,REVIEW:ROIConsistency,ROIConsistency,"meta,google",0.03020469453244,0.0287150606249148,0.001489633907525198,0.049317959694156976,0.3,0.5,1.2,4,geometric,2.5,1.5,LogNormal,0.0140056459119291,0.0100362443365156,0.0283850617706775,0.055136046744883,0.0130965192298422,0.0108064249157905,0.0267070140689611,0.0530757162719965,0.9372389478221693,0.4,0.5,LogNormal,3.418309661212639,0.3653761743286068,4342436.908989999,131161.9803624359,124693.33910151548,-6468.641260920413,6468.641260920413,100.0,13116198.03624359,12469333.910151549,-646864.1260920409,646864.1260920409
multi|meta|2.500000|1.500000|LogNormal|alpha=0p3|ec=0p5|slope=1p2|lag=4|decay=geometric,meta,"{""roi_prior_overrides"": {""meta"": {""dist"": ""LogNormal"", ""mu"": 2.5, ""sigma"": 1.5}}, ""structural_overrides"": {""adstock_decay_spec"": ""geometric"", ""alpha_m"": 0.3, ""ec_m"": 0.5, ""max_lag"": 4, ""slope_m"": 1.2}}",tiktok,REVIEW,REVIEW:ROIConsistency,ROIConsistency,"meta,google",0.0287884467632587,0.0314524868041432,0.0026640400408844966,0.09253851250788836,0.3,0.5,1.2,4,geometric,2.5,1.5,LogNormal,0.0135185184648836,0.0105488827917724,0.0266212420538067,0.0536383530125021,0.0145582544411164,0.0110370243433862,0.029351282864809,0.0578525412827729,0.9005926820062086,0.4,0.5,LogNormal,3.308528374637113,0.379578311550792,1752685.0091300001,50457.0790781006,55126.30212148093,4669.223043380327,4669.223043380327,100.0,5045707.90781006,5512630.212148093,466922.3043380324,466922.3043380324
multi|meta|2.500000|1.500000|LogNormal|alpha=0p3|ec=0p5|slope=1p2|lag=4|decay=geometric,meta,"{""roi_prior_overrides"": {""meta"": {""dist"": ""LogNormal"", ""mu"": 2.5, ""sigma"": 1.5}}, ""structural_overrides"": {""adstock_decay_spec"": ""geometric"", ""alpha_m"": 0.3, ""ec_m"": 0.5, ""max_lag"": 4, ""slope_m"": 1.2}}",moloco,REVIEW,REVIEW:ROIConsistency,ROIConsistency,"meta,google",0.0709003097071157,0.0680851904287313,0.00281511927838439,0.039705317085545255,0.3,0.5,1.2,4,geometric,2.5,1.5,LogNormal,0.0334987230124958,0.0237496732734143,0.0674970224499702,0.1363316006958484,0.0323694207417011,0.022989556659013,0.0627655647695064,0.1286126047372817,0.9251900506557624,0.4,0.5,LogNormal,2.459824365979843,0.3378616311550838,842234.6095886,59714.69466588341,57343.703779507996,-2370.990886375417,2370.990886375417,100.0,5971469.466588342,5734370.3779508,-237099.08863754198,237099.08863754198
multi|meta|2.500000|1.500000|LogNormal|alpha=0p3|ec=0p5|slope=1p2|lag=4|decay=geometric,meta,"{""roi_prior_overrides"": {""meta"": {""dist"": ""LogNormal"", ""mu"": 2.5, ""sigma"": 1.5}}, ""structural_overrides"": {""adstock_decay_spec"": ""geometric"", ""alpha_m"": 0.3, ""ec_m"": 0.5, ""max_lag"": 4, ""slope_m"": 1.2}}",liveintent,REVIEW,REVIEW:ROIConsistency,ROIConsistency,"meta,google",0.1021999410221663,0.1035180148932461,0.0013180738710797946,0.012897012052031531,0.3,0.5,1.2,4,geometric,2.5,1.5,LogNormal,0.0593960569871977,0.0279089012183249,0.0902600549161434,0.2090533755719661,0.0638007655084377,0.0292138308286666,0.0912019945681095,0.2194370836019515,0.9389717090463741,0.4,0.5,LogNormal,1.7427871199231828,0.3031018015967757,797987.173079,81554.242025119,82606.04806741126,1051.8060422922572,1051.8060422922572,100.0,8155424.2025119,8260604.806741126,105180.60422922578,105180.60422922578
multi|meta|2.500000|1.500000|LogNormal|alpha=0p3|ec=0p5|slope=1p2|lag=4|decay=geometric,meta,"{""roi_prior_overrides"": {""meta"": {""dist"": ""LogNormal"", ""mu"": 2.5, ""sigma"": 1.5}}, ""structural_overrides"": {""adstock_decay_spec"": ""geometric"", ""alpha_m"": 0.3, ""ec_m"": 0.5, ""max_lag"": 4, ""slope_m"": 1.2}}",beehiiv,REVIEW,REVIEW:ROIConsistency,ROIConsistency,"meta,google",0.1893086385765733,0.181979804514752,0.007328834061821277,0.03871368003556186,0.3,0.5,1.2,4,geometric,2.5,1.5,LogNormal,0.1183300575836542,0.040099230594933,0.1659338995814323,0.4200867876410484,0.1148967804746236,0.0401531588286161,0.1574924662709236,0.4024329781532286,0.9533991642801243,0.4,0.5,LogNormal,1.0920420858040374,0.2126824997169181,328172.2732613,62125.84626967589,59720.72613525315,-2405.1201344227375,2405.1201344227375,100.0,6212584.626967588,5972072.613525315,-240512.01344227325,240512.01344227325
multi|meta|2.500000|1.500000|LogNormal|alpha=0p3|ec=0p5|slope=1p2|lag=4|decay=geometric,meta,"{""roi_prior_overrides"": {""meta"": {""dist"": ""LogNormal"", ""mu"": 2.5, ""sigma"": 1.5}}, ""structural_overrides"": {""adstock_decay_spec"": ""geometric"", ""alpha_m"": 0.3, ""ec_m"": 0.5, ""max_lag"": 4, ""slope_m"": 1.2}}",amazon,REVIEW,REVIEW:ROIConsistency,ROIConsistency,"meta,google",0.1427200755911568,0.1498725447089721,0.007152469117815308,0.05011536806009431,0.3,0.5,1.2,4,geometric,2.5,1.5,LogNormal,0.0870262617190748,0.0316873177886009,0.1256441920995712,0.3074017763137817,0.0940028431716781,0.0358527297154068,0.129520982503891,0.3217748090624809,0.936093608882975,0.4,0.5,LogNormal,1.3140836269318388,0.264081535475077,15740.258094,2246.4508249999976,2359.032534923775,112.58170992377745,112.58170992377745,100.0,224645.08249999976,235903.2534923775,11258.170992377738,11258.170992377738
multi|meta|3.000000|0.500000|LogNormal|alpha=0p3|ec=0p5|slope=1p2|lag=4|decay=geometric,meta,"{""roi_prior_overrides"": {""meta"": {""dist"": ""LogNormal"", ""mu"": 3.0, ""sigma"": 0.5}}, ""structural_overrides"": {""adstock_decay_spec"": ""geometric"", ""alpha_m"": 0.3, ""ec_m"": 0.5, ""max_lag"": 4, ""slope_m"": 1.2}}",meta,REVIEW,REVIEW:Baseline,Baseline,,0.029280560844733,0.4747863409419854,0.4455057800972524,15.21506990455718,0.3,0.5,1.2,4,geometric,3.0,0.5,LogNormal,0.010006085152067,0.0138470839709043,0.0283773858100175,0.046292670816183,0.0566510111406033,0.384024991095066,0.4715831279754638,0.5683310359716415,0.0,3.0,0.5,LogNormal,14.437524984112915,2.507187432125075,840158.1265220001,24600.301142824308,398895.60270405404,374295.30156122975,374295.30156122975,100.0,2460030.1142824306,39889560.270405404,37429530.156122975,37429530.156122975
multi|meta|3.000000|0.500000|LogNormal|alpha=0p3|ec=0p5|slope=1p2|lag=4|decay=geometric,meta,"{""roi_prior_overrides"": {""meta"": {""dist"": ""LogNormal"", ""mu"": 3.0, ""sigma"": 0.5}}, ""structural_overrides"": {""adstock_decay_spec"": ""geometric"", ""alpha_m"": 0.3, ""ec_m"": 0.5, ""max_lag"": 4, ""slope_m"": 1.2}}",google,REVIEW,REVIEW:Baseline,Baseline,,0.0139941585313257,0.0179693990839102,0.003975240552584499,0.28406427894081565,0.3,0.5,1.2,4,geometric,3.0,0.5,LogNormal,0.0061258891604371,0.0055775473359972,0.0131913190707564,0.025741961505264,0.0083523659969182,0.006863407138735,0.0165889021009206,0.0339958943426608,0.664308672214549,0.4,0.5,LogNormal,3.8840975308800494,0.3790279014193655,10298543.94665,144119.45663124474,185058.64616054145,40939.18952929671,40939.18952929671,100.0,14411945.663124474,18505864.616054144,4093918.95292967,4093918.95292967
multi|meta|3.000000|0.500000|LogNormal|alpha=0p3|ec=0p5|slope=1p2|lag=4|decay=geometric,meta,"{""roi_prior_overrides"": {""meta"": {""dist"": ""LogNormal"", ""mu"": 3.0, ""sigma"": 0.5}}, ""structural_overrides"": {""adstock_decay_spec"": ""geometric"", ""alpha_m"": 0.3, ""ec_m"": 0.5, ""max_lag"": 4, ""slope_m"": 1.2}}",snapchat,REVIEW,REVIEW:Baseline,Baseline,,0.03020469453244,0.0286693824115597,0.0015353121208802993,0.05083024823281579,0.3,0.5,1.2,4,geometric,3.0,0.5,LogNormal,0.0140056459119291,0.0100362443365156,0.0283850617706775,0.055136046744883,0.0149296593611997,0.0100745424162596,0.026018782518804,0.0580809341743588,0.9379081118165519,0.4,0.5,LogNormal,3.287476947432628,0.3654273985359596,4342436.908989999,131161.9803624359,124494.98434190555,-6666.996020530336,6666.996020530336,100.0,13116198.03624359,12449498.434190555,-666699.602053035,666699.602053035
multi|meta|3.000000|0.500000|LogNormal|alpha=0p3|ec=0p5|slope=1p2|lag=4|decay=geometric,meta,"{""roi_prior_overrides"": {""meta"": {""dist"": ""LogNormal"", ""mu"": 3.0, ""sigma"": 0.5}}, ""structural_overrides"": {""adstock_decay_spec"": ""geometric"", ""alpha_m"": 0.3, ""ec_m"": 0.5, ""max_lag"": 4, ""slope_m"": 1.2}}",tiktok,REVIEW,REVIEW:Baseline,Baseline,,0.0287884467632587,0.0606035769901548,0.031815130226896096,1.105135351293082,0.3,0.5,1.2,4,geometric,3.0,0.5,LogNormal,0.0135185184648836,0.0105488827917724,0.0266212420538067,0.0536383530125021,0.0325332409500505,0.0182399127632379,0.0551312081515789,0.1194037914276122,0.32518919626936776,0.4,0.5,LogNormal,2.4648424207625563,0.3504769530036382,1752685.0091300001,50457.0790781006,106218.98089030012,55761.901812199525,55761.901812199525,100.0,5045707.90781006,10621898.089030012,5576190.181219952,5576190.181219952
multi|meta|3.000000|0.500000|LogNormal|alpha=0p3|ec=0p5|slope=1p2|lag=4|decay=geometric,meta,"{""roi_prior_overrides"": {""meta"": {""dist"": ""LogNormal"", ""mu"": 3.0, ""sigma"": 0.5}}, ""structural_overrides"": {""adstock_decay_spec"": ""geometric"", ""alpha_m"": 0.3, ""ec_m"": 0.5, ""max_lag"": 4, ""slope_m"": 1.2}}",moloco,REVIEW,REVIEW:Baseline,Baseline,,0.0709003097071157,0.0748550977344469,0.0039547880273312075,0.05577955926664013,0.3,0.5,1.2,4,geometric,3.0,0.5,LogNormal,0.0334987230124958,0.0237496732734143,0.0674970224499702,0.1363316006958484,0.0465884329645466,0.0206433845683932,0.0640313178300857,0.1664018511772155,0.7723868811310606,0.4,0.5,LogNormal,2.0890351868578447,0.3311153368630227,842234.6095886,59714.69466588341,63045.55401608838,3330.85935020497,3330.85935020497,100.0,5971469.466588342,6304555.401608839,333085.93502049707,333085.93502049707
multi|meta|3.000000|0.500000|LogNormal|alpha=0p3|ec=0p5|slope=1p2|lag=4|decay=geometric,meta,"{""roi_prior_overrides"": {""meta"": {""dist"": ""LogNormal"", ""mu"": 3.0, ""sigma"": 0.5}}, ""structural_overrides"": {""adstock_decay_spec"": ""geometric"", ""alpha_m"": 0.3, ""ec_m"": 0.5, ""max_lag"": 4, ""slope_m"": 1.2}}",liveintent,REVIEW,REVIEW:Baseline,Baseline,,0.1021999410221663,0.0916672795681127,0.010532661454053599,0.10305936920031245,0.3,0.5,1.2,4,geometric,3.0,0.5,LogNormal,0.0593960569871977,0.0279089012183249,0.0902600549161434,0.2090533755719661,0.0566616360782078,0.025064175017178,0.0792815648019313,0.2049012273550033,0.9619712765911704,0.4,0.5,LogNormal,1.8740699440552064,0.3149859837290562,797987.173079,81554.242025119,73149.31328640063,-8404.928738718372,8404.928738718372,100.0,8155424.2025119,7314931.328640063,-840492.8738718368,840492.8738718368
multi|meta|3.000000|0.500000|LogNormal|alpha=0p3|ec=0p5|slope=1p2|lag=4|decay=geometric,meta,"{""roi_prior_overrides"": {""meta"": {""dist"": ""LogNormal"", ""mu"": 3.0, ""sigma"": 0.5}}, ""structural_overrides"": {""adstock_decay_spec"": ""geometric"", ""alpha_m"": 0.3, ""ec_m"": 0.5, ""max_lag"": 4, ""slope_m"": 1.2}}",beehiiv,REVIEW,REVIEW:Baseline,Baseline,,0.1893086385765733,0.1232578592553424,0.06605077932123089,0.3489052576674364,0.3,0.5,1.2,4,geometric,3.0,0.5,LogNormal,0.1183300575836542,0.040099230594933,0.1659338995814323,0.4200867876410484,0.0843903315570402,0.0282748656347394,0.1051086969673633,0.3005627989768981,0.6647668275335713,0.4,0.5,LogNormal,1.4465711394420648,0.271261955325499,328172.2732613,62125.84626967589,40449.81186914708,-21676.034400528806,21676.034400528806,100.0,6212584.626967588,4044981.186914708,-2167603.4400528804,2167603.4400528804
multi|meta|3.000000|0.500000|LogNormal|alpha=0p3|ec=0p5|slope=1p2|lag=4|decay=geometric,meta,"{""roi_prior_overrides"": {""meta"": {""dist"": ""LogNormal"", ""mu"": 3.0, ""sigma"": 0.5}}, ""structural_overrides"": {""adstock_decay_spec"": ""geometric"", ""alpha_m"": 0.3, ""ec_m"": 0.5, ""max_lag"": 4, ""slope_m"": 1.2}}",amazon,REVIEW,REVIEW:Baseline,Baseline,,0.1427200755911568,0.2616569847303132,0.11893690913915639,0.833357946641432,0.3,0.5,1.2,4,geometric,3.0,0.5,LogNormal,0.0870262617190748,0.0316873177886009,0.1256441920995712,0.3074017763137817,0.2131875581350482,0.0471729455515742,0.1978139504790306,0.6956973433494565,0.39190497243231437,0.4,0.5,LogNormal,0.4816112151839002,0.1524696169845178,15740.258094,2246.4508249999976,4118.548471752947,1872.0976467529495,1872.0976467529495,100.0,224645.08249999976,411854.8471752947,187209.76467529495,187209.76467529495
multi|meta|3.000000|1.000000|LogNormal|alpha=0p3|ec=0p5|slope=1p2|lag=4|decay=geometric,meta,"{""roi_prior_overrides"": {""meta"": {""dist"": ""LogNormal"", ""mu"": 3.0, ""sigma"": 1.0}}, ""structural_overrides"": {""adstock_decay_spec"": ""geometric"", ""alpha_m"": 0.3, ""ec_m"": 0.5, ""max_lag"": 4, ""slope_m"": 1.2}}",meta,REVIEW,REVIEW:ROIConsistency,ROIConsistency,"meta,google",0.029280560844733,0.1200437089179952,0.0907631480732622,3.099774917377948,0.3,0.5,1.2,4,geometric,3.0,1.0,LogNormal,0.010006085152067,0.0138470839709043,0.0283773858100175,0.046292670816183,0.0182769739877788,0.091422276943922,0.1185554601252079,0.1520692110061645,0.0,3.0,1.0,LogNormal,7.649354406592925,2.840196011003433,840158.1265220001,24600.301142824308,100855.69758529516,76255.39644247085,76255.39644247085,100.0,2460030.1142824306,10085569.758529516,7625539.644247085,7625539.644247085
multi|meta|3.000000|1.000000|LogNormal|alpha=0p3|ec=0p5|slope=1p2|lag=4|decay=geometric,meta,"{""roi_prior_overrides"": {""meta"": {""dist"": ""LogNormal"", ""mu"": 3.0, ""sigma"": 1.0}}, ""structural_overrides"": {""adstock_decay_spec"": ""geometric"", ""alpha_m"": 0.3, ""ec_m"": 0.5, ""max_lag"": 4, ""slope_m"": 1.2}}",google,REVIEW,REVIEW:ROIConsistency,ROIConsistency,"meta,google",0.0139941585313257,0.0172577599009188,0.003263601369593099,0.2332116905984436,0.3,0.5,1.2,4,geometric,3.0,1.0,LogNormal,0.0061258891604371,0.0055775473359972,0.0131913190707564,0.025741961505264,0.007437957505425,0.0068575060227885,0.0166709860786795,0.0309904852882027,0.743103985772593,0.4,0.5,LogNormal,4.001105707243677,0.3797437102933576,10298543.94665,144119.45663124474,177729.7987603464,33610.34212910166,33610.34212910166,100.0,14411945.663124474,17772979.87603464,3361034.212910166,3361034.212910166
multi|meta|3.000000|1.000000|LogNormal|alpha=0p3|ec=0p5|slope=1p2|lag=4|decay=geometric,meta,"{""roi_prior_overrides"": {""meta"": {""dist"": ""LogNormal"", ""mu"": 3.0, ""sigma"": 1.0}}, ""structural_overrides"": {""adstock_decay_spec"": ""geometric"", ""alpha_m"": 0.3, ""ec_m"": 0.5, ""max_lag"": 4, ""slope_m"": 1.2}}",snapchat,REVIEW,REVIEW:ROIConsistency,ROIConsistency,"meta,google",0.03020469453244,0.0275478411624984,0.002656853369941599,0.08796160368674233,0.3,0.5,1.2,4,geometric,3.0,1.0,LogNormal,0.0140056459119291,0.0100362443365156,0.0283850617706775,0.055136046744883,0.0130043647011779,0.0092337829060852,0.0255568753927946,0.0504865750670433,0.8812273589072533,0.4,0.5,LogNormal,3.427102499314352,0.3665524190616956,4342436.908989999,131161.9803624359,119624.76222702702,-11537.218135408868,11537.218135408868,100.0,13116198.03624359,11962476.222702703,-1153721.813540887,1153721.813540887
multi|meta|3.000000|1.000000|LogNormal|alpha=0p3|ec=0p5|slope=1p2|lag=4|decay=geometric,meta,"{""roi_prior_overrides"": {""meta"": {""dist"": ""LogNormal"", ""mu"": 3.0, ""sigma"": 1.0}}, ""structural_overrides"": {""adstock_decay_spec"": ""geometric"", ""alpha_m"": 0.3, ""ec_m"": 0.5, ""max_lag"": 4, ""slope_m"": 1.2}}",tiktok,REVIEW,REVIEW:ROIConsistency,ROIConsistency,"meta,google",0.0287884467632587,0.0416374191094655,0.0128489723462068,0.44632391778098013,0.3,0.5,1.2,4,geometric,3.0,1.0,LogNormal,0.0135185184648836,0.0105488827917724,0.0266212420538067,0.0536383530125021,0.0203328964433252,0.0144112521316856,0.0391679480671882,0.0796212770044803,0.5679128590796629,0.4,0.5,LogNormal,2.9600423416622648,0.3693883223001646,1752685.0091300001,50457.0790781006,72977.28029202318,22520.201213922577,22520.201213922577,100.0,5045707.90781006,7297728.029202318,2252020.1213922575,2252020.1213922575
multi|meta|3.000000|1.000000|LogNormal|alpha=0p3|ec=0p5|slope=1p2|lag=4|decay=geometric,meta,"{""roi_prior_overrides"": {""meta"": {""dist"": ""LogNormal"", ""mu"": 3.0, ""sigma"": 1.0}}, ""structural_overrides"": {""adstock_decay_spec"": ""geometric"", ""alpha_m"": 0.3, ""ec_m"": 0.5, ""max_lag"": 4, ""slope_m"": 1.2}}",moloco,REVIEW,REVIEW:ROIConsistency,ROIConsistency,"meta,google",0.0709003097071157,0.0656398584041744,0.005260451302941296,0.07419503983370257,0.3,0.5,1.2,4,geometric,3.0,1.0,LogNormal,0.0334987230124958,0.0237496732734143,0.0674970224499702,0.1363316006958484,0.0338072395653765,0.0212738857604563,0.0589543860405683,0.1264880701899528,0.8929292309883677,0.4,0.5,LogNormal,2.419812398013535,0.340291459697405,842234.6095886,59714.69466588341,55284.16051649081,-4430.534149392603,4430.534149392603,100.0,5971469.466588342,5528416.051649081,-443053.41493926104,443053.41493926104
multi|meta|3.000000|1.000000|LogNormal|alpha=0p3|ec=0p5|slope=1p2|lag=4|decay=geometric,meta,"{""roi_prior_overrides"": {""meta"": {""dist"": ""LogNormal"", ""mu"": 3.0, ""sigma"": 1.0}}, ""structural_overrides"": {""adstock_decay_spec"": ""geometric"", ""alpha_m"": 0.3, ""ec_m"": 0.5, ""max_lag"": 4, ""slope_m"": 1.2}}",liveintent,REVIEW,REVIEW:ROIConsistency,ROIConsistency,"meta,google",0.1021999410221663,0.0997375641336354,0.002462376888530904,0.024093721228242493,0.3,0.5,1.2,4,geometric,3.0,1.0,LogNormal,0.0593960569871977,0.0279089012183249,0.0902600549161434,0.2090533755719661,0.0626379501350623,0.026694943010807,0.0855049230158329,0.2236832559108733,0.9195696520612225,0.4,0.5,LogNormal,1.7653988581901956,0.3068221322586338,797987.173079,81554.242025119,79589.29685278516,-1964.9451723338425,1964.9451723338425,100.0,8155424.2025119,7958929.685278516,-196494.51723338384,196494.51723338384
multi|meta|3.000000|1.000000|LogNormal|alpha=0p3|ec=0p5|slope=1p2|lag=4|decay=geometric,meta,"{""roi_prior_overrides"": {""meta"": {""dist"": ""LogNormal"", ""mu"": 3.0, ""sigma"": 1.0}}, ""structural_overrides"": {""adstock_decay_spec"": ""geometric"", ""alpha_m"": 0.3, ""ec_m"": 0.5, ""max_lag"": 4, ""slope_m"": 1.2}}",beehiiv,REVIEW,REVIEW:ROIConsistency,ROIConsistency,"meta,google",0.1893086385765733,0.1656716892255159,0.023636949351057396,0.12485932775590958,0.3,0.5,1.2,4,geometric,3.0,1.0,LogNormal,0.1183300575836542,0.040099230594933,0.1659338995814323,0.4200867876410484,0.1106155793864312,0.0399603160098195,0.1369923055171966,0.3770411908626555,0.8863943592820841,0.4,0.5,LogNormal,1.142838284075849,0.2288461255845898,328172.2732613,62125.84626967589,54368.85486817717,-7756.991401498715,7756.991401498715,100.0,6212584.626967588,5436885.486817718,-775699.1401498709,775699.1401498709
multi|meta|3.000000|1.000000|LogNormal|alpha=0p3|ec=0p5|slope=1p2|lag=4|decay=geometric,meta,"{""roi_prior_overrides"": {""meta"": {""dist"": ""LogNormal"", ""mu"": 3.0, ""sigma"": 1.0}}, ""structural_overrides"": {""adstock_decay_spec"": ""geometric"", ""alpha_m"": 0.3, ""ec_m"": 0.5, ""max_lag"": 4, ""slope_m"": 1.2}}",amazon,REVIEW,REVIEW:ROIConsistency,ROIConsistency,"meta,google",0.1427200755911568,0.1641006525493382,0.021380576958181408,0.1498077749021749,0.3,0.5,1.2,4,geometric,3.0,1.0,LogNormal,0.0870262617190748,0.0316873177886009,0.1256441920995712,0.3074017763137817,0.105816321194584,0.0349144870415329,0.1369118839502334,0.3681658431887625,0.8098207424922278,0.4,0.5,LogNormal,1.1865945182140658,0.2498767033876482,15740.258094,2246.4508249999976,2582.9866245204025,336.5357995204049,336.5357995204049,100.0,224645.08249999976,258298.66245204024,33653.57995204048,33653.57995204048
multi|meta|3.000000|1.500000|LogNormal|alpha=0p3|ec=0p5|slope=1p2|lag=4|decay=geometric,meta,"{""roi_prior_overrides"": {""meta"": {""dist"": ""LogNormal"", ""mu"": 3.0, ""sigma"": 1.5}}, ""structural_overrides"": {""adstock_decay_spec"": ""geometric"", ""alpha_m"": 0.3, ""ec_m"": 0.5, ""max_lag"": 4, ""slope_m"": 1.2}}",meta,REVIEW,REVIEW:ROIConsistency,ROIConsistency,"meta,google",0.029280560844733,0.0724355955608189,0.043155034716085894,1.4738459056479667,0.3,0.5,1.2,4,geometric,3.0,1.5,LogNormal,0.010006085152067,0.0138470839709043,0.0283773858100175,0.046292670816183,0.0131219261235325,0.052185252122581,0.0716197006404399,0.095010258629918,0.0,3.0,1.5,LogNormal,6.143559256616776,2.863401502421109,840158.1265220001,24600.301142824308,60857.35425988291,36257.053117058604,36257.053117058604,100.0,2460030.1142824306,6085735.42598829,3625705.31170586,3625705.31170586
multi|meta|3.000000|1.500000|LogNormal|alpha=0p3|ec=0p5|slope=1p2|lag=4|decay=geometric,meta,"{""roi_prior_overrides"": {""meta"": {""dist"": ""LogNormal"", ""mu"": 3.0, ""sigma"": 1.5}}, ""structural_overrides"": {""adstock_decay_spec"": ""geometric"", ""alpha_m"": 0.3, ""ec_m"": 0.5, ""max_lag"": 4, ""slope_m"": 1.2}}",google,REVIEW,REVIEW:ROIConsistency,ROIConsistency,"meta,google",0.0139941585313257,0.0155519924673717,0.0015578339360459992,0.11132030072110544,0.3,0.5,1.2,4,geometric,3.0,1.5,LogNormal,0.0061258891604371,0.0055775473359972,0.0131913190707564,0.025741961505264,0.0065989553243384,0.0061823278199881,0.0149913867935538,0.0274339694529771,0.8949147111356502,0.4,0.5,LogNormal,4.123384379523587,0.3814519971895788,10298543.94665,144119.45663124474,160162.87788319722,16043.421251952474,16043.421251952474,100.0,14411945.663124474,16016287.788319722,1604342.125195248,1604342.125195248
multi|meta|3.000000|1.500000|LogNormal|alpha=0p3|ec=0p5|slope=1p2|lag=4|decay=geometric,meta,"{""roi_prior_overrides"": {""meta"": {""dist"": ""LogNormal"", ""mu"": 3.0, ""sigma"": 1.5}}, ""structural_overrides"": {""adstock_decay_spec"": ""geometric"", ""alpha_m"": 0.3, ""ec_m"": 0.5, ""max_lag"": 4, ""slope_m"": 1.2}}",snapchat,REVIEW,REVIEW:ROIConsistency,ROIConsistency,"meta,google",0.03020469453244,0.02812396387589,0.0020807306565499978,0.0688876576558416,0.3,0.5,1.2,4,geometric,3.0,1.5,LogNormal,0.0140056459119291,0.0100362443365156,0.0283850617706775,0.055136046744883,0.0134327011509324,0.0097186260391026,0.0262004034593701,0.0517942670732736,0.9194274374864125,0.4,0.5,LogNormal,3.39386042737687,0.3659646531585185,4342436.908989999,131161.9803624359,122126.53876176618,-9035.441600669714,9035.441600669714,100.0,13116198.03624359,12212653.876176618,-903544.1600669716,903544.1600669716
multi|meta|3.000000|1.500000|LogNormal|alpha=0p3|ec=0p5|slope=1p2|lag=4|decay=geometric,meta,"{""roi_prior_overrides"": {""meta"": {""dist"": ""LogNormal"", ""mu"": 3.0, ""sigma"": 1.5}}, ""structural_overrides"": {""adstock_decay_spec"": ""geometric"", ""alpha_m"": 0.3, ""ec_m"": 0.5, ""max_lag"": 4, ""slope_m"": 1.2}}",tiktok,REVIEW,REVIEW:ROIConsistency,ROIConsistency,"meta,google",0.0287884467632587,0.0345536495500709,0.005765202786812196,0.20026098782689594,0.3,0.5,1.2,4,geometric,3.0,1.5,LogNormal,0.0135185184648836,0.0105488827917724,0.0266212420538067,0.0536383530125021,0.0163996658599649,0.0118838663212955,0.0325743369758129,0.0642841830849647,0.7770401665829428,0.4,0.5,LogNormal,3.1849871063869624,0.3764841781734928,1752685.0091300001,50457.0790781006,60561.66357714083,10104.584499040233,10104.584499040233,100.0,5045707.90781006,6056166.357714083,1010458.4499040227,1010458.4499040227
multi|meta|3.000000|1.500000|LogNormal|alpha=0p3|ec=0p5|slope=1p2|lag=4|decay=geometric,meta,"{""roi_prior_overrides"": {""meta"": {""dist"": ""LogNormal"", ""mu"": 3.0, ""sigma"": 1.5}}, ""structural_overrides"": {""adstock_decay_spec"": ""geometric"", ""alpha_m"": 0.3, ""ec_m"": 0.5, ""max_lag"": 4, ""slope_m"": 1.2}}",moloco,REVIEW,REVIEW:ROIConsistency,ROIConsistency,"meta,google",0.0709003097071157,0.0657166344167975,0.005183675290318199,0.07311216709393242,0.3,0.5,1.2,4,geometric,3.0,1.5,LogNormal,0.0334987230124958,0.0237496732734143,0.0674970224499702,0.1363316006958484,0.032280918029435,0.0225247224792838,0.0602644197642803,0.1255024507641792,0.894082845301654,0.4,0.5,LogNormal,2.4657066682001765,0.3402077377395999,842234.6095886,59714.69466588341,55348.823931508196,-4365.870734375218,4365.870734375218,100.0,5971469.466588342,5534882.393150819,-436587.07343752217,436587.07343752217
multi|meta|3.000000|1.500000|LogNormal|alpha=0p3|ec=0p5|slope=1p2|lag=4|decay=geometric,meta,"{""roi_prior_overrides"": {""meta"": {""dist"": ""LogNormal"", ""mu"": 3.0, ""sigma"": 1.5}}, ""structural_overrides"": {""adstock_decay_spec"": ""geometric"", ""alpha_m"": 0.3, ""ec_m"": 0.5, ""max_lag"": 4, ""slope_m"": 1.2}}",liveintent,REVIEW,REVIEW:ROIConsistency,ROIConsistency,"meta,google",0.1021999410221663,0.100317965397456,0.0018819756247103053,0.01841464491943412,0.3,0.5,1.2,4,geometric,3.0,1.5,LogNormal,0.0593960569871977,0.0279089012183249,0.0902600549161434,0.2090533755719661,0.0627604859786574,0.0267705416306853,0.0864874944090843,0.2215545170009135,0.9299762673461087,0.4,0.5,LogNormal,1.7627788280691503,0.3063281942999291,797987.173079,81554.242025119,80052.44961655284,-1501.7924085661652,1501.7924085661652,100.0,8155424.2025119,8005244.961655284,-150179.24085661583,150179.24085661583
multi|meta|3.000000|1.500000|LogNormal|alpha=0p3|ec=0p5|slope=1p2|lag=4|decay=geometric,meta,"{""roi_prior_overrides"": {""meta"": {""dist"": ""LogNormal"", ""mu"": 3.0, ""sigma"": 1.5}}, ""structural_overrides"": {""adstock_decay_spec"": ""geometric"", ""alpha_m"": 0.3, ""ec_m"": 0.5, ""max_lag"": 4, ""slope_m"": 1.2}}",beehiiv,REVIEW,REVIEW:ROIConsistency,ROIConsistency,"meta,google",0.1893086385765733,0.1711996817441346,0.018108956832438683,0.09565837548989509,0.3,0.5,1.2,4,geometric,3.0,1.5,LogNormal,0.1183300575836542,0.040099230594933,0.1659338995814323,0.4200867876410484,0.1065227607990151,0.0400647036731243,0.14758912473917,0.3661753773689269,0.8580452571843602,0.4,0.5,LogNormal,1.1736427880885951,0.223390457588695,328172.2732613,62125.84626967589,56182.988739583736,-5942.857530092151,5942.857530092151,100.0,6212584.626967588,5618298.873958373,-594285.753009215,594285.753009215
multi|meta|3.000000|1.500000|LogNormal|alpha=0p3|ec=0p5|slope=1p2|lag=4|decay=geometric,meta,"{""roi_prior_overrides"": {""meta"": {""dist"": ""LogNormal"", ""mu"": 3.0, ""sigma"": 1.5}}, ""structural_overrides"": {""adstock_decay_spec"": ""geometric"", ""alpha_m"": 0.3, ""ec_m"": 0.5, ""max_lag"": 4, ""slope_m"": 1.2}}",amazon,REVIEW,REVIEW:ROIConsistency,ROIConsistency,"meta,google",0.1427200755911568,0.1500495405809488,0.007329464989792006,0.05135552906227692,0.3,0.5,1.2,4,geometric,3.0,1.5,LogNormal,0.0870262617190748,0.0316873177886009,0.1256441920995712,0.3074017763137817,0.0953807249067645,0.033047111146152,0.130386583507061,0.3341583266854286,0.9070445004572704,0.4,0.5,LogNormal,1.2998770150793295,0.2640262793656432,15740.258094,2246.4508249999976,2361.8184956302607,115.36767063026309,115.36767063026309,100.0,224645.08249999976,236181.84956302607,11536.767063026316,11536.767063026316
