run_id,channel,target_channel,targets,roi_prior_mu,roi_prior_sigma,roi_prior_dist,dist_normalized,is_baseline,estimated_roi,baseline_roi,pct_change,delta_abs,delta_pct,contribution_value,contribution_delta,contribution_share,run_contribution_total,effect_value,effect_share,channel_total_spend,spend_share,adstock_alpha_m,saturation_ec_m,saturation_slope_m,max_lag,adstock_decay_spec,qc_status_code,qc_summary_short
"multi|amazon,google,meta,snapchat,tiktok|pmode=roi|rpk=60.0|target=amazon|mu=0.500000|sigma=1.000000|dist=LogNormal|0.500000|1.000000|LogNormal|alpha=0p55|ec=0p5|slope=1p29|lag=4|decay=geometric",amazon,amazon,amazon,0.5,1.0,LogNormal,lognormal,False,0.5129115446752015,0.988615298025931,,0.4757037533507294,0.4811818654845982,484401.60555479303,-449261.9912414999,0.0007159122882276825,676621443.0457411,484401.60555479303,0.0007159122882276825,15740.258094,0.0008190390385875117,0.55,0.5,1.29,4,geometric,REVIEW,REVIEW:PriorPosteriorShift
"multi|amazon,google,meta,snapchat,tiktok|pmode=roi|rpk=60.0|target=amazon|mu=0.500000|sigma=1.000000|dist=LogNormal|0.500000|1.000000|LogNormal|alpha=0p55|ec=0p5|slope=1p29|lag=4|decay=geometric",beehiiv,amazon,amazon,0.5,1.0,LogNormal,lognormal,False,0.4037563006884496,0.4086380854784511,,0.0048817847900015,0.0119464752882387,7950097.38243009,-96123.98472643364,0.011749697654634699,676621443.0457411,7950097.38243009,0.011749697654634699,328172.2732613,0.01707633391891276,0.55,0.5,1.29,4,geometric,REVIEW,REVIEW:PriorPosteriorShift
"multi|amazon,google,meta,snapchat,tiktok|pmode=roi|rpk=60.0|target=amazon|mu=0.500000|sigma=1.000000|dist=LogNormal|0.500000|1.000000|LogNormal|alpha=0p55|ec=0p5|slope=1p29|lag=4|decay=geometric",google,amazon,amazon,0.5,1.0,LogNormal,lognormal,False,0.4946127417994042,0.5056181128850827,,0.0110053710856785,0.021766172542517,305627463.4796528,-6800357.8665031195,0.451696390383229,676621443.0457411,305627463.4796528,0.451696390383229,10298543.94665,0.535881272247419,0.55,0.5,1.29,4,geometric,REVIEW,REVIEW:PriorPosteriorShift
"multi|amazon,google,meta,snapchat,tiktok|pmode=roi|rpk=60.0|target=amazon|mu=0.500000|sigma=1.000000|dist=LogNormal|0.500000|1.000000|LogNormal|alpha=0p55|ec=0p5|slope=1p29|lag=4|decay=geometric",liveintent,amazon,amazon,0.5,1.0,LogNormal,lognormal,False,0.4001550749254723,0.384997044505241,,0.0151580304202312,0.0393718098270361,19159117.021979585,725754.8306691498,0.02831585847432918,676621443.0457411,19159117.021979585,0.02831585847432918,797987.173079,0.041522994295305,0.55,0.5,1.29,4,geometric,REVIEW,REVIEW:PriorPosteriorShift
"multi|amazon,google,meta,snapchat,tiktok|pmode=roi|rpk=60.0|target=amazon|mu=0.500000|sigma=1.000000|dist=LogNormal|0.500000|1.000000|LogNormal|alpha=0p55|ec=0p5|slope=1p29|lag=4|decay=geometric",meta,amazon,amazon,0.5,1.0,LogNormal,lognormal,False,0.7717951091968764,0.7832890489697456,,0.0114939397728691,0.0146739441691251,38905795.980101414,-579403.6143558249,0.057500093117018314,676621443.0457411,38905795.980101414,0.057500093117018314,840158.1265220001,0.043717345681286386,0.55,0.5,1.29,4,geometric,REVIEW,REVIEW:PriorPosteriorShift
"multi|amazon,google,meta,snapchat,tiktok|pmode=roi|rpk=60.0|target=amazon|mu=0.500000|sigma=1.000000|dist=LogNormal|0.500000|1.000000|LogNormal|alpha=0p55|ec=0p5|slope=1p29|lag=4|decay=geometric",moloco,amazon,amazon,0.5,1.0,LogNormal,lognormal,False,0.4472313839670581,0.4641266767203342,,0.0168952927532761,0.0364023306582237,22600425.004275866,-853788.0177564397,0.03340187520889436,676621443.0457411,22600425.004275866,0.03340187520889436,842234.6095886,0.043825394779614675,0.55,0.5,1.29,4,geometric,REVIEW,REVIEW:PriorPosteriorShift
"multi|amazon,google,meta,snapchat,tiktok|pmode=roi|rpk=60.0|target=amazon|mu=0.500000|sigma=1.000000|dist=LogNormal|0.500000|1.000000|LogNormal|alpha=0p55|ec=0p5|slope=1p29|lag=4|decay=geometric",snapchat,amazon,amazon,0.5,1.0,LogNormal,lognormal,False,0.8054099559038878,0.807823580832531,,0.0024136249286432,0.0029878119256631,209846515.16310295,-628860.8384759426,0.3101387301864107,676621443.0457411,209846515.16310295,0.3101387301864107,4342436.908989999,0.22595724478125545,0.55,0.5,1.29,4,geometric,REVIEW,REVIEW:PriorPosteriorShift
"multi|amazon,google,meta,snapchat,tiktok|pmode=roi|rpk=60.0|target=amazon|mu=0.500000|sigma=1.000000|dist=LogNormal|0.500000|1.000000|LogNormal|alpha=0p55|ec=0p5|slope=1p29|lag=4|decay=geometric",tiktok,amazon,amazon,0.5,1.0,LogNormal,lognormal,False,0.6851167117245496,0.6715719375604142,,0.0135447741641353,0.0201687613888972,72047627.40864348,1424383.3577719033,0.10648144268725593,676621443.0457411,72047627.40864348,0.10648144268725593,1752685.00913,0.09120037525761929,0.55,0.5,1.29,4,geometric,REVIEW,REVIEW:PriorPosteriorShift
"multi|amazon,google,meta,snapchat,tiktok|pmode=roi|rpk=60.0|target=amazon|mu=0.500000|sigma=0.500000|dist=LogNormal|0.500000|0.500000|LogNormal|alpha=0p55|ec=0p5|slope=1p29|lag=4|decay=geometric",amazon,amazon,amazon,0.5,0.5,LogNormal,lognormal,False,0.5083137752364079,0.988615298025931,,0.4803015227895231,0.4858325819442508,480059.40089739393,-453604.195898899,0.0006853617483038146,700446737.9241421,480059.40089739393,0.0006853617483038146,15740.258094,0.0008190390385875117,0.55,0.5,1.29,4,geometric,REVIEW,REVIEW:PriorPosteriorShift
"multi|amazon,google,meta,snapchat,tiktok|pmode=roi|rpk=60.0|target=amazon|mu=0.500000|sigma=0.500000|dist=LogNormal|0.500000|0.500000|LogNormal|alpha=0p55|ec=0p5|slope=1p29|lag=4|decay=geometric",beehiiv,amazon,amazon,0.5,0.5,LogNormal,lognormal,False,0.3977276757995908,0.4086380854784511,,0.0109104096788603,0.0266994439984367,7831391.730365103,-214829.63679142017,0.011180567067203955,700446737.9241421,7831391.730365103,0.011180567067203955,328172.2732613,0.01707633391891276,0.55,0.5,1.29,4,geometric,REVIEW,REVIEW:PriorPosteriorShift
"multi|amazon,google,meta,snapchat,tiktok|pmode=roi|rpk=60.0|target=amazon|mu=0.500000|sigma=0.500000|dist=LogNormal|0.500000|0.500000|LogNormal|alpha=0p55|ec=0p5|slope=1p29|lag=4|decay=geometric",google,amazon,amazon,0.5,0.5,LogNormal,lognormal,False,0.5172772342835863,0.5056181128850827,,0.0116591213985035,0.023059145037301,319632139.7922649,7204318.446108937,0.45632611658601346,700446737.9241421,319632139.7922649,0.45632611658601346,10298543.94665,0.535881272247419,0.55,0.5,1.29,4,geometric,REVIEW,REVIEW:PriorPosteriorShift
"multi|amazon,google,meta,snapchat,tiktok|pmode=roi|rpk=60.0|target=amazon|mu=0.500000|sigma=0.500000|dist=LogNormal|0.500000|0.500000|LogNormal|alpha=0p55|ec=0p5|slope=1p29|lag=4|decay=geometric",liveintent,amazon,amazon,0.5,0.5,LogNormal,lognormal,False,0.3975174107092122,0.384997044505241,,0.0125203662039711,0.0325206813472063,19032827.68929168,599465.4979812466,0.027172412488775013,700446737.9241421,19032827.68929168,0.027172412488775013,797987.173079,0.041522994295305,0.55,0.5,1.29,4,geometric,REVIEW,REVIEW:PriorPosteriorShift
"multi|amazon,google,meta,snapchat,tiktok|pmode=roi|rpk=60.0|target=amazon|mu=0.500000|sigma=0.500000|dist=LogNormal|0.500000|0.500000|LogNormal|alpha=0p55|ec=0p5|slope=1p29|lag=4|decay=geometric",meta,amazon,amazon,0.5,0.5,LogNormal,lognormal,False,0.782446645370995,0.7832890489697456,,0.0008424035987506,0.0010754696492421,39442734.46069913,-42465.13375810534,0.056310826113049516,700446737.9241421,39442734.46069913,0.056310826113049516,840158.1265220001,0.043717345681286386,0.55,0.5,1.29,4,geometric,REVIEW,REVIEW:PriorPosteriorShift
"multi|amazon,google,meta,snapchat,tiktok|pmode=roi|rpk=60.0|target=amazon|mu=0.500000|sigma=0.500000|dist=LogNormal|0.500000|0.500000|LogNormal|alpha=0p55|ec=0p5|slope=1p29|lag=4|decay=geometric",moloco,amazon,amazon,0.5,0.5,LogNormal,lognormal,False,0.4329616681441742,0.4641266767203342,,0.03116500857616,0.067147634771571,21879318.09217425,-1574894.9298580512,0.031236233831306335,700446737.9241421,21879318.09217425,0.031236233831306335,842234.6095886,0.043825394779614675,0.55,0.5,1.29,4,geometric,REVIEW,REVIEW:PriorPosteriorShift
"multi|amazon,google,meta,snapchat,tiktok|pmode=roi|rpk=60.0|target=amazon|mu=0.500000|sigma=0.500000|dist=LogNormal|0.500000|0.500000|LogNormal|alpha=0p55|ec=0p5|slope=1p29|lag=4|decay=geometric",snapchat,amazon,amazon,0.5,0.5,LogNormal,lognormal,False,0.8440289974709352,0.807823580832531,,0.0362054166384041,0.0448184696479043,219908560.25253695,9433184.250958024,0.31395472110308104,700446737.9241421,219908560.25253695,0.31395472110308104,4342436.908989999,0.22595724478125545,0.55,0.5,1.29,4,geometric,REVIEW,REVIEW:PriorPosteriorShift
"multi|amazon,google,meta,snapchat,tiktok|pmode=roi|rpk=60.0|target=amazon|mu=0.500000|sigma=0.500000|dist=LogNormal|0.500000|0.500000|LogNormal|alpha=0p55|ec=0p5|slope=1p29|lag=4|decay=geometric",tiktok,amazon,amazon,0.5,0.5,LogNormal,lognormal,False,0.6869432340438167,0.6715719375604142,,0.0153712964834025,0.0228885330427013,72239706.50591272,1616462.4550411403,0.10313376106226685,700446737.9241421,72239706.50591272,0.10313376106226685,1752685.00913,0.09120037525761929,0.55,0.5,1.29,4,geometric,REVIEW,REVIEW:PriorPosteriorShift
"multi|amazon,google,meta,snapchat,tiktok|pmode=roi|rpk=60.0|target=amazon|mu=1.000000|sigma=0.500000|dist=LogNormal|1.000000|0.500000|LogNormal|alpha=0p55|ec=0p5|slope=1p29|lag=4|decay=geometric",amazon,amazon,amazon,1.0,0.5,LogNormal,lognormal,False,1.009567586518824,0.988615298025931,,0.0209522884928931,0.0211935709822927,953451.262508578,19787.66571228509,0.0014118749554312608,675308573.7804195,953451.262508578,0.0014118749554312608,15740.258094,0.0008190390385875117,0.55,0.5,1.29,4,geometric,REVIEW,REVIEW:PriorPosteriorShift
"multi|amazon,google,meta,snapchat,tiktok|pmode=roi|rpk=60.0|target=amazon|mu=1.000000|sigma=0.500000|dist=LogNormal|1.000000|0.500000|LogNormal|alpha=0p55|ec=0p5|slope=1p29|lag=4|decay=geometric",beehiiv,amazon,amazon,1.0,0.5,LogNormal,lognormal,False,0.4082074978646899,0.4086380854784511,,0.0004305876137611,0.001053713858455,8037742.952193752,-8478.414962771349,0.011902326231692819,675308573.7804195,8037742.952193752,0.011902326231692819,328172.2732613,0.01707633391891276,0.55,0.5,1.29,4,geometric,REVIEW,REVIEW:PriorPosteriorShift
"multi|amazon,google,meta,snapchat,tiktok|pmode=roi|rpk=60.0|target=amazon|mu=1.000000|sigma=0.500000|dist=LogNormal|1.000000|0.500000|LogNormal|alpha=0p55|ec=0p5|slope=1p29|lag=4|decay=geometric",google,amazon,amazon,1.0,0.5,LogNormal,lognormal,False,0.4958808224198098,0.5056181128850827,,0.0097372904652729,0.0192581915424497,306411026.51948136,-6016794.826674581,0.45373483828907035,675308573.7804195,306411026.51948136,0.45373483828907035,10298543.94665,0.535881272247419,0.55,0.5,1.29,4,geometric,REVIEW,REVIEW:PriorPosteriorShift
"multi|amazon,google,meta,snapchat,tiktok|pmode=roi|rpk=60.0|target=amazon|mu=1.000000|sigma=0.500000|dist=LogNormal|1.000000|0.500000|LogNormal|alpha=0p55|ec=0p5|slope=1p29|lag=4|decay=geometric",liveintent,amazon,amazon,1.0,0.5,LogNormal,lognormal,False,0.3977916746439102,0.384997044505241,,0.0127946301386691,0.0332330606722228,19045959.23540731,612597.0440968759,0.028203342849309383,675308573.7804195,19045959.23540731,0.028203342849309383,797987.173079,0.041522994295305,0.55,0.5,1.29,4,geometric,REVIEW,REVIEW:PriorPosteriorShift
"multi|amazon,google,meta,snapchat,tiktok|pmode=roi|rpk=60.0|target=amazon|mu=1.000000|sigma=0.500000|dist=LogNormal|1.000000|0.500000|LogNormal|alpha=0p55|ec=0p5|slope=1p29|lag=4|decay=geometric",meta,amazon,amazon,1.0,0.5,LogNormal,lognormal,False,0.7647871151628594,0.7832890489697456,,0.0185019338068862,0.0236208253277914,38552526.59180358,-932673.0026536584,0.05708875629400666,675308573.7804195,38552526.59180358,0.05708875629400666,840158.1265220001,0.043717345681286386,0.55,0.5,1.29,4,geometric,REVIEW,REVIEW:PriorPosteriorShift
"multi|amazon,google,meta,snapchat,tiktok|pmode=roi|rpk=60.0|target=amazon|mu=1.000000|sigma=0.500000|dist=LogNormal|1.000000|0.500000|LogNormal|alpha=0p55|ec=0p5|slope=1p29|lag=4|decay=geometric",moloco,amazon,amazon,1.0,0.5,LogNormal,lognormal,False,0.4497969883843325,0.4641266767203342,,0.0143296883360016,0.0308745199419688,22730075.45436038,-724137.5676719211,0.03365879886155747,675308573.7804195,22730075.45436038,0.03365879886155747,842234.6095886,0.043825394779614675,0.55,0.5,1.29,4,geometric,REVIEW,REVIEW:PriorPosteriorShift
"multi|amazon,google,meta,snapchat,tiktok|pmode=roi|rpk=60.0|target=amazon|mu=1.000000|sigma=0.500000|dist=LogNormal|1.000000|0.500000|LogNormal|alpha=0p55|ec=0p5|slope=1p29|lag=4|decay=geometric",snapchat,amazon,amazon,1.0,0.5,LogNormal,lognormal,False,0.7911750004533679,0.807823580832531,,0.0166485803791631,0.0206091785065315,206137651.40633303,-4337724.595245898,0.30524956947068155,675308573.7804195,206137651.40633303,0.30524956947068155,4342436.908989999,0.22595724478125545,0.55,0.5,1.29,4,geometric,REVIEW,REVIEW:PriorPosteriorShift
"multi|amazon,google,meta,snapchat,tiktok|pmode=roi|rpk=60.0|target=amazon|mu=1.000000|sigma=0.500000|dist=LogNormal|1.000000|0.500000|LogNormal|alpha=0p55|ec=0p5|slope=1p29|lag=4|decay=geometric",tiktok,amazon,amazon,1.0,0.5,LogNormal,lognormal,False,0.6983584231790155,0.6715719375604142,,0.0267864856186013,0.0398862491424332,73440140.35833153,2816896.3074599504,0.1087504930482506,675308573.7804195,73440140.35833153,0.1087504930482506,1752685.00913,0.09120037525761929,0.55,0.5,1.29,4,geometric,REVIEW,REVIEW:PriorPosteriorShift
"multi|amazon,google,meta,snapchat,tiktok|pmode=roi|rpk=60.0|target=amazon|mu=1.000000|sigma=1.000000|dist=LogNormal|1.000000|1.000000|LogNormal|alpha=0p55|ec=0p5|slope=1p29|lag=4|decay=geometric",amazon,amazon,amazon,1.0,1.0,LogNormal,lognormal,True,0.988615298025931,0.988615298025931,0.0,0.0,0.0,,,,,,,,,0.55,0.5,1.29,4,geometric,REVIEW,REVIEW:PriorPosteriorShift
"multi|amazon,google,meta,snapchat,tiktok|pmode=roi|rpk=60.0|target=amazon|mu=1.000000|sigma=1.000000|dist=LogNormal|1.000000|1.000000|LogNormal|alpha=0p55|ec=0p5|slope=1p29|lag=4|decay=geometric",beehiiv,amazon,amazon,1.0,1.0,LogNormal,lognormal,True,0.4086380854784511,0.4086380854784511,0.0,0.0,0.0,,,,,,,,,0.55,0.5,1.29,4,geometric,REVIEW,REVIEW:PriorPosteriorShift
"multi|amazon,google,meta,snapchat,tiktok|pmode=roi|rpk=60.0|target=amazon|mu=1.000000|sigma=1.000000|dist=LogNormal|1.000000|1.000000|LogNormal|alpha=0p55|ec=0p5|slope=1p29|lag=4|decay=geometric",google,amazon,amazon,1.0,1.0,LogNormal,lognormal,True,0.5056181128850827,0.5056181128850827,0.0,0.0,0.0,,,,,,,,,0.55,0.5,1.29,4,geometric,REVIEW,REVIEW:PriorPosteriorShift
"multi|amazon,google,meta,snapchat,tiktok|pmode=roi|rpk=60.0|target=amazon|mu=1.000000|sigma=1.000000|dist=LogNormal|1.000000|1.000000|LogNormal|alpha=0p55|ec=0p5|slope=1p29|lag=4|decay=geometric",liveintent,amazon,amazon,1.0,1.0,LogNormal,lognormal,True,0.384997044505241,0.384997044505241,0.0,0.0,0.0,,,,,,,,,0.55,0.5,1.29,4,geometric,REVIEW,REVIEW:PriorPosteriorShift
"multi|amazon,google,meta,snapchat,tiktok|pmode=roi|rpk=60.0|target=amazon|mu=1.000000|sigma=1.000000|dist=LogNormal|1.000000|1.000000|LogNormal|alpha=0p55|ec=0p5|slope=1p29|lag=4|decay=geometric",meta,amazon,amazon,1.0,1.0,LogNormal,lognormal,True,0.7832890489697456,0.7832890489697456,0.0,0.0,0.0,,,,,,,,,0.55,0.5,1.29,4,geometric,REVIEW,REVIEW:PriorPosteriorShift
"multi|amazon,google,meta,snapchat,tiktok|pmode=roi|rpk=60.0|target=amazon|mu=1.000000|sigma=1.000000|dist=LogNormal|1.000000|1.000000|LogNormal|alpha=0p55|ec=0p5|slope=1p29|lag=4|decay=geometric",moloco,amazon,amazon,1.0,1.0,LogNormal,lognormal,True,0.4641266767203342,0.4641266767203342,0.0,0.0,0.0,,,,,,,,,0.55,0.5,1.29,4,geometric,REVIEW,REVIEW:PriorPosteriorShift
"multi|amazon,google,meta,snapchat,tiktok|pmode=roi|rpk=60.0|target=amazon|mu=1.000000|sigma=1.000000|dist=LogNormal|1.000000|1.000000|LogNormal|alpha=0p55|ec=0p5|slope=1p29|lag=4|decay=geometric",snapchat,amazon,amazon,1.0,1.0,LogNormal,lognormal,True,0.807823580832531,0.807823580832531,0.0,0.0,0.0,,,,,,,,,0.55,0.5,1.29,4,geometric,REVIEW,REVIEW:PriorPosteriorShift
"multi|amazon,google,meta,snapchat,tiktok|pmode=roi|rpk=60.0|target=amazon|mu=1.000000|sigma=1.000000|dist=LogNormal|1.000000|1.000000|LogNormal|alpha=0p55|ec=0p5|slope=1p29|lag=4|decay=geometric",tiktok,amazon,amazon,1.0,1.0,LogNormal,lognormal,True,0.6715719375604142,0.6715719375604142,0.0,0.0,0.0,,,,,,,,,0.55,0.5,1.29,4,geometric,REVIEW,REVIEW:PriorPosteriorShift
"multi|amazon,google,meta,snapchat,tiktok|pmode=roi|rpk=60.0|target=google|mu=0.500000|sigma=1.000000|dist=LogNormal|0.500000|1.000000|LogNormal|alpha=0p55|ec=0p5|slope=1p29|lag=4|decay=geometric",amazon,google,google,0.5,1.0,LogNormal,lognormal,False,1.0202982394055773,0.988615298025931,,0.0316829413796463,0.0320477959858711,963585.4572658552,29921.86046956235,0.0019079207878412152,505044791.90466714,963585.4572658552,0.0019079207878412152,15740.258094,0.0008190390385875117,0.55,0.5,1.29,4,geometric,REVIEW,REVIEW:PriorPosteriorShift
"multi|amazon,google,meta,snapchat,tiktok|pmode=roi|rpk=60.0|target=google|mu=0.500000|sigma=1.000000|dist=LogNormal|0.500000|1.000000|LogNormal|alpha=0p55|ec=0p5|slope=1p29|lag=4|decay=geometric",beehiiv,google,google,0.5,1.0,LogNormal,lognormal,False,0.402643311478508,0.4086380854784511,,0.005994773999943,0.0146701303989424,7928182.250481579,-118039.11667494384,0.01569797843193701,505044791.90466714,7928182.250481579,0.01569797843193701,328172.2732613,0.01707633391891276,0.55,0.5,1.29,4,geometric,REVIEW,REVIEW:PriorPosteriorShift
"multi|amazon,google,meta,snapchat,tiktok|pmode=roi|rpk=60.0|target=google|mu=0.500000|sigma=1.000000|dist=LogNormal|0.500000|1.000000|LogNormal|alpha=0p55|ec=0p5|slope=1p29|lag=4|decay=geometric",google,google,google,0.5,1.0,LogNormal,lognormal,False,0.209032232753622,0.5056181128850827,,0.2965858801314607,0.5865808058954347,129163658.11677288,-183264163.22938305,0.2557469360879064,505044791.90466714,129163658.11677288,0.2557469360879064,10298543.94665,0.535881272247419,0.55,0.5,1.29,4,geometric,REVIEW,REVIEW:PriorPosteriorShift
"multi|amazon,google,meta,snapchat,tiktok|pmode=roi|rpk=60.0|target=google|mu=0.500000|sigma=1.000000|dist=LogNormal|0.500000|1.000000|LogNormal|alpha=0p55|ec=0p5|slope=1p29|lag=4|decay=geometric",liveintent,google,google,0.5,1.0,LogNormal,lognormal,False,0.396482387947229,0.384997044505241,,0.0114853434419879,0.0298322898991283,18983271.59601724,549909.404706806,0.03758730294876607,505044791.90466714,18983271.59601724,0.03758730294876607,797987.173079,0.041522994295305,0.55,0.5,1.29,4,geometric,REVIEW,REVIEW:PriorPosteriorShift
"multi|amazon,google,meta,snapchat,tiktok|pmode=roi|rpk=60.0|target=google|mu=0.500000|sigma=1.000000|dist=LogNormal|0.500000|1.000000|LogNormal|alpha=0p55|ec=0p5|slope=1p29|lag=4|decay=geometric",meta,google,google,0.5,1.0,LogNormal,lognormal,False,0.7638695974089206,0.7832890489697456,,0.019419451560825,0.0247921908092131,38506274.99197159,-978924.6024856492,0.07624328695035841,505044791.90466714,38506274.99197159,0.07624328695035841,840158.1265220001,0.043717345681286386,0.55,0.5,1.29,4,geometric,REVIEW,REVIEW:PriorPosteriorShift
"multi|amazon,google,meta,snapchat,tiktok|pmode=roi|rpk=60.0|target=google|mu=0.500000|sigma=1.000000|dist=LogNormal|0.500000|1.000000|LogNormal|alpha=0p55|ec=0p5|slope=1p29|lag=4|decay=geometric",moloco,google,google,0.5,1.0,LogNormal,lognormal,False,0.4464028280476729,0.4641266767203342,,0.0177238486726613,0.0381875241429853,22558554.69599872,-895658.326033581,0.04466644356617165,505044791.90466714,22558554.69599872,0.04466644356617165,842234.6095886,0.043825394779614675,0.55,0.5,1.29,4,geometric,REVIEW,REVIEW:PriorPosteriorShift
"multi|amazon,google,meta,snapchat,tiktok|pmode=roi|rpk=60.0|target=google|mu=0.500000|sigma=1.000000|dist=LogNormal|0.500000|1.000000|LogNormal|alpha=0p55|ec=0p5|slope=1p29|lag=4|decay=geometric",snapchat,google,google,0.5,1.0,LogNormal,lognormal,False,0.8186569703742862,0.807823580832531,,0.0108333895417551,0.0134105883992523,213297974.63731396,2822598.635735035,0.4223347672449147,505044791.90466714,213297974.63731396,0.4223347672449147,4342436.908989999,0.22595724478125545,0.55,0.5,1.29,4,geometric,REVIEW,REVIEW:PriorPosteriorShift
"multi|amazon,google,meta,snapchat,tiktok|pmode=roi|rpk=60.0|target=google|mu=0.500000|sigma=1.000000|dist=LogNormal|0.500000|1.000000|LogNormal|alpha=0p55|ec=0p5|slope=1p29|lag=4|decay=geometric",tiktok,google,google,0.5,1.0,LogNormal,lognormal,False,0.7002902192467203,0.6715719375604142,,0.028718281686306,0.0427627780139676,73643290.15884528,3020046.107973695,0.1458153639821045,505044791.90466714,73643290.15884528,0.1458153639821045,1752685.00913,0.09120037525761929,0.55,0.5,1.29,4,geometric,REVIEW,REVIEW:PriorPosteriorShift
"multi|amazon,google,meta,snapchat,tiktok|pmode=roi|rpk=60.0|target=google|mu=0.500000|sigma=0.500000|dist=LogNormal|0.500000|0.500000|LogNormal|alpha=0p55|ec=0p5|slope=1p29|lag=4|decay=geometric",amazon,google,google,0.5,0.5,LogNormal,lognormal,False,1.0320429818890988,0.988615298025931,,0.0434276838631678,0.0439277886452742,974677.373942147,41013.77714585408,0.0016803758022356187,580035354.3804958,974677.373942147,0.0016803758022356187,15740.258094,0.0008190390385875117,0.55,0.5,1.29,4,geometric,REVIEW,REVIEW:PriorPosteriorShift
"multi|amazon,google,meta,snapchat,tiktok|pmode=roi|rpk=60.0|target=google|mu=0.500000|sigma=0.500000|dist=LogNormal|0.500000|0.500000|LogNormal|alpha=0p55|ec=0p5|slope=1p29|lag=4|decay=geometric",beehiiv,google,google,0.5,0.5,LogNormal,lognormal,False,0.3987588831165339,0.4086380854784511,,0.0098792023619171,0.0241759217091823,7851696.549329396,-194524.81782712697,0.013536582710058021,580035354.3804958,7851696.549329396,0.013536582710058021,328172.2732613,0.01707633391891276,0.55,0.5,1.29,4,geometric,REVIEW,REVIEW:PriorPosteriorShift
"multi|amazon,google,meta,snapchat,tiktok|pmode=roi|rpk=60.0|target=google|mu=0.500000|sigma=0.500000|dist=LogNormal|0.500000|0.500000|LogNormal|alpha=0p55|ec=0p5|slope=1p29|lag=4|decay=geometric",google,google,google,0.5,0.5,LogNormal,lognormal,False,0.3249361987194667,0.5056181128850827,,0.180681914165616,0.3573485790187297,200782183.34218952,-111645638.00396642,0.34615507800663986,580035354.3804958,200782183.34218952,0.34615507800663986,10298543.94665,0.535881272247419,0.55,0.5,1.29,4,geometric,REVIEW,REVIEW:PriorPosteriorShift
"multi|amazon,google,meta,snapchat,tiktok|pmode=roi|rpk=60.0|target=google|mu=0.500000|sigma=0.500000|dist=LogNormal|0.500000|0.500000|LogNormal|alpha=0p55|ec=0p5|slope=1p29|lag=4|decay=geometric",liveintent,google,google,0.5,0.5,LogNormal,lognormal,False,0.3997941246038923,0.384997044505241,,0.0147970800986512,0.0384342693270982,19141834.998375207,708472.8070647717,0.03300115217773158,580035354.3804958,19141834.998375207,0.03300115217773158,797987.173079,0.041522994295305,0.55,0.5,1.29,4,geometric,REVIEW,REVIEW:PriorPosteriorShift
"multi|amazon,google,meta,snapchat,tiktok|pmode=roi|rpk=60.0|target=google|mu=0.500000|sigma=0.500000|dist=LogNormal|0.500000|0.500000|LogNormal|alpha=0p55|ec=0p5|slope=1p29|lag=4|decay=geometric",meta,google,google,0.5,0.5,LogNormal,lognormal,False,0.7696457582277556,0.7832890489697456,,0.01364329074199,0.0174179515977338,38797448.299094126,-687751.2953631133,0.06688807502179168,580035354.3804958,38797448.299094126,0.06688807502179168,840158.1265220001,0.043717345681286386,0.55,0.5,1.29,4,geometric,REVIEW,REVIEW:PriorPosteriorShift
"multi|amazon,google,meta,snapchat,tiktok|pmode=roi|rpk=60.0|target=google|mu=0.500000|sigma=0.500000|dist=LogNormal|0.500000|0.500000|LogNormal|alpha=0p55|ec=0p5|slope=1p29|lag=4|decay=geometric",moloco,google,google,0.5,0.5,LogNormal,lognormal,False,0.4474149478894348,0.4641266767203342,,0.0167117288308993,0.0360068267331448,22609701.23758572,-844511.7844465822,0.0389798674629651,580035354.3804958,22609701.23758572,0.0389798674629651,842234.6095886,0.043825394779614675,0.55,0.5,1.29,4,geometric,REVIEW,REVIEW:PriorPosteriorShift
"multi|amazon,google,meta,snapchat,tiktok|pmode=roi|rpk=60.0|target=google|mu=0.500000|sigma=0.500000|dist=LogNormal|0.500000|0.500000|LogNormal|alpha=0p55|ec=0p5|slope=1p29|lag=4|decay=geometric",snapchat,google,google,0.5,0.5,LogNormal,lognormal,False,0.827723902023087,0.807823580832531,,0.0199003211905559,0.0246344890923424,215660329.35589647,5184953.354317546,0.37180549035020727,580035354.3804958,215660329.35589647,0.37180549035020727,4342436.908989999,0.22595724478125545,0.55,0.5,1.29,4,geometric,REVIEW,REVIEW:PriorPosteriorShift
"multi|amazon,google,meta,snapchat,tiktok|pmode=roi|rpk=60.0|target=google|mu=0.500000|sigma=0.500000|dist=LogNormal|0.500000|0.500000|LogNormal|alpha=0p55|ec=0p5|slope=1p29|lag=4|decay=geometric",tiktok,google,google,0.5,0.5,LogNormal,lognormal,False,0.7057503472051273,0.6715719375604142,,0.034178409644713,0.0508931474547182,74217483.22408316,3594239.1732115746,0.1279533784683708,580035354.3804958,74217483.22408316,0.1279533784683708,1752685.00913,0.09120037525761929,0.55,0.5,1.29,4,geometric,REVIEW,REVIEW:PriorPosteriorShift
"multi|amazon,google,meta,snapchat,tiktok|pmode=roi|rpk=60.0|target=amazon|mu=1.500000|sigma=0.500000|dist=LogNormal|1.500000|0.500000|LogNormal|alpha=0p55|ec=0p5|slope=1p29|lag=4|decay=geometric",amazon,amazon,amazon,1.5,0.5,LogNormal,lognormal,False,1.5088217266400654,0.988615298025931,,0.5202064286141345,0.5261970249225192,1424954.6037089608,491291.0069126679,0.0020760805404039066,686367689.4884493,1424954.6037089608,0.0020760805404039066,15740.258094,0.0008190390385875117,0.55,0.5,1.29,4,geometric,REVIEW,REVIEW:PriorPosteriorShift
"multi|amazon,google,meta,snapchat,tiktok|pmode=roi|rpk=60.0|target=amazon|mu=1.500000|sigma=0.500000|dist=LogNormal|1.500000|0.500000|LogNormal|alpha=0p55|ec=0p5|slope=1p29|lag=4|decay=geometric",beehiiv,amazon,amazon,1.5,0.5,LogNormal,lognormal,False,0.4038332625160304,0.4086380854784511,,0.0048048229624206,0.0117581379053178,7951612.786704782,-94608.58045174088,0.011585062800131413,686367689.4884493,7951612.786704782,0.011585062800131413,328172.2732613,0.01707633391891276,0.55,0.5,1.29,4,geometric,REVIEW,REVIEW:PriorPosteriorShift
"multi|amazon,google,meta,snapchat,tiktok|pmode=roi|rpk=60.0|target=amazon|mu=1.500000|sigma=0.500000|dist=LogNormal|1.500000|0.500000|LogNormal|alpha=0p55|ec=0p5|slope=1p29|lag=4|decay=geometric",google,amazon,amazon,1.5,0.5,LogNormal,lognormal,False,0.4957165666638563,0.5056181128850827,,0.0099015462212264,0.0195830528394794,306309530.8122107,-6118290.533945262,0.4462761512572125,686367689.4884493,306309530.8122107,0.4462761512572125,10298543.94665,0.535881272247419,0.55,0.5,1.29,4,geometric,REVIEW,REVIEW:PriorPosteriorShift
"multi|amazon,google,meta,snapchat,tiktok|pmode=roi|rpk=60.0|target=amazon|mu=1.500000|sigma=0.500000|dist=LogNormal|1.500000|0.500000|LogNormal|alpha=0p55|ec=0p5|slope=1p29|lag=4|decay=geometric",liveintent,amazon,amazon,1.5,0.5,LogNormal,lognormal,False,0.3879281386352765,0.384997044505241,,0.0029310941300354,0.0076132899508416,18573700.72244176,140338.53113132343,0.027060861119911923,686367689.4884493,18573700.72244176,0.027060861119911923,797987.173079,0.041522994295305,0.55,0.5,1.29,4,geometric,REVIEW,REVIEW:PriorPosteriorShift
"multi|amazon,google,meta,snapchat,tiktok|pmode=roi|rpk=60.0|target=amazon|mu=1.500000|sigma=0.500000|dist=LogNormal|1.500000|0.500000|LogNormal|alpha=0p55|ec=0p5|slope=1p29|lag=4|decay=geometric",meta,amazon,amazon,1.5,0.5,LogNormal,lognormal,False,0.7675752362112204,0.7832890489697456,,0.0157138127585252,0.0200613206315005,38693074.345194034,-792125.2492632046,0.05637368270355504,686367689.4884493,38693074.345194034,0.05637368270355504,840158.1265220001,0.043717345681286386,0.55,0.5,1.29,4,geometric,REVIEW,REVIEW:PriorPosteriorShift
"multi|amazon,google,meta,snapchat,tiktok|pmode=roi|rpk=60.0|target=amazon|mu=1.500000|sigma=0.500000|dist=LogNormal|1.500000|0.500000|LogNormal|alpha=0p55|ec=0p5|slope=1p29|lag=4|decay=geometric",moloco,amazon,amazon,1.5,0.5,LogNormal,lognormal,False,0.4510179390773798,0.4641266767203342,,0.0131087376429543,0.0282438788814831,22791775.07017752,-662437.951854784,0.033206363614179245,686367689.4884493,22791775.07017752,0.033206363614179245,842234.6095886,0.043825394779614675,0.55,0.5,1.29,4,geometric,REVIEW,REVIEW:PriorPosteriorShift
"multi|amazon,google,meta,snapchat,tiktok|pmode=roi|rpk=60.0|target=amazon|mu=1.500000|sigma=0.500000|dist=LogNormal|1.500000|0.500000|LogNormal|alpha=0p55|ec=0p5|slope=1p29|lag=4|decay=geometric",snapchat,amazon,amazon,1.5,0.5,LogNormal,lognormal,False,0.8284790278909107,0.807823580832531,,0.0206554470583796,0.0255692549072317,215857074.5422587,5381698.540679812,0.3144918938464852,686367689.4884493,215857074.5422587,0.3144918938464852,4342436.908989999,0.22595724478125545,0.55,0.5,1.29,4,geometric,REVIEW,REVIEW:PriorPosteriorShift
"multi|amazon,google,meta,snapchat,tiktok|pmode=roi|rpk=60.0|target=amazon|mu=1.500000|sigma=0.500000|dist=LogNormal|1.500000|0.500000|LogNormal|alpha=0p55|ec=0p5|slope=1p29|lag=4|decay=geometric",tiktok,amazon,amazon,1.5,0.5,LogNormal,lognormal,False,0.710965996136268,0.6715719375604142,,0.0393940585758537,0.0586594769265651,74765966.60575287,4142722.5548812896,0.10892990411812076,686367689.4884493,74765966.60575287,0.10892990411812076,1752685.00913,0.09120037525761929,0.55,0.5,1.29,4,geometric,REVIEW,REVIEW:PriorPosteriorShift
"multi|amazon,google,meta,snapchat,tiktok|pmode=roi|rpk=60.0|target=amazon|mu=1.500000|sigma=1.000000|dist=LogNormal|1.500000|1.000000|LogNormal|alpha=0p55|ec=0p5|slope=1p29|lag=4|decay=geometric",amazon,amazon,amazon,1.5,1.0,LogNormal,lognormal,False,1.5424431433404486,0.988615298025931,,0.5538278453145177,0.5602056193348437,1456707.190289958,523043.593493665,0.0021650094390316178,672841034.3289428,1456707.190289958,0.0021650094390316178,15740.258094,0.0008190390385875117,0.55,0.5,1.29,4,geometric,REVIEW,REVIEW:PriorPosteriorShift
"multi|amazon,google,meta,snapchat,tiktok|pmode=roi|rpk=60.0|target=amazon|mu=1.500000|sigma=1.000000|dist=LogNormal|1.500000|1.000000|LogNormal|alpha=0p55|ec=0p5|slope=1p29|lag=4|decay=geometric",beehiiv,amazon,amazon,1.5,1.0,LogNormal,lognormal,False,0.3956264415049615,0.4086380854784511,,0.0130116439734895,0.0318414862340963,7790017.720257716,-256203.64689880703,0.011577798206120234,672841034.3289428,7790017.720257716,0.011577798206120234,328172.2732613,0.01707633391891276,0.55,0.5,1.29,4,geometric,REVIEW,REVIEW:PriorPosteriorShift
"multi|amazon,google,meta,snapchat,tiktok|pmode=roi|rpk=60.0|target=amazon|mu=1.500000|sigma=1.000000|dist=LogNormal|1.500000|1.000000|LogNormal|alpha=0p55|ec=0p5|slope=1p29|lag=4|decay=geometric",google,amazon,amazon,1.5,1.0,LogNormal,lognormal,False,0.49962948199672,0.5056181128850827,,0.0059886308883627,0.0118441779195592,308727370.64311177,-3700450.703044176,0.45884147204401804,672841034.3289428,308727370.64311177,0.45884147204401804,10298543.94665,0.535881272247419,0.55,0.5,1.29,4,geometric,REVIEW,REVIEW:PriorPosteriorShift
"multi|amazon,google,meta,snapchat,tiktok|pmode=roi|rpk=60.0|target=amazon|mu=1.500000|sigma=1.000000|dist=LogNormal|1.500000|1.000000|LogNormal|alpha=0p55|ec=0p5|slope=1p29|lag=4|decay=geometric",liveintent,amazon,amazon,1.5,1.0,LogNormal,lognormal,False,0.3796311763802077,0.384997044505241,,0.0053658681250333,0.013937426797468,18176448.555137828,-256913.6361726075,0.02701447686416166,672841034.3289428,18176448.555137828,0.02701447686416166,797987.173079,0.041522994295305,0.55,0.5,1.29,4,geometric,REVIEW,REVIEW:PriorPosteriorShift
"multi|amazon,google,meta,snapchat,tiktok|pmode=roi|rpk=60.0|target=amazon|mu=1.500000|sigma=1.000000|dist=LogNormal|1.500000|1.000000|LogNormal|alpha=0p55|ec=0p5|slope=1p29|lag=4|decay=geometric",meta,amazon,amazon,1.5,1.0,LogNormal,lognormal,False,0.7827241222715626,0.7832890489697456,,0.0005649266981829,0.0007212237920676,39456721.92907518,-28477.66538205743,0.05864196729384571,672841034.3289428,39456721.92907518,0.05864196729384571,840158.1265220001,0.043717345681286386,0.55,0.5,1.29,4,geometric,REVIEW,REVIEW:PriorPosteriorShift
"multi|amazon,google,meta,snapchat,tiktok|pmode=roi|rpk=60.0|target=amazon|mu=1.500000|sigma=1.000000|dist=LogNormal|1.500000|1.000000|LogNormal|alpha=0p55|ec=0p5|slope=1p29|lag=4|decay=geometric",moloco,amazon,amazon,1.5,1.0,LogNormal,lognormal,False,0.4193596713788186,0.4641266767203342,,0.0447670053415156,0.0964542819599455,21191953.74605657,-2262259.2759757303,0.03149622669371279,672841034.3289428,21191953.74605657,0.03149622669371279,842234.6095886,0.043825394779614675,0.55,0.5,1.29,4,geometric,REVIEW,REVIEW:PriorPosteriorShift
"multi|amazon,google,meta,snapchat,tiktok|pmode=roi|rpk=60.0|target=amazon|mu=1.500000|sigma=1.000000|dist=LogNormal|1.500000|1.000000|LogNormal|alpha=0p55|ec=0p5|slope=1p29|lag=4|decay=geometric",snapchat,amazon,amazon,1.5,1.0,LogNormal,lognormal,False,0.7913406183229138,0.807823580832531,,0.0164829625096172,0.0204041611321003,206180802.5153033,-4294573.486275613,0.3064331573072643,672841034.3289428,206180802.5153033,0.3064331573072643,4342436.908989999,0.22595724478125545,0.55,0.5,1.29,4,geometric,REVIEW,REVIEW:PriorPosteriorShift
"multi|amazon,google,meta,snapchat,tiktok|pmode=roi|rpk=60.0|target=amazon|mu=1.500000|sigma=1.000000|dist=LogNormal|1.500000|1.000000|LogNormal|alpha=0p55|ec=0p5|slope=1p29|lag=4|decay=geometric",tiktok,amazon,amazon,1.5,1.0,LogNormal,lognormal,False,0.664323705874073,0.6715719375604142,,0.0072482316863412,0.0107929341310352,69861012.0297105,-762232.0211610794,0.10382989215184579,672841034.3289428,69861012.0297105,0.10382989215184579,1752685.00913,0.09120037525761929,0.55,0.5,1.29,4,geometric,REVIEW,REVIEW:PriorPosteriorShift
"multi|amazon,google,meta,snapchat,tiktok|pmode=roi|rpk=60.0|target=google|mu=1.000000|sigma=0.500000|dist=LogNormal|1.000000|0.500000|LogNormal|alpha=0p55|ec=0p5|slope=1p29|lag=4|decay=geometric",amazon,google,google,1.0,0.5,LogNormal,lognormal,False,1.0048864929502208,0.988615298025931,,0.0162711949242898,0.0164585708483171,949030.3652526592,15366.768456366262,0.0011813195377491845,803364657.0011741,949030.3652526592,0.0011813195377491845,15740.258094,0.0008190390385875117,0.55,0.5,1.29,4,geometric,REVIEW,REVIEW:PriorPosteriorShift
"multi|amazon,google,meta,snapchat,tiktok|pmode=roi|rpk=60.0|target=google|mu=1.000000|sigma=0.500000|dist=LogNormal|1.000000|0.500000|LogNormal|alpha=0p55|ec=0p5|slope=1p29|lag=4|decay=geometric",beehiiv,google,google,1.0,0.5,LogNormal,lognormal,False,0.4001421436116409,0.4086380854784511,,0.0084959418668101,0.0207908713571393,7878933.413800906,-167287.9533556169,0.009807418518025982,803364657.0011741,7878933.413800906,0.009807418518025982,328172.2732613,0.01707633391891276,0.55,0.5,1.29,4,geometric,REVIEW,REVIEW:PriorPosteriorShift
"multi|amazon,google,meta,snapchat,tiktok|pmode=roi|rpk=60.0|target=google|mu=1.000000|sigma=0.500000|dist=LogNormal|1.000000|0.500000|LogNormal|alpha=0p55|ec=0p5|slope=1p29|lag=4|decay=geometric",google,google,google,1.0,0.5,LogNormal,lognormal,False,0.7233328575020035,0.5056181128850827,,0.2177147446169207,0.4305912685260211,446956513.2624183,134528691.9162624,0.5563557089140967,803364657.0011741,446956513.2624183,0.5563557089140967,10298543.94665,0.535881272247419,0.55,0.5,1.29,4,geometric,REVIEW,REVIEW:PriorPosteriorShift
"multi|amazon,google,meta,snapchat,tiktok|pmode=roi|rpk=60.0|target=google|mu=1.000000|sigma=0.500000|dist=LogNormal|1.000000|0.500000|LogNormal|alpha=0p55|ec=0p5|slope=1p29|lag=4|decay=geometric",liveintent,google,google,1.0,0.5,LogNormal,lognormal,False,0.410089536125306,0.384997044505241,,0.0250924916200649,0.0651758032384672,19634771.37851468,1201409.1872042457,0.024440671129108416,803364657.0011741,19634771.37851468,0.024440671129108416,797987.173079,0.041522994295305,0.55,0.5,1.29,4,geometric,REVIEW,REVIEW:PriorPosteriorShift
"multi|amazon,google,meta,snapchat,tiktok|pmode=roi|rpk=60.0|target=google|mu=1.000000|sigma=0.500000|dist=LogNormal|1.000000|0.500000|LogNormal|alpha=0p55|ec=0p5|slope=1p29|lag=4|decay=geometric",meta,google,google,1.0,0.5,LogNormal,lognormal,False,0.7776227248429011,0.7832890489697456,,0.0056663241268445,0.0072340142305032,39199563.09869667,-285636.4957605675,0.04879423404686744,803364657.0011741,39199563.09869667,0.04879423404686744,840158.1265220001,0.043717345681286386,0.55,0.5,1.29,4,geometric,REVIEW,REVIEW:PriorPosteriorShift
"multi|amazon,google,meta,snapchat,tiktok|pmode=roi|rpk=60.0|target=google|mu=1.000000|sigma=0.500000|dist=LogNormal|1.000000|0.500000|LogNormal|alpha=0p55|ec=0p5|slope=1p29|lag=4|decay=geometric",moloco,google,google,1.0,0.5,LogNormal,lognormal,False,0.4286591474968009,0.4641266767203342,,0.0354675292235333,0.0764177777372291,21661894.184313014,-1792318.8377192875,0.02696396212546024,803364657.0011741,21661894.184313014,0.02696396212546024,842234.6095886,0.043825394779614675,0.55,0.5,1.29,4,geometric,REVIEW,REVIEW:PriorPosteriorShift
"multi|amazon,google,meta,snapchat,tiktok|pmode=roi|rpk=60.0|target=google|mu=1.000000|sigma=0.500000|dist=LogNormal|1.000000|0.500000|LogNormal|alpha=0p55|ec=0p5|slope=1p29|lag=4|decay=geometric",snapchat,google,google,1.0,0.5,LogNormal,lognormal,False,0.7596273038070649,0.807823580832531,,0.0481962770254661,0.0596618843136464,197918018.46770144,-12557357.533877462,0.24636137119411788,803364657.0011741,197918018.46770144,0.24636137119411788,4342436.908989999,0.22595724478125545,0.55,0.5,1.29,4,geometric,REVIEW,REVIEW:PriorPosteriorShift
"multi|amazon,google,meta,snapchat,tiktok|pmode=roi|rpk=60.0|target=google|mu=1.000000|sigma=0.500000|dist=LogNormal|1.000000|0.500000|LogNormal|alpha=0p55|ec=0p5|slope=1p29|lag=4|decay=geometric",tiktok,google,google,1.0,0.5,LogNormal,lognormal,False,0.6577140451191614,0.6715719375604142,,0.0138578924412527,0.0206350082041749,69165932.8304764,-1457311.2203951776,0.0860953145345742,803364657.0011741,69165932.8304764,0.0860953145345742,1752685.00913,0.09120037525761929,0.55,0.5,1.29,4,geometric,REVIEW,REVIEW:PriorPosteriorShift
"multi|amazon,google,meta,snapchat,tiktok|pmode=roi|rpk=60.0|target=google|mu=1.000000|sigma=1.000000|dist=LogNormal|1.000000|1.000000|LogNormal|alpha=0p55|ec=0p5|slope=1p29|lag=4|decay=geometric",amazon,google,google,1.0,1.0,LogNormal,lognormal,True,0.988615298025931,0.988615298025931,0.0,0.0,0.0,,,,,,,,,0.55,0.5,1.29,4,geometric,REVIEW,REVIEW:PriorPosteriorShift
"multi|amazon,google,meta,snapchat,tiktok|pmode=roi|rpk=60.0|target=google|mu=1.000000|sigma=1.000000|dist=LogNormal|1.000000|1.000000|LogNormal|alpha=0p55|ec=0p5|slope=1p29|lag=4|decay=geometric",beehiiv,google,google,1.0,1.0,LogNormal,lognormal,True,0.4086380854784511,0.4086380854784511,0.0,0.0,0.0,,,,,,,,,0.55,0.5,1.29,4,geometric,REVIEW,REVIEW:PriorPosteriorShift
"multi|amazon,google,meta,snapchat,tiktok|pmode=roi|rpk=60.0|target=google|mu=1.000000|sigma=1.000000|dist=LogNormal|1.000000|1.000000|LogNormal|alpha=0p55|ec=0p5|slope=1p29|lag=4|decay=geometric",google,google,google,1.0,1.0,LogNormal,lognormal,True,0.5056181128850827,0.5056181128850827,0.0,0.0,0.0,,,,,,,,,0.55,0.5,1.29,4,geometric,REVIEW,REVIEW:PriorPosteriorShift
"multi|amazon,google,meta,snapchat,tiktok|pmode=roi|rpk=60.0|target=google|mu=1.000000|sigma=1.000000|dist=LogNormal|1.000000|1.000000|LogNormal|alpha=0p55|ec=0p5|slope=1p29|lag=4|decay=geometric",liveintent,google,google,1.0,1.0,LogNormal,lognormal,True,0.384997044505241,0.384997044505241,0.0,0.0,0.0,,,,,,,,,0.55,0.5,1.29,4,geometric,REVIEW,REVIEW:PriorPosteriorShift
"multi|amazon,google,meta,snapchat,tiktok|pmode=roi|rpk=60.0|target=google|mu=1.000000|sigma=1.000000|dist=LogNormal|1.000000|1.000000|LogNormal|alpha=0p55|ec=0p5|slope=1p29|lag=4|decay=geometric",meta,google,google,1.0,1.0,LogNormal,lognormal,True,0.7832890489697456,0.7832890489697456,0.0,0.0,0.0,,,,,,,,,0.55,0.5,1.29,4,geometric,REVIEW,REVIEW:PriorPosteriorShift
"multi|amazon,google,meta,snapchat,tiktok|pmode=roi|rpk=60.0|target=google|mu=1.000000|sigma=1.000000|dist=LogNormal|1.000000|1.000000|LogNormal|alpha=0p55|ec=0p5|slope=1p29|lag=4|decay=geometric",moloco,google,google,1.0,1.0,LogNormal,lognormal,True,0.4641266767203342,0.4641266767203342,0.0,0.0,0.0,,,,,,,,,0.55,0.5,1.29,4,geometric,REVIEW,REVIEW:PriorPosteriorShift
"multi|amazon,google,meta,snapchat,tiktok|pmode=roi|rpk=60.0|target=google|mu=1.000000|sigma=1.000000|dist=LogNormal|1.000000|1.000000|LogNormal|alpha=0p55|ec=0p5|slope=1p29|lag=4|decay=geometric",snapchat,google,google,1.0,1.0,LogNormal,lognormal,True,0.807823580832531,0.807823580832531,0.0,0.0,0.0,,,,,,,,,0.55,0.5,1.29,4,geometric,REVIEW,REVIEW:PriorPosteriorShift
"multi|amazon,google,meta,snapchat,tiktok|pmode=roi|rpk=60.0|target=google|mu=1.000000|sigma=1.000000|dist=LogNormal|1.000000|1.000000|LogNormal|alpha=0p55|ec=0p5|slope=1p29|lag=4|decay=geometric",tiktok,google,google,1.0,1.0,LogNormal,lognormal,True,0.6715719375604142,0.6715719375604142,0.0,0.0,0.0,,,,,,,,,0.55,0.5,1.29,4,geometric,REVIEW,REVIEW:PriorPosteriorShift
"multi|amazon,google,meta,snapchat,tiktok|pmode=roi|rpk=60.0|target=google|mu=1.500000|sigma=0.500000|dist=LogNormal|1.500000|0.500000|LogNormal|alpha=0p55|ec=0p5|slope=1p29|lag=4|decay=geometric",amazon,google,google,1.5,0.5,LogNormal,lognormal,False,0.9997159666754304,0.988615298025931,,0.0111006686494994,0.0112285017960629,944147.2401698388,10483.643373545725,0.0008857153220305134,1065971443.2910221,944147.2401698388,0.0008857153220305134,15740.258094,0.0008190390385875117,0.55,0.5,1.29,4,geometric,REVIEW,REVIEW:PriorPosteriorShift
"multi|amazon,google,meta,snapchat,tiktok|pmode=roi|rpk=60.0|target=google|mu=1.500000|sigma=0.500000|dist=LogNormal|1.500000|0.500000|LogNormal|alpha=0p55|ec=0p5|slope=1p29|lag=4|decay=geometric",beehiiv,google,google,1.5,0.5,LogNormal,lognormal,False,0.4023694728687406,0.4086380854784511,,0.0062686126097105,0.0153402554301098,7922790.276137134,-123431.09101938922,0.007432460152662949,1065971443.2910221,7922790.276137134,0.007432460152662949,328172.2732613,0.01707633391891276,0.55,0.5,1.29,4,geometric,REVIEW,REVIEW:PriorPosteriorShift
"multi|amazon,google,meta,snapchat,tiktok|pmode=roi|rpk=60.0|target=google|mu=1.500000|sigma=0.500000|dist=LogNormal|1.500000|0.500000|LogNormal|alpha=0p55|ec=0p5|slope=1p29|lag=4|decay=geometric",google,google,google,1.5,0.5,LogNormal,lognormal,False,1.143978129029274,0.5056181128850827,,0.6383600161441914,1.2625339161638744,706878542.1488653,394450720.8027094,0.6631308433239892,1065971443.2910221,706878542.1488653,0.6631308433239892,10298543.94665,0.535881272247419,0.55,0.5,1.29,4,geometric,REVIEW,REVIEW:PriorPosteriorShift
"multi|amazon,google,meta,snapchat,tiktok|pmode=roi|rpk=60.0|target=google|mu=1.500000|sigma=0.500000|dist=LogNormal|1.500000|0.500000|LogNormal|alpha=0p55|ec=0p5|slope=1p29|lag=4|decay=geometric",liveintent,google,google,1.5,0.5,LogNormal,lognormal,False,0.3846242104680277,0.384997044505241,,0.0003728340372133,0.0009684075307446,18415511.184547424,-17851.006763011217,0.017275801617811056,1065971443.2910221,18415511.184547424,0.017275801617811056,797987.173079,0.041522994295305,0.55,0.5,1.29,4,geometric,REVIEW,REVIEW:PriorPosteriorShift
"multi|amazon,google,meta,snapchat,tiktok|pmode=roi|rpk=60.0|target=google|mu=1.500000|sigma=0.500000|dist=LogNormal|1.500000|0.500000|LogNormal|alpha=0p55|ec=0p5|slope=1p29|lag=4|decay=geometric",meta,google,google,1.5,0.5,LogNormal,lognormal,False,0.7773309693206102,0.7832890489697456,,0.0059580796491354,0.007606489145957,39184855.85231605,-300343.7421411872,0.036759761341578594,1065971443.2910221,39184855.85231605,0.036759761341578594,840158.1265220001,0.043717345681286386,0.55,0.5,1.29,4,geometric,REVIEW,REVIEW:PriorPosteriorShift
"multi|amazon,google,meta,snapchat,tiktok|pmode=roi|rpk=60.0|target=google|mu=1.500000|sigma=0.500000|dist=LogNormal|1.500000|0.500000|LogNormal|alpha=0p55|ec=0p5|slope=1p29|lag=4|decay=geometric",moloco,google,google,1.5,0.5,LogNormal,lognormal,False,0.4634019957288789,0.4641266767203342,,0.0007246809914552,0.0015613862072658,23417591.937317427,-36621.084714874625,0.02196831076920713,1065971443.2910221,23417591.937317427,0.02196831076920713,842234.6095886,0.043825394779614675,0.55,0.5,1.29,4,geometric,REVIEW,REVIEW:PriorPosteriorShift
"multi|amazon,google,meta,snapchat,tiktok|pmode=roi|rpk=60.0|target=google|mu=1.500000|sigma=0.500000|dist=LogNormal|1.500000|0.500000|LogNormal|alpha=0p55|ec=0p5|slope=1p29|lag=4|decay=geometric",snapchat,google,google,1.5,0.5,LogNormal,lognormal,False,0.766365519973139,0.807823580832531,,0.041458060859392,0.0513206866487681,199673635.18252027,-10801740.819058657,0.18731612037003428,1065971443.2910221,199673635.18252027,0.18731612037003428,4342436.908989999,0.22595724478125545,0.55,0.5,1.29,4,geometric,REVIEW,REVIEW:PriorPosteriorShift
"multi|amazon,google,meta,snapchat,tiktok|pmode=roi|rpk=60.0|target=google|mu=1.500000|sigma=0.500000|dist=LogNormal|1.500000|0.500000|LogNormal|alpha=0p55|ec=0p5|slope=1p29|lag=4|decay=geometric",tiktok,google,google,1.5,0.5,LogNormal,lognormal,False,0.6612175900302827,0.6715719375604142,,0.0103543475301315,0.0154180765321214,69534369.46914856,-1088874.5817230197,0.0652309871026863,1065971443.2910221,69534369.46914856,0.0652309871026863,1752685.00913,0.09120037525761929,0.55,0.5,1.29,4,geometric,REVIEW,REVIEW:PriorPosteriorShift
"multi|amazon,google,meta,snapchat,tiktok|pmode=roi|rpk=60.0|target=google|mu=1.500000|sigma=1.000000|dist=LogNormal|1.500000|1.000000|LogNormal|alpha=0p55|ec=0p5|slope=1p29|lag=4|decay=geometric",amazon,google,google,1.5,1.0,LogNormal,lognormal,False,1.014673196465398,0.988615298025931,,0.0260578984394671,0.026357976142489,958273.0796057602,24609.48280946724,0.0011106479385210922,862805436.6910993,958273.0796057602,0.0011106479385210922,15740.258094,0.0008190390385875117,0.55,0.5,1.29,4,geometric,REVIEW,REVIEW:PriorPosteriorShift
"multi|amazon,google,meta,snapchat,tiktok|pmode=roi|rpk=60.0|target=google|mu=1.500000|sigma=1.000000|dist=LogNormal|1.500000|1.000000|LogNormal|alpha=0p55|ec=0p5|slope=1p29|lag=4|decay=geometric",beehiiv,google,google,1.5,1.0,LogNormal,lognormal,False,0.4090857859196452,0.4086380854784511,,0.000447700441194,0.0010955915689303,8055036.739448128,8815.372291604988,0.009335866925386545,862805436.6910993,8055036.739448128,0.009335866925386545,328172.2732613,0.01707633391891276,0.55,0.5,1.29,4,geometric,REVIEW,REVIEW:PriorPosteriorShift
"multi|amazon,google,meta,snapchat,tiktok|pmode=roi|rpk=60.0|target=google|mu=1.500000|sigma=1.000000|dist=LogNormal|1.500000|1.000000|LogNormal|alpha=0p55|ec=0p5|slope=1p29|lag=4|decay=geometric",google,google,google,1.5,1.0,LogNormal,lognormal,False,0.8024538441871604,0.5056181128850827,,0.2968357313020776,0.5870749558561457,495846370.7711822,183418549.42502624,0.5746908279493197,862805436.6910993,495846370.7711822,0.5746908279493197,10298543.94665,0.535881272247419,0.55,0.5,1.29,4,geometric,REVIEW,REVIEW:PriorPosteriorShift
"multi|amazon,google,meta,snapchat,tiktok|pmode=roi|rpk=60.0|target=google|mu=1.500000|sigma=1.000000|dist=LogNormal|1.500000|1.000000|LogNormal|alpha=0p55|ec=0p5|slope=1p29|lag=4|decay=geometric",liveintent,google,google,1.5,1.0,LogNormal,lognormal,False,0.3882409667184887,0.384997044505241,,0.0032439222132476,0.0084258366643215,18588678.690308698,155316.49899825826,0.021544461705755105,862805436.6910993,18588678.690308698,0.021544461705755105,797987.173079,0.041522994295305,0.55,0.5,1.29,4,geometric,REVIEW,REVIEW:PriorPosteriorShift
"multi|amazon,google,meta,snapchat,tiktok|pmode=roi|rpk=60.0|target=google|mu=1.500000|sigma=1.000000|dist=LogNormal|1.500000|1.000000|LogNormal|alpha=0p55|ec=0p5|slope=1p29|lag=4|decay=geometric",meta,google,google,1.5,1.0,LogNormal,lognormal,False,0.7634083786451569,0.7832890489697456,,0.0198806703245887,0.0253810140084782,38483025.19042276,-1002174.4040344805,0.044602205264267954,862805436.6910993,38483025.19042276,0.044602205264267954,840158.1265220001,0.043717345681286386,0.55,0.5,1.29,4,geometric,REVIEW,REVIEW:PriorPosteriorShift
"multi|amazon,google,meta,snapchat,tiktok|pmode=roi|rpk=60.0|target=google|mu=1.500000|sigma=1.000000|dist=LogNormal|1.500000|1.000000|LogNormal|alpha=0p55|ec=0p5|slope=1p29|lag=4|decay=geometric",moloco,google,google,1.5,1.0,LogNormal,lognormal,False,0.4781780251748084,0.4641266767203342,,0.0140513484544742,0.0302748132336745,24164284.940817147,710071.9187848456,0.028006644271376353,862805436.6910993,24164284.940817147,0.028006644271376353,842234.6095886,0.043825394779614675,0.55,0.5,1.29,4,geometric,REVIEW,REVIEW:PriorPosteriorShift
"multi|amazon,google,meta,snapchat,tiktok|pmode=roi|rpk=60.0|target=google|mu=1.500000|sigma=1.000000|dist=LogNormal|1.500000|1.000000|LogNormal|alpha=0p55|ec=0p5|slope=1p29|lag=4|decay=geometric",snapchat,google,google,1.5,1.0,LogNormal,lognormal,False,0.7896259394443284,0.807823580832531,,0.0181976413882026,0.022526751904727,205734049.4243372,-4741326.577241719,0.23844778982077033,862805436.6910993,205734049.4243372,0.23844778982077033,4342436.908989999,0.22595724478125545,0.55,0.5,1.29,4,geometric,REVIEW,REVIEW:PriorPosteriorShift
"multi|amazon,google,meta,snapchat,tiktok|pmode=roi|rpk=60.0|target=google|mu=1.500000|sigma=1.000000|dist=LogNormal|1.500000|1.000000|LogNormal|alpha=0p55|ec=0p5|slope=1p29|lag=4|decay=geometric",tiktok,google,google,1.5,1.0,LogNormal,lognormal,False,0.6749236883719762,0.6715719375604142,,0.003351750811562,0.0049909036159816,70975717.85497743,352473.8041058481,0.08226155612460295,862805436.6910993,70975717.85497743,0.08226155612460295,1752685.00913,0.09120037525761929,0.55,0.5,1.29,4,geometric,REVIEW,REVIEW:PriorPosteriorShift
"multi|amazon,google,meta,snapchat,tiktok|pmode=roi|rpk=60.0|target=meta|mu=0.500000|sigma=1.000000|dist=LogNormal|0.500000|1.000000|LogNormal|alpha=0p55|ec=0p5|slope=1p29|lag=4|decay=geometric",amazon,meta,meta,0.5,1.0,LogNormal,lognormal,False,1.0231501921421535,0.988615298025931,,0.0345348941162225,0.0349325912568638,966278.8855945911,32615.288798298337,0.0014310300407829955,675233124.4324449,966278.8855945911,0.0014310300407829955,15740.258094,0.0008190390385875117,0.55,0.5,1.29,4,geometric,REVIEW,REVIEW:PriorPosteriorShift
"multi|amazon,google,meta,snapchat,tiktok|pmode=roi|rpk=60.0|target=meta|mu=0.500000|sigma=1.000000|dist=LogNormal|0.500000|1.000000|LogNormal|alpha=0p55|ec=0p5|slope=1p29|lag=4|decay=geometric",beehiiv,meta,meta,0.5,1.0,LogNormal,lognormal,False,0.4066208790312521,0.4086380854784511,,0.0020172064471989,0.0049364132196272,8006501.893631645,-39719.47352487873,0.0118573891059645,675233124.4324449,8006501.893631645,0.0118573891059645,328172.2732613,0.01707633391891276,0.55,0.5,1.29,4,geometric,REVIEW,REVIEW:PriorPosteriorShift
"multi|amazon,google,meta,snapchat,tiktok|pmode=roi|rpk=60.0|target=meta|mu=0.500000|sigma=1.000000|dist=LogNormal|0.500000|1.000000|LogNormal|alpha=0p55|ec=0p5|slope=1p29|lag=4|decay=geometric",google,meta,meta,0.5,1.0,LogNormal,lognormal,False,0.5059743202570826,0.5056181128850827,,0.0003562073719998,0.0007044988360231,312647926.38263553,220105.03647959232,0.4630221994002829,675233124.4324449,312647926.38263553,0.4630221994002829,10298543.94665,0.535881272247419,0.55,0.5,1.29,4,geometric,REVIEW,REVIEW:PriorPosteriorShift
"multi|amazon,google,meta,snapchat,tiktok|pmode=roi|rpk=60.0|target=meta|mu=0.500000|sigma=1.000000|dist=LogNormal|0.500000|1.000000|LogNormal|alpha=0p55|ec=0p5|slope=1p29|lag=4|decay=geometric",liveintent,meta,meta,0.5,1.0,LogNormal,lognormal,False,0.3985300764930434,0.384997044505241,,0.0135330319878023,0.0351510022763776,19081313.34765848,647951.1563480459,0.028258852620266426,675233124.4324449,19081313.34765848,0.028258852620266426,797987.173079,0.041522994295305,0.55,0.5,1.29,4,geometric,REVIEW,REVIEW:PriorPosteriorShift
"multi|amazon,google,meta,snapchat,tiktok|pmode=roi|rpk=60.0|target=meta|mu=0.500000|sigma=1.000000|dist=LogNormal|0.500000|1.000000|LogNormal|alpha=0p55|ec=0p5|slope=1p29|lag=4|decay=geometric",meta,meta,meta,0.5,1.0,LogNormal,lognormal,False,0.387496958245368,0.7832890489697456,,0.3957920907243776,0.5052950647592482,19533523.108344123,-19951676.486113116,0.02892856170935434,675233124.4324449,19533523.108344123,0.02892856170935434,840158.1265220001,0.043717345681286386,0.55,0.5,1.29,4,geometric,REVIEW,REVIEW:PriorPosteriorShift
"multi|amazon,google,meta,snapchat,tiktok|pmode=roi|rpk=60.0|target=meta|mu=0.500000|sigma=1.000000|dist=LogNormal|0.500000|1.000000|LogNormal|alpha=0p55|ec=0p5|slope=1p29|lag=4|decay=geometric",moloco,meta,meta,0.5,1.0,LogNormal,lognormal,False,0.4658573879130805,0.4641266767203342,,0.0017307111927463,0.0037289629740226,23541672.9139763,87459.89194399863,0.034864511325275745,675233124.4324449,23541672.9139763,0.034864511325275745,842234.6095886,0.043825394779614675,0.55,0.5,1.29,4,geometric,REVIEW,REVIEW:PriorPosteriorShift
"multi|amazon,google,meta,snapchat,tiktok|pmode=roi|rpk=60.0|target=meta|mu=0.500000|sigma=1.000000|dist=LogNormal|0.500000|1.000000|LogNormal|alpha=0p55|ec=0p5|slope=1p29|lag=4|decay=geometric",snapchat,meta,meta,0.5,1.0,LogNormal,lognormal,False,0.8381990173272789,0.807823580832531,,0.0303754364947478,0.0376015719464928,218389580.99526745,7914204.993688494,0.3234284176725348,675233124.4324449,218389580.99526745,0.3234284176725348,4342436.908989999,0.22595724478125545,0.55,0.5,1.29,4,geometric,REVIEW,REVIEW:PriorPosteriorShift
"multi|amazon,google,meta,snapchat,tiktok|pmode=roi|rpk=60.0|target=meta|mu=0.500000|sigma=1.000000|dist=LogNormal|0.500000|1.000000|LogNormal|alpha=0p55|ec=0p5|slope=1p29|lag=4|decay=geometric",tiktok,meta,meta,0.5,1.0,LogNormal,lognormal,False,0.6948037489596754,0.6715719375604142,,0.0232318113992612,0.0345931836932529,73066326.90533683,2443082.854465246,0.10820903812553836,675233124.4324449,73066326.90533683,0.10820903812553836,1752685.00913,0.09120037525761929,0.55,0.5,1.29,4,geometric,REVIEW,REVIEW:PriorPosteriorShift
"multi|amazon,google,meta,snapchat,tiktok|pmode=roi|rpk=60.0|target=meta|mu=1.000000|sigma=0.500000|dist=LogNormal|1.000000|0.500000|LogNormal|alpha=0p55|ec=0p5|slope=1p29|lag=4|decay=geometric",amazon,meta,meta,1.0,0.5,LogNormal,lognormal,False,1.0076303230940054,0.988615298025931,,0.0190150250680743,0.0192339984077158,951621.6809304152,17958.08413412224,0.0013657618767155455,696769837.52023,951621.6809304152,0.0013657618767155455,15740.258094,0.0008190390385875117,0.55,0.5,1.29,4,geometric,REVIEW,REVIEW:PriorPosteriorShift
"multi|amazon,google,meta,snapchat,tiktok|pmode=roi|rpk=60.0|target=meta|mu=1.000000|sigma=0.500000|dist=LogNormal|1.000000|0.500000|LogNormal|alpha=0p55|ec=0p5|slope=1p29|lag=4|decay=geometric",beehiiv,meta,meta,1.0,0.5,LogNormal,lognormal,False,0.4017945839247356,0.4086380854784511,,0.0068435015537154,0.0167470967511577,7911470.51943952,-134750.84771700297,0.011354496267513616,696769837.52023,7911470.51943952,0.011354496267513616,328172.2732613,0.01707633391891276,0.55,0.5,1.29,4,geometric,REVIEW,REVIEW:PriorPosteriorShift
"multi|amazon,google,meta,snapchat,tiktok|pmode=roi|rpk=60.0|target=meta|mu=1.000000|sigma=0.500000|dist=LogNormal|1.000000|0.500000|LogNormal|alpha=0p55|ec=0p5|slope=1p29|lag=4|decay=geometric",google,meta,meta,1.0,0.5,LogNormal,lognormal,False,0.5082800720880429,0.5056181128850827,,0.0026619592029601,0.005264762347557,314072679.57630837,1644858.2301524282,0.45075527478927296,696769837.52023,314072679.57630837,0.45075527478927296,10298543.94665,0.535881272247419,0.55,0.5,1.29,4,geometric,REVIEW,REVIEW:PriorPosteriorShift
"multi|amazon,google,meta,snapchat,tiktok|pmode=roi|rpk=60.0|target=meta|mu=1.000000|sigma=0.500000|dist=LogNormal|1.000000|0.500000|LogNormal|alpha=0p55|ec=0p5|slope=1p29|lag=4|decay=geometric",liveintent,meta,meta,1.0,0.5,LogNormal,lognormal,False,0.3956766993265289,0.384997044505241,,0.0106796548212878,0.0277395761180772,18944695.844928373,511333.6536179371,0.02718931679412476,696769837.52023,18944695.844928373,0.02718931679412476,797987.173079,0.041522994295305,0.55,0.5,1.29,4,geometric,REVIEW,REVIEW:PriorPosteriorShift
"multi|amazon,google,meta,snapchat,tiktok|pmode=roi|rpk=60.0|target=meta|mu=1.000000|sigma=0.500000|dist=LogNormal|1.000000|0.500000|LogNormal|alpha=0p55|ec=0p5|slope=1p29|lag=4|decay=geometric",meta,meta,meta,1.0,0.5,LogNormal,lognormal,False,0.9263315222163996,0.7832890489697456,,0.1430424732466539,0.1826177366258301,46695897.37461617,7210697.7801589295,0.06701767909587561,696769837.52023,46695897.37461617,0.06701767909587561,840158.1265220001,0.043717345681286386,0.55,0.5,1.29,4,geometric,REVIEW,REVIEW:PriorPosteriorShift
"multi|amazon,google,meta,snapchat,tiktok|pmode=roi|rpk=60.0|target=meta|mu=1.000000|sigma=0.500000|dist=LogNormal|1.000000|0.500000|LogNormal|alpha=0p55|ec=0p5|slope=1p29|lag=4|decay=geometric",moloco,meta,meta,1.0,0.5,LogNormal,lognormal,False,0.4562277416395954,0.4641266767203342,,0.0078989350807388,0.0170189206458787,23055047.631798796,-399165.3902335055,0.033088469664316396,696769837.52023,23055047.631798796,0.033088469664316396,842234.6095886,0.043825394779614675,0.55,0.5,1.29,4,geometric,REVIEW,REVIEW:PriorPosteriorShift
"multi|amazon,google,meta,snapchat,tiktok|pmode=roi|rpk=60.0|target=meta|mu=1.000000|sigma=0.500000|dist=LogNormal|1.000000|0.500000|LogNormal|alpha=0p55|ec=0p5|slope=1p29|lag=4|decay=geometric",snapchat,meta,meta,1.0,0.5,LogNormal,lognormal,False,0.8085905347267787,0.807823580832531,,0.0007669538942476,0.0009494076583618,210675202.93545145,199826.93387249112,0.30235982040387144,696769837.52023,210675202.93545145,0.30235982040387144,4342436.908989999,0.22595724478125545,0.55,0.5,1.29,4,geometric,REVIEW,REVIEW:PriorPosteriorShift
"multi|amazon,google,meta,snapchat,tiktok|pmode=roi|rpk=60.0|target=meta|mu=1.000000|sigma=0.500000|dist=LogNormal|1.000000|0.500000|LogNormal|alpha=0p55|ec=0p5|slope=1p29|lag=4|decay=geometric",tiktok,meta,meta,1.0,0.5,LogNormal,lognormal,False,0.708087130781884,0.6715719375604142,,0.0365151932214697,0.054372720447666,74463221.95675692,3839977.905885339,0.1068691811083096,696769837.52023,74463221.95675692,0.1068691811083096,1752685.00913,0.09120037525761929,0.55,0.5,1.29,4,geometric,REVIEW,REVIEW:PriorPosteriorShift
"multi|amazon,google,meta,snapchat,tiktok|pmode=roi|rpk=60.0|target=meta|mu=0.500000|sigma=0.500000|dist=LogNormal|0.500000|0.500000|LogNormal|alpha=0p55|ec=0p5|slope=1p29|lag=4|decay=geometric",amazon,meta,meta,0.5,0.5,LogNormal,lognormal,False,1.0197390205754588,0.988615298025931,,0.0311237225495278,0.0314821373001974,963057.32234283,29393.725546537084,0.0014091781790634258,683417708.7406373,963057.32234283,0.0014091781790634258,15740.258094,0.0008190390385875117,0.55,0.5,1.29,4,geometric,REVIEW,REVIEW:PriorPosteriorShift
"multi|amazon,google,meta,snapchat,tiktok|pmode=roi|rpk=60.0|target=meta|mu=0.500000|sigma=0.500000|dist=LogNormal|0.500000|0.500000|LogNormal|alpha=0p55|ec=0p5|slope=1p29|lag=4|decay=geometric",beehiiv,meta,meta,0.5,0.5,LogNormal,lognormal,False,0.4014502648487299,0.4086380854784511,,0.0071878206297211,0.0175896982810727,7904690.761005519,-141530.60615100432,0.011566411961393021,683417708.7406373,7904690.761005519,0.011566411961393021,328172.2732613,0.01707633391891276,0.55,0.5,1.29,4,geometric,REVIEW,REVIEW:PriorPosteriorShift
"multi|amazon,google,meta,snapchat,tiktok|pmode=roi|rpk=60.0|target=meta|mu=0.500000|sigma=0.500000|dist=LogNormal|0.500000|0.500000|LogNormal|alpha=0p55|ec=0p5|slope=1p29|lag=4|decay=geometric",google,meta,meta,0.5,0.5,LogNormal,lognormal,False,0.5153822785274436,0.5056181128850827,,0.0097641656423608,0.0193113446562387,318461222.6843693,6033401.338213384,0.46598327583757126,683417708.7406373,318461222.6843693,0.46598327583757126,10298543.94665,0.535881272247419,0.55,0.5,1.29,4,geometric,REVIEW,REVIEW:PriorPosteriorShift
"multi|amazon,google,meta,snapchat,tiktok|pmode=roi|rpk=60.0|target=meta|mu=0.500000|sigma=0.500000|dist=LogNormal|0.500000|0.500000|LogNormal|alpha=0p55|ec=0p5|slope=1p29|lag=4|decay=geometric",liveintent,meta,meta,0.5,0.5,LogNormal,lognormal,False,0.4063943659195987,0.384997044505241,,0.0213973214143576,0.0555778848688444,19457849.472924795,1024487.2816143596,0.028471386128961447,683417708.7406373,19457849.472924795,0.028471386128961447,797987.173079,0.041522994295305,0.55,0.5,1.29,4,geometric,REVIEW,REVIEW:PriorPosteriorShift
"multi|amazon,google,meta,snapchat,tiktok|pmode=roi|rpk=60.0|target=meta|mu=0.500000|sigma=0.500000|dist=LogNormal|0.500000|0.500000|LogNormal|alpha=0p55|ec=0p5|slope=1p29|lag=4|decay=geometric",meta,meta,meta,0.5,0.5,LogNormal,lognormal,False,0.4720362616997833,0.7832890489697456,,0.3112527872699623,0.3973664481577406,23795106.076808307,-15690093.517648932,0.03481780728312785,683417708.7406373,23795106.076808307,0.03481780728312785,840158.1265220001,0.043717345681286386,0.55,0.5,1.29,4,geometric,REVIEW,REVIEW:PriorPosteriorShift
"multi|amazon,google,meta,snapchat,tiktok|pmode=roi|rpk=60.0|target=meta|mu=0.500000|sigma=0.500000|dist=LogNormal|0.500000|0.500000|LogNormal|alpha=0p55|ec=0p5|slope=1p29|lag=4|decay=geometric",moloco,meta,meta,0.5,0.5,LogNormal,lognormal,False,0.4691770326594511,0.4641266767203342,,0.0050503559391169,0.0108814170622648,23709428.09579224,255215.0737599358,0.03469244035171785,683417708.7406373,23709428.09579224,0.03469244035171785,842234.6095886,0.043825394779614675,0.55,0.5,1.29,4,geometric,REVIEW,REVIEW:PriorPosteriorShift
"multi|amazon,google,meta,snapchat,tiktok|pmode=roi|rpk=60.0|target=meta|mu=0.500000|sigma=0.500000|dist=LogNormal|0.500000|0.500000|LogNormal|alpha=0p55|ec=0p5|slope=1p29|lag=4|decay=geometric",snapchat,meta,meta,0.5,0.5,LogNormal,lognormal,False,0.8213744607629875,0.807823580832531,,0.0135508799304564,0.0167745535683558,214006006.47113732,3530630.469558388,0.3131408562202686,683417708.7406373,214006006.47113732,0.3131408562202686,4342436.908989999,0.22595724478125545,0.55,0.5,1.29,4,geometric,REVIEW,REVIEW:PriorPosteriorShift
"multi|amazon,google,meta,snapchat,tiktok|pmode=roi|rpk=60.0|target=meta|mu=0.500000|sigma=0.500000|dist=LogNormal|0.500000|0.500000|LogNormal|alpha=0p55|ec=0p5|slope=1p29|lag=4|decay=geometric",tiktok,meta,meta,0.5,0.5,LogNormal,lognormal,False,0.7143358852745344,0.6715719375604142,,0.0427639477141201,0.0636773893046613,75120347.85625704,4497103.8053854555,0.10991864403789664,683417708.7406373,75120347.85625704,0.10991864403789664,1752685.00913,0.09120037525761929,0.55,0.5,1.29,4,geometric,REVIEW,REVIEW:PriorPosteriorShift
"multi|amazon,google,meta,snapchat,tiktok|pmode=roi|rpk=60.0|target=meta|mu=1.000000|sigma=1.000000|dist=LogNormal|1.000000|1.000000|LogNormal|alpha=0p55|ec=0p5|slope=1p29|lag=4|decay=geometric",amazon,meta,meta,1.0,1.0,LogNormal,lognormal,True,0.988615298025931,0.988615298025931,0.0,0.0,0.0,,,,,,,,,0.55,0.5,1.29,4,geometric,REVIEW,REVIEW:PriorPosteriorShift
"multi|amazon,google,meta,snapchat,tiktok|pmode=roi|rpk=60.0|target=meta|mu=1.000000|sigma=1.000000|dist=LogNormal|1.000000|1.000000|LogNormal|alpha=0p55|ec=0p5|slope=1p29|lag=4|decay=geometric",beehiiv,meta,meta,1.0,1.0,LogNormal,lognormal,True,0.4086380854784511,0.4086380854784511,0.0,0.0,0.0,,,,,,,,,0.55,0.5,1.29,4,geometric,REVIEW,REVIEW:PriorPosteriorShift
"multi|amazon,google,meta,snapchat,tiktok|pmode=roi|rpk=60.0|target=meta|mu=1.000000|sigma=1.000000|dist=LogNormal|1.000000|1.000000|LogNormal|alpha=0p55|ec=0p5|slope=1p29|lag=4|decay=geometric",google,meta,meta,1.0,1.0,LogNormal,lognormal,True,0.5056181128850827,0.5056181128850827,0.0,0.0,0.0,,,,,,,,,0.55,0.5,1.29,4,geometric,REVIEW,REVIEW:PriorPosteriorShift
"multi|amazon,google,meta,snapchat,tiktok|pmode=roi|rpk=60.0|target=meta|mu=1.000000|sigma=1.000000|dist=LogNormal|1.000000|1.000000|LogNormal|alpha=0p55|ec=0p5|slope=1p29|lag=4|decay=geometric",liveintent,meta,meta,1.0,1.0,LogNormal,lognormal,True,0.384997044505241,0.384997044505241,0.0,0.0,0.0,,,,,,,,,0.55,0.5,1.29,4,geometric,REVIEW,REVIEW:PriorPosteriorShift
"multi|amazon,google,meta,snapchat,tiktok|pmode=roi|rpk=60.0|target=meta|mu=1.000000|sigma=1.000000|dist=LogNormal|1.000000|1.000000|LogNormal|alpha=0p55|ec=0p5|slope=1p29|lag=4|decay=geometric",meta,meta,meta,1.0,1.0,LogNormal,lognormal,True,0.7832890489697456,0.7832890489697456,0.0,0.0,0.0,,,,,,,,,0.55,0.5,1.29,4,geometric,REVIEW,REVIEW:PriorPosteriorShift
"multi|amazon,google,meta,snapchat,tiktok|pmode=roi|rpk=60.0|target=meta|mu=1.000000|sigma=1.000000|dist=LogNormal|1.000000|1.000000|LogNormal|alpha=0p55|ec=0p5|slope=1p29|lag=4|decay=geometric",moloco,meta,meta,1.0,1.0,LogNormal,lognormal,True,0.4641266767203342,0.4641266767203342,0.0,0.0,0.0,,,,,,,,,0.55,0.5,1.29,4,geometric,REVIEW,REVIEW:PriorPosteriorShift
"multi|amazon,google,meta,snapchat,tiktok|pmode=roi|rpk=60.0|target=meta|mu=1.000000|sigma=1.000000|dist=LogNormal|1.000000|1.000000|LogNormal|alpha=0p55|ec=0p5|slope=1p29|lag=4|decay=geometric",snapchat,meta,meta,1.0,1.0,LogNormal,lognormal,True,0.807823580832531,0.807823580832531,0.0,0.0,0.0,,,,,,,,,0.55,0.5,1.29,4,geometric,REVIEW,REVIEW:PriorPosteriorShift
"multi|amazon,google,meta,snapchat,tiktok|pmode=roi|rpk=60.0|target=meta|mu=1.000000|sigma=1.000000|dist=LogNormal|1.000000|1.000000|LogNormal|alpha=0p55|ec=0p5|slope=1p29|lag=4|decay=geometric",tiktok,meta,meta,1.0,1.0,LogNormal,lognormal,True,0.6715719375604142,0.6715719375604142,0.0,0.0,0.0,,,,,,,,,0.55,0.5,1.29,4,geometric,REVIEW,REVIEW:PriorPosteriorShift
"multi|amazon,google,meta,snapchat,tiktok|pmode=roi|rpk=60.0|target=meta|mu=1.500000|sigma=0.500000|dist=LogNormal|1.500000|0.500000|LogNormal|alpha=0p55|ec=0p5|slope=1p29|lag=4|decay=geometric",amazon,meta,meta,1.5,0.5,LogNormal,lognormal,False,0.9743295755671958,0.988615298025931,,0.0142857224587351,0.014450234067044,920171.9392827085,-13491.657513584592,0.0013175331839880085,698405133.5219222,920171.9392827085,0.0013175331839880085,15740.258094,0.0008190390385875117,0.55,0.5,1.29,4,geometric,REVIEW,REVIEW:PriorPosteriorShift
"multi|amazon,google,meta,snapchat,tiktok|pmode=roi|rpk=60.0|target=meta|mu=1.500000|sigma=0.500000|dist=LogNormal|1.500000|0.500000|LogNormal|alpha=0p55|ec=0p5|slope=1p29|lag=4|decay=geometric",beehiiv,meta,meta,1.5,0.5,LogNormal,lognormal,False,0.4156581495384064,0.4086380854784511,,0.0070200640599553,0.0171791722539418,8184448.790016253,138227.42285972927,0.011718769518121463,698405133.5219222,8184448.790016253,0.011718769518121463,328172.2732613,0.01707633391891276,0.55,0.5,1.29,4,geometric,REVIEW,REVIEW:PriorPosteriorShift
"multi|amazon,google,meta,snapchat,tiktok|pmode=roi|rpk=60.0|target=meta|mu=1.500000|sigma=0.500000|dist=LogNormal|1.500000|0.500000|LogNormal|alpha=0p55|ec=0p5|slope=1p29|lag=4|decay=geometric",google,meta,meta,1.5,0.5,LogNormal,lognormal,False,0.503710261064892,0.5056181128850827,,0.0019078518201907,0.0037733059231291,311248935.59732014,-1178885.748835802,0.44565671221193903,698405133.5219222,311248935.59732014,0.44565671221193903,10298543.94665,0.535881272247419,0.55,0.5,1.29,4,geometric,REVIEW,REVIEW:PriorPosteriorShift
"multi|amazon,google,meta,snapchat,tiktok|pmode=roi|rpk=60.0|target=meta|mu=1.500000|sigma=0.500000|dist=LogNormal|1.500000|0.500000|LogNormal|alpha=0p55|ec=0p5|slope=1p29|lag=4|decay=geometric",liveintent,meta,meta,1.5,0.5,LogNormal,lognormal,False,0.3804722481655578,0.384997044505241,,0.0045247963396832,0.0117528079871315,18216718.424918715,-216643.76639172065,0.026083311176501985,698405133.5219222,18216718.424918715,0.026083311176501985,797987.173079,0.041522994295305,0.55,0.5,1.29,4,geometric,REVIEW,REVIEW:PriorPosteriorShift
"multi|amazon,google,meta,snapchat,tiktok|pmode=roi|rpk=60.0|target=meta|mu=1.500000|sigma=0.500000|dist=LogNormal|1.500000|0.500000|LogNormal|alpha=0p55|ec=0p5|slope=1p29|lag=4|decay=geometric",meta,meta,meta,1.5,0.5,LogNormal,lognormal,False,1.3681425460179646,0.7832890489697456,,0.584853497048219,0.7466636969040643,68967364.69664955,29482165.102192312,0.09874979633792273,698405133.5219222,68967364.69664955,0.09874979633792273,840158.1265220001,0.043717345681286386,0.55,0.5,1.29,4,geometric,REVIEW,REVIEW:PriorPosteriorShift
"multi|amazon,google,meta,snapchat,tiktok|pmode=roi|rpk=60.0|target=meta|mu=1.500000|sigma=0.500000|dist=LogNormal|1.500000|0.500000|LogNormal|alpha=0p55|ec=0p5|slope=1p29|lag=4|decay=geometric",moloco,meta,meta,1.5,0.5,LogNormal,lognormal,False,0.4168171403006029,0.4641266767203342,,0.0473095364197312,0.1019323792246449,21063469.2858549,-2390743.7361774035,0.030159384968486542,698405133.5219222,21063469.2858549,0.030159384968486542,842234.6095886,0.043825394779614675,0.55,0.5,1.29,4,geometric,REVIEW,REVIEW:PriorPosteriorShift
"multi|amazon,google,meta,snapchat,tiktok|pmode=roi|rpk=60.0|target=meta|mu=1.500000|sigma=0.500000|dist=LogNormal|1.500000|0.500000|LogNormal|alpha=0p55|ec=0p5|slope=1p29|lag=4|decay=geometric",snapchat,meta,meta,1.5,0.5,LogNormal,lognormal,False,0.7569807874131947,0.807823580832531,,0.0508427934193362,0.0629379911972097,197228478.63956216,-13246897.362016767,0.2823983805001218,698405133.5219222,197228478.63956216,0.2823983805001218,4342436.908989999,0.22595724478125545,0.55,0.5,1.29,4,geometric,REVIEW,REVIEW:PriorPosteriorShift
"multi|amazon,google,meta,snapchat,tiktok|pmode=roi|rpk=60.0|target=meta|mu=1.500000|sigma=0.500000|dist=LogNormal|1.500000|0.500000|LogNormal|alpha=0p55|ec=0p5|slope=1p29|lag=4|decay=geometric",tiktok,meta,meta,1.5,0.5,LogNormal,lognormal,False,0.6901368069586654,0.6715719375604142,,0.0185648693982511,0.0276439028493222,72575546.14831786,1952302.0974462775,0.10391611210291854,698405133.5219222,72575546.14831786,0.10391611210291854,1752685.00913,0.09120037525761929,0.55,0.5,1.29,4,geometric,REVIEW,REVIEW:PriorPosteriorShift
"multi|amazon,google,meta,snapchat,tiktok|pmode=roi|rpk=60.0|target=snapchat|mu=0.500000|sigma=0.500000|dist=LogNormal|0.500000|0.500000|LogNormal|alpha=0p55|ec=0p5|slope=1p29|lag=4|decay=geometric",amazon,snapchat,snapchat,0.5,0.5,LogNormal,lognormal,False,1.0089999132261922,0.988615298025931,,0.0203846152002612,0.0206193604741553,952915.1430602322,19251.546263939235,0.0015768162553499681,604328589.223439,952915.1430602322,0.0015768162553499681,15740.258094,0.0008190390385875117,0.55,0.5,1.29,4,geometric,REVIEW,REVIEW:PriorPosteriorShift
"multi|amazon,google,meta,snapchat,tiktok|pmode=roi|rpk=60.0|target=snapchat|mu=0.500000|sigma=0.500000|dist=LogNormal|0.500000|0.500000|LogNormal|alpha=0p55|ec=0p5|slope=1p29|lag=4|decay=geometric",beehiiv,snapchat,snapchat,0.5,0.5,LogNormal,lognormal,False,0.4122593787591904,0.4086380854784511,,0.0036212932807392,0.008861859453211,8117525.850041688,71304.48288516421,0.013432304866583745,604328589.223439,8117525.850041688,0.013432304866583745,328172.2732613,0.01707633391891276,0.55,0.5,1.29,4,geometric,REVIEW,REVIEW:PriorPosteriorShift
"multi|amazon,google,meta,snapchat,tiktok|pmode=roi|rpk=60.0|target=snapchat|mu=0.500000|sigma=0.500000|dist=LogNormal|0.500000|0.500000|LogNormal|alpha=0p55|ec=0p5|slope=1p29|lag=4|decay=geometric",google,snapchat,snapchat,0.5,0.5,LogNormal,lognormal,False,0.5147162274674822,0.5056181128850827,,0.0090981145823995,0.0179940440236312,318049661.3176658,5621839.971509874,0.5262859758568744,604328589.223439,318049661.3176658,0.5262859758568744,10298543.94665,0.535881272247419,0.55,0.5,1.29,4,geometric,REVIEW,REVIEW:PriorPosteriorShift
"multi|amazon,google,meta,snapchat,tiktok|pmode=roi|rpk=60.0|target=snapchat|mu=0.500000|sigma=0.500000|dist=LogNormal|0.500000|0.500000|LogNormal|alpha=0p55|ec=0p5|slope=1p29|lag=4|decay=geometric",liveintent,snapchat,snapchat,0.5,0.5,LogNormal,lognormal,False,0.3960139598037737,0.384997044505241,,0.0110169152985326,0.0286155840824453,18960843.617018048,527481.4257076122,0.031375056476117894,604328589.223439,18960843.617018048,0.031375056476117894,797987.173079,0.041522994295305,0.55,0.5,1.29,4,geometric,REVIEW,REVIEW:PriorPosteriorShift
"multi|amazon,google,meta,snapchat,tiktok|pmode=roi|rpk=60.0|target=snapchat|mu=0.500000|sigma=0.500000|dist=LogNormal|0.500000|0.500000|LogNormal|alpha=0p55|ec=0p5|slope=1p29|lag=4|decay=geometric",meta,snapchat,snapchat,0.5,0.5,LogNormal,lognormal,False,0.77209826300852,0.7832890489697456,,0.0111907859612255,0.0142869174233251,38921077.80840772,-564121.7860495225,0.06440383344832523,604328589.223439,38921077.80840772,0.06440383344832523,840158.1265220001,0.043717345681286386,0.55,0.5,1.29,4,geometric,REVIEW,REVIEW:PriorPosteriorShift
"multi|amazon,google,meta,snapchat,tiktok|pmode=roi|rpk=60.0|target=snapchat|mu=0.500000|sigma=0.500000|dist=LogNormal|0.500000|0.500000|LogNormal|alpha=0p55|ec=0p5|slope=1p29|lag=4|decay=geometric",moloco,snapchat,snapchat,0.5,0.5,LogNormal,lognormal,False,0.4682039685275716,0.4641266767203342,,0.0040772918072374,0.0087848684674813,23660255.198439147,206042.17640684545,0.03915130877531796,604328589.223439,23660255.198439147,0.03915130877531796,842234.6095886,0.043825394779614675,0.55,0.5,1.29,4,geometric,REVIEW,REVIEW:PriorPosteriorShift
"multi|amazon,google,meta,snapchat,tiktok|pmode=roi|rpk=60.0|target=snapchat|mu=0.500000|sigma=0.500000|dist=LogNormal|0.500000|0.500000|LogNormal|alpha=0p55|ec=0p5|slope=1p29|lag=4|decay=geometric",snapchat,snapchat,snapchat,0.5,0.5,LogNormal,lognormal,False,0.4712099950186287,0.807823580832531,,0.3366135858139023,0.4166919532938037,122771980.45523322,-87703395.54634571,0.20315434789043318,604328589.223439,122771980.45523322,0.20315434789043318,4342436.908989999,0.22595724478125545,0.55,0.5,1.29,4,geometric,REVIEW,REVIEW:PriorPosteriorShift
"multi|amazon,google,meta,snapchat,tiktok|pmode=roi|rpk=60.0|target=snapchat|mu=0.500000|sigma=0.500000|dist=LogNormal|0.500000|0.500000|LogNormal|alpha=0p55|ec=0p5|slope=1p29|lag=4|decay=geometric",tiktok,snapchat,snapchat,0.5,0.5,LogNormal,lognormal,False,0.6931681910312424,0.6715719375604142,,0.0215962534708281,0.0321577663731451,72894329.83357312,2271085.782701537,0.12062035643099756,604328589.223439,72894329.83357312,0.12062035643099756,1752685.00913,0.09120037525761929,0.55,0.5,1.29,4,geometric,REVIEW,REVIEW:PriorPosteriorShift
"multi|amazon,google,meta,snapchat,tiktok|pmode=roi|rpk=60.0|target=snapchat|mu=0.500000|sigma=1.000000|dist=LogNormal|0.500000|1.000000|LogNormal|alpha=0p55|ec=0p5|slope=1p29|lag=4|decay=geometric",amazon,snapchat,snapchat,0.5,1.0,LogNormal,lognormal,False,1.0061594494556387,0.988615298025931,,0.0175441514297077,0.0177461864738892,950232.5650889222,16568.96829262923,0.0016740454032180719,567626519.1268165,950232.5650889222,0.0016740454032180719,15740.258094,0.0008190390385875117,0.55,0.5,1.29,4,geometric,REVIEW,REVIEW:PriorPosteriorShift
"multi|amazon,google,meta,snapchat,tiktok|pmode=roi|rpk=60.0|target=snapchat|mu=0.500000|sigma=1.000000|dist=LogNormal|0.500000|1.000000|LogNormal|alpha=0p55|ec=0p5|slope=1p29|lag=4|decay=geometric",beehiiv,snapchat,snapchat,0.5,1.0,LogNormal,lognormal,False,0.4005013795973112,0.4086380854784511,,0.0081367058811399,0.0199117658639504,7886006.891204186,-160214.4759523375,0.013892950074523087,567626519.1268165,7886006.891204186,0.013892950074523087,328172.2732613,0.01707633391891276,0.55,0.5,1.29,4,geometric,REVIEW,REVIEW:PriorPosteriorShift
"multi|amazon,google,meta,snapchat,tiktok|pmode=roi|rpk=60.0|target=snapchat|mu=0.500000|sigma=1.000000|dist=LogNormal|0.500000|1.000000|LogNormal|alpha=0p55|ec=0p5|slope=1p29|lag=4|decay=geometric",google,snapchat,snapchat,0.5,1.0,LogNormal,lognormal,False,0.5109173343206446,0.5056181128850827,,0.0052992214355618,0.0104806795890364,315702277.23638576,3274455.890229821,0.5561795768845201,567626519.1268165,315702277.23638576,0.5561795768845201,10298543.94665,0.535881272247419,0.55,0.5,1.29,4,geometric,REVIEW,REVIEW:PriorPosteriorShift
"multi|amazon,google,meta,snapchat,tiktok|pmode=roi|rpk=60.0|target=snapchat|mu=0.500000|sigma=1.000000|dist=LogNormal|0.500000|1.000000|LogNormal|alpha=0p55|ec=0p5|slope=1p29|lag=4|decay=geometric",liveintent,snapchat,snapchat,0.5,1.0,LogNormal,lognormal,False,0.3929381273252268,0.384997044505241,,0.0079410828199857,0.0206263474832406,18813575.125152834,380212.9338423982,0.03314428500291684,567626519.1268165,18813575.125152834,0.03314428500291684,797987.173079,0.041522994295305,0.55,0.5,1.29,4,geometric,REVIEW,REVIEW:PriorPosteriorShift
"multi|amazon,google,meta,snapchat,tiktok|pmode=roi|rpk=60.0|target=snapchat|mu=0.500000|sigma=1.000000|dist=LogNormal|0.500000|1.000000|LogNormal|alpha=0p55|ec=0p5|slope=1p29|lag=4|decay=geometric",meta,snapchat,snapchat,0.5,1.0,LogNormal,lognormal,False,0.7845498473600795,0.7832890489697456,,0.0012607983903338,0.001609620857067,39548755.79526993,63556.20081268996,0.06967390434137578,567626519.1268165,39548755.79526993,0.06967390434137578,840158.1265220001,0.043717345681286386,0.55,0.5,1.29,4,geometric,REVIEW,REVIEW:PriorPosteriorShift
"multi|amazon,google,meta,snapchat,tiktok|pmode=roi|rpk=60.0|target=snapchat|mu=0.500000|sigma=1.000000|dist=LogNormal|0.500000|1.000000|LogNormal|alpha=0p55|ec=0p5|slope=1p29|lag=4|decay=geometric",moloco,snapchat,snapchat,0.5,1.0,LogNormal,lognormal,False,0.4493900544786205,0.4641266767203342,,0.0147366222417136,0.0317512933017496,22709511.425208036,-744701.596824266,0.04000784082488292,567626519.1268165,22709511.425208036,0.04000784082488292,842234.6095886,0.043825394779614675,0.55,0.5,1.29,4,geometric,REVIEW,REVIEW:PriorPosteriorShift
"multi|amazon,google,meta,snapchat,tiktok|pmode=roi|rpk=60.0|target=snapchat|mu=0.500000|sigma=1.000000|dist=LogNormal|0.500000|1.000000|LogNormal|alpha=0p55|ec=0p5|slope=1p29|lag=4|decay=geometric",snapchat,snapchat,snapchat,0.5,1.0,LogNormal,lognormal,False,0.3433407711443336,0.807823580832531,,0.4644828096881974,0.5749805040470697,89456138.21869457,-121019237.78288436,0.1575968267943251,567626519.1268165,89456138.21869457,0.1575968267943251,4342436.908989999,0.22595724478125545,0.55,0.5,1.29,4,geometric,REVIEW,REVIEW:PriorPosteriorShift
"multi|amazon,google,meta,snapchat,tiktok|pmode=roi|rpk=60.0|target=snapchat|mu=0.500000|sigma=1.000000|dist=LogNormal|0.500000|1.000000|LogNormal|alpha=0p55|ec=0p5|slope=1p29|lag=4|decay=geometric",tiktok,snapchat,snapchat,0.5,1.0,LogNormal,lognormal,False,0.6899891831850012,0.6715719375604142,,0.018417245624587,0.0274240845909827,72560021.86981232,1936777.818940744,0.12783057067423817,567626519.1268165,72560021.86981232,0.12783057067423817,1752685.00913,0.09120037525761929,0.55,0.5,1.29,4,geometric,REVIEW,REVIEW:PriorPosteriorShift
"multi|amazon,google,meta,snapchat,tiktok|pmode=roi|rpk=60.0|target=meta|mu=1.500000|sigma=1.000000|dist=LogNormal|1.500000|1.000000|LogNormal|alpha=0p55|ec=0p5|slope=1p29|lag=4|decay=geometric",amazon,meta,meta,1.5,1.0,LogNormal,lognormal,False,1.0150239175837488,0.988615298025931,,0.0264086195578178,0.0267127360971963,958604.3060610716,24940.709264778532,0.0013700018199276488,699710242.8022296,958604.3060610716,0.0013700018199276488,15740.258094,0.0008190390385875117,0.55,0.5,1.29,4,geometric,REVIEW,REVIEW:PriorPosteriorShift
"multi|amazon,google,meta,snapchat,tiktok|pmode=roi|rpk=60.0|target=meta|mu=1.500000|sigma=1.000000|dist=LogNormal|1.500000|1.000000|LogNormal|alpha=0p55|ec=0p5|slope=1p29|lag=4|decay=geometric",beehiiv,meta,meta,1.5,1.0,LogNormal,lognormal,False,0.3981952597705337,0.4086380854784511,,0.0104428257079173,0.025555194385982,7840598.616046196,-205622.75111032743,0.011205493554940441,699710242.8022296,7840598.616046196,0.011205493554940441,328172.2732613,0.01707633391891276,0.55,0.5,1.29,4,geometric,REVIEW,REVIEW:PriorPosteriorShift
"multi|amazon,google,meta,snapchat,tiktok|pmode=roi|rpk=60.0|target=meta|mu=1.500000|sigma=1.000000|dist=LogNormal|1.500000|1.000000|LogNormal|alpha=0p55|ec=0p5|slope=1p29|lag=4|decay=geometric",google,meta,meta,1.5,1.0,LogNormal,lognormal,False,0.5101483043624709,0.5056181128850827,,0.0045301914773882,0.0089597096344882,315227083.9071532,2799262.5609972477,0.45051088954296026,699710242.8022296,315227083.9071532,0.45051088954296026,10298543.94665,0.535881272247419,0.55,0.5,1.29,4,geometric,REVIEW,REVIEW:PriorPosteriorShift
"multi|amazon,google,meta,snapchat,tiktok|pmode=roi|rpk=60.0|target=meta|mu=1.500000|sigma=1.000000|dist=LogNormal|1.500000|1.000000|LogNormal|alpha=0p55|ec=0p5|slope=1p29|lag=4|decay=geometric",liveintent,meta,meta,1.5,1.0,LogNormal,lognormal,False,0.3932077605401476,0.384997044505241,,0.0082107160349065,0.0213266988723463,18826484.955969404,393122.7646589689,0.026906115995347285,699710242.8022296,18826484.955969404,0.026906115995347285,797987.173079,0.041522994295305,0.55,0.5,1.29,4,geometric,REVIEW,REVIEW:PriorPosteriorShift
"multi|amazon,google,meta,snapchat,tiktok|pmode=roi|rpk=60.0|target=meta|mu=1.500000|sigma=1.000000|dist=LogNormal|1.500000|1.000000|LogNormal|alpha=0p55|ec=0p5|slope=1p29|lag=4|decay=geometric",meta,meta,meta,1.5,1.0,LogNormal,lognormal,False,1.133982053610186,0.7832890489697456,,0.3506930046404403,0.447718508386788,57163454.26024224,17678254.665785,0.08169589461962366,699710242.8022296,57163454.26024224,0.08169589461962366,840158.1265220001,0.043717345681286386,0.55,0.5,1.29,4,geometric,REVIEW,REVIEW:PriorPosteriorShift
"multi|amazon,google,meta,snapchat,tiktok|pmode=roi|rpk=60.0|target=meta|mu=1.500000|sigma=1.000000|dist=LogNormal|1.500000|1.000000|LogNormal|alpha=0p55|ec=0p5|slope=1p29|lag=4|decay=geometric",moloco,meta,meta,1.5,1.0,LogNormal,lognormal,False,0.4465511359235582,0.4641266767203342,,0.0175755407967759,0.0378679823382924,22566049.297555435,-888163.7244768664,0.03225056304332769,699710242.8022296,22566049.297555435,0.03225056304332769,842234.6095886,0.043825394779614675,0.55,0.5,1.29,4,geometric,REVIEW,REVIEW:PriorPosteriorShift
"multi|amazon,google,meta,snapchat,tiktok|pmode=roi|rpk=60.0|target=meta|mu=1.500000|sigma=1.000000|dist=LogNormal|1.500000|1.000000|LogNormal|alpha=0p55|ec=0p5|slope=1p29|lag=4|decay=geometric",snapchat,meta,meta,1.5,1.0,LogNormal,lognormal,False,0.7795478132988016,0.807823580832531,,0.0282757675337294,0.0350024042434968,203108231.80746967,-7367144.194109261,0.2902747728746303,699710242.8022296,203108231.80746967,0.2902747728746303,4342436.908989999,0.22595724478125545,0.55,0.5,1.29,4,geometric,REVIEW,REVIEW:PriorPosteriorShift
"multi|amazon,google,meta,snapchat,tiktok|pmode=roi|rpk=60.0|target=meta|mu=1.500000|sigma=1.000000|dist=LogNormal|1.500000|1.000000|LogNormal|alpha=0p55|ec=0p5|slope=1p29|lag=4|decay=geometric",tiktok,meta,meta,1.5,1.0,LogNormal,lognormal,False,0.7038699221114317,0.6715719375604142,,0.0322979845510175,0.0480931122112469,74019735.65173243,3396491.600860849,0.10578626854924263,699710242.8022296,74019735.65173243,0.10578626854924263,1752685.00913,0.09120037525761929,0.55,0.5,1.29,4,geometric,REVIEW,REVIEW:PriorPosteriorShift
"multi|amazon,google,meta,snapchat,tiktok|pmode=roi|rpk=60.0|target=snapchat|mu=0.500000|sigma=1.500000|dist=LogNormal|0.500000|1.500000|LogNormal|alpha=0p55|ec=0p5|slope=1p29|lag=4|decay=geometric",amazon,snapchat,snapchat,0.5,1.5,LogNormal,lognormal,False,1.018538526976481,0.988615298025931,,0.0299232289505501,0.0302678190498375,961923.5575975436,28259.96080125065,0.001750147983671354,549624126.9722111,961923.5575975436,0.001750147983671354,15740.258094,0.0008190390385875117,0.55,0.5,1.29,4,geometric,REVIEW,REVIEW:PriorPosteriorShift
"multi|amazon,google,meta,snapchat,tiktok|pmode=roi|rpk=60.0|target=snapchat|mu=0.500000|sigma=1.500000|dist=LogNormal|0.500000|1.500000|LogNormal|alpha=0p55|ec=0p5|slope=1p29|lag=4|decay=geometric",beehiiv,snapchat,snapchat,0.5,1.5,LogNormal,lognormal,False,0.4042562748561613,0.4086380854784511,,0.0043818106222898,0.0107229619019955,7959942.041981482,-86279.32517504133,0.014482519327947797,549624126.9722111,7959942.041981482,0.014482519327947797,328172.2732613,0.01707633391891276,0.55,0.5,1.29,4,geometric,REVIEW,REVIEW:PriorPosteriorShift
"multi|amazon,google,meta,snapchat,tiktok|pmode=roi|rpk=60.0|target=snapchat|mu=0.500000|sigma=1.500000|dist=LogNormal|0.500000|1.500000|LogNormal|alpha=0p55|ec=0p5|slope=1p29|lag=4|decay=geometric",google,snapchat,snapchat,0.5,1.5,LogNormal,lognormal,False,0.4999994461083163,0.5056181128850827,,0.0056186667767664,0.0111124713169511,308955976.14282924,-3471845.203326702,0.5621222959130576,549624126.9722111,308955976.14282924,0.5621222959130576,10298543.94665,0.535881272247419,0.55,0.5,1.29,4,geometric,REVIEW,REVIEW:PriorPosteriorShift
"multi|amazon,google,meta,snapchat,tiktok|pmode=roi|rpk=60.0|target=snapchat|mu=0.500000|sigma=1.500000|dist=LogNormal|0.500000|1.500000|LogNormal|alpha=0p55|ec=0p5|slope=1p29|lag=4|decay=geometric",liveintent,snapchat,snapchat,0.5,1.5,LogNormal,lognormal,False,0.3966764000236678,0.384997044505241,,0.0116793555184267,0.0303362212388822,18992560.74492247,559198.5536120348,0.03455554407618414,549624126.9722111,18992560.74492247,0.03455554407618414,797987.173079,0.041522994295305,0.55,0.5,1.29,4,geometric,REVIEW,REVIEW:PriorPosteriorShift
"multi|amazon,google,meta,snapchat,tiktok|pmode=roi|rpk=60.0|target=snapchat|mu=0.500000|sigma=1.500000|dist=LogNormal|0.500000|1.500000|LogNormal|alpha=0p55|ec=0p5|slope=1p29|lag=4|decay=geometric",meta,snapchat,snapchat,0.5,1.5,LogNormal,lognormal,False,0.779930592207238,0.7832890489697456,,0.0033584567625075,0.0042876340055116,39315901.50996163,-169298.0844956115,0.07153234288775942,549624126.9722111,39315901.50996163,0.07153234288775942,840158.1265220001,0.043717345681286386,0.55,0.5,1.29,4,geometric,REVIEW,REVIEW:PriorPosteriorShift
"multi|amazon,google,meta,snapchat,tiktok|pmode=roi|rpk=60.0|target=snapchat|mu=0.500000|sigma=1.500000|dist=LogNormal|0.500000|1.500000|LogNormal|alpha=0p55|ec=0p5|slope=1p29|lag=4|decay=geometric",moloco,snapchat,snapchat,0.5,1.5,LogNormal,lognormal,False,0.4673963129163409,0.4641266767203342,,0.0032696361960066,0.0070447064562437,23619441.06793473,165228.0459024273,0.0429738068415052,549624126.9722111,23619441.06793473,0.0429738068415052,842234.6095886,0.043825394779614675,0.55,0.5,1.29,4,geometric,REVIEW,REVIEW:PriorPosteriorShift
"multi|amazon,google,meta,snapchat,tiktok|pmode=roi|rpk=60.0|target=snapchat|mu=0.500000|sigma=1.500000|dist=LogNormal|0.500000|1.500000|LogNormal|alpha=0p55|ec=0p5|slope=1p29|lag=4|decay=geometric",snapchat,snapchat,snapchat,0.5,1.5,LogNormal,lognormal,False,0.2911305140874659,0.807823580832531,,0.5166930667450651,0.6396112703377251,75852953.38239868,-134622422.61918026,0.13800877665298306,549624126.9722111,75852953.38239868,0.13800877665298306,4342436.908989999,0.22595724478125545,0.55,0.5,1.29,4,geometric,REVIEW,REVIEW:PriorPosteriorShift
"multi|amazon,google,meta,snapchat,tiktok|pmode=roi|rpk=60.0|target=snapchat|mu=0.500000|sigma=1.500000|dist=LogNormal|0.500000|1.500000|LogNormal|alpha=0p55|ec=0p5|slope=1p29|lag=4|decay=geometric",tiktok,snapchat,snapchat,0.5,1.5,LogNormal,lognormal,False,0.7033535037127634,0.6715719375604142,,0.0317815661523491,0.0473241426194794,73965428.52458534,3342184.4737137556,0.13457456631689135,549624126.9722111,73965428.52458534,0.13457456631689135,1752685.00913,0.09120037525761929,0.55,0.5,1.29,4,geometric,REVIEW,REVIEW:PriorPosteriorShift
"multi|amazon,google,meta,snapchat,tiktok|pmode=roi|rpk=60.0|target=snapchat|mu=1.000000|sigma=0.500000|dist=LogNormal|1.000000|0.500000|LogNormal|alpha=0p55|ec=0p5|slope=1p29|lag=4|decay=geometric",amazon,snapchat,snapchat,1.0,0.5,LogNormal,lognormal,False,1.02162953830945,0.988615298025931,,0.033014240283519,0.0333944258696401,964842.7565666884,31179.159770395378,0.0013110607200176496,735925302.1886733,964842.7565666884,0.0013110607200176496,15740.258094,0.0008190390385875117,0.55,0.5,1.29,4,geometric,REVIEW,REVIEW:PriorPosteriorShift
"multi|amazon,google,meta,snapchat,tiktok|pmode=roi|rpk=60.0|target=snapchat|mu=1.000000|sigma=0.500000|dist=LogNormal|1.000000|0.500000|LogNormal|alpha=0p55|ec=0p5|slope=1p29|lag=4|decay=geometric",beehiiv,snapchat,snapchat,1.0,0.5,LogNormal,lognormal,False,0.4066700599466761,0.4086380854784511,,0.0019680255317749,0.0048160599848904,8007470.28240059,-38751.08475593291,0.010880819369283855,735925302.1886733,8007470.28240059,0.010880819369283855,328172.2732613,0.01707633391891276,0.55,0.5,1.29,4,geometric,REVIEW,REVIEW:PriorPosteriorShift
"multi|amazon,google,meta,snapchat,tiktok|pmode=roi|rpk=60.0|target=snapchat|mu=1.000000|sigma=0.500000|dist=LogNormal|1.000000|0.500000|LogNormal|alpha=0p55|ec=0p5|slope=1p29|lag=4|decay=geometric",google,snapchat,snapchat,1.0,0.5,LogNormal,lognormal,False,0.5248944307304919,0.5056181128850827,,0.0192763178454091,0.0381242628659355,324338901.7337883,11911080.38763237,0.44072258525313723,735925302.1886733,324338901.7337883,0.44072258525313723,10298543.94665,0.535881272247419,0.55,0.5,1.29,4,geometric,REVIEW,REVIEW:PriorPosteriorShift
"multi|amazon,google,meta,snapchat,tiktok|pmode=roi|rpk=60.0|target=snapchat|mu=1.000000|sigma=0.500000|dist=LogNormal|1.000000|0.500000|LogNormal|alpha=0p55|ec=0p5|slope=1p29|lag=4|decay=geometric",liveintent,snapchat,snapchat,1.0,0.5,LogNormal,lognormal,False,0.4007977969230463,0.384997044505241,,0.0158007524178052,0.0410412304284328,19189890.05657477,756527.8652643338,0.026075866666770687,735925302.1886733,19189890.05657477,0.026075866666770687,797987.173079,0.041522994295305,0.55,0.5,1.29,4,geometric,REVIEW,REVIEW:PriorPosteriorShift
"multi|amazon,google,meta,snapchat,tiktok|pmode=roi|rpk=60.0|target=snapchat|mu=1.000000|sigma=0.500000|dist=LogNormal|1.000000|0.500000|LogNormal|alpha=0p55|ec=0p5|slope=1p29|lag=4|decay=geometric",meta,snapchat,snapchat,1.0,0.5,LogNormal,lognormal,False,0.757841871616741,0.7832890489697456,,0.0254471773530046,0.0324875949516657,38202420.423446834,-1282779.1710104048,0.05191073103456452,735925302.1886733,38202420.423446834,0.05191073103456452,840158.1265220001,0.043717345681286386,0.55,0.5,1.29,4,geometric,REVIEW,REVIEW:PriorPosteriorShift
"multi|amazon,google,meta,snapchat,tiktok|pmode=roi|rpk=60.0|target=snapchat|mu=1.000000|sigma=0.500000|dist=LogNormal|1.000000|0.500000|LogNormal|alpha=0p55|ec=0p5|slope=1p29|lag=4|decay=geometric",moloco,snapchat,snapchat,1.0,0.5,LogNormal,lognormal,False,0.4549914376802432,0.4641266767203342,,0.009135239040091,0.0196826416112159,22992572.152846526,-461640.8691857755,0.031243078726150106,735925302.1886733,22992572.152846526,0.031243078726150106,842234.6095886,0.043825394779614675,0.55,0.5,1.29,4,geometric,REVIEW,REVIEW:PriorPosteriorShift
"multi|amazon,google,meta,snapchat,tiktok|pmode=roi|rpk=60.0|target=snapchat|mu=1.000000|sigma=0.500000|dist=LogNormal|1.000000|0.500000|LogNormal|alpha=0p55|ec=0p5|slope=1p29|lag=4|decay=geometric",snapchat,snapchat,snapchat,1.0,0.5,LogNormal,lognormal,False,0.9525675547743836,0.807823580832531,,0.1447439739418525,0.1791777033701858,248187870.48951817,37712494.48793924,0.33724600819050093,735925302.1886733,248187870.48951817,0.33724600819050093,4342436.908989999,0.22595724478125545,0.55,0.5,1.29,4,geometric,REVIEW,REVIEW:PriorPosteriorShift
"multi|amazon,google,meta,snapchat,tiktok|pmode=roi|rpk=60.0|target=snapchat|mu=1.000000|sigma=0.500000|dist=LogNormal|1.000000|0.500000|LogNormal|alpha=0p55|ec=0p5|slope=1p29|lag=4|decay=geometric",tiktok,snapchat,snapchat,1.0,0.5,LogNormal,lognormal,False,0.7040753083396702,0.6715719375604142,,0.032503370779256,0.0483989412918732,74041334.29353136,3418090.2426597774,0.10060985003957504,735925302.1886733,74041334.29353136,0.10060985003957504,1752685.00913,0.09120037525761929,0.55,0.5,1.29,4,geometric,REVIEW,REVIEW:PriorPosteriorShift
"multi|amazon,google,meta,snapchat,tiktok|pmode=roi|rpk=60.0|target=snapchat|mu=1.000000|sigma=1.500000|dist=LogNormal|1.000000|1.500000|LogNormal|alpha=0p55|ec=0p5|slope=1p29|lag=4|decay=geometric",amazon,snapchat,snapchat,1.0,1.5,LogNormal,lognormal,False,0.9909744480842104,0.988615298025931,,0.0023591500582794,0.0023863175726597,935891.6146442804,2228.0178479875904,0.0014304912243143758,654244918.6242625,935891.6146442804,0.0014304912243143758,15740.258094,0.0008190390385875117,0.55,0.5,1.29,4,geometric,REVIEW,REVIEW:PriorPosteriorShift
"multi|amazon,google,meta,snapchat,tiktok|pmode=roi|rpk=60.0|target=snapchat|mu=1.000000|sigma=1.500000|dist=LogNormal|1.000000|1.500000|LogNormal|alpha=0p55|ec=0p5|slope=1p29|lag=4|decay=geometric",beehiiv,snapchat,snapchat,1.0,1.5,LogNormal,lognormal,False,0.4044000779519168,0.4086380854784511,,0.0042380075265343,0.0103710536955268,7962773.573311647,-83447.79384487588,0.012170936826006479,654244918.6242625,7962773.573311647,0.012170936826006479,328172.2732613,0.01707633391891276,0.55,0.5,1.29,4,geometric,REVIEW,REVIEW:PriorPosteriorShift
"multi|amazon,google,meta,snapchat,tiktok|pmode=roi|rpk=60.0|target=snapchat|mu=1.000000|sigma=1.500000|dist=LogNormal|1.000000|1.500000|LogNormal|alpha=0p55|ec=0p5|slope=1p29|lag=4|decay=geometric",google,snapchat,snapchat,1.0,1.5,LogNormal,lognormal,False,0.5053055480898668,0.5056181128850827,,0.0003125647952159,0.0006181835406021,312234683.6093735,-193137.7367824316,0.4772443388111236,654244918.6242625,312234683.6093735,0.4772443388111236,10298543.94665,0.535881272247419,0.55,0.5,1.29,4,geometric,REVIEW,REVIEW:PriorPosteriorShift
"multi|amazon,google,meta,snapchat,tiktok|pmode=roi|rpk=60.0|target=snapchat|mu=1.000000|sigma=1.500000|dist=LogNormal|1.000000|1.500000|LogNormal|alpha=0p55|ec=0p5|slope=1p29|lag=4|decay=geometric",liveintent,snapchat,snapchat,1.0,1.5,LogNormal,lognormal,False,0.3936814136360771,0.384997044505241,,0.008684369130836,0.0225569760983395,18849163.101671856,415800.9103614203,0.028810560946056146,654244918.6242625,18849163.101671856,0.028810560946056146,797987.173079,0.041522994295305,0.55,0.5,1.29,4,geometric,REVIEW,REVIEW:PriorPosteriorShift
"multi|amazon,google,meta,snapchat,tiktok|pmode=roi|rpk=60.0|target=snapchat|mu=1.000000|sigma=1.500000|dist=LogNormal|1.000000|1.500000|LogNormal|alpha=0p55|ec=0p5|slope=1p29|lag=4|decay=geometric",meta,snapchat,snapchat,1.0,1.5,LogNormal,lognormal,False,0.7635680710958938,0.7832890489697456,,0.0197209778738518,0.0251771397797412,38491075.2050366,-994124.389420636,0.058832822555160424,654244918.6242625,38491075.2050366,0.058832822555160424,840158.1265220001,0.043717345681286386,0.55,0.5,1.29,4,geometric,REVIEW,REVIEW:PriorPosteriorShift
"multi|amazon,google,meta,snapchat,tiktok|pmode=roi|rpk=60.0|target=snapchat|mu=1.000000|sigma=1.500000|dist=LogNormal|1.000000|1.500000|LogNormal|alpha=0p55|ec=0p5|slope=1p29|lag=4|decay=geometric",moloco,snapchat,snapchat,1.0,1.5,LogNormal,lognormal,False,0.4478941106811787,0.4641266767203342,,0.0162325660391555,0.0349744301574301,22633915.286795747,-820297.7352365553,0.03459547738542631,654244918.6242625,22633915.286795747,0.03459547738542631,842234.6095886,0.043825394779614675,0.55,0.5,1.29,4,geometric,REVIEW,REVIEW:PriorPosteriorShift
"multi|amazon,google,meta,snapchat,tiktok|pmode=roi|rpk=60.0|target=snapchat|mu=1.000000|sigma=1.500000|dist=LogNormal|1.000000|1.500000|LogNormal|alpha=0p55|ec=0p5|slope=1p29|lag=4|decay=geometric",snapchat,snapchat,snapchat,1.0,1.5,LogNormal,lognormal,False,0.6925752943676586,0.807823580832531,,0.1152482864648724,0.1426651674937481,180447871.2310041,-30027504.770574868,0.2758108868624421,654244918.6242625,180447871.2310041,0.2758108868624421,4342436.908989999,0.22595724478125545,0.55,0.5,1.29,4,geometric,REVIEW,REVIEW:PriorPosteriorShift
"multi|amazon,google,meta,snapchat,tiktok|pmode=roi|rpk=60.0|target=snapchat|mu=1.000000|sigma=1.500000|dist=LogNormal|1.000000|1.500000|LogNormal|alpha=0p55|ec=0p5|slope=1p29|lag=4|decay=geometric",tiktok,snapchat,snapchat,1.0,1.5,LogNormal,lognormal,False,0.6912208470981568,0.6715719375604142,,0.0196489095377425,0.0292580860497539,72689545.00242476,2066300.9515531808,0.11110448538947063,654244918.6242625,72689545.00242476,0.11110448538947063,1752685.00913,0.09120037525761929,0.55,0.5,1.29,4,geometric,REVIEW,REVIEW:PriorPosteriorShift
"multi|amazon,google,meta,snapchat,tiktok|pmode=roi|rpk=60.0|target=snapchat|mu=1.000000|sigma=1.000000|dist=LogNormal|1.000000|1.000000|LogNormal|alpha=0p55|ec=0p5|slope=1p29|lag=4|decay=geometric",amazon,snapchat,snapchat,1.0,1.0,LogNormal,lognormal,True,0.988615298025931,0.988615298025931,0.0,0.0,0.0,,,,,,,,,0.55,0.5,1.29,4,geometric,REVIEW,REVIEW:PriorPosteriorShift
"multi|amazon,google,meta,snapchat,tiktok|pmode=roi|rpk=60.0|target=snapchat|mu=1.000000|sigma=1.000000|dist=LogNormal|1.000000|1.000000|LogNormal|alpha=0p55|ec=0p5|slope=1p29|lag=4|decay=geometric",beehiiv,snapchat,snapchat,1.0,1.0,LogNormal,lognormal,True,0.4086380854784511,0.4086380854784511,0.0,0.0,0.0,,,,,,,,,0.55,0.5,1.29,4,geometric,REVIEW,REVIEW:PriorPosteriorShift
"multi|amazon,google,meta,snapchat,tiktok|pmode=roi|rpk=60.0|target=snapchat|mu=1.000000|sigma=1.000000|dist=LogNormal|1.000000|1.000000|LogNormal|alpha=0p55|ec=0p5|slope=1p29|lag=4|decay=geometric",google,snapchat,snapchat,1.0,1.0,LogNormal,lognormal,True,0.5056181128850827,0.5056181128850827,0.0,0.0,0.0,,,,,,,,,0.55,0.5,1.29,4,geometric,REVIEW,REVIEW:PriorPosteriorShift
"multi|amazon,google,meta,snapchat,tiktok|pmode=roi|rpk=60.0|target=snapchat|mu=1.000000|sigma=1.000000|dist=LogNormal|1.000000|1.000000|LogNormal|alpha=0p55|ec=0p5|slope=1p29|lag=4|decay=geometric",liveintent,snapchat,snapchat,1.0,1.0,LogNormal,lognormal,True,0.384997044505241,0.384997044505241,0.0,0.0,0.0,,,,,,,,,0.55,0.5,1.29,4,geometric,REVIEW,REVIEW:PriorPosteriorShift
"multi|amazon,google,meta,snapchat,tiktok|pmode=roi|rpk=60.0|target=snapchat|mu=1.000000|sigma=1.000000|dist=LogNormal|1.000000|1.000000|LogNormal|alpha=0p55|ec=0p5|slope=1p29|lag=4|decay=geometric",meta,snapchat,snapchat,1.0,1.0,LogNormal,lognormal,True,0.7832890489697456,0.7832890489697456,0.0,0.0,0.0,,,,,,,,,0.55,0.5,1.29,4,geometric,REVIEW,REVIEW:PriorPosteriorShift
"multi|amazon,google,meta,snapchat,tiktok|pmode=roi|rpk=60.0|target=snapchat|mu=1.000000|sigma=1.000000|dist=LogNormal|1.000000|1.000000|LogNormal|alpha=0p55|ec=0p5|slope=1p29|lag=4|decay=geometric",moloco,snapchat,snapchat,1.0,1.0,LogNormal,lognormal,True,0.4641266767203342,0.4641266767203342,0.0,0.0,0.0,,,,,,,,,0.55,0.5,1.29,4,geometric,REVIEW,REVIEW:PriorPosteriorShift
"multi|amazon,google,meta,snapchat,tiktok|pmode=roi|rpk=60.0|target=snapchat|mu=1.000000|sigma=1.000000|dist=LogNormal|1.000000|1.000000|LogNormal|alpha=0p55|ec=0p5|slope=1p29|lag=4|decay=geometric",snapchat,snapchat,snapchat,1.0,1.0,LogNormal,lognormal,True,0.807823580832531,0.807823580832531,0.0,0.0,0.0,,,,,,,,,0.55,0.5,1.29,4,geometric,REVIEW,REVIEW:PriorPosteriorShift
"multi|amazon,google,meta,snapchat,tiktok|pmode=roi|rpk=60.0|target=snapchat|mu=1.000000|sigma=1.000000|dist=LogNormal|1.000000|1.000000|LogNormal|alpha=0p55|ec=0p5|slope=1p29|lag=4|decay=geometric",tiktok,snapchat,snapchat,1.0,1.0,LogNormal,lognormal,True,0.6715719375604142,0.6715719375604142,0.0,0.0,0.0,,,,,,,,,0.55,0.5,1.29,4,geometric,REVIEW,REVIEW:PriorPosteriorShift
"multi|amazon,google,meta,snapchat,tiktok|pmode=roi|rpk=60.0|target=tiktok|mu=0.500000|sigma=0.500000|dist=LogNormal|0.500000|0.500000|LogNormal|alpha=0p55|ec=0p5|slope=1p29|lag=4|decay=geometric",amazon,tiktok,tiktok,0.5,0.5,LogNormal,lognormal,False,0.988828483534356,0.988615298025931,,0.000213185508425,0.0002156405113806,933864.9324917636,201.33569547068328,0.0013969488583618246,668503307.6922295,933864.9324917636,0.0013969488583618246,15740.258094,0.0008190390385875117,0.55,0.5,1.29,4,geometric,REVIEW,REVIEW:PriorPosteriorShift
"multi|amazon,google,meta,snapchat,tiktok|pmode=roi|rpk=60.0|target=tiktok|mu=0.500000|sigma=0.500000|dist=LogNormal|0.500000|0.500000|LogNormal|alpha=0p55|ec=0p5|slope=1p29|lag=4|decay=geometric",beehiiv,tiktok,tiktok,0.5,0.5,LogNormal,lognormal,False,0.4099776023246037,0.4086380854784511,,0.0013395168461525,0.0032780029413661,8072596.904464944,26375.537308420982,0.012075627467473154,668503307.6922295,8072596.904464944,0.012075627467473154,328172.2732613,0.01707633391891276,0.55,0.5,1.29,4,geometric,REVIEW,REVIEW:PriorPosteriorShift
"multi|amazon,google,meta,snapchat,tiktok|pmode=roi|rpk=60.0|target=tiktok|mu=0.500000|sigma=0.500000|dist=LogNormal|0.500000|0.500000|LogNormal|alpha=0p55|ec=0p5|slope=1p29|lag=4|decay=geometric",google,tiktok,tiktok,0.5,0.5,LogNormal,lognormal,False,0.5083049498979623,0.5056181128850827,,0.0026868370128795,0.0053139651140032,314088051.88943344,1660230.543277502,0.4698376930605041,668503307.6922295,314088051.88943344,0.4698376930605041,10298543.94665,0.535881272247419,0.55,0.5,1.29,4,geometric,REVIEW,REVIEW:PriorPosteriorShift
"multi|amazon,google,meta,snapchat,tiktok|pmode=roi|rpk=60.0|target=tiktok|mu=0.500000|sigma=0.500000|dist=LogNormal|0.500000|0.500000|LogNormal|alpha=0p55|ec=0p5|slope=1p29|lag=4|decay=geometric",liveintent,tiktok,tiktok,0.5,0.5,LogNormal,lognormal,False,0.3877193791108826,0.384997044505241,,0.0027223346056415,0.0070710532574089,18563705.477078296,130343.28576786073,0.027769055535660555,668503307.6922295,18563705.477078296,0.027769055535660555,797987.173079,0.041522994295305,0.55,0.5,1.29,4,geometric,REVIEW,REVIEW:PriorPosteriorShift
"multi|amazon,google,meta,snapchat,tiktok|pmode=roi|rpk=60.0|target=tiktok|mu=0.500000|sigma=0.500000|dist=LogNormal|0.500000|0.500000|LogNormal|alpha=0p55|ec=0p5|slope=1p29|lag=4|decay=geometric",meta,tiktok,tiktok,0.5,0.5,LogNormal,lognormal,False,0.7756754300712297,0.7832890489697456,,0.0076136188985158,0.0097200629940249,39101400.967067465,-383798.6273897737,0.05849096110242323,668503307.6922295,39101400.967067465,0.05849096110242323,840158.1265220001,0.043717345681286386,0.55,0.5,1.29,4,geometric,REVIEW,REVIEW:PriorPosteriorShift
"multi|amazon,google,meta,snapchat,tiktok|pmode=roi|rpk=60.0|target=tiktok|mu=0.500000|sigma=0.500000|dist=LogNormal|0.500000|0.500000|LogNormal|alpha=0p55|ec=0p5|slope=1p29|lag=4|decay=geometric",moloco,tiktok,tiktok,0.5,0.5,LogNormal,lognormal,False,0.4275035049029005,0.4641266767203342,,0.0366231718174336,0.0789077069997884,21603494.852979153,-1850718.1690531485,0.032316212357359236,668503307.6922295,21603494.852979153,0.032316212357359236,842234.6095886,0.043825394779614675,0.55,0.5,1.29,4,geometric,REVIEW,REVIEW:PriorPosteriorShift
"multi|amazon,google,meta,snapchat,tiktok|pmode=roi|rpk=60.0|target=tiktok|mu=0.500000|sigma=0.500000|dist=LogNormal|0.500000|0.500000|LogNormal|alpha=0p55|ec=0p5|slope=1p29|lag=4|decay=geometric",snapchat,tiktok,tiktok,0.5,0.5,LogNormal,lognormal,False,0.8572713763763508,0.807823580832531,,0.0494477955438197,0.0612111316345327,223358811.94783935,12883435.946260452,0.3341177364086745,668503307.6922295,223358811.94783935,0.3341177364086745,4342436.908989999,0.22595724478125545,0.55,0.5,1.29,4,geometric,REVIEW,REVIEW:PriorPosteriorShift
"multi|amazon,google,meta,snapchat,tiktok|pmode=roi|rpk=60.0|target=tiktok|mu=0.500000|sigma=0.500000|dist=LogNormal|0.500000|0.500000|LogNormal|alpha=0p55|ec=0p5|slope=1p29|lag=4|decay=geometric",tiktok,tiktok,tiktok,0.5,0.5,LogNormal,lognormal,False,0.4068175446816409,0.6715719375604142,,0.2647543928787733,0.3942308754599446,42781380.72087516,-27841863.329996426,0.06399576520954353,668503307.6922295,42781380.72087516,0.06399576520954353,1752685.00913,0.09120037525761929,0.55,0.5,1.29,4,geometric,REVIEW,REVIEW:PriorPosteriorShift
"multi|amazon,google,meta,snapchat,tiktok|pmode=roi|rpk=60.0|target=tiktok|mu=0.500000|sigma=1.000000|dist=LogNormal|0.500000|1.000000|LogNormal|alpha=0p55|ec=0p5|slope=1p29|lag=4|decay=geometric",amazon,tiktok,tiktok,0.5,1.0,LogNormal,lognormal,False,1.016273265549292,0.988615298025931,,0.0276579675233611,0.0279764713115289,959784.2096266834,26120.612830390455,0.0015041630884751432,638085202.9813282,959784.2096266834,0.0015041630884751432,15740.258094,0.0008190390385875117,0.55,0.5,1.29,4,geometric,REVIEW,REVIEW:PriorPosteriorShift
"multi|amazon,google,meta,snapchat,tiktok|pmode=roi|rpk=60.0|target=tiktok|mu=0.500000|sigma=1.000000|dist=LogNormal|0.500000|1.000000|LogNormal|alpha=0p55|ec=0p5|slope=1p29|lag=4|decay=geometric",beehiiv,tiktok,tiktok,0.5,1.0,LogNormal,lognormal,False,0.4040043541944275,0.4086380854784511,,0.0046337312840236,0.0113394503564155,7954981.639406921,-91239.72774960194,0.012466958334465093,638085202.9813282,7954981.639406921,0.012466958334465093,328172.2732613,0.01707633391891276,0.55,0.5,1.29,4,geometric,REVIEW,REVIEW:PriorPosteriorShift
"multi|amazon,google,meta,snapchat,tiktok|pmode=roi|rpk=60.0|target=tiktok|mu=0.500000|sigma=1.000000|dist=LogNormal|0.500000|1.000000|LogNormal|alpha=0p55|ec=0p5|slope=1p29|lag=4|decay=geometric",google,tiktok,tiktok,0.5,1.0,LogNormal,lognormal,False,0.5017652702331543,0.5056181128850827,,0.0038528426519284,0.007620064538321,310047101.1839312,-2380720.1622247696,0.48590235243709895,638085202.9813282,310047101.1839312,0.48590235243709895,10298543.94665,0.535881272247419,0.55,0.5,1.29,4,geometric,REVIEW,REVIEW:PriorPosteriorShift
"multi|amazon,google,meta,snapchat,tiktok|pmode=roi|rpk=60.0|target=tiktok|mu=0.500000|sigma=1.000000|dist=LogNormal|0.500000|1.000000|LogNormal|alpha=0p55|ec=0p5|slope=1p29|lag=4|decay=geometric",liveintent,tiktok,tiktok,0.5,1.0,LogNormal,lognormal,False,0.4050424142329332,0.384997044505241,,0.0200453697276921,0.0520662950892323,19393119.0666499,959756.8753394634,0.030392679498034657,638085202.9813282,19393119.0666499,0.030392679498034657,797987.173079,0.041522994295305,0.55,0.5,1.29,4,geometric,REVIEW,REVIEW:PriorPosteriorShift
"multi|amazon,google,meta,snapchat,tiktok|pmode=roi|rpk=60.0|target=tiktok|mu=0.500000|sigma=1.000000|dist=LogNormal|0.500000|1.000000|LogNormal|alpha=0p55|ec=0p5|slope=1p29|lag=4|decay=geometric",meta,tiktok,tiktok,0.5,1.0,LogNormal,lognormal,False,0.754721307332317,0.7832890489697456,,0.0285677416374285,0.0364715192622743,38045114.37687325,-1440085.2175839916,0.05962387812648671,638085202.9813282,38045114.37687325,0.05962387812648671,840158.1265220001,0.043717345681286386,0.55,0.5,1.29,4,geometric,REVIEW,REVIEW:PriorPosteriorShift
"multi|amazon,google,meta,snapchat,tiktok|pmode=roi|rpk=60.0|target=tiktok|mu=0.500000|sigma=1.000000|dist=LogNormal|0.500000|1.000000|LogNormal|alpha=0p55|ec=0p5|slope=1p29|lag=4|decay=geometric",moloco,tiktok,tiktok,0.5,1.0,LogNormal,lognormal,False,0.4369148178833226,0.4641266767203342,,0.0272118588370116,0.0586302408413564,22079086.86380607,-1375126.158226233,0.034602098216109475,638085202.9813282,22079086.86380607,0.034602098216109475,842234.6095886,0.043825394779614675,0.55,0.5,1.29,4,geometric,REVIEW,REVIEW:PriorPosteriorShift
"multi|amazon,google,meta,snapchat,tiktok|pmode=roi|rpk=60.0|target=tiktok|mu=0.500000|sigma=1.000000|dist=LogNormal|0.500000|1.000000|LogNormal|alpha=0p55|ec=0p5|slope=1p29|lag=4|decay=geometric",snapchat,tiktok,tiktok,0.5,1.0,LogNormal,lognormal,False,0.7875585660586755,0.807823580832531,,0.0202650147738555,0.0250859411073031,205195403.11466587,-5279972.886913061,0.3215799428601862,638085202.9813282,205195403.11466587,0.3215799428601862,4342436.908989999,0.22595724478125545,0.55,0.5,1.29,4,geometric,REVIEW,REVIEW:PriorPosteriorShift
"multi|amazon,google,meta,snapchat,tiktok|pmode=roi|rpk=60.0|target=tiktok|mu=0.500000|sigma=1.000000|dist=LogNormal|0.500000|1.000000|LogNormal|alpha=0p55|ec=0p5|slope=1p29|lag=4|decay=geometric",tiktok,tiktok,tiktok,0.5,1.0,LogNormal,lognormal,False,0.3272180715789242,0.6715719375604142,,0.34435386598149,0.5127579738254209,34410612.52636846,-36212631.52450312,0.053927927439143875,638085202.9813282,34410612.52636846,0.053927927439143875,1752685.00913,0.09120037525761929,0.55,0.5,1.29,4,geometric,REVIEW,REVIEW:PriorPosteriorShift
"multi|amazon,google,meta,snapchat,tiktok|pmode=roi|rpk=60.0|target=tiktok|mu=1.000000|sigma=0.500000|dist=LogNormal|1.000000|0.500000|LogNormal|alpha=0p55|ec=0p5|slope=1p29|lag=4|decay=geometric",amazon,tiktok,tiktok,1.0,0.5,LogNormal,lognormal,False,1.0045941637456417,0.988615298025931,,0.0159788657197107,0.0161628752373317,948754.28502495,15090.688228657003,0.0013673888222368216,693843820.8621197,948754.28502495,0.0013673888222368216,15740.258094,0.0008190390385875117,0.55,0.5,1.29,4,geometric,REVIEW,REVIEW:PriorPosteriorShift
"multi|amazon,google,meta,snapchat,tiktok|pmode=roi|rpk=60.0|target=tiktok|mu=1.000000|sigma=0.500000|dist=LogNormal|1.000000|0.500000|LogNormal|alpha=0p55|ec=0p5|slope=1p29|lag=4|decay=geometric",beehiiv,tiktok,tiktok,1.0,0.5,LogNormal,lognormal,False,0.4040025328074504,0.4086380854784511,,0.0046355526710006,0.0113439075693916,7954945.775684636,-91275.5914718872,0.01146503800495103,693843820.8621197,7954945.775684636,0.01146503800495103,328172.2732613,0.01707633391891276,0.55,0.5,1.29,4,geometric,REVIEW,REVIEW:PriorPosteriorShift
"multi|amazon,google,meta,snapchat,tiktok|pmode=roi|rpk=60.0|target=tiktok|mu=1.000000|sigma=0.500000|dist=LogNormal|1.000000|0.500000|LogNormal|alpha=0p55|ec=0p5|slope=1p29|lag=4|decay=geometric",google,tiktok,tiktok,1.0,0.5,LogNormal,lognormal,False,0.4881398189874987,0.5056181128850827,,0.017478293897584,0.0345681720100018,301627762.6771519,-10800058.669004023,0.4347199666668088,693843820.8621197,301627762.6771519,0.4347199666668088,10298543.94665,0.535881272247419,0.55,0.5,1.29,4,geometric,REVIEW,REVIEW:PriorPosteriorShift
"multi|amazon,google,meta,snapchat,tiktok|pmode=roi|rpk=60.0|target=tiktok|mu=1.000000|sigma=0.500000|dist=LogNormal|1.000000|0.500000|LogNormal|alpha=0p55|ec=0p5|slope=1p29|lag=4|decay=geometric",liveintent,tiktok,tiktok,1.0,0.5,LogNormal,lognormal,False,0.399313068985939,0.384997044505241,,0.0143160244806979,0.0371847646235712,19118802.425615348,685440.2343049124,0.027554907676283286,693843820.8621197,19118802.425615348,0.027554907676283286,797987.173079,0.041522994295305,0.55,0.5,1.29,4,geometric,REVIEW,REVIEW:PriorPosteriorShift
"multi|amazon,google,meta,snapchat,tiktok|pmode=roi|rpk=60.0|target=tiktok|mu=1.000000|sigma=0.500000|dist=LogNormal|1.000000|0.500000|LogNormal|alpha=0p55|ec=0p5|slope=1p29|lag=4|decay=geometric",meta,tiktok,tiktok,1.0,0.5,LogNormal,lognormal,False,0.7728648188399772,0.7832890489697456,,0.0104242301297684,0.0133082801853023,38959719.49508161,-525480.0993756279,0.056150560578132856,693843820.8621197,38959719.49508161,0.056150560578132856,840158.1265220001,0.043717345681286386,0.55,0.5,1.29,4,geometric,REVIEW,REVIEW:PriorPosteriorShift
"multi|amazon,google,meta,snapchat,tiktok|pmode=roi|rpk=60.0|target=tiktok|mu=1.000000|sigma=0.500000|dist=LogNormal|1.000000|0.500000|LogNormal|alpha=0p55|ec=0p5|slope=1p29|lag=4|decay=geometric",moloco,tiktok,tiktok,1.0,0.5,LogNormal,lognormal,False,0.4589896298238697,0.4641266767203342,,0.0051370468964644,0.0110682000284156,23194617.100795377,-259595.92123692483,0.033429161438629576,693843820.8621197,23194617.100795377,0.033429161438629576,842234.6095886,0.043825394779614675,0.55,0.5,1.29,4,geometric,REVIEW,REVIEW:PriorPosteriorShift
"multi|amazon,google,meta,snapchat,tiktok|pmode=roi|rpk=60.0|target=tiktok|mu=1.000000|sigma=0.500000|dist=LogNormal|1.000000|0.500000|LogNormal|alpha=0p55|ec=0p5|slope=1p29|lag=4|decay=geometric",snapchat,tiktok,tiktok,1.0,0.5,LogNormal,lognormal,False,0.801725404188037,0.807823580832531,,0.006098176644494,0.0075488965526475,208886519.16126344,-1588856.840315491,0.3010569711519752,693843820.8621197,208886519.16126344,0.3010569711519752,4342436.908989999,0.22595724478125545,0.55,0.5,1.29,4,geometric,REVIEW,REVIEW:PriorPosteriorShift
"multi|amazon,google,meta,snapchat,tiktok|pmode=roi|rpk=60.0|target=tiktok|mu=1.000000|sigma=0.500000|dist=LogNormal|1.000000|0.500000|LogNormal|alpha=0p55|ec=0p5|slope=1p29|lag=4|decay=geometric",tiktok,tiktok,tiktok,1.0,0.5,LogNormal,lognormal,False,0.8858094814171393,0.6715719375604142,,0.2142375438567251,0.3190090768756286,93152699.94150238,22529455.890630797,0.13425600566098236,693843820.8621197,93152699.94150238,0.13425600566098236,1752685.00913,0.09120037525761929,0.55,0.5,1.29,4,geometric,REVIEW,REVIEW:PriorPosteriorShift
"multi|amazon,google,meta,snapchat,tiktok|pmode=roi|rpk=60.0|target=tiktok|mu=1.000000|sigma=1.000000|dist=LogNormal|1.000000|1.000000|LogNormal|alpha=0p55|ec=0p5|slope=1p29|lag=4|decay=geometric",amazon,tiktok,tiktok,1.0,1.0,LogNormal,lognormal,True,0.988615298025931,0.988615298025931,0.0,0.0,0.0,,,,,,,,,0.55,0.5,1.29,4,geometric,REVIEW,REVIEW:PriorPosteriorShift
"multi|amazon,google,meta,snapchat,tiktok|pmode=roi|rpk=60.0|target=tiktok|mu=1.000000|sigma=1.000000|dist=LogNormal|1.000000|1.000000|LogNormal|alpha=0p55|ec=0p5|slope=1p29|lag=4|decay=geometric",beehiiv,tiktok,tiktok,1.0,1.0,LogNormal,lognormal,True,0.4086380854784511,0.4086380854784511,0.0,0.0,0.0,,,,,,,,,0.55,0.5,1.29,4,geometric,REVIEW,REVIEW:PriorPosteriorShift
"multi|amazon,google,meta,snapchat,tiktok|pmode=roi|rpk=60.0|target=tiktok|mu=1.000000|sigma=1.000000|dist=LogNormal|1.000000|1.000000|LogNormal|alpha=0p55|ec=0p5|slope=1p29|lag=4|decay=geometric",google,tiktok,tiktok,1.0,1.0,LogNormal,lognormal,True,0.5056181128850827,0.5056181128850827,0.0,0.0,0.0,,,,,,,,,0.55,0.5,1.29,4,geometric,REVIEW,REVIEW:PriorPosteriorShift
"multi|amazon,google,meta,snapchat,tiktok|pmode=roi|rpk=60.0|target=tiktok|mu=1.000000|sigma=1.000000|dist=LogNormal|1.000000|1.000000|LogNormal|alpha=0p55|ec=0p5|slope=1p29|lag=4|decay=geometric",liveintent,tiktok,tiktok,1.0,1.0,LogNormal,lognormal,True,0.384997044505241,0.384997044505241,0.0,0.0,0.0,,,,,,,,,0.55,0.5,1.29,4,geometric,REVIEW,REVIEW:PriorPosteriorShift
"multi|amazon,google,meta,snapchat,tiktok|pmode=roi|rpk=60.0|target=tiktok|mu=1.000000|sigma=1.000000|dist=LogNormal|1.000000|1.000000|LogNormal|alpha=0p55|ec=0p5|slope=1p29|lag=4|decay=geometric",meta,tiktok,tiktok,1.0,1.0,LogNormal,lognormal,True,0.7832890489697456,0.7832890489697456,0.0,0.0,0.0,,,,,,,,,0.55,0.5,1.29,4,geometric,REVIEW,REVIEW:PriorPosteriorShift
"multi|amazon,google,meta,snapchat,tiktok|pmode=roi|rpk=60.0|target=tiktok|mu=1.000000|sigma=1.000000|dist=LogNormal|1.000000|1.000000|LogNormal|alpha=0p55|ec=0p5|slope=1p29|lag=4|decay=geometric",moloco,tiktok,tiktok,1.0,1.0,LogNormal,lognormal,True,0.4641266767203342,0.4641266767203342,0.0,0.0,0.0,,,,,,,,,0.55,0.5,1.29,4,geometric,REVIEW,REVIEW:PriorPosteriorShift
"multi|amazon,google,meta,snapchat,tiktok|pmode=roi|rpk=60.0|target=tiktok|mu=1.000000|sigma=1.000000|dist=LogNormal|1.000000|1.000000|LogNormal|alpha=0p55|ec=0p5|slope=1p29|lag=4|decay=geometric",snapchat,tiktok,tiktok,1.0,1.0,LogNormal,lognormal,True,0.807823580832531,0.807823580832531,0.0,0.0,0.0,,,,,,,,,0.55,0.5,1.29,4,geometric,REVIEW,REVIEW:PriorPosteriorShift
"multi|amazon,google,meta,snapchat,tiktok|pmode=roi|rpk=60.0|target=tiktok|mu=1.000000|sigma=1.000000|dist=LogNormal|1.000000|1.000000|LogNormal|alpha=0p55|ec=0p5|slope=1p29|lag=4|decay=geometric",tiktok,tiktok,tiktok,1.0,1.0,LogNormal,lognormal,True,0.6715719375604142,0.6715719375604142,0.0,0.0,0.0,,,,,,,,,0.55,0.5,1.29,4,geometric,REVIEW,REVIEW:PriorPosteriorShift
"multi|amazon,google,meta,snapchat,tiktok|pmode=roi|rpk=60.0|target=tiktok|mu=1.500000|sigma=0.500000|dist=LogNormal|1.500000|0.500000|LogNormal|alpha=0p55|ec=0p5|slope=1p29|lag=4|decay=geometric",amazon,tiktok,tiktok,1.5,0.5,LogNormal,lognormal,False,0.9886622609694798,0.988615298025931,,4.696294354888941e-05,4.750375969564402e-05,933707.9493274316,44.352531138807535,0.0012510291619445067,746351865.9118588,933707.9493274316,0.0012510291619445067,15740.258094,0.0008190390385875117,0.55,0.5,1.29,4,geometric,REVIEW,REVIEW:PriorPosteriorShift
"multi|amazon,google,meta,snapchat,tiktok|pmode=roi|rpk=60.0|target=tiktok|mu=1.500000|sigma=0.500000|dist=LogNormal|1.500000|0.500000|LogNormal|alpha=0p55|ec=0p5|slope=1p29|lag=4|decay=geometric",beehiiv,tiktok,tiktok,1.5,0.5,LogNormal,lognormal,False,0.4214629344223067,0.4086380854784511,,0.0128248489438556,0.0313843701789071,8298746.957084796,252525.5899282731,0.011119081141367235,746351865.9118588,8298746.957084796,0.011119081141367235,328172.2732613,0.01707633391891276,0.55,0.5,1.29,4,geometric,REVIEW,REVIEW:PriorPosteriorShift
"multi|amazon,google,meta,snapchat,tiktok|pmode=roi|rpk=60.0|target=tiktok|mu=1.500000|sigma=0.500000|dist=LogNormal|1.500000|0.500000|LogNormal|alpha=0p55|ec=0p5|slope=1p29|lag=4|decay=geometric",google,tiktok,tiktok,1.5,0.5,LogNormal,lognormal,False,0.4812354437199732,0.5056181128850827,,0.0243826691651095,0.0482234883279414,297361461.9501454,-15066359.396010518,0.3984199350621877,746351865.9118588,297361461.9501454,0.3984199350621877,10298543.94665,0.535881272247419,0.55,0.5,1.29,4,geometric,REVIEW,REVIEW:PriorPosteriorShift
"multi|amazon,google,meta,snapchat,tiktok|pmode=roi|rpk=60.0|target=tiktok|mu=1.500000|sigma=0.500000|dist=LogNormal|1.500000|0.500000|LogNormal|alpha=0p55|ec=0p5|slope=1p29|lag=4|decay=geometric",liveintent,tiktok,tiktok,1.5,0.5,LogNormal,lognormal,False,0.3967139078703864,0.384997044505241,,0.0117168633651453,0.030433644965256,18994356.59175675,560994.4004463144,0.025449600194340383,746351865.9118588,18994356.59175675,0.025449600194340383,797987.173079,0.041522994295305,0.55,0.5,1.29,4,geometric,REVIEW,REVIEW:PriorPosteriorShift
"multi|amazon,google,meta,snapchat,tiktok|pmode=roi|rpk=60.0|target=tiktok|mu=1.500000|sigma=0.500000|dist=LogNormal|1.500000|0.500000|LogNormal|alpha=0p55|ec=0p5|slope=1p29|lag=4|decay=geometric",meta,tiktok,tiktok,1.5,0.5,LogNormal,lognormal,False,0.7826952984246115,0.7832890489697456,,0.0005937505451341,0.0007580222727676,39455268.93371996,-29930.660737276077,0.0528641659996593,746351865.9118588,39455268.93371996,0.0528641659996593,840158.1265220001,0.043717345681286386,0.55,0.5,1.29,4,geometric,REVIEW,REVIEW:PriorPosteriorShift
"multi|amazon,google,meta,snapchat,tiktok|pmode=roi|rpk=60.0|target=tiktok|mu=1.500000|sigma=0.500000|dist=LogNormal|1.500000|0.500000|LogNormal|alpha=0p55|ec=0p5|slope=1p29|lag=4|decay=geometric",moloco,tiktok,tiktok,1.5,0.5,LogNormal,lognormal,False,0.4697139680307979,0.4641266767203342,,0.0055872913104637,0.01203828952463,23736561.628963873,282348.6069315709,0.03180344648829091,746351865.9118588,23736561.628963873,0.03180344648829091,842234.6095886,0.043825394779614675,0.55,0.5,1.29,4,geometric,REVIEW,REVIEW:PriorPosteriorShift
"multi|amazon,google,meta,snapchat,tiktok|pmode=roi|rpk=60.0|target=tiktok|mu=1.500000|sigma=0.500000|dist=LogNormal|1.500000|0.500000|LogNormal|alpha=0p55|ec=0p5|slope=1p29|lag=4|decay=geometric",snapchat,tiktok,tiktok,1.5,0.5,LogNormal,lognormal,False,0.8273789688634375,0.807823580832531,,0.0195553880309065,0.0242074983881419,215570458.3268807,5095082.325301766,0.28883220927371367,746351865.9118588,215570458.3268807,0.28883220927371367,4342436.908989999,0.22595724478125545,0.55,0.5,1.29,4,geometric,REVIEW,REVIEW:PriorPosteriorShift
"multi|amazon,google,meta,snapchat,tiktok|pmode=roi|rpk=60.0|target=tiktok|mu=1.500000|sigma=0.500000|dist=LogNormal|1.500000|0.500000|LogNormal|alpha=0p55|ec=0p5|slope=1p29|lag=4|decay=geometric",tiktok,tiktok,tiktok,1.5,0.5,LogNormal,lognormal,False,1.3503215812146665,0.6715719375604142,,0.6787496436542523,1.0106879184379145,142001303.57397985,71378059.52310827,0.19026053267849624,746351865.9118588,142001303.57397985,0.19026053267849624,1752685.00913,0.09120037525761929,0.55,0.5,1.29,4,geometric,REVIEW,REVIEW:PriorPosteriorShift
"multi|amazon,google,meta,snapchat,tiktok|pmode=roi|rpk=60.0|target=tiktok|mu=2.000000|sigma=0.500000|dist=LogNormal|2.000000|0.500000|LogNormal|alpha=0p55|ec=0p5|slope=1p29|lag=4|decay=geometric",amazon,tiktok,tiktok,2.0,0.5,LogNormal,lognormal,False,1.0070753770973533,0.988615298025931,,0.0184600790714223,0.0186726617606296,951097.581337483,17433.98454119009,0.001207533016874188,787636915.9656503,951097.581337483,0.001207533016874188,15740.258094,0.0008190390385875117,0.55,0.5,1.29,4,geometric,REVIEW,REVIEW:PriorPosteriorShift
"multi|amazon,google,meta,snapchat,tiktok|pmode=roi|rpk=60.0|target=tiktok|mu=2.000000|sigma=0.500000|dist=LogNormal|2.000000|0.500000|LogNormal|alpha=0p55|ec=0p5|slope=1p29|lag=4|decay=geometric",beehiiv,tiktok,tiktok,2.0,0.5,LogNormal,lognormal,False,0.4100690122375575,0.4086380854784511,,0.0014309267591063,0.0035016970026937,8074396.796400905,28175.429244381376,0.010251419953445957,787636915.9656503,8074396.796400905,0.010251419953445957,328172.2732613,0.01707633391891276,0.55,0.5,1.29,4,geometric,REVIEW,REVIEW:PriorPosteriorShift
"multi|amazon,google,meta,snapchat,tiktok|pmode=roi|rpk=60.0|target=tiktok|mu=2.000000|sigma=0.500000|dist=LogNormal|2.000000|0.500000|LogNormal|alpha=0p55|ec=0p5|slope=1p29|lag=4|decay=geometric",google,tiktok,tiktok,2.0,0.5,LogNormal,lognormal,False,0.4785114599174509,0.5056181128850827,,0.0271066529676318,0.0536109215173481,295678277.9361311,-16749543.410024822,0.3753992124323258,787636915.9656503,295678277.9361311,0.3753992124323258,10298543.94665,0.535881272247419,0.55,0.5,1.29,4,geometric,REVIEW,REVIEW:PriorPosteriorShift
"multi|amazon,google,meta,snapchat,tiktok|pmode=roi|rpk=60.0|target=tiktok|mu=2.000000|sigma=0.500000|dist=LogNormal|2.000000|0.500000|LogNormal|alpha=0p55|ec=0p5|slope=1p29|lag=4|decay=geometric",liveintent,tiktok,tiktok,2.0,0.5,LogNormal,lognormal,False,0.3877007205714471,0.384997044505241,,0.002703676066206,0.0070225891465753,18562812.120570023,129449.92925958708,0.023567727393543812,787636915.9656503,18562812.120570023,0.023567727393543812,797987.173079,0.041522994295305,0.55,0.5,1.29,4,geometric,REVIEW,REVIEW:PriorPosteriorShift
"multi|amazon,google,meta,snapchat,tiktok|pmode=roi|rpk=60.0|target=tiktok|mu=2.000000|sigma=0.500000|dist=LogNormal|2.000000|0.500000|LogNormal|alpha=0p55|ec=0p5|slope=1p29|lag=4|decay=geometric",meta,tiktok,tiktok,2.0,0.5,LogNormal,lognormal,False,0.782363069113344,0.7832890489697456,,0.0009259798564016,0.0011821687761619,39438521.42437615,-46678.17008108646,0.05007195653853293,787636915.9656503,39438521.42437615,0.05007195653853293,840158.1265220001,0.043717345681286386,0.55,0.5,1.29,4,geometric,REVIEW,REVIEW:PriorPosteriorShift
"multi|amazon,google,meta,snapchat,tiktok|pmode=roi|rpk=60.0|target=tiktok|mu=2.000000|sigma=0.500000|dist=LogNormal|2.000000|0.500000|LogNormal|alpha=0p55|ec=0p5|slope=1p29|lag=4|decay=geometric",moloco,tiktok,tiktok,2.0,0.5,LogNormal,lognormal,False,0.490969348976699,0.4641266767203342,,0.0268426722563648,0.0578347972713906,24810682.677321553,1356469.6552892514,0.03150015213152296,787636915.9656503,24810682.677321553,0.03150015213152296,842234.6095886,0.043825394779614675,0.55,0.5,1.29,4,geometric,REVIEW,REVIEW:PriorPosteriorShift
"multi|amazon,google,meta,snapchat,tiktok|pmode=roi|rpk=60.0|target=tiktok|mu=2.000000|sigma=0.500000|dist=LogNormal|2.000000|0.500000|LogNormal|alpha=0p55|ec=0p5|slope=1p29|lag=4|decay=geometric",snapchat,tiktok,tiktok,2.0,0.5,LogNormal,lognormal,False,0.7982855389422426,0.807823580832531,,0.0095380418902883,0.0118070852554943,207990275.29294607,-2485100.7086328566,0.26406872389665487,787636915.9656503,207990275.29294607,0.26406872389665487,4342436.908989999,0.22595724478125545,0.55,0.5,1.29,4,geometric,REVIEW,REVIEW:PriorPosteriorShift
"multi|amazon,google,meta,snapchat,tiktok|pmode=roi|rpk=60.0|target=tiktok|mu=2.000000|sigma=0.500000|dist=LogNormal|2.000000|0.500000|LogNormal|alpha=0p55|ec=0p5|slope=1p29|lag=4|decay=geometric",tiktok,tiktok,tiktok,2.0,0.5,LogNormal,lognormal,False,1.8270144676665463,0.6715719375604142,,1.1554425301061322,1.7205044843050623,192130852.136567,121507608.08569542,0.24393327463709943,787636915.9656503,192130852.136567,0.24393327463709943,1752685.00913,0.09120037525761929,0.55,0.5,1.29,4,geometric,REVIEW,REVIEW:PriorPosteriorShift
"multi|amazon,google,meta,snapchat,tiktok|pmode=roi|rpk=60.0|target=tiktok|mu=1.500000|sigma=1.000000|dist=LogNormal|1.500000|1.000000|LogNormal|alpha=0p55|ec=0p5|slope=1p29|lag=4|decay=geometric",amazon,tiktok,tiktok,1.5,1.0,LogNormal,lognormal,False,1.0081784036941823,0.988615298025931,,0.0195631056682513,0.0197883905977531,952139.2967366012,18475.699940308343,0.0013255434751678423,718301070.1448625,952139.2967366012,0.0013255434751678423,15740.258094,0.0008190390385875117,0.55,0.5,1.29,4,geometric,REVIEW,REVIEW:PriorPosteriorShift
"multi|amazon,google,meta,snapchat,tiktok|pmode=roi|rpk=60.0|target=tiktok|mu=1.500000|sigma=1.000000|dist=LogNormal|1.500000|1.000000|LogNormal|alpha=0p55|ec=0p5|slope=1p29|lag=4|decay=geometric",beehiiv,tiktok,tiktok,1.5,1.0,LogNormal,lognormal,False,0.3962778564317462,0.4086380854784511,,0.0123602290467049,0.0302473741091289,7802844.299299273,-243377.06785725057,0.010862916155374295,718301070.1448625,7802844.299299273,0.010862916155374295,328172.2732613,0.01707633391891276,0.55,0.5,1.29,4,geometric,REVIEW,REVIEW:PriorPosteriorShift
"multi|amazon,google,meta,snapchat,tiktok|pmode=roi|rpk=60.0|target=tiktok|mu=1.500000|sigma=1.000000|dist=LogNormal|1.500000|1.000000|LogNormal|alpha=0p55|ec=0p5|slope=1p29|lag=4|decay=geometric",google,tiktok,tiktok,1.5,1.0,LogNormal,lognormal,False,0.4880899720452726,0.5056181128850827,,0.0175281408398101,0.0346667581582346,301596961.6216446,-10830859.724511323,0.41987541736617545,718301070.1448625,301596961.6216446,0.41987541736617545,10298543.94665,0.535881272247419,0.55,0.5,1.29,4,geometric,REVIEW,REVIEW:PriorPosteriorShift
"multi|amazon,google,meta,snapchat,tiktok|pmode=roi|rpk=60.0|target=tiktok|mu=1.500000|sigma=1.000000|dist=LogNormal|1.500000|1.000000|LogNormal|alpha=0p55|ec=0p5|slope=1p29|lag=4|decay=geometric",liveintent,tiktok,tiktok,1.5,1.0,LogNormal,lognormal,False,0.407353415103474,0.384997044505241,,0.0223563705982329,0.0580689408329435,19503768.009749856,1070405.8184394203,0.027152636715154072,718301070.1448625,19503768.009749856,0.027152636715154072,797987.173079,0.041522994295305,0.55,0.5,1.29,4,geometric,REVIEW,REVIEW:PriorPosteriorShift
"multi|amazon,google,meta,snapchat,tiktok|pmode=roi|rpk=60.0|target=tiktok|mu=1.500000|sigma=1.000000|dist=LogNormal|1.500000|1.000000|LogNormal|alpha=0p55|ec=0p5|slope=1p29|lag=4|decay=geometric",meta,tiktok,tiktok,1.5,1.0,LogNormal,lognormal,False,0.77444014370131,0.7832890489697456,,0.0088489052684356,0.0112971134730844,39039130.81413126,-446068.780325979,0.05434925887867338,718301070.1448625,39039130.81413126,0.05434925887867338,840158.1265220001,0.043717345681286386,0.55,0.5,1.29,4,geometric,REVIEW,REVIEW:PriorPosteriorShift
"multi|amazon,google,meta,snapchat,tiktok|pmode=roi|rpk=60.0|target=tiktok|mu=1.500000|sigma=1.000000|dist=LogNormal|1.500000|1.000000|LogNormal|alpha=0p55|ec=0p5|slope=1p29|lag=4|decay=geometric",moloco,tiktok,tiktok,1.5,1.0,LogNormal,lognormal,False,0.4726320336184775,0.4641266767203342,,0.0085053568981433,0.0183255075063661,23884023.37882347,429810.35679116845,0.0332507139019112,718301070.1448625,23884023.37882347,0.0332507139019112,842234.6095886,0.043825394779614675,0.55,0.5,1.29,4,geometric,REVIEW,REVIEW:PriorPosteriorShift
"multi|amazon,google,meta,snapchat,tiktok|pmode=roi|rpk=60.0|target=tiktok|mu=1.500000|sigma=1.000000|dist=LogNormal|1.500000|1.000000|LogNormal|alpha=0p55|ec=0p5|slope=1p29|lag=4|decay=geometric",snapchat,tiktok,tiktok,1.5,1.0,LogNormal,lognormal,False,0.805400829402109,0.807823580832531,,0.002422751430422,0.0029991095678653,209844137.28761256,-631238.7139663696,0.2921395303577823,718301070.1448625,209844137.28761256,0.2921395303577823,4342436.908989999,0.22595724478125545,0.55,0.5,1.29,4,geometric,REVIEW,REVIEW:PriorPosteriorShift
"multi|amazon,google,meta,snapchat,tiktok|pmode=roi|rpk=60.0|target=tiktok|mu=1.500000|sigma=1.000000|dist=LogNormal|1.500000|1.000000|LogNormal|alpha=0p55|ec=0p5|slope=1p29|lag=4|decay=geometric",tiktok,tiktok,tiktok,1.5,1.0,LogNormal,lognormal,False,1.1000081288069488,0.6715719375604142,,0.4284361912465345,0.6379602352100853,115678065.43686488,45054821.3859933,0.16104398314976148,718301070.1448625,115678065.43686488,0.16104398314976148,1752685.00913,0.09120037525761929,0.55,0.5,1.29,4,geometric,REVIEW,REVIEW:PriorPosteriorShift
"multi|amazon,google,meta,snapchat,tiktok|pmode=roi|rpk=60.0|target=tiktok|mu=2.000000|sigma=1.000000|dist=LogNormal|2.000000|1.000000|LogNormal|alpha=0p55|ec=0p5|slope=1p29|lag=4|decay=geometric",amazon,tiktok,tiktok,2.0,1.0,LogNormal,lognormal,False,1.0079561392466228,0.988615298025931,,0.0193408412206917,0.0195635665959363,951929.3867504188,18265.789954125765,0.0012680220389175696,750719906.700534,951929.3867504188,0.0012680220389175696,15740.258094,0.0008190390385875117,0.55,0.5,1.29,4,geometric,REVIEW,REVIEW:PriorPosteriorShift
"multi|amazon,google,meta,snapchat,tiktok|pmode=roi|rpk=60.0|target=tiktok|mu=2.000000|sigma=1.000000|dist=LogNormal|2.000000|1.000000|LogNormal|alpha=0p55|ec=0p5|slope=1p29|lag=4|decay=geometric",beehiiv,tiktok,tiktok,2.0,1.0,LogNormal,lognormal,False,0.3952529240942871,0.4086380854784511,,0.013385161384164,0.0327555405622363,7782663.036791895,-263558.3303646287,0.010366933082935336,750719906.700534,7782663.036791895,0.010366933082935336,328172.2732613,0.01707633391891276,0.55,0.5,1.29,4,geometric,REVIEW,REVIEW:PriorPosteriorShift
"multi|amazon,google,meta,snapchat,tiktok|pmode=roi|rpk=60.0|target=tiktok|mu=2.000000|sigma=1.000000|dist=LogNormal|2.000000|1.000000|LogNormal|alpha=0p55|ec=0p5|slope=1p29|lag=4|decay=geometric",google,tiktok,tiktok,2.0,1.0,LogNormal,lognormal,False,0.4825309562838326,0.5056181128850827,,0.0230871566012501,0.0456612530542342,298161975.534486,-14265845.811669946,0.39716806877404986,750719906.700534,298161975.534486,0.39716806877404986,10298543.94665,0.535881272247419,0.55,0.5,1.29,4,geometric,REVIEW,REVIEW:PriorPosteriorShift
"multi|amazon,google,meta,snapchat,tiktok|pmode=roi|rpk=60.0|target=tiktok|mu=2.000000|sigma=1.000000|dist=LogNormal|2.000000|1.000000|LogNormal|alpha=0p55|ec=0p5|slope=1p29|lag=4|decay=geometric",liveintent,tiktok,tiktok,2.0,1.0,LogNormal,lognormal,False,0.3845458215246132,0.384997044505241,,0.0004512229806278,0.0011720167390055,18411757.982266065,-21604.2090443708,0.024525469243498573,750719906.700534,18411757.982266065,0.024525469243498573,797987.173079,0.041522994295305,0.55,0.5,1.29,4,geometric,REVIEW,REVIEW:PriorPosteriorShift
"multi|amazon,google,meta,snapchat,tiktok|pmode=roi|rpk=60.0|target=tiktok|mu=2.000000|sigma=1.000000|dist=LogNormal|2.000000|1.000000|LogNormal|alpha=0p55|ec=0p5|slope=1p29|lag=4|decay=geometric",meta,tiktok,tiktok,2.0,1.0,LogNormal,lognormal,False,0.7898880522108326,0.7832890489697456,,0.0065990032410869,0.0084247357342306,39817851.966453895,332652.37199665606,0.053039557911093785,750719906.700534,39817851.966453895,0.053039557911093785,840158.1265220001,0.043717345681286386,0.55,0.5,1.29,4,geometric,REVIEW,REVIEW:PriorPosteriorShift
"multi|amazon,google,meta,snapchat,tiktok|pmode=roi|rpk=60.0|target=tiktok|mu=2.000000|sigma=1.000000|dist=LogNormal|2.000000|1.000000|LogNormal|alpha=0p55|ec=0p5|slope=1p29|lag=4|decay=geometric",moloco,tiktok,tiktok,2.0,1.0,LogNormal,lognormal,False,0.4339794769603759,0.4641266767203342,,0.0301471997599582,0.0649546799873429,21930752.12083122,-1523460.9012010803,0.02921296201830906,750719906.700534,21930752.12083122,0.02921296201830906,842234.6095886,0.043825394779614675,0.55,0.5,1.29,4,geometric,REVIEW,REVIEW:PriorPosteriorShift
"multi|amazon,google,meta,snapchat,tiktok|pmode=roi|rpk=60.0|target=tiktok|mu=2.000000|sigma=1.000000|dist=LogNormal|2.000000|1.000000|LogNormal|alpha=0p55|ec=0p5|slope=1p29|lag=4|decay=geometric",snapchat,tiktok,tiktok,2.0,1.0,LogNormal,lognormal,False,0.7914104516121249,0.807823580832531,,0.0164131292204061,0.0203177149192538,206198997.3144561,-4276378.687122822,0.27466834897280795,750719906.700534,206198997.3144561,0.27466834897280795,4342436.908989999,0.22595724478125545,0.55,0.5,1.29,4,geometric,REVIEW,REVIEW:PriorPosteriorShift
"multi|amazon,google,meta,snapchat,tiktok|pmode=roi|rpk=60.0|target=tiktok|mu=2.000000|sigma=1.000000|dist=LogNormal|2.000000|1.000000|LogNormal|alpha=0p55|ec=0p5|slope=1p29|lag=4|decay=geometric",tiktok,tiktok,tiktok,2.0,1.0,LogNormal,lognormal,False,1.4973595610757668,0.6715719375604142,,0.8257876235153526,1.2296339041728723,157463979.3584984,86840735.30762681,0.20975063795838783,750719906.700534,157463979.3584984,0.20975063795838783,1752685.00913,0.09120037525761929,0.55,0.5,1.29,4,geometric,REVIEW,REVIEW:PriorPosteriorShift
