run_id,targets,prior_key,channel,qc_status_code,qc_summary_short,qc_primary_review_check,qc_flagged_channels,roi_baseline,roi_new,delta_abs,delta_pct,adstock_alpha_m,saturation_ec_m,saturation_slope_m,max_lag,adstock_decay_spec,analysis_stage,run_mode,prior_mode_used,kpi_type,kpi_type_effective,outcome_col_used,revenue_per_kpi,target_channels,sweep_type,two_layer_enabled,prior_design_mode,prior_grid_type,prior_design_label,roi_mu,roi_sigma,roi_dist,qc_scope,qc_target_channels,gate_mode,gate_matched_count,gate_missing_count,gate_warning,data_tag,input_data_csv,roi_prior_mu,roi_prior_sigma,roi_prior_dist,roi_baseline_sd,roi_baseline_p05,roi_baseline_p50,roi_baseline_p95,roi_new_sd,roi_new_p05,roi_new_p50,roi_new_p95,ci_overlap_baseline_new,prior_roi_mu_channel,prior_roi_sigma_channel,prior_roi_dist_channel,prior_posterior_kl_gaussian,prior_posterior_wasserstein,channel_total_spend,incremental_outcome_baseline,incremental_outcome_new,delta_outcome,delta_outcome_abs,dollars_per_subscription,incremental_value_baseline,incremental_value_new,delta_value,delta_value_abs,is_baseline,roi_change_pct,roi_change_signed_pct,contribution_change_pct,contribution_change_signed_pct,output_change_pct,signed_output_change_pct,input_mu_pct,input_sigma_pct,input_dist_change,mu_only,sigma_only,dist_only,joint_continuous,elasticity_mu,elasticity_sigma,elasticity_joint,dist_sensitivity,in_target_set,flagged_this_channel,sign_flip
"multi|amazon,beehiiv,google,liveintent,meta,moloco,snapchat,tiktok|pmode=roi|rpk=100.0|target=amazon|mu=1.000000|sigma=0.500000|dist=LogNormal|1.000000|0.500000|LogNormal|alpha=0p51|ec=0p5|slope=1p2|lag=4|decay=geometric",amazon,"{""kpi_type"": ""non_revenue"", ""kpi_type_effective"": ""revenue"", ""prior_design_mode"": ""roi"", ""prior_grid_type"": ""roi"", ""revenue_per_kpi"": 100.0, ""roi_prior_overrides"": {""amazon"": {""dist"": ""LogNormal"", ""mu"": 1.0, ""sigma"": 0.5}, ""beehiiv"": {""dist"": ""LogNormal"", ""mu"": 0.5, ""sigma"": 0.5}, ""google"": {""dist"": ""LogNormal"", ""mu"": 0.5, ""sigma"": 0.5}, ""liveintent"": {""dist"": ""LogNormal"", ""mu"": 0.5, ""sigma"": 0.5}, ""meta"": {""dist"": ""LogNormal"", ""mu"": 0.5, ""sigma"": 0.5}, ""moloco"": {""dist"": ""LogNormal"", ""mu"": 0.5, ""sigma"": 0.5}, ""snapchat"": {""dist"": ""LogNormal"", ""mu"": 0.5, ""sigma"": 0.5}, ""tiktok"": {""dist"": ""LogNormal"", ""mu"": 0.5, ""sigma"": 0.5}}, ""run_mode"": ""roi_full"", ""structural_overrides"": {""adstock_decay_spec"": ""geometric"", ""alpha_m"": 0.51, ""ec_m"": 0.5, ""max_lag"": 4, ""slope_m"": 1.2}, ""sweep_type"": ""fixed_full_grid"", ""target_channel"": ""amazon"", ""two_layer_enabled"": false}",amazon,REVIEW,REVIEW:PriorPosteriorShift,PriorPosteriorShift,"amazon,beehiiv",0.5121372402909522,1.004117452489833,0.4919802121988809,0.960641354491972,0.51,0.5,1.2,4,geometric,prior_sweep,roi_full,roi,non_revenue,revenue,__revenue_equiv__,100.0,amazon,fixed_full_grid,False,roi,roi,Revenue-equivalent ROI,1.0,0.5,LogNormal,target_channels,amazon,configured,,,,upload_1bc112d58beb_monthly_mocha,/Users/jasper/Documents/Intern/BlueAlpha/capstone-Blue_Alpha_1/backend/storage/uploads/upload_1bc112d58beb_monthly_mocha.csv,1.0,0.5,LogNormal,0.4840694861381271,0.0989534243941307,0.3617888689041137,1.4659758150577542,0.4909766642163271,0.4292922869324684,0.9048173129558564,1.9462928652763365,0.5611765251058639,1.0,0.5,LogNormal,0.0003615752514372,0.0260523247168864,15740.258094,8061.172341728484,15805.067858879756,7743.895517151272,7743.895517151272,100.0,806117.2341728484,1580506.7858879757,774389.5517151273,774389.5517151273,False,0.9606413544919721,0.9606413544919721,0.960641354491972,0.960641354491972,0.9606413544919721,0.9606413544919721,1.0,0.0,0,True,False,False,True,0.9606413544919721,,0.9606413544919721,,True,True,0.0
"multi|amazon,beehiiv,google,liveintent,meta,moloco,snapchat,tiktok|pmode=roi|rpk=100.0|target=amazon|mu=1.000000|sigma=0.500000|dist=LogNormal|1.000000|0.500000|LogNormal|alpha=0p51|ec=0p5|slope=1p2|lag=4|decay=geometric",amazon,"{""kpi_type"": ""non_revenue"", ""kpi_type_effective"": ""revenue"", ""prior_design_mode"": ""roi"", ""prior_grid_type"": ""roi"", ""revenue_per_kpi"": 100.0, ""roi_prior_overrides"": {""amazon"": {""dist"": ""LogNormal"", ""mu"": 1.0, ""sigma"": 0.5}, ""beehiiv"": {""dist"": ""LogNormal"", ""mu"": 0.5, ""sigma"": 0.5}, ""google"": {""dist"": ""LogNormal"", ""mu"": 0.5, ""sigma"": 0.5}, ""liveintent"": {""dist"": ""LogNormal"", ""mu"": 0.5, ""sigma"": 0.5}, ""meta"": {""dist"": ""LogNormal"", ""mu"": 0.5, ""sigma"": 0.5}, ""moloco"": {""dist"": ""LogNormal"", ""mu"": 0.5, ""sigma"": 0.5}, ""snapchat"": {""dist"": ""LogNormal"", ""mu"": 0.5, ""sigma"": 0.5}, ""tiktok"": {""dist"": ""LogNormal"", ""mu"": 0.5, ""sigma"": 0.5}}, ""run_mode"": ""roi_full"", ""structural_overrides"": {""adstock_decay_spec"": ""geometric"", ""alpha_m"": 0.51, ""ec_m"": 0.5, ""max_lag"": 4, ""slope_m"": 1.2}, ""sweep_type"": ""fixed_full_grid"", ""target_channel"": ""amazon"", ""two_layer_enabled"": false}",beehiiv,REVIEW,REVIEW:PriorPosteriorShift,PriorPosteriorShift,"amazon,beehiiv",0.5170952036961293,0.5116422052728012,0.005452998423328,0.0105454438261092,0.51,0.5,1.2,4,geometric,prior_sweep,roi_full,roi,non_revenue,revenue,__revenue_equiv__,100.0,amazon,fixed_full_grid,False,roi,roi,Revenue-equivalent ROI,1.0,0.5,LogNormal,target_channels,amazon,configured,,,,upload_1bc112d58beb_monthly_mocha,/Users/jasper/Documents/Intern/BlueAlpha/capstone-Blue_Alpha_1/backend/storage/uploads/upload_1bc112d58beb_monthly_mocha.csv,1.0,0.5,LogNormal,0.5569061978983733,0.0888365499675273,0.3553869128227234,1.4882560491561885,0.5296651114099916,0.0939430397003889,0.3571160137653351,1.5005691528320313,0.9876608407474908,0.5,0.5,LogNormal,0.0037244992283241,0.020060187096179,328172.2732613,169696.3084894737,167906.78560079986,-1789.5228886738478,1789.5228886738478,100.0,16969630.848947372,16790678.560079988,-178952.2888673842,178952.2888673842,False,0.0105454438261092,-0.0105454438261092,0.01054544382610923,-0.01054544382610923,0.010545443826109214,-0.010545443826109214,1.0,0.0,0,True,False,False,True,0.010545443826109214,,0.010545443826109214,,True,True,0.0
"multi|amazon,beehiiv,google,liveintent,meta,moloco,snapchat,tiktok|pmode=roi|rpk=100.0|target=amazon|mu=1.000000|sigma=0.500000|dist=LogNormal|1.000000|0.500000|LogNormal|alpha=0p51|ec=0p5|slope=1p2|lag=4|decay=geometric",amazon,"{""kpi_type"": ""non_revenue"", ""kpi_type_effective"": ""revenue"", ""prior_design_mode"": ""roi"", ""prior_grid_type"": ""roi"", ""revenue_per_kpi"": 100.0, ""roi_prior_overrides"": {""amazon"": {""dist"": ""LogNormal"", ""mu"": 1.0, ""sigma"": 0.5}, ""beehiiv"": {""dist"": ""LogNormal"", ""mu"": 0.5, ""sigma"": 0.5}, ""google"": {""dist"": ""LogNormal"", ""mu"": 0.5, ""sigma"": 0.5}, ""liveintent"": {""dist"": ""LogNormal"", ""mu"": 0.5, ""sigma"": 0.5}, ""meta"": {""dist"": ""LogNormal"", ""mu"": 0.5, ""sigma"": 0.5}, ""moloco"": {""dist"": ""LogNormal"", ""mu"": 0.5, ""sigma"": 0.5}, ""snapchat"": {""dist"": ""LogNormal"", ""mu"": 0.5, ""sigma"": 0.5}, ""tiktok"": {""dist"": ""LogNormal"", ""mu"": 0.5, ""sigma"": 0.5}}, ""run_mode"": ""roi_full"", ""structural_overrides"": {""adstock_decay_spec"": ""geometric"", ""alpha_m"": 0.51, ""ec_m"": 0.5, ""max_lag"": 4, ""slope_m"": 1.2}, ""sweep_type"": ""fixed_full_grid"", ""target_channel"": ""amazon"", ""two_layer_enabled"": false}",google,REVIEW,REVIEW:PriorPosteriorShift,PriorPosteriorShift,"amazon,beehiiv",0.3639935120598723,0.358563044165882,0.0054304678939903,0.014919133759442,0.51,0.5,1.2,4,geometric,prior_sweep,roi_full,roi,non_revenue,revenue,__revenue_equiv__,100.0,amazon,fixed_full_grid,False,roi,roi,Revenue-equivalent ROI,1.0,0.5,LogNormal,target_channels,amazon,configured,,,,upload_1bc112d58beb_monthly_mocha,/Users/jasper/Documents/Intern/BlueAlpha/capstone-Blue_Alpha_1/backend/storage/uploads/upload_1bc112d58beb_monthly_mocha.csv,1.0,0.5,LogNormal,0.2538866235360484,0.0906866624951362,0.2933306694030761,0.9025721818208694,0.24036714943816,0.0896405708044767,0.2982907891273498,0.8521224796772,0.9366542115763652,0.5,0.5,LogNormal,0.3880021126995238,0.1354945200904516,10298543.94665,3748603.180244072,3692677.2679869407,-55925.91225713119,55925.91225713119,100.0,374860318.0244072,369267726.7986941,-5592591.225713134,5592591.225713134,False,0.014919133759442057,-0.014919133759442057,0.014919133759442057,-0.014919133759442057,0.014919133759442057,-0.014919133759442057,1.0,0.0,0,True,False,False,True,0.014919133759442057,,0.014919133759442057,,True,False,0.0
"multi|amazon,beehiiv,google,liveintent,meta,moloco,snapchat,tiktok|pmode=roi|rpk=100.0|target=amazon|mu=1.000000|sigma=0.500000|dist=LogNormal|1.000000|0.500000|LogNormal|alpha=0p51|ec=0p5|slope=1p2|lag=4|decay=geometric",amazon,"{""kpi_type"": ""non_revenue"", ""kpi_type_effective"": ""revenue"", ""prior_design_mode"": ""roi"", ""prior_grid_type"": ""roi"", ""revenue_per_kpi"": 100.0, ""roi_prior_overrides"": {""amazon"": {""dist"": ""LogNormal"", ""mu"": 1.0, ""sigma"": 0.5}, ""beehiiv"": {""dist"": ""LogNormal"", ""mu"": 0.5, ""sigma"": 0.5}, ""google"": {""dist"": ""LogNormal"", ""mu"": 0.5, ""sigma"": 0.5}, ""liveintent"": {""dist"": ""LogNormal"", ""mu"": 0.5, ""sigma"": 0.5}, ""meta"": {""dist"": ""LogNormal"", ""mu"": 0.5, ""sigma"": 0.5}, ""moloco"": {""dist"": ""LogNormal"", ""mu"": 0.5, ""sigma"": 0.5}, ""snapchat"": {""dist"": ""LogNormal"", ""mu"": 0.5, ""sigma"": 0.5}, ""tiktok"": {""dist"": ""LogNormal"", ""mu"": 0.5, ""sigma"": 0.5}}, ""run_mode"": ""roi_full"", ""structural_overrides"": {""adstock_decay_spec"": ""geometric"", ""alpha_m"": 0.51, ""ec_m"": 0.5, ""max_lag"": 4, ""slope_m"": 1.2}, ""sweep_type"": ""fixed_full_grid"", ""target_channel"": ""amazon"", ""two_layer_enabled"": false}",liveintent,REVIEW,REVIEW:PriorPosteriorShift,PriorPosteriorShift,"amazon,beehiiv",0.5074958745824794,0.517456457025061,0.0099605824425816,0.0196269229789824,0.51,0.5,1.2,4,geometric,prior_sweep,roi_full,roi,non_revenue,revenue,__revenue_equiv__,100.0,amazon,fixed_full_grid,False,roi,roi,Revenue-equivalent ROI,1.0,0.5,LogNormal,target_channels,amazon,configured,,,,upload_1bc112d58beb_monthly_mocha,/Users/jasper/Documents/Intern/BlueAlpha/capstone-Blue_Alpha_1/backend/storage/uploads/upload_1bc112d58beb_monthly_mocha.csv,1.0,0.5,LogNormal,0.4727192380468491,0.0905764039605856,0.3625864535570144,1.422901827096939,0.5030214967734838,0.0868571814149618,0.3638842403888702,1.5120171070098876,0.9348602912618252,0.5,0.5,LogNormal,0.0006459003276426,0.0224524438422982,797987.173079,404975.1983073274,412923.6153329035,7948.417025576113,7948.417025576113,100.0,40497519.83073274,41292361.53329035,794841.7025576085,794841.7025576085,False,0.019626922978982508,0.019626922978982508,0.019626922978982584,0.019626922978982584,0.019626922978982546,0.019626922978982546,1.0,0.0,0,True,False,False,True,0.019626922978982546,,0.019626922978982546,,True,False,0.0
"multi|amazon,beehiiv,google,liveintent,meta,moloco,snapchat,tiktok|pmode=roi|rpk=100.0|target=amazon|mu=1.000000|sigma=0.500000|dist=LogNormal|1.000000|0.500000|LogNormal|alpha=0p51|ec=0p5|slope=1p2|lag=4|decay=geometric",amazon,"{""kpi_type"": ""non_revenue"", ""kpi_type_effective"": ""revenue"", ""prior_design_mode"": ""roi"", ""prior_grid_type"": ""roi"", ""revenue_per_kpi"": 100.0, ""roi_prior_overrides"": {""amazon"": {""dist"": ""LogNormal"", ""mu"": 1.0, ""sigma"": 0.5}, ""beehiiv"": {""dist"": ""LogNormal"", ""mu"": 0.5, ""sigma"": 0.5}, ""google"": {""dist"": ""LogNormal"", ""mu"": 0.5, ""sigma"": 0.5}, ""liveintent"": {""dist"": ""LogNormal"", ""mu"": 0.5, ""sigma"": 0.5}, ""meta"": {""dist"": ""LogNormal"", ""mu"": 0.5, ""sigma"": 0.5}, ""moloco"": {""dist"": ""LogNormal"", ""mu"": 0.5, ""sigma"": 0.5}, ""snapchat"": {""dist"": ""LogNormal"", ""mu"": 0.5, ""sigma"": 0.5}, ""tiktok"": {""dist"": ""LogNormal"", ""mu"": 0.5, ""sigma"": 0.5}}, ""run_mode"": ""roi_full"", ""structural_overrides"": {""adstock_decay_spec"": ""geometric"", ""alpha_m"": 0.51, ""ec_m"": 0.5, ""max_lag"": 4, ""slope_m"": 1.2}, ""sweep_type"": ""fixed_full_grid"", ""target_channel"": ""amazon"", ""two_layer_enabled"": false}",meta,REVIEW,REVIEW:PriorPosteriorShift,PriorPosteriorShift,"amazon,beehiiv",0.4922159127285704,0.4850501916417852,0.0071657210867852,0.0145580849815732,0.51,0.5,1.2,4,geometric,prior_sweep,roi_full,roi,non_revenue,revenue,__revenue_equiv__,100.0,amazon,fixed_full_grid,False,roi,roi,Revenue-equivalent ROI,1.0,0.5,LogNormal,target_channels,amazon,configured,,,,upload_1bc112d58beb_monthly_mocha,/Users/jasper/Documents/Intern/BlueAlpha/capstone-Blue_Alpha_1/backend/storage/uploads/upload_1bc112d58beb_monthly_mocha.csv,1.0,0.5,LogNormal,0.4128178986318089,0.1016733910888433,0.3566605746746063,1.3128194272518148,0.4242843152650242,0.1000081751495599,0.3524779975414276,1.3535784900188443,0.9661572404809724,0.5,0.5,LogNormal,0.0246856669410735,0.02992845900172,840158.1265220001,413539.199082352,407518.8602788994,-6020.338803452614,6020.338803452614,100.0,41353919.9082352,40751886.02788994,-602033.8803452626,602033.8803452626,False,0.014558084981573318,-0.014558084981573318,0.014558084981573238,-0.014558084981573238,0.014558084981573278,-0.014558084981573278,1.0,0.0,0,True,False,False,True,0.014558084981573278,,0.014558084981573278,,True,False,0.0
"multi|amazon,beehiiv,google,liveintent,meta,moloco,snapchat,tiktok|pmode=roi|rpk=100.0|target=amazon|mu=1.000000|sigma=0.500000|dist=LogNormal|1.000000|0.500000|LogNormal|alpha=0p51|ec=0p5|slope=1p2|lag=4|decay=geometric",amazon,"{""kpi_type"": ""non_revenue"", ""kpi_type_effective"": ""revenue"", ""prior_design_mode"": ""roi"", ""prior_grid_type"": ""roi"", ""revenue_per_kpi"": 100.0, ""roi_prior_overrides"": {""amazon"": {""dist"": ""LogNormal"", ""mu"": 1.0, ""sigma"": 0.5}, ""beehiiv"": {""dist"": ""LogNormal"", ""mu"": 0.5, ""sigma"": 0.5}, ""google"": {""dist"": ""LogNormal"", ""mu"": 0.5, ""sigma"": 0.5}, ""liveintent"": {""dist"": ""LogNormal"", ""mu"": 0.5, ""sigma"": 0.5}, ""meta"": {""dist"": ""LogNormal"", ""mu"": 0.5, ""sigma"": 0.5}, ""moloco"": {""dist"": ""LogNormal"", ""mu"": 0.5, ""sigma"": 0.5}, ""snapchat"": {""dist"": ""LogNormal"", ""mu"": 0.5, ""sigma"": 0.5}, ""tiktok"": {""dist"": ""LogNormal"", ""mu"": 0.5, ""sigma"": 0.5}}, ""run_mode"": ""roi_full"", ""structural_overrides"": {""adstock_decay_spec"": ""geometric"", ""alpha_m"": 0.51, ""ec_m"": 0.5, ""max_lag"": 4, ""slope_m"": 1.2}, ""sweep_type"": ""fixed_full_grid"", ""target_channel"": ""amazon"", ""two_layer_enabled"": false}",moloco,REVIEW,REVIEW:PriorPosteriorShift,PriorPosteriorShift,"amazon,beehiiv",0.5193671595243117,0.521062682896542,0.0016955233722303,0.0032645948846348,0.51,0.5,1.2,4,geometric,prior_sweep,roi_full,roi,non_revenue,revenue,__revenue_equiv__,100.0,amazon,fixed_full_grid,False,roi,roi,Revenue-equivalent ROI,1.0,0.5,LogNormal,target_channels,amazon,configured,,,,upload_1bc112d58beb_monthly_mocha,/Users/jasper/Documents/Intern/BlueAlpha/capstone-Blue_Alpha_1/backend/storage/uploads/upload_1bc112d58beb_monthly_mocha.csv,1.0,0.5,LogNormal,0.4986959806994451,0.0960079569369554,0.3689096570014953,1.4562236905097956,0.4717249811798527,0.1053413089364767,0.3796160072088241,1.327102518081665,0.8982113491188802,0.5,0.5,LogNormal,0.0041481386047184,0.0284914391387611,842234.6095886,437428.9968350988,438857.0253005575,1428.028465458774,1428.028465458774,100.0,43742899.68350988,43885702.530055754,142802.84654587507,142802.84654587507,False,0.0032645948846347236,0.0032645948846347236,0.0032645948846346177,0.0032645948846346177,0.0032645948846346706,0.0032645948846346706,1.0,0.0,0,True,False,False,True,0.0032645948846346706,,0.0032645948846346706,,True,False,0.0
"multi|amazon,beehiiv,google,liveintent,meta,moloco,snapchat,tiktok|pmode=roi|rpk=100.0|target=amazon|mu=1.000000|sigma=0.500000|dist=LogNormal|1.000000|0.500000|LogNormal|alpha=0p51|ec=0p5|slope=1p2|lag=4|decay=geometric",amazon,"{""kpi_type"": ""non_revenue"", ""kpi_type_effective"": ""revenue"", ""prior_design_mode"": ""roi"", ""prior_grid_type"": ""roi"", ""revenue_per_kpi"": 100.0, ""roi_prior_overrides"": {""amazon"": {""dist"": ""LogNormal"", ""mu"": 1.0, ""sigma"": 0.5}, ""beehiiv"": {""dist"": ""LogNormal"", ""mu"": 0.5, ""sigma"": 0.5}, ""google"": {""dist"": ""LogNormal"", ""mu"": 0.5, ""sigma"": 0.5}, ""liveintent"": {""dist"": ""LogNormal"", ""mu"": 0.5, ""sigma"": 0.5}, ""meta"": {""dist"": ""LogNormal"", ""mu"": 0.5, ""sigma"": 0.5}, ""moloco"": {""dist"": ""LogNormal"", ""mu"": 0.5, ""sigma"": 0.5}, ""snapchat"": {""dist"": ""LogNormal"", ""mu"": 0.5, ""sigma"": 0.5}, ""tiktok"": {""dist"": ""LogNormal"", ""mu"": 0.5, ""sigma"": 0.5}}, ""run_mode"": ""roi_full"", ""structural_overrides"": {""adstock_decay_spec"": ""geometric"", ""alpha_m"": 0.51, ""ec_m"": 0.5, ""max_lag"": 4, ""slope_m"": 1.2}, ""sweep_type"": ""fixed_full_grid"", ""target_channel"": ""amazon"", ""two_layer_enabled"": false}",snapchat,REVIEW,REVIEW:PriorPosteriorShift,PriorPosteriorShift,"amazon,beehiiv",0.5166618288556735,0.499085187021022,0.0175766418346514,0.0340196253196816,0.51,0.5,1.2,4,geometric,prior_sweep,roi_full,roi,non_revenue,revenue,__revenue_equiv__,100.0,amazon,fixed_full_grid,False,roi,roi,Revenue-equivalent ROI,1.0,0.5,LogNormal,target_channels,amazon,configured,,,,upload_1bc112d58beb_monthly_mocha,/Users/jasper/Documents/Intern/BlueAlpha/capstone-Blue_Alpha_1/backend/storage/uploads/upload_1bc112d58beb_monthly_mocha.csv,1.0,0.5,LogNormal,0.4711478203533085,0.0951749168336391,0.3710568994283676,1.3794029116630553,0.4092935486925121,0.0959305729717016,0.3808384388685226,1.2646885395050045,0.9100860370891922,0.5,0.5,LogNormal,0.0352195686229591,0.0269681544394239,4342436.908989999,2243571.395089151,2167245.936850263,-76325.45823888807,76325.45823888807,100.0,224357139.5089151,216724593.6850263,-7632545.823888808,7632545.823888808,False,0.034019625319681585,-0.034019625319681585,0.03401962531968152,-0.03401962531968152,0.03401962531968156,-0.03401962531968156,1.0,0.0,0,True,False,False,True,0.03401962531968156,,0.03401962531968156,,True,False,0.0
"multi|amazon,beehiiv,google,liveintent,meta,moloco,snapchat,tiktok|pmode=roi|rpk=100.0|target=amazon|mu=1.000000|sigma=0.500000|dist=LogNormal|1.000000|0.500000|LogNormal|alpha=0p51|ec=0p5|slope=1p2|lag=4|decay=geometric",amazon,"{""kpi_type"": ""non_revenue"", ""kpi_type_effective"": ""revenue"", ""prior_design_mode"": ""roi"", ""prior_grid_type"": ""roi"", ""revenue_per_kpi"": 100.0, ""roi_prior_overrides"": {""amazon"": {""dist"": ""LogNormal"", ""mu"": 1.0, ""sigma"": 0.5}, ""beehiiv"": {""dist"": ""LogNormal"", ""mu"": 0.5, ""sigma"": 0.5}, ""google"": {""dist"": ""LogNormal"", ""mu"": 0.5, ""sigma"": 0.5}, ""liveintent"": {""dist"": ""LogNormal"", ""mu"": 0.5, ""sigma"": 0.5}, ""meta"": {""dist"": ""LogNormal"", ""mu"": 0.5, ""sigma"": 0.5}, ""moloco"": {""dist"": ""LogNormal"", ""mu"": 0.5, ""sigma"": 0.5}, ""snapchat"": {""dist"": ""LogNormal"", ""mu"": 0.5, ""sigma"": 0.5}, ""tiktok"": {""dist"": ""LogNormal"", ""mu"": 0.5, ""sigma"": 0.5}}, ""run_mode"": ""roi_full"", ""structural_overrides"": {""adstock_decay_spec"": ""geometric"", ""alpha_m"": 0.51, ""ec_m"": 0.5, ""max_lag"": 4, ""slope_m"": 1.2}, ""sweep_type"": ""fixed_full_grid"", ""target_channel"": ""amazon"", ""two_layer_enabled"": false}",tiktok,REVIEW,REVIEW:PriorPosteriorShift,PriorPosteriorShift,"amazon,beehiiv",0.4454225514084101,0.449371117670089,0.0039485662616789,0.0088647650398339,0.51,0.5,1.2,4,geometric,prior_sweep,roi_full,roi,non_revenue,revenue,__revenue_equiv__,100.0,amazon,fixed_full_grid,False,roi,roi,Revenue-equivalent ROI,1.0,0.5,LogNormal,target_channels,amazon,configured,,,,upload_1bc112d58beb_monthly_mocha,/Users/jasper/Documents/Intern/BlueAlpha/capstone-Blue_Alpha_1/backend/storage/uploads/upload_1bc112d58beb_monthly_mocha.csv,1.0,0.5,LogNormal,0.389614058166092,0.0862870134413242,0.3261690884828567,1.226093351840973,0.4084608537100315,0.0826795455068349,0.3195811808109283,1.266111385822296,0.9631364473815548,0.5,0.5,LogNormal,0.0410191235442752,0.0686042461620937,1752685.00913,780685.4285819572,787606.0214763584,6920.592894401168,6920.592894401168,100.0,78068542.85819572,78760602.14763585,692059.2894401252,692059.2894401252,False,0.008864765039834015,0.008864765039834015,0.008864765039834015,0.008864765039834015,0.008864765039834015,0.008864765039834015,1.0,0.0,0,True,False,False,True,0.008864765039834015,,0.008864765039834015,,True,False,0.0
"multi|amazon,beehiiv,google,liveintent,meta,moloco,snapchat,tiktok|pmode=roi|rpk=100.0|target=amazon|mu=1.000000|sigma=1.000000|dist=LogNormal|1.000000|1.000000|LogNormal|alpha=0p51|ec=0p5|slope=1p2|lag=4|decay=geometric",amazon,"{""kpi_type"": ""non_revenue"", ""kpi_type_effective"": ""revenue"", ""prior_design_mode"": ""roi"", ""prior_grid_type"": ""roi"", ""revenue_per_kpi"": 100.0, ""roi_prior_overrides"": {""amazon"": {""dist"": ""LogNormal"", ""mu"": 1.0, ""sigma"": 1.0}, ""beehiiv"": {""dist"": ""LogNormal"", ""mu"": 0.5, ""sigma"": 0.5}, ""google"": {""dist"": ""LogNormal"", ""mu"": 0.5, ""sigma"": 0.5}, ""liveintent"": {""dist"": ""LogNormal"", ""mu"": 0.5, ""sigma"": 0.5}, ""meta"": {""dist"": ""LogNormal"", ""mu"": 0.5, ""sigma"": 0.5}, ""moloco"": {""dist"": ""LogNormal"", ""mu"": 0.5, ""sigma"": 0.5}, ""snapchat"": {""dist"": ""LogNormal"", ""mu"": 0.5, ""sigma"": 0.5}, ""tiktok"": {""dist"": ""LogNormal"", ""mu"": 0.5, ""sigma"": 0.5}}, ""run_mode"": ""roi_full"", ""structural_overrides"": {""adstock_decay_spec"": ""geometric"", ""alpha_m"": 0.51, ""ec_m"": 0.5, ""max_lag"": 4, ""slope_m"": 1.2}, ""sweep_type"": ""fixed_full_grid"", ""target_channel"": ""amazon"", ""two_layer_enabled"": false}",amazon,REVIEW,REVIEW:PriorPosteriorShift,PriorPosteriorShift,"amazon,beehiiv,liveintent",0.5121372402909522,1.030253652781248,0.5181164124902958,1.0116749412636872,0.51,0.5,1.2,4,geometric,prior_sweep,roi_full,roi,non_revenue,revenue,__revenue_equiv__,100.0,amazon,fixed_full_grid,False,roi,roi,Revenue-equivalent ROI,1.0,1.0,LogNormal,target_channels,amazon,configured,,,,upload_1bc112d58beb_monthly_mocha,/Users/jasper/Documents/Intern/BlueAlpha/capstone-Blue_Alpha_1/backend/storage/uploads/upload_1bc112d58beb_monthly_mocha.csv,1.0,1.0,LogNormal,0.4840694861381271,0.0989534243941307,0.3617888689041137,1.4659758150577542,0.978155682813737,0.195312763005495,0.729029506444931,2.876676261425018,0.4574477464463205,1.0,1.0,LogNormal,0.0009383483984749,0.0820379106586346,15740.258094,8061.172341728484,16216.458397063108,8155.286055334623,8155.286055334623,100.0,806117.2341728484,1621645.8397063103,815528.6055334621,815528.6055334621,False,1.011674941263687,1.011674941263687,1.0116749412636874,1.0116749412636874,1.0116749412636872,1.0116749412636872,1.0,1.0,0,False,False,False,True,,,0.5058374706318436,,True,True,0.0
"multi|amazon,beehiiv,google,liveintent,meta,moloco,snapchat,tiktok|pmode=roi|rpk=100.0|target=amazon|mu=1.000000|sigma=1.000000|dist=LogNormal|1.000000|1.000000|LogNormal|alpha=0p51|ec=0p5|slope=1p2|lag=4|decay=geometric",amazon,"{""kpi_type"": ""non_revenue"", ""kpi_type_effective"": ""revenue"", ""prior_design_mode"": ""roi"", ""prior_grid_type"": ""roi"", ""revenue_per_kpi"": 100.0, ""roi_prior_overrides"": {""amazon"": {""dist"": ""LogNormal"", ""mu"": 1.0, ""sigma"": 1.0}, ""beehiiv"": {""dist"": ""LogNormal"", ""mu"": 0.5, ""sigma"": 0.5}, ""google"": {""dist"": ""LogNormal"", ""mu"": 0.5, ""sigma"": 0.5}, ""liveintent"": {""dist"": ""LogNormal"", ""mu"": 0.5, ""sigma"": 0.5}, ""meta"": {""dist"": ""LogNormal"", ""mu"": 0.5, ""sigma"": 0.5}, ""moloco"": {""dist"": ""LogNormal"", ""mu"": 0.5, ""sigma"": 0.5}, ""snapchat"": {""dist"": ""LogNormal"", ""mu"": 0.5, ""sigma"": 0.5}, ""tiktok"": {""dist"": ""LogNormal"", ""mu"": 0.5, ""sigma"": 0.5}}, ""run_mode"": ""roi_full"", ""structural_overrides"": {""adstock_decay_spec"": ""geometric"", ""alpha_m"": 0.51, ""ec_m"": 0.5, ""max_lag"": 4, ""slope_m"": 1.2}, ""sweep_type"": ""fixed_full_grid"", ""target_channel"": ""amazon"", ""two_layer_enabled"": false}",beehiiv,REVIEW,REVIEW:PriorPosteriorShift,PriorPosteriorShift,"amazon,beehiiv,liveintent",0.5170952036961293,0.5204401427491878,0.0033449390530585,0.0064687102667928,0.51,0.5,1.2,4,geometric,prior_sweep,roi_full,roi,non_revenue,revenue,__revenue_equiv__,100.0,amazon,fixed_full_grid,False,roi,roi,Revenue-equivalent ROI,1.0,1.0,LogNormal,target_channels,amazon,configured,,,,upload_1bc112d58beb_monthly_mocha,/Users/jasper/Documents/Intern/BlueAlpha/capstone-Blue_Alpha_1/backend/storage/uploads/upload_1bc112d58beb_monthly_mocha.csv,1.0,1.0,LogNormal,0.5569061978983733,0.0888365499675273,0.3553869128227234,1.4882560491561885,0.5467434184706635,0.0848511688411235,0.3690744340419769,1.5199367582798002,0.9751470640409916,0.5,0.5,LogNormal,0.0093208066388954,0.0246271650784331,328172.2732613,169696.3084894737,170794.02474243645,1097.7162529627385,1097.7162529627385,100.0,16969630.848947372,17079402.474243645,109771.62529627234,109771.62529627234,False,0.006468710266792961,0.006468710266792961,0.006468710266793046,0.006468710266793046,0.006468710266793003,0.006468710266793003,1.0,1.0,0,False,False,False,True,,,0.0032343551333965017,,True,True,0.0
"multi|amazon,beehiiv,google,liveintent,meta,moloco,snapchat,tiktok|pmode=roi|rpk=100.0|target=amazon|mu=1.000000|sigma=1.000000|dist=LogNormal|1.000000|1.000000|LogNormal|alpha=0p51|ec=0p5|slope=1p2|lag=4|decay=geometric",amazon,"{""kpi_type"": ""non_revenue"", ""kpi_type_effective"": ""revenue"", ""prior_design_mode"": ""roi"", ""prior_grid_type"": ""roi"", ""revenue_per_kpi"": 100.0, ""roi_prior_overrides"": {""amazon"": {""dist"": ""LogNormal"", ""mu"": 1.0, ""sigma"": 1.0}, ""beehiiv"": {""dist"": ""LogNormal"", ""mu"": 0.5, ""sigma"": 0.5}, ""google"": {""dist"": ""LogNormal"", ""mu"": 0.5, ""sigma"": 0.5}, ""liveintent"": {""dist"": ""LogNormal"", ""mu"": 0.5, ""sigma"": 0.5}, ""meta"": {""dist"": ""LogNormal"", ""mu"": 0.5, ""sigma"": 0.5}, ""moloco"": {""dist"": ""LogNormal"", ""mu"": 0.5, ""sigma"": 0.5}, ""snapchat"": {""dist"": ""LogNormal"", ""mu"": 0.5, ""sigma"": 0.5}, ""tiktok"": {""dist"": ""LogNormal"", ""mu"": 0.5, ""sigma"": 0.5}}, ""run_mode"": ""roi_full"", ""structural_overrides"": {""adstock_decay_spec"": ""geometric"", ""alpha_m"": 0.51, ""ec_m"": 0.5, ""max_lag"": 4, ""slope_m"": 1.2}, ""sweep_type"": ""fixed_full_grid"", ""target_channel"": ""amazon"", ""two_layer_enabled"": false}",google,REVIEW,REVIEW:PriorPosteriorShift,PriorPosteriorShift,"amazon,beehiiv,liveintent",0.3639935120598723,0.3709714816634853,0.006977969603613,0.0191705878605474,0.51,0.5,1.2,4,geometric,prior_sweep,roi_full,roi,non_revenue,revenue,__revenue_equiv__,100.0,amazon,fixed_full_grid,False,roi,roi,Revenue-equivalent ROI,1.0,1.0,LogNormal,target_channels,amazon,configured,,,,upload_1bc112d58beb_monthly_mocha,/Users/jasper/Documents/Intern/BlueAlpha/capstone-Blue_Alpha_1/backend/storage/uploads/upload_1bc112d58beb_monthly_mocha.csv,1.0,1.0,LogNormal,0.2538866235360484,0.0906866624951362,0.2933306694030761,0.9025721818208694,0.2765961908321894,0.0897612530738115,0.2912174612283706,0.9500325143337246,0.9437552501017918,0.5,0.5,LogNormal,0.278357073335179,0.1230855348435383,10298543.94665,3748603.180244072,3820466.106865268,71862.92662119633,71862.92662119633,100.0,374860318.0244072,382046610.6865268,7186292.662119627,7186292.662119627,False,0.019170587860547456,0.019170587860547456,0.019170587860547386,0.019170587860547386,0.01917058786054742,0.01917058786054742,1.0,1.0,0,False,False,False,True,,,0.00958529393027371,,True,False,0.0
"multi|amazon,beehiiv,google,liveintent,meta,moloco,snapchat,tiktok|pmode=roi|rpk=100.0|target=amazon|mu=1.000000|sigma=1.000000|dist=LogNormal|1.000000|1.000000|LogNormal|alpha=0p51|ec=0p5|slope=1p2|lag=4|decay=geometric",amazon,"{""kpi_type"": ""non_revenue"", ""kpi_type_effective"": ""revenue"", ""prior_design_mode"": ""roi"", ""prior_grid_type"": ""roi"", ""revenue_per_kpi"": 100.0, ""roi_prior_overrides"": {""amazon"": {""dist"": ""LogNormal"", ""mu"": 1.0, ""sigma"": 1.0}, ""beehiiv"": {""dist"": ""LogNormal"", ""mu"": 0.5, ""sigma"": 0.5}, ""google"": {""dist"": ""LogNormal"", ""mu"": 0.5, ""sigma"": 0.5}, ""liveintent"": {""dist"": ""LogNormal"", ""mu"": 0.5, ""sigma"": 0.5}, ""meta"": {""dist"": ""LogNormal"", ""mu"": 0.5, ""sigma"": 0.5}, ""moloco"": {""dist"": ""LogNormal"", ""mu"": 0.5, ""sigma"": 0.5}, ""snapchat"": {""dist"": ""LogNormal"", ""mu"": 0.5, ""sigma"": 0.5}, ""tiktok"": {""dist"": ""LogNormal"", ""mu"": 0.5, ""sigma"": 0.5}}, ""run_mode"": ""roi_full"", ""structural_overrides"": {""adstock_decay_spec"": ""geometric"", ""alpha_m"": 0.51, ""ec_m"": 0.5, ""max_lag"": 4, ""slope_m"": 1.2}, ""sweep_type"": ""fixed_full_grid"", ""target_channel"": ""amazon"", ""two_layer_enabled"": false}",liveintent,REVIEW,REVIEW:PriorPosteriorShift,PriorPosteriorShift,"amazon,beehiiv,liveintent",0.5074958745824794,0.5095275113141785,0.0020316367316991,0.0040032576291788,0.51,0.5,1.2,4,geometric,prior_sweep,roi_full,roi,non_revenue,revenue,__revenue_equiv__,100.0,amazon,fixed_full_grid,False,roi,roi,Revenue-equivalent ROI,1.0,1.0,LogNormal,target_channels,amazon,configured,,,,upload_1bc112d58beb_monthly_mocha,/Users/jasper/Documents/Intern/BlueAlpha/capstone-Blue_Alpha_1/backend/storage/uploads/upload_1bc112d58beb_monthly_mocha.csv,1.0,1.0,LogNormal,0.4727192380468491,0.0905764039605856,0.3625864535570144,1.422901827096939,0.4715778713849058,0.088709769397974,0.3584355413913727,1.5020754754543302,0.9426614905309076,0.5,0.5,LogNormal,0.0034767777872521,0.0157962085490671,797987.173079,404975.1983073274,406596.41835957946,1621.220052252058,1621.220052252058,100.0,40497519.83073274,40659641.835957944,162122.00522520393,162122.00522520393,False,0.00400325762917894,0.00400325762917894,0.004003257629178928,0.004003257629178928,0.004003257629178934,0.004003257629178934,1.0,1.0,0,False,False,False,True,,,0.002001628814589467,,True,True,0.0
"multi|amazon,beehiiv,google,liveintent,meta,moloco,snapchat,tiktok|pmode=roi|rpk=100.0|target=amazon|mu=1.000000|sigma=1.000000|dist=LogNormal|1.000000|1.000000|LogNormal|alpha=0p51|ec=0p5|slope=1p2|lag=4|decay=geometric",amazon,"{""kpi_type"": ""non_revenue"", ""kpi_type_effective"": ""revenue"", ""prior_design_mode"": ""roi"", ""prior_grid_type"": ""roi"", ""revenue_per_kpi"": 100.0, ""roi_prior_overrides"": {""amazon"": {""dist"": ""LogNormal"", ""mu"": 1.0, ""sigma"": 1.0}, ""beehiiv"": {""dist"": ""LogNormal"", ""mu"": 0.5, ""sigma"": 0.5}, ""google"": {""dist"": ""LogNormal"", ""mu"": 0.5, ""sigma"": 0.5}, ""liveintent"": {""dist"": ""LogNormal"", ""mu"": 0.5, ""sigma"": 0.5}, ""meta"": {""dist"": ""LogNormal"", ""mu"": 0.5, ""sigma"": 0.5}, ""moloco"": {""dist"": ""LogNormal"", ""mu"": 0.5, ""sigma"": 0.5}, ""snapchat"": {""dist"": ""LogNormal"", ""mu"": 0.5, ""sigma"": 0.5}, ""tiktok"": {""dist"": ""LogNormal"", ""mu"": 0.5, ""sigma"": 0.5}}, ""run_mode"": ""roi_full"", ""structural_overrides"": {""adstock_decay_spec"": ""geometric"", ""alpha_m"": 0.51, ""ec_m"": 0.5, ""max_lag"": 4, ""slope_m"": 1.2}, ""sweep_type"": ""fixed_full_grid"", ""target_channel"": ""amazon"", ""two_layer_enabled"": false}",meta,REVIEW,REVIEW:PriorPosteriorShift,PriorPosteriorShift,"amazon,beehiiv,liveintent",0.4922159127285704,0.4879831733958175,0.0042327393327529,0.0085993549239173,0.51,0.5,1.2,4,geometric,prior_sweep,roi_full,roi,non_revenue,revenue,__revenue_equiv__,100.0,amazon,fixed_full_grid,False,roi,roi,Revenue-equivalent ROI,1.0,1.0,LogNormal,target_channels,amazon,configured,,,,upload_1bc112d58beb_monthly_mocha,/Users/jasper/Documents/Intern/BlueAlpha/capstone-Blue_Alpha_1/backend/storage/uploads/upload_1bc112d58beb_monthly_mocha.csv,1.0,1.0,LogNormal,0.4128178986318089,0.1016733910888433,0.3566605746746063,1.3128194272518148,0.4191705589140867,0.1050751965492963,0.351516991853714,1.3535993695259094,0.9647089776108768,0.5,0.5,LogNormal,0.0280269226437547,0.0303019536775492,840158.1265220001,413539.199082352,409983.02873449033,-3556.1703478616546,3556.1703478616546,100.0,41353919.9082352,40998302.873449035,-355617.03478616476,355617.03478616476,False,0.008599354923917385,-0.008599354923917385,0.008599354923917335,-0.008599354923917335,0.00859935492391736,-0.00859935492391736,1.0,1.0,0,False,False,False,True,,,0.00429967746195868,,True,False,0.0
"multi|amazon,beehiiv,google,liveintent,meta,moloco,snapchat,tiktok|pmode=roi|rpk=100.0|target=amazon|mu=1.000000|sigma=1.000000|dist=LogNormal|1.000000|1.000000|LogNormal|alpha=0p51|ec=0p5|slope=1p2|lag=4|decay=geometric",amazon,"{""kpi_type"": ""non_revenue"", ""kpi_type_effective"": ""revenue"", ""prior_design_mode"": ""roi"", ""prior_grid_type"": ""roi"", ""revenue_per_kpi"": 100.0, ""roi_prior_overrides"": {""amazon"": {""dist"": ""LogNormal"", ""mu"": 1.0, ""sigma"": 1.0}, ""beehiiv"": {""dist"": ""LogNormal"", ""mu"": 0.5, ""sigma"": 0.5}, ""google"": {""dist"": ""LogNormal"", ""mu"": 0.5, ""sigma"": 0.5}, ""liveintent"": {""dist"": ""LogNormal"", ""mu"": 0.5, ""sigma"": 0.5}, ""meta"": {""dist"": ""LogNormal"", ""mu"": 0.5, ""sigma"": 0.5}, ""moloco"": {""dist"": ""LogNormal"", ""mu"": 0.5, ""sigma"": 0.5}, ""snapchat"": {""dist"": ""LogNormal"", ""mu"": 0.5, ""sigma"": 0.5}, ""tiktok"": {""dist"": ""LogNormal"", ""mu"": 0.5, ""sigma"": 0.5}}, ""run_mode"": ""roi_full"", ""structural_overrides"": {""adstock_decay_spec"": ""geometric"", ""alpha_m"": 0.51, ""ec_m"": 0.5, ""max_lag"": 4, ""slope_m"": 1.2}, ""sweep_type"": ""fixed_full_grid"", ""target_channel"": ""amazon"", ""two_layer_enabled"": false}",moloco,REVIEW,REVIEW:PriorPosteriorShift,PriorPosteriorShift,"amazon,beehiiv,liveintent",0.5193671595243117,0.5219807588603969,0.0026135993360851,0.0050322768549304,0.51,0.5,1.2,4,geometric,prior_sweep,roi_full,roi,non_revenue,revenue,__revenue_equiv__,100.0,amazon,fixed_full_grid,False,roi,roi,Revenue-equivalent ROI,1.0,1.0,LogNormal,target_channels,amazon,configured,,,,upload_1bc112d58beb_monthly_mocha,/Users/jasper/Documents/Intern/BlueAlpha/capstone-Blue_Alpha_1/backend/storage/uploads/upload_1bc112d58beb_monthly_mocha.csv,1.0,1.0,LogNormal,0.4986959806994451,0.0960079569369554,0.3689096570014953,1.4562236905097956,0.499771549036718,0.0961063828319311,0.3701264262199402,1.4497430741786954,0.9951632361957798,0.5,0.5,LogNormal,0.0009665163113332,0.0192677168157121,842234.6095886,437428.9968350988,439630.2606515475,2201.2638164487435,2201.2638164487435,100.0,43742899.68350988,43963026.06515475,220126.3816448748,220126.3816448748,False,0.005032276854930483,0.005032276854930483,0.00503227685493052,0.00503227685493052,0.005032276854930502,0.005032276854930502,1.0,1.0,0,False,False,False,True,,,0.002516138427465251,,True,False,0.0
"multi|amazon,beehiiv,google,liveintent,meta,moloco,snapchat,tiktok|pmode=roi|rpk=100.0|target=amazon|mu=1.000000|sigma=1.000000|dist=LogNormal|1.000000|1.000000|LogNormal|alpha=0p51|ec=0p5|slope=1p2|lag=4|decay=geometric",amazon,"{""kpi_type"": ""non_revenue"", ""kpi_type_effective"": ""revenue"", ""prior_design_mode"": ""roi"", ""prior_grid_type"": ""roi"", ""revenue_per_kpi"": 100.0, ""roi_prior_overrides"": {""amazon"": {""dist"": ""LogNormal"", ""mu"": 1.0, ""sigma"": 1.0}, ""beehiiv"": {""dist"": ""LogNormal"", ""mu"": 0.5, ""sigma"": 0.5}, ""google"": {""dist"": ""LogNormal"", ""mu"": 0.5, ""sigma"": 0.5}, ""liveintent"": {""dist"": ""LogNormal"", ""mu"": 0.5, ""sigma"": 0.5}, ""meta"": {""dist"": ""LogNormal"", ""mu"": 0.5, ""sigma"": 0.5}, ""moloco"": {""dist"": ""LogNormal"", ""mu"": 0.5, ""sigma"": 0.5}, ""snapchat"": {""dist"": ""LogNormal"", ""mu"": 0.5, ""sigma"": 0.5}, ""tiktok"": {""dist"": ""LogNormal"", ""mu"": 0.5, ""sigma"": 0.5}}, ""run_mode"": ""roi_full"", ""structural_overrides"": {""adstock_decay_spec"": ""geometric"", ""alpha_m"": 0.51, ""ec_m"": 0.5, ""max_lag"": 4, ""slope_m"": 1.2}, ""sweep_type"": ""fixed_full_grid"", ""target_channel"": ""amazon"", ""two_layer_enabled"": false}",snapchat,REVIEW,REVIEW:PriorPosteriorShift,PriorPosteriorShift,"amazon,beehiiv,liveintent",0.5166618288556735,0.4797364174978186,0.0369254113578548,0.0714692073142677,0.51,0.5,1.2,4,geometric,prior_sweep,roi_full,roi,non_revenue,revenue,__revenue_equiv__,100.0,amazon,fixed_full_grid,False,roi,roi,Revenue-equivalent ROI,1.0,1.0,LogNormal,target_channels,amazon,configured,,,,upload_1bc112d58beb_monthly_mocha,/Users/jasper/Documents/Intern/BlueAlpha/capstone-Blue_Alpha_1/backend/storage/uploads/upload_1bc112d58beb_monthly_mocha.csv,1.0,1.0,LogNormal,0.4711478203533085,0.0951749168336391,0.3710568994283676,1.3794029116630553,0.3892666959912702,0.0970989577472209,0.3549109697341919,1.243914991617202,0.8930003383256822,0.5,0.5,LogNormal,0.0542217426754896,0.0287674752735059,4342436.908989999,2243571.395089151,2083225.1259291633,-160346.26915998757,160346.26915998757,100.0,224357139.5089151,208322512.5929163,-16034626.915998757,16034626.915998757,False,0.0714692073142678,-0.0714692073142678,0.07146920731426781,-0.07146920731426781,0.07146920731426781,-0.07146920731426781,1.0,1.0,0,False,False,False,True,,,0.035734603657133907,,True,False,0.0
"multi|amazon,beehiiv,google,liveintent,meta,moloco,snapchat,tiktok|pmode=roi|rpk=100.0|target=amazon|mu=1.000000|sigma=1.000000|dist=LogNormal|1.000000|1.000000|LogNormal|alpha=0p51|ec=0p5|slope=1p2|lag=4|decay=geometric",amazon,"{""kpi_type"": ""non_revenue"", ""kpi_type_effective"": ""revenue"", ""prior_design_mode"": ""roi"", ""prior_grid_type"": ""roi"", ""revenue_per_kpi"": 100.0, ""roi_prior_overrides"": {""amazon"": {""dist"": ""LogNormal"", ""mu"": 1.0, ""sigma"": 1.0}, ""beehiiv"": {""dist"": ""LogNormal"", ""mu"": 0.5, ""sigma"": 0.5}, ""google"": {""dist"": ""LogNormal"", ""mu"": 0.5, ""sigma"": 0.5}, ""liveintent"": {""dist"": ""LogNormal"", ""mu"": 0.5, ""sigma"": 0.5}, ""meta"": {""dist"": ""LogNormal"", ""mu"": 0.5, ""sigma"": 0.5}, ""moloco"": {""dist"": ""LogNormal"", ""mu"": 0.5, ""sigma"": 0.5}, ""snapchat"": {""dist"": ""LogNormal"", ""mu"": 0.5, ""sigma"": 0.5}, ""tiktok"": {""dist"": ""LogNormal"", ""mu"": 0.5, ""sigma"": 0.5}}, ""run_mode"": ""roi_full"", ""structural_overrides"": {""adstock_decay_spec"": ""geometric"", ""alpha_m"": 0.51, ""ec_m"": 0.5, ""max_lag"": 4, ""slope_m"": 1.2}, ""sweep_type"": ""fixed_full_grid"", ""target_channel"": ""amazon"", ""two_layer_enabled"": false}",tiktok,REVIEW,REVIEW:PriorPosteriorShift,PriorPosteriorShift,"amazon,beehiiv,liveintent",0.4454225514084101,0.4480781246512197,0.0026555732428096,0.005961919158365,0.51,0.5,1.2,4,geometric,prior_sweep,roi_full,roi,non_revenue,revenue,__revenue_equiv__,100.0,amazon,fixed_full_grid,False,roi,roi,Revenue-equivalent ROI,1.0,1.0,LogNormal,target_channels,amazon,configured,,,,upload_1bc112d58beb_monthly_mocha,/Users/jasper/Documents/Intern/BlueAlpha/capstone-Blue_Alpha_1/backend/storage/uploads/upload_1bc112d58beb_monthly_mocha.csv,1.0,1.0,LogNormal,0.389614058166092,0.0862870134413242,0.3261690884828567,1.226093351840973,0.3913963743508335,0.0870117057114839,0.3278907090425491,1.166694116592407,0.9472507517345948,0.5,0.5,LogNormal,0.0566613127760562,0.0693894300931452,1752685.00913,780685.4285819572,785339.8119952764,4654.383413319127,4654.383413319127,100.0,78068542.85819572,78533981.19952764,465438.34133191407,465438.34133191407,False,0.0059619191583650194,0.0059619191583650194,0.005961919158364955,0.005961919158364955,0.005961919158364987,0.005961919158364987,1.0,1.0,0,False,False,False,True,,,0.0029809595791824937,,True,False,0.0
"multi|amazon,beehiiv,google,liveintent,meta,moloco,snapchat,tiktok|pmode=roi|rpk=100.0|target=amazon|mu=0.500000|sigma=1.000000|dist=LogNormal|0.500000|1.000000|LogNormal|alpha=0p51|ec=0p5|slope=1p2|lag=4|decay=geometric",amazon,"{""kpi_type"": ""non_revenue"", ""kpi_type_effective"": ""revenue"", ""prior_design_mode"": ""roi"", ""prior_grid_type"": ""roi"", ""revenue_per_kpi"": 100.0, ""roi_prior_overrides"": {""amazon"": {""dist"": ""LogNormal"", ""mu"": 0.5, ""sigma"": 1.0}, ""beehiiv"": {""dist"": ""LogNormal"", ""mu"": 0.5, ""sigma"": 0.5}, ""google"": {""dist"": ""LogNormal"", ""mu"": 0.5, ""sigma"": 0.5}, ""liveintent"": {""dist"": ""LogNormal"", ""mu"": 0.5, ""sigma"": 0.5}, ""meta"": {""dist"": ""LogNormal"", ""mu"": 0.5, ""sigma"": 0.5}, ""moloco"": {""dist"": ""LogNormal"", ""mu"": 0.5, ""sigma"": 0.5}, ""snapchat"": {""dist"": ""LogNormal"", ""mu"": 0.5, ""sigma"": 0.5}, ""tiktok"": {""dist"": ""LogNormal"", ""mu"": 0.5, ""sigma"": 0.5}}, ""run_mode"": ""roi_full"", ""structural_overrides"": {""adstock_decay_spec"": ""geometric"", ""alpha_m"": 0.51, ""ec_m"": 0.5, ""max_lag"": 4, ""slope_m"": 1.2}, ""sweep_type"": ""fixed_full_grid"", ""target_channel"": ""amazon"", ""two_layer_enabled"": false}",amazon,REVIEW,REVIEW:PriorPosteriorShift,PriorPosteriorShift,liveintent,0.5121372402909522,0.503228545084712,0.0089086952062401,0.017395132603868,0.51,0.5,1.2,4,geometric,prior_sweep,roi_full,roi,non_revenue,revenue,__revenue_equiv__,100.0,amazon,fixed_full_grid,False,roi,roi,Revenue-equivalent ROI,0.5,1.0,LogNormal,target_channels,amazon,configured,,,,upload_1bc112d58beb_monthly_mocha,/Users/jasper/Documents/Intern/BlueAlpha/capstone-Blue_Alpha_1/backend/storage/uploads/upload_1bc112d58beb_monthly_mocha.csv,0.5,1.0,LogNormal,0.4840694861381271,0.0989534243941307,0.3617888689041137,1.4659758150577542,0.8243556345790717,0.0312178746797144,0.2302385047078132,2.03920052051544,0.6807939269289184,0.5,1.0,LogNormal,0.0329395647030171,0.0592914820960233,15740.258094,8061.172341728484,7920.947179901483,-140.2251618270011,140.2251618270011,100.0,806117.2341728484,792094.7179901482,-14022.516182700172,14022.516182700172,False,0.017395132603868067,-0.017395132603868067,0.017395132603868123,-0.017395132603868123,0.017395132603868095,-0.017395132603868095,0.0,1.0,0,False,True,False,True,,0.017395132603868095,0.017395132603868095,,True,False,0.0
"multi|amazon,beehiiv,google,liveintent,meta,moloco,snapchat,tiktok|pmode=roi|rpk=100.0|target=amazon|mu=0.500000|sigma=1.000000|dist=LogNormal|0.500000|1.000000|LogNormal|alpha=0p51|ec=0p5|slope=1p2|lag=4|decay=geometric",amazon,"{""kpi_type"": ""non_revenue"", ""kpi_type_effective"": ""revenue"", ""prior_design_mode"": ""roi"", ""prior_grid_type"": ""roi"", ""revenue_per_kpi"": 100.0, ""roi_prior_overrides"": {""amazon"": {""dist"": ""LogNormal"", ""mu"": 0.5, ""sigma"": 1.0}, ""beehiiv"": {""dist"": ""LogNormal"", ""mu"": 0.5, ""sigma"": 0.5}, ""google"": {""dist"": ""LogNormal"", ""mu"": 0.5, ""sigma"": 0.5}, ""liveintent"": {""dist"": ""LogNormal"", ""mu"": 0.5, ""sigma"": 0.5}, ""meta"": {""dist"": ""LogNormal"", ""mu"": 0.5, ""sigma"": 0.5}, ""moloco"": {""dist"": ""LogNormal"", ""mu"": 0.5, ""sigma"": 0.5}, ""snapchat"": {""dist"": ""LogNormal"", ""mu"": 0.5, ""sigma"": 0.5}, ""tiktok"": {""dist"": ""LogNormal"", ""mu"": 0.5, ""sigma"": 0.5}}, ""run_mode"": ""roi_full"", ""structural_overrides"": {""adstock_decay_spec"": ""geometric"", ""alpha_m"": 0.51, ""ec_m"": 0.5, ""max_lag"": 4, ""slope_m"": 1.2}, ""sweep_type"": ""fixed_full_grid"", ""target_channel"": ""amazon"", ""two_layer_enabled"": false}",beehiiv,REVIEW,REVIEW:PriorPosteriorShift,PriorPosteriorShift,liveintent,0.5170952036961293,0.5110783354472369,0.0060168682488923,0.0116359003252873,0.51,0.5,1.2,4,geometric,prior_sweep,roi_full,roi,non_revenue,revenue,__revenue_equiv__,100.0,amazon,fixed_full_grid,False,roi,roi,Revenue-equivalent ROI,0.5,1.0,LogNormal,target_channels,amazon,configured,,,,upload_1bc112d58beb_monthly_mocha,/Users/jasper/Documents/Intern/BlueAlpha/capstone-Blue_Alpha_1/backend/storage/uploads/upload_1bc112d58beb_monthly_mocha.csv,0.5,1.0,LogNormal,0.5569061978983733,0.0888365499675273,0.3553869128227234,1.4882560491561885,0.4929327165171295,0.0842076178640127,0.3787167221307754,1.4144168078899382,0.94411291546578,0.5,0.5,LogNormal,0.0004461964047817,0.0187376663311221,328172.2732613,169696.3084894737,167721.73915832097,-1974.569331152743,1974.569331152743,100.0,16969630.848947372,16772173.915832097,-197456.9331152756,197456.9331152756,False,0.011635900325287428,-0.011635900325287428,0.011635900325287428,-0.011635900325287428,0.011635900325287428,-0.011635900325287428,0.0,1.0,0,False,True,False,True,,0.011635900325287428,0.011635900325287428,,True,False,0.0
"multi|amazon,beehiiv,google,liveintent,meta,moloco,snapchat,tiktok|pmode=roi|rpk=100.0|target=amazon|mu=0.500000|sigma=1.000000|dist=LogNormal|0.500000|1.000000|LogNormal|alpha=0p51|ec=0p5|slope=1p2|lag=4|decay=geometric",amazon,"{""kpi_type"": ""non_revenue"", ""kpi_type_effective"": ""revenue"", ""prior_design_mode"": ""roi"", ""prior_grid_type"": ""roi"", ""revenue_per_kpi"": 100.0, ""roi_prior_overrides"": {""amazon"": {""dist"": ""LogNormal"", ""mu"": 0.5, ""sigma"": 1.0}, ""beehiiv"": {""dist"": ""LogNormal"", ""mu"": 0.5, ""sigma"": 0.5}, ""google"": {""dist"": ""LogNormal"", ""mu"": 0.5, ""sigma"": 0.5}, ""liveintent"": {""dist"": ""LogNormal"", ""mu"": 0.5, ""sigma"": 0.5}, ""meta"": {""dist"": ""LogNormal"", ""mu"": 0.5, ""sigma"": 0.5}, ""moloco"": {""dist"": ""LogNormal"", ""mu"": 0.5, ""sigma"": 0.5}, ""snapchat"": {""dist"": ""LogNormal"", ""mu"": 0.5, ""sigma"": 0.5}, ""tiktok"": {""dist"": ""LogNormal"", ""mu"": 0.5, ""sigma"": 0.5}}, ""run_mode"": ""roi_full"", ""structural_overrides"": {""adstock_decay_spec"": ""geometric"", ""alpha_m"": 0.51, ""ec_m"": 0.5, ""max_lag"": 4, ""slope_m"": 1.2}, ""sweep_type"": ""fixed_full_grid"", ""target_channel"": ""amazon"", ""two_layer_enabled"": false}",google,REVIEW,REVIEW:PriorPosteriorShift,PriorPosteriorShift,liveintent,0.3639935120598723,0.3838752854522317,0.0198817733923594,0.0546212301418413,0.51,0.5,1.2,4,geometric,prior_sweep,roi_full,roi,non_revenue,revenue,__revenue_equiv__,100.0,amazon,fixed_full_grid,False,roi,roi,Revenue-equivalent ROI,0.5,1.0,LogNormal,target_channels,amazon,configured,,,,upload_1bc112d58beb_monthly_mocha,/Users/jasper/Documents/Intern/BlueAlpha/capstone-Blue_Alpha_1/backend/storage/uploads/upload_1bc112d58beb_monthly_mocha.csv,0.5,1.0,LogNormal,0.2538866235360484,0.0906866624951362,0.2933306694030761,0.9025721818208694,0.2815904570408608,0.0871197380125522,0.3047209531068802,0.97345033288002,0.916007552968578,0.5,0.5,LogNormal,0.2597106327123064,0.1099494907444297,10298543.94665,3748603.180244072,3953356.4972626218,204753.3170185499,204753.3170185499,100.0,374860318.0244072,395335649.72626215,20475331.701854944,20475331.701854944,False,0.05462123014184142,0.05462123014184142,0.054621230141841365,0.054621230141841365,0.05462123014184139,0.05462123014184139,0.0,1.0,0,False,True,False,True,,0.05462123014184139,0.05462123014184139,,True,False,0.0
"multi|amazon,beehiiv,google,liveintent,meta,moloco,snapchat,tiktok|pmode=roi|rpk=100.0|target=amazon|mu=0.500000|sigma=1.000000|dist=LogNormal|0.500000|1.000000|LogNormal|alpha=0p51|ec=0p5|slope=1p2|lag=4|decay=geometric",amazon,"{""kpi_type"": ""non_revenue"", ""kpi_type_effective"": ""revenue"", ""prior_design_mode"": ""roi"", ""prior_grid_type"": ""roi"", ""revenue_per_kpi"": 100.0, ""roi_prior_overrides"": {""amazon"": {""dist"": ""LogNormal"", ""mu"": 0.5, ""sigma"": 1.0}, ""beehiiv"": {""dist"": ""LogNormal"", ""mu"": 0.5, ""sigma"": 0.5}, ""google"": {""dist"": ""LogNormal"", ""mu"": 0.5, ""sigma"": 0.5}, ""liveintent"": {""dist"": ""LogNormal"", ""mu"": 0.5, ""sigma"": 0.5}, ""meta"": {""dist"": ""LogNormal"", ""mu"": 0.5, ""sigma"": 0.5}, ""moloco"": {""dist"": ""LogNormal"", ""mu"": 0.5, ""sigma"": 0.5}, ""snapchat"": {""dist"": ""LogNormal"", ""mu"": 0.5, ""sigma"": 0.5}, ""tiktok"": {""dist"": ""LogNormal"", ""mu"": 0.5, ""sigma"": 0.5}}, ""run_mode"": ""roi_full"", ""structural_overrides"": {""adstock_decay_spec"": ""geometric"", ""alpha_m"": 0.51, ""ec_m"": 0.5, ""max_lag"": 4, ""slope_m"": 1.2}, ""sweep_type"": ""fixed_full_grid"", ""target_channel"": ""amazon"", ""two_layer_enabled"": false}",liveintent,REVIEW,REVIEW:PriorPosteriorShift,PriorPosteriorShift,liveintent,0.5074958745824794,0.5035807170610254,0.0039151575214539,0.0077146588130889,0.51,0.5,1.2,4,geometric,prior_sweep,roi_full,roi,non_revenue,revenue,__revenue_equiv__,100.0,amazon,fixed_full_grid,False,roi,roi,Revenue-equivalent ROI,0.5,1.0,LogNormal,target_channels,amazon,configured,,,,upload_1bc112d58beb_monthly_mocha,/Users/jasper/Documents/Intern/BlueAlpha/capstone-Blue_Alpha_1/backend/storage/uploads/upload_1bc112d58beb_monthly_mocha.csv,0.5,1.0,LogNormal,0.4727192380468491,0.0905764039605856,0.3625864535570144,1.422901827096939,0.5058913308735764,0.0896434839814901,0.3681979179382324,1.4559525609016413,0.9751274039250316,0.5,0.5,LogNormal,0.0001639336940308,0.0204694050025937,797987.173079,404975.1983073274,401850.9528246234,-3124.24548270402,3124.24548270402,100.0,40497519.83073274,40185095.282462336,-312424.54827040434,312424.54827040434,False,0.00771465881308892,-0.00771465881308892,0.007714658813088831,-0.007714658813088831,0.007714658813088875,-0.007714658813088875,0.0,1.0,0,False,True,False,True,,0.007714658813088875,0.007714658813088875,,True,True,0.0
"multi|amazon,beehiiv,google,liveintent,meta,moloco,snapchat,tiktok|pmode=roi|rpk=100.0|target=amazon|mu=0.500000|sigma=1.000000|dist=LogNormal|0.500000|1.000000|LogNormal|alpha=0p51|ec=0p5|slope=1p2|lag=4|decay=geometric",amazon,"{""kpi_type"": ""non_revenue"", ""kpi_type_effective"": ""revenue"", ""prior_design_mode"": ""roi"", ""prior_grid_type"": ""roi"", ""revenue_per_kpi"": 100.0, ""roi_prior_overrides"": {""amazon"": {""dist"": ""LogNormal"", ""mu"": 0.5, ""sigma"": 1.0}, ""beehiiv"": {""dist"": ""LogNormal"", ""mu"": 0.5, ""sigma"": 0.5}, ""google"": {""dist"": ""LogNormal"", ""mu"": 0.5, ""sigma"": 0.5}, ""liveintent"": {""dist"": ""LogNormal"", ""mu"": 0.5, ""sigma"": 0.5}, ""meta"": {""dist"": ""LogNormal"", ""mu"": 0.5, ""sigma"": 0.5}, ""moloco"": {""dist"": ""LogNormal"", ""mu"": 0.5, ""sigma"": 0.5}, ""snapchat"": {""dist"": ""LogNormal"", ""mu"": 0.5, ""sigma"": 0.5}, ""tiktok"": {""dist"": ""LogNormal"", ""mu"": 0.5, ""sigma"": 0.5}}, ""run_mode"": ""roi_full"", ""structural_overrides"": {""adstock_decay_spec"": ""geometric"", ""alpha_m"": 0.51, ""ec_m"": 0.5, ""max_lag"": 4, ""slope_m"": 1.2}, ""sweep_type"": ""fixed_full_grid"", ""target_channel"": ""amazon"", ""two_layer_enabled"": false}",meta,REVIEW,REVIEW:PriorPosteriorShift,PriorPosteriorShift,liveintent,0.4922159127285704,0.4950614847925802,0.0028455720640098,0.0057811460182901,0.51,0.5,1.2,4,geometric,prior_sweep,roi_full,roi,non_revenue,revenue,__revenue_equiv__,100.0,amazon,fixed_full_grid,False,roi,roi,Revenue-equivalent ROI,0.5,1.0,LogNormal,target_channels,amazon,configured,,,,upload_1bc112d58beb_monthly_mocha,/Users/jasper/Documents/Intern/BlueAlpha/capstone-Blue_Alpha_1/backend/storage/uploads/upload_1bc112d58beb_monthly_mocha.csv,0.5,1.0,LogNormal,0.4128178986318089,0.1016733910888433,0.3566605746746063,1.3128194272518148,0.4428811685263054,0.0932789124548435,0.3515274077653885,1.462069034576415,0.8848296145545983,0.5,0.5,LogNormal,0.0136428437001745,0.020985324960456,840158.1265220001,413539.199082352,415929.92957653385,2390.7304941818584,2390.7304941818584,100.0,41353919.9082352,41592992.95765339,239073.04941818863,239073.04941818863,False,0.005781146018290128,0.005781146018290128,0.005781146018290202,0.005781146018290202,0.005781146018290165,0.005781146018290165,0.0,1.0,0,False,True,False,True,,0.005781146018290165,0.005781146018290165,,True,False,0.0
"multi|amazon,beehiiv,google,liveintent,meta,moloco,snapchat,tiktok|pmode=roi|rpk=100.0|target=amazon|mu=0.500000|sigma=1.000000|dist=LogNormal|0.500000|1.000000|LogNormal|alpha=0p51|ec=0p5|slope=1p2|lag=4|decay=geometric",amazon,"{""kpi_type"": ""non_revenue"", ""kpi_type_effective"": ""revenue"", ""prior_design_mode"": ""roi"", ""prior_grid_type"": ""roi"", ""revenue_per_kpi"": 100.0, ""roi_prior_overrides"": {""amazon"": {""dist"": ""LogNormal"", ""mu"": 0.5, ""sigma"": 1.0}, ""beehiiv"": {""dist"": ""LogNormal"", ""mu"": 0.5, ""sigma"": 0.5}, ""google"": {""dist"": ""LogNormal"", ""mu"": 0.5, ""sigma"": 0.5}, ""liveintent"": {""dist"": ""LogNormal"", ""mu"": 0.5, ""sigma"": 0.5}, ""meta"": {""dist"": ""LogNormal"", ""mu"": 0.5, ""sigma"": 0.5}, ""moloco"": {""dist"": ""LogNormal"", ""mu"": 0.5, ""sigma"": 0.5}, ""snapchat"": {""dist"": ""LogNormal"", ""mu"": 0.5, ""sigma"": 0.5}, ""tiktok"": {""dist"": ""LogNormal"", ""mu"": 0.5, ""sigma"": 0.5}}, ""run_mode"": ""roi_full"", ""structural_overrides"": {""adstock_decay_spec"": ""geometric"", ""alpha_m"": 0.51, ""ec_m"": 0.5, ""max_lag"": 4, ""slope_m"": 1.2}, ""sweep_type"": ""fixed_full_grid"", ""target_channel"": ""amazon"", ""two_layer_enabled"": false}",moloco,REVIEW,REVIEW:PriorPosteriorShift,PriorPosteriorShift,liveintent,0.5193671595243117,0.5317843212156246,0.0124171616913129,0.0239082534650165,0.51,0.5,1.2,4,geometric,prior_sweep,roi_full,roi,non_revenue,revenue,__revenue_equiv__,100.0,amazon,fixed_full_grid,False,roi,roi,Revenue-equivalent ROI,0.5,1.0,LogNormal,target_channels,amazon,configured,,,,upload_1bc112d58beb_monthly_mocha,/Users/jasper/Documents/Intern/BlueAlpha/capstone-Blue_Alpha_1/backend/storage/uploads/upload_1bc112d58beb_monthly_mocha.csv,0.5,1.0,LogNormal,0.4986959806994451,0.0960079569369554,0.3689096570014953,1.4562236905097956,0.5375528019558315,0.0971429266035556,0.3633451163768768,1.5957045078277583,0.9062371738462434,0.5,0.5,LogNormal,0.0075276229797441,0.0256088392659932,842234.6095886,437428.9968350988,447887.1601643802,10458.163329281437,10458.163329281437,100.0,43742899.68350988,44788716.01643802,1045816.3329281434,1045816.3329281434,False,0.02390825346501651,0.02390825346501651,0.023908253465016488,0.023908253465016488,0.0239082534650165,0.0239082534650165,0.0,1.0,0,False,True,False,True,,0.0239082534650165,0.0239082534650165,,True,False,0.0
"multi|amazon,beehiiv,google,liveintent,meta,moloco,snapchat,tiktok|pmode=roi|rpk=100.0|target=amazon|mu=0.500000|sigma=1.000000|dist=LogNormal|0.500000|1.000000|LogNormal|alpha=0p51|ec=0p5|slope=1p2|lag=4|decay=geometric",amazon,"{""kpi_type"": ""non_revenue"", ""kpi_type_effective"": ""revenue"", ""prior_design_mode"": ""roi"", ""prior_grid_type"": ""roi"", ""revenue_per_kpi"": 100.0, ""roi_prior_overrides"": {""amazon"": {""dist"": ""LogNormal"", ""mu"": 0.5, ""sigma"": 1.0}, ""beehiiv"": {""dist"": ""LogNormal"", ""mu"": 0.5, ""sigma"": 0.5}, ""google"": {""dist"": ""LogNormal"", ""mu"": 0.5, ""sigma"": 0.5}, ""liveintent"": {""dist"": ""LogNormal"", ""mu"": 0.5, ""sigma"": 0.5}, ""meta"": {""dist"": ""LogNormal"", ""mu"": 0.5, ""sigma"": 0.5}, ""moloco"": {""dist"": ""LogNormal"", ""mu"": 0.5, ""sigma"": 0.5}, ""snapchat"": {""dist"": ""LogNormal"", ""mu"": 0.5, ""sigma"": 0.5}, ""tiktok"": {""dist"": ""LogNormal"", ""mu"": 0.5, ""sigma"": 0.5}}, ""run_mode"": ""roi_full"", ""structural_overrides"": {""adstock_decay_spec"": ""geometric"", ""alpha_m"": 0.51, ""ec_m"": 0.5, ""max_lag"": 4, ""slope_m"": 1.2}, ""sweep_type"": ""fixed_full_grid"", ""target_channel"": ""amazon"", ""two_layer_enabled"": false}",snapchat,REVIEW,REVIEW:PriorPosteriorShift,PriorPosteriorShift,liveintent,0.5166618288556735,0.5064148060108224,0.010247022844851,0.0198331331492914,0.51,0.5,1.2,4,geometric,prior_sweep,roi_full,roi,non_revenue,revenue,__revenue_equiv__,100.0,amazon,fixed_full_grid,False,roi,roi,Revenue-equivalent ROI,0.5,1.0,LogNormal,target_channels,amazon,configured,,,,upload_1bc112d58beb_monthly_mocha,/Users/jasper/Documents/Intern/BlueAlpha/capstone-Blue_Alpha_1/backend/storage/uploads/upload_1bc112d58beb_monthly_mocha.csv,0.5,1.0,LogNormal,0.4711478203533085,0.0951749168336391,0.3710568994283676,1.3794029116630553,0.4626553483381374,0.0927620775997638,0.3750516921281814,1.347517681121826,0.9733429338887144,0.5,0.5,LogNormal,0.0058079517329617,0.0156320331103318,4342436.908989999,2243571.395089151,2199074.344880406,-44497.05020874506,44497.05020874506,100.0,224357139.5089151,219907434.48804057,-4449705.02087453,4449705.02087453,False,0.019833133149291478,-0.019833133149291478,0.01983313314929161,-0.01983313314929161,0.019833133149291544,-0.019833133149291544,0.0,1.0,0,False,True,False,True,,0.019833133149291544,0.019833133149291544,,True,False,0.0
"multi|amazon,beehiiv,google,liveintent,meta,moloco,snapchat,tiktok|pmode=roi|rpk=100.0|target=amazon|mu=0.500000|sigma=1.000000|dist=LogNormal|0.500000|1.000000|LogNormal|alpha=0p51|ec=0p5|slope=1p2|lag=4|decay=geometric",amazon,"{""kpi_type"": ""non_revenue"", ""kpi_type_effective"": ""revenue"", ""prior_design_mode"": ""roi"", ""prior_grid_type"": ""roi"", ""revenue_per_kpi"": 100.0, ""roi_prior_overrides"": {""amazon"": {""dist"": ""LogNormal"", ""mu"": 0.5, ""sigma"": 1.0}, ""beehiiv"": {""dist"": ""LogNormal"", ""mu"": 0.5, ""sigma"": 0.5}, ""google"": {""dist"": ""LogNormal"", ""mu"": 0.5, ""sigma"": 0.5}, ""liveintent"": {""dist"": ""LogNormal"", ""mu"": 0.5, ""sigma"": 0.5}, ""meta"": {""dist"": ""LogNormal"", ""mu"": 0.5, ""sigma"": 0.5}, ""moloco"": {""dist"": ""LogNormal"", ""mu"": 0.5, ""sigma"": 0.5}, ""snapchat"": {""dist"": ""LogNormal"", ""mu"": 0.5, ""sigma"": 0.5}, ""tiktok"": {""dist"": ""LogNormal"", ""mu"": 0.5, ""sigma"": 0.5}}, ""run_mode"": ""roi_full"", ""structural_overrides"": {""adstock_decay_spec"": ""geometric"", ""alpha_m"": 0.51, ""ec_m"": 0.5, ""max_lag"": 4, ""slope_m"": 1.2}, ""sweep_type"": ""fixed_full_grid"", ""target_channel"": ""amazon"", ""two_layer_enabled"": false}",tiktok,REVIEW,REVIEW:PriorPosteriorShift,PriorPosteriorShift,liveintent,0.4454225514084101,0.4436358971272905,0.0017866542811195,0.0040111446433733,0.51,0.5,1.2,4,geometric,prior_sweep,roi_full,roi,non_revenue,revenue,__revenue_equiv__,100.0,amazon,fixed_full_grid,False,roi,roi,Revenue-equivalent ROI,0.5,1.0,LogNormal,target_channels,amazon,configured,,,,upload_1bc112d58beb_monthly_mocha,/Users/jasper/Documents/Intern/BlueAlpha/capstone-Blue_Alpha_1/backend/storage/uploads/upload_1bc112d58beb_monthly_mocha.csv,0.5,1.0,LogNormal,0.389614058166092,0.0862870134413242,0.3261690884828567,1.226093351840973,0.3855422644232167,0.0882678408175706,0.327392116189003,1.2234682023525234,0.9959589829346248,0.5,0.5,LogNormal,0.0635967755876922,0.0743952702934344,1752685.00913,780685.4285819572,777553.986406941,-3131.442175016273,3131.442175016273,100.0,78068542.85819572,77755398.6406941,-313144.2175016254,313144.2175016254,False,0.00401114464337343,-0.00401114464337343,0.004011144643373513,-0.004011144643373513,0.004011144643373472,-0.004011144643373472,0.0,1.0,0,False,True,False,True,,0.004011144643373472,0.004011144643373472,,True,False,0.0
"multi|amazon,beehiiv,google,liveintent,meta,moloco,snapchat,tiktok|pmode=roi|rpk=100.0|target=amazon|mu=1.500000|sigma=1.000000|dist=LogNormal|1.500000|1.000000|LogNormal|alpha=0p51|ec=0p5|slope=1p2|lag=4|decay=geometric",amazon,"{""kpi_type"": ""non_revenue"", ""kpi_type_effective"": ""revenue"", ""prior_design_mode"": ""roi"", ""prior_grid_type"": ""roi"", ""revenue_per_kpi"": 100.0, ""roi_prior_overrides"": {""amazon"": {""dist"": ""LogNormal"", ""mu"": 1.5, ""sigma"": 1.0}, ""beehiiv"": {""dist"": ""LogNormal"", ""mu"": 0.5, ""sigma"": 0.5}, ""google"": {""dist"": ""LogNormal"", ""mu"": 0.5, ""sigma"": 0.5}, ""liveintent"": {""dist"": ""LogNormal"", ""mu"": 0.5, ""sigma"": 0.5}, ""meta"": {""dist"": ""LogNormal"", ""mu"": 0.5, ""sigma"": 0.5}, ""moloco"": {""dist"": ""LogNormal"", ""mu"": 0.5, ""sigma"": 0.5}, ""snapchat"": {""dist"": ""LogNormal"", ""mu"": 0.5, ""sigma"": 0.5}, ""tiktok"": {""dist"": ""LogNormal"", ""mu"": 0.5, ""sigma"": 0.5}}, ""run_mode"": ""roi_full"", ""structural_overrides"": {""adstock_decay_spec"": ""geometric"", ""alpha_m"": 0.51, ""ec_m"": 0.5, ""max_lag"": 4, ""slope_m"": 1.2}, ""sweep_type"": ""fixed_full_grid"", ""target_channel"": ""amazon"", ""two_layer_enabled"": false}",amazon,REVIEW,REVIEW:PriorPosteriorShift,PriorPosteriorShift,"amazon,beehiiv,liveintent",0.5121372402909522,1.523098830021918,1.0109615897309658,1.9740052278889633,0.51,0.5,1.2,4,geometric,prior_sweep,roi_full,roi,non_revenue,revenue,__revenue_equiv__,100.0,amazon,fixed_full_grid,False,roi,roi,Revenue-equivalent ROI,1.5,1.0,LogNormal,target_channels,amazon,configured,,,,upload_1bc112d58beb_monthly_mocha,/Users/jasper/Documents/Intern/BlueAlpha/capstone-Blue_Alpha_1/backend/storage/uploads/upload_1bc112d58beb_monthly_mocha.csv,1.5,1.0,LogNormal,0.4840694861381271,0.0989534243941307,0.3617888689041137,1.4659758150577542,0.9798501915985756,0.4981302499771118,1.2705376744270325,3.5165407657623287,0.2831955611976181,1.5,1.0,LogNormal,0.0006755616804864,0.0721876344002811,15740.258094,8061.172341728484,23973.968687214427,15912.796345485942,15912.796345485942,100.0,806117.2341728484,2397396.8687214428,1591279.6345485942,1591279.6345485942,False,1.9740052278889633,1.9740052278889633,1.974005227888963,1.974005227888963,1.9740052278889633,1.9740052278889633,2.0,1.0,0,False,False,False,True,,,0.6580017426296544,,True,True,0.0
"multi|amazon,beehiiv,google,liveintent,meta,moloco,snapchat,tiktok|pmode=roi|rpk=100.0|target=amazon|mu=1.500000|sigma=1.000000|dist=LogNormal|1.500000|1.000000|LogNormal|alpha=0p51|ec=0p5|slope=1p2|lag=4|decay=geometric",amazon,"{""kpi_type"": ""non_revenue"", ""kpi_type_effective"": ""revenue"", ""prior_design_mode"": ""roi"", ""prior_grid_type"": ""roi"", ""revenue_per_kpi"": 100.0, ""roi_prior_overrides"": {""amazon"": {""dist"": ""LogNormal"", ""mu"": 1.5, ""sigma"": 1.0}, ""beehiiv"": {""dist"": ""LogNormal"", ""mu"": 0.5, ""sigma"": 0.5}, ""google"": {""dist"": ""LogNormal"", ""mu"": 0.5, ""sigma"": 0.5}, ""liveintent"": {""dist"": ""LogNormal"", ""mu"": 0.5, ""sigma"": 0.5}, ""meta"": {""dist"": ""LogNormal"", ""mu"": 0.5, ""sigma"": 0.5}, ""moloco"": {""dist"": ""LogNormal"", ""mu"": 0.5, ""sigma"": 0.5}, ""snapchat"": {""dist"": ""LogNormal"", ""mu"": 0.5, ""sigma"": 0.5}, ""tiktok"": {""dist"": ""LogNormal"", ""mu"": 0.5, ""sigma"": 0.5}}, ""run_mode"": ""roi_full"", ""structural_overrides"": {""adstock_decay_spec"": ""geometric"", ""alpha_m"": 0.51, ""ec_m"": 0.5, ""max_lag"": 4, ""slope_m"": 1.2}, ""sweep_type"": ""fixed_full_grid"", ""target_channel"": ""amazon"", ""two_layer_enabled"": false}",beehiiv,REVIEW,REVIEW:PriorPosteriorShift,PriorPosteriorShift,"amazon,beehiiv,liveintent",0.5170952036961293,0.5130677031710124,0.0040275005251169,0.0077887021506463,0.51,0.5,1.2,4,geometric,prior_sweep,roi_full,roi,non_revenue,revenue,__revenue_equiv__,100.0,amazon,fixed_full_grid,False,roi,roi,Revenue-equivalent ROI,1.5,1.0,LogNormal,target_channels,amazon,configured,,,,upload_1bc112d58beb_monthly_mocha,/Users/jasper/Documents/Intern/BlueAlpha/capstone-Blue_Alpha_1/backend/storage/uploads/upload_1bc112d58beb_monthly_mocha.csv,1.5,1.0,LogNormal,0.5569061978983733,0.0888365499675273,0.3553869128227234,1.4882560491561885,0.5456607404064386,0.0880480963736772,0.351739689707756,1.457961767911911,0.9778013438815574,0.5,0.5,LogNormal,0.0084434873391366,0.0198302050208913,328172.2732613,169696.3084894737,168374.59448658503,-1321.7140028886788,1321.7140028886788,100.0,16969630.848947372,16837459.448658504,-132171.4002888687,132171.4002888687,False,0.007788702150646267,-0.007788702150646267,0.007788702150646164,-0.007788702150646164,0.007788702150646216,-0.007788702150646216,2.0,1.0,0,False,False,False,True,,,0.0025962340502154054,,True,True,0.0
"multi|amazon,beehiiv,google,liveintent,meta,moloco,snapchat,tiktok|pmode=roi|rpk=100.0|target=amazon|mu=1.500000|sigma=1.000000|dist=LogNormal|1.500000|1.000000|LogNormal|alpha=0p51|ec=0p5|slope=1p2|lag=4|decay=geometric",amazon,"{""kpi_type"": ""non_revenue"", ""kpi_type_effective"": ""revenue"", ""prior_design_mode"": ""roi"", ""prior_grid_type"": ""roi"", ""revenue_per_kpi"": 100.0, ""roi_prior_overrides"": {""amazon"": {""dist"": ""LogNormal"", ""mu"": 1.5, ""sigma"": 1.0}, ""beehiiv"": {""dist"": ""LogNormal"", ""mu"": 0.5, ""sigma"": 0.5}, ""google"": {""dist"": ""LogNormal"", ""mu"": 0.5, ""sigma"": 0.5}, ""liveintent"": {""dist"": ""LogNormal"", ""mu"": 0.5, ""sigma"": 0.5}, ""meta"": {""dist"": ""LogNormal"", ""mu"": 0.5, ""sigma"": 0.5}, ""moloco"": {""dist"": ""LogNormal"", ""mu"": 0.5, ""sigma"": 0.5}, ""snapchat"": {""dist"": ""LogNormal"", ""mu"": 0.5, ""sigma"": 0.5}, ""tiktok"": {""dist"": ""LogNormal"", ""mu"": 0.5, ""sigma"": 0.5}}, ""run_mode"": ""roi_full"", ""structural_overrides"": {""adstock_decay_spec"": ""geometric"", ""alpha_m"": 0.51, ""ec_m"": 0.5, ""max_lag"": 4, ""slope_m"": 1.2}, ""sweep_type"": ""fixed_full_grid"", ""target_channel"": ""amazon"", ""two_layer_enabled"": false}",google,REVIEW,REVIEW:PriorPosteriorShift,PriorPosteriorShift,"amazon,beehiiv,liveintent",0.3639935120598723,0.3500477079659079,0.0139458040939643,0.0383133315070475,0.51,0.5,1.2,4,geometric,prior_sweep,roi_full,roi,non_revenue,revenue,__revenue_equiv__,100.0,amazon,fixed_full_grid,False,roi,roi,Revenue-equivalent ROI,1.5,1.0,LogNormal,target_channels,amazon,configured,,,,upload_1bc112d58beb_monthly_mocha,/Users/jasper/Documents/Intern/BlueAlpha/capstone-Blue_Alpha_1/backend/storage/uploads/upload_1bc112d58beb_monthly_mocha.csv,1.5,1.0,LogNormal,0.2538866235360484,0.0906866624951362,0.2933306694030761,0.9025721818208694,0.2297664313928487,0.0877596072852611,0.2892879992723465,0.8013075500726698,0.8721280326123374,0.5,0.5,LogNormal,0.4281014269302359,0.1438481664156092,10298543.94665,3748603.180244072,3604981.703911008,-143621.47633306403,143621.47633306403,100.0,374860318.0244072,360498170.3911008,-14362147.633306444,14362147.633306444,False,0.03831333150704755,-0.03831333150704755,0.0383133315070476,-0.0383133315070476,0.03831333150704758,-0.03831333150704758,2.0,1.0,0,False,False,False,True,,,0.012771110502349192,,True,False,0.0
"multi|amazon,beehiiv,google,liveintent,meta,moloco,snapchat,tiktok|pmode=roi|rpk=100.0|target=amazon|mu=1.500000|sigma=1.000000|dist=LogNormal|1.500000|1.000000|LogNormal|alpha=0p51|ec=0p5|slope=1p2|lag=4|decay=geometric",amazon,"{""kpi_type"": ""non_revenue"", ""kpi_type_effective"": ""revenue"", ""prior_design_mode"": ""roi"", ""prior_grid_type"": ""roi"", ""revenue_per_kpi"": 100.0, ""roi_prior_overrides"": {""amazon"": {""dist"": ""LogNormal"", ""mu"": 1.5, ""sigma"": 1.0}, ""beehiiv"": {""dist"": ""LogNormal"", ""mu"": 0.5, ""sigma"": 0.5}, ""google"": {""dist"": ""LogNormal"", ""mu"": 0.5, ""sigma"": 0.5}, ""liveintent"": {""dist"": ""LogNormal"", ""mu"": 0.5, ""sigma"": 0.5}, ""meta"": {""dist"": ""LogNormal"", ""mu"": 0.5, ""sigma"": 0.5}, ""moloco"": {""dist"": ""LogNormal"", ""mu"": 0.5, ""sigma"": 0.5}, ""snapchat"": {""dist"": ""LogNormal"", ""mu"": 0.5, ""sigma"": 0.5}, ""tiktok"": {""dist"": ""LogNormal"", ""mu"": 0.5, ""sigma"": 0.5}}, ""run_mode"": ""roi_full"", ""structural_overrides"": {""adstock_decay_spec"": ""geometric"", ""alpha_m"": 0.51, ""ec_m"": 0.5, ""max_lag"": 4, ""slope_m"": 1.2}, ""sweep_type"": ""fixed_full_grid"", ""target_channel"": ""amazon"", ""two_layer_enabled"": false}",liveintent,REVIEW,REVIEW:PriorPosteriorShift,PriorPosteriorShift,"amazon,beehiiv,liveintent",0.5074958745824794,0.5189541379890095,0.0114582634065301,0.0225780424638071,0.51,0.5,1.2,4,geometric,prior_sweep,roi_full,roi,non_revenue,revenue,__revenue_equiv__,100.0,amazon,fixed_full_grid,False,roi,roi,Revenue-equivalent ROI,1.5,1.0,LogNormal,target_channels,amazon,configured,,,,upload_1bc112d58beb_monthly_mocha,/Users/jasper/Documents/Intern/BlueAlpha/capstone-Blue_Alpha_1/backend/storage/uploads/upload_1bc112d58beb_monthly_mocha.csv,1.5,1.0,LogNormal,0.4727192380468491,0.0905764039605856,0.3625864535570144,1.422901827096939,0.4960583569478608,0.0912894010543823,0.353297621011734,1.5678377091884594,0.9014061502390396,0.5,0.5,LogNormal,0.0007808291707062,0.0223032548565579,797987.173079,404975.1983073274,414118.7455314989,9143.547224171518,9143.547224171518,100.0,40497519.83073274,41411874.553149894,914354.7224171534,914354.7224171534,False,0.02257804246380704,0.02257804246380704,0.022578042463807048,0.022578042463807048,0.022578042463807044,0.022578042463807044,2.0,1.0,0,False,False,False,True,,,0.007526014154602348,,True,True,0.0
"multi|amazon,beehiiv,google,liveintent,meta,moloco,snapchat,tiktok|pmode=roi|rpk=100.0|target=amazon|mu=1.500000|sigma=1.000000|dist=LogNormal|1.500000|1.000000|LogNormal|alpha=0p51|ec=0p5|slope=1p2|lag=4|decay=geometric",amazon,"{""kpi_type"": ""non_revenue"", ""kpi_type_effective"": ""revenue"", ""prior_design_mode"": ""roi"", ""prior_grid_type"": ""roi"", ""revenue_per_kpi"": 100.0, ""roi_prior_overrides"": {""amazon"": {""dist"": ""LogNormal"", ""mu"": 1.5, ""sigma"": 1.0}, ""beehiiv"": {""dist"": ""LogNormal"", ""mu"": 0.5, ""sigma"": 0.5}, ""google"": {""dist"": ""LogNormal"", ""mu"": 0.5, ""sigma"": 0.5}, ""liveintent"": {""dist"": ""LogNormal"", ""mu"": 0.5, ""sigma"": 0.5}, ""meta"": {""dist"": ""LogNormal"", ""mu"": 0.5, ""sigma"": 0.5}, ""moloco"": {""dist"": ""LogNormal"", ""mu"": 0.5, ""sigma"": 0.5}, ""snapchat"": {""dist"": ""LogNormal"", ""mu"": 0.5, ""sigma"": 0.5}, ""tiktok"": {""dist"": ""LogNormal"", ""mu"": 0.5, ""sigma"": 0.5}}, ""run_mode"": ""roi_full"", ""structural_overrides"": {""adstock_decay_spec"": ""geometric"", ""alpha_m"": 0.51, ""ec_m"": 0.5, ""max_lag"": 4, ""slope_m"": 1.2}, ""sweep_type"": ""fixed_full_grid"", ""target_channel"": ""amazon"", ""two_layer_enabled"": false}",meta,REVIEW,REVIEW:PriorPosteriorShift,PriorPosteriorShift,"amazon,beehiiv,liveintent",0.4922159127285704,0.4813215126097202,0.0108944001188501,0.0221333765063743,0.51,0.5,1.2,4,geometric,prior_sweep,roi_full,roi,non_revenue,revenue,__revenue_equiv__,100.0,amazon,fixed_full_grid,False,roi,roi,Revenue-equivalent ROI,1.5,1.0,LogNormal,target_channels,amazon,configured,,,,upload_1bc112d58beb_monthly_mocha,/Users/jasper/Documents/Intern/BlueAlpha/capstone-Blue_Alpha_1/backend/storage/uploads/upload_1bc112d58beb_monthly_mocha.csv,1.5,1.0,LogNormal,0.4128178986318089,0.1016733910888433,0.3566605746746063,1.3128194272518148,0.4190087285012277,0.1033096846193075,0.3549117743968963,1.2774751663208006,0.9694664777348928,0.5,0.5,LogNormal,0.028550747874667,0.0336283381419656,840158.1265220001,413539.199082352,404386.1802889178,-9153.018793434196,9153.018793434196,100.0,41353919.9082352,40438618.02889178,-915301.8793434204,915301.8793434204,False,0.02213337650637441,-0.02213337650637441,0.022133376506374352,-0.022133376506374352,0.022133376506374383,-0.022133376506374383,2.0,1.0,0,False,False,False,True,,,0.007377792168791461,,True,False,0.0
"multi|amazon,beehiiv,google,liveintent,meta,moloco,snapchat,tiktok|pmode=roi|rpk=100.0|target=amazon|mu=1.500000|sigma=1.000000|dist=LogNormal|1.500000|1.000000|LogNormal|alpha=0p51|ec=0p5|slope=1p2|lag=4|decay=geometric",amazon,"{""kpi_type"": ""non_revenue"", ""kpi_type_effective"": ""revenue"", ""prior_design_mode"": ""roi"", ""prior_grid_type"": ""roi"", ""revenue_per_kpi"": 100.0, ""roi_prior_overrides"": {""amazon"": {""dist"": ""LogNormal"", ""mu"": 1.5, ""sigma"": 1.0}, ""beehiiv"": {""dist"": ""LogNormal"", ""mu"": 0.5, ""sigma"": 0.5}, ""google"": {""dist"": ""LogNormal"", ""mu"": 0.5, ""sigma"": 0.5}, ""liveintent"": {""dist"": ""LogNormal"", ""mu"": 0.5, ""sigma"": 0.5}, ""meta"": {""dist"": ""LogNormal"", ""mu"": 0.5, ""sigma"": 0.5}, ""moloco"": {""dist"": ""LogNormal"", ""mu"": 0.5, ""sigma"": 0.5}, ""snapchat"": {""dist"": ""LogNormal"", ""mu"": 0.5, ""sigma"": 0.5}, ""tiktok"": {""dist"": ""LogNormal"", ""mu"": 0.5, ""sigma"": 0.5}}, ""run_mode"": ""roi_full"", ""structural_overrides"": {""adstock_decay_spec"": ""geometric"", ""alpha_m"": 0.51, ""ec_m"": 0.5, ""max_lag"": 4, ""slope_m"": 1.2}, ""sweep_type"": ""fixed_full_grid"", ""target_channel"": ""amazon"", ""two_layer_enabled"": false}",moloco,REVIEW,REVIEW:PriorPosteriorShift,PriorPosteriorShift,"amazon,beehiiv,liveintent",0.5193671595243117,0.5254204720584675,0.0060533125341558,0.0116551699951534,0.51,0.5,1.2,4,geometric,prior_sweep,roi_full,roi,non_revenue,revenue,__revenue_equiv__,100.0,amazon,fixed_full_grid,False,roi,roi,Revenue-equivalent ROI,1.5,1.0,LogNormal,target_channels,amazon,configured,,,,upload_1bc112d58beb_monthly_mocha,/Users/jasper/Documents/Intern/BlueAlpha/capstone-Blue_Alpha_1/backend/storage/uploads/upload_1bc112d58beb_monthly_mocha.csv,1.5,1.0,LogNormal,0.4986959806994451,0.0960079569369554,0.3689096570014953,1.4562236905097956,0.4933482910785816,0.1011751938611269,0.373873621225357,1.4574393987655627,0.9953115926488628,0.5,0.5,LogNormal,0.0014701744575579,0.0224980576151084,842234.6095886,437428.9968350988,442527.3061540213,5098.309318922518,5098.309318922518,100.0,43742899.68350988,44252730.61540213,509830.93189225346,509830.93189225346,False,0.01165516999515351,0.01165516999515351,0.011655169995153454,0.011655169995153454,0.011655169995153482,0.011655169995153482,2.0,1.0,0,False,False,False,True,,,0.003885056665051161,,True,False,0.0
"multi|amazon,beehiiv,google,liveintent,meta,moloco,snapchat,tiktok|pmode=roi|rpk=100.0|target=amazon|mu=1.500000|sigma=1.000000|dist=LogNormal|1.500000|1.000000|LogNormal|alpha=0p51|ec=0p5|slope=1p2|lag=4|decay=geometric",amazon,"{""kpi_type"": ""non_revenue"", ""kpi_type_effective"": ""revenue"", ""prior_design_mode"": ""roi"", ""prior_grid_type"": ""roi"", ""revenue_per_kpi"": 100.0, ""roi_prior_overrides"": {""amazon"": {""dist"": ""LogNormal"", ""mu"": 1.5, ""sigma"": 1.0}, ""beehiiv"": {""dist"": ""LogNormal"", ""mu"": 0.5, ""sigma"": 0.5}, ""google"": {""dist"": ""LogNormal"", ""mu"": 0.5, ""sigma"": 0.5}, ""liveintent"": {""dist"": ""LogNormal"", ""mu"": 0.5, ""sigma"": 0.5}, ""meta"": {""dist"": ""LogNormal"", ""mu"": 0.5, ""sigma"": 0.5}, ""moloco"": {""dist"": ""LogNormal"", ""mu"": 0.5, ""sigma"": 0.5}, ""snapchat"": {""dist"": ""LogNormal"", ""mu"": 0.5, ""sigma"": 0.5}, ""tiktok"": {""dist"": ""LogNormal"", ""mu"": 0.5, ""sigma"": 0.5}}, ""run_mode"": ""roi_full"", ""structural_overrides"": {""adstock_decay_spec"": ""geometric"", ""alpha_m"": 0.51, ""ec_m"": 0.5, ""max_lag"": 4, ""slope_m"": 1.2}, ""sweep_type"": ""fixed_full_grid"", ""target_channel"": ""amazon"", ""two_layer_enabled"": false}",snapchat,REVIEW,REVIEW:PriorPosteriorShift,PriorPosteriorShift,"amazon,beehiiv,liveintent",0.5166618288556735,0.499555884647804,0.0171059442078694,0.0331085891244501,0.51,0.5,1.2,4,geometric,prior_sweep,roi_full,roi,non_revenue,revenue,__revenue_equiv__,100.0,amazon,fixed_full_grid,False,roi,roi,Revenue-equivalent ROI,1.5,1.0,LogNormal,target_channels,amazon,configured,,,,upload_1bc112d58beb_monthly_mocha,/Users/jasper/Documents/Intern/BlueAlpha/capstone-Blue_Alpha_1/backend/storage/uploads/upload_1bc112d58beb_monthly_mocha.csv,1.5,1.0,LogNormal,0.4711478203533085,0.0951749168336391,0.3710568994283676,1.3794029116630553,0.424087494549247,0.088496957719326,0.3610102981328964,1.3005178153514865,0.933718598814665,0.5,0.5,LogNormal,0.024369109952541,0.0224796598989786,4342436.908989999,2243571.395089151,2169289.911597775,-74281.48349137604,74281.48349137604,100.0,224357139.5089151,216928991.1597775,-7428148.349137604,7428148.349137604,False,0.033108589124450166,-0.033108589124450166,0.03310858912445012,-0.03310858912445012,0.03310858912445014,-0.03310858912445014,2.0,1.0,0,False,False,False,True,,,0.011036196374816712,,True,False,0.0
"multi|amazon,beehiiv,google,liveintent,meta,moloco,snapchat,tiktok|pmode=roi|rpk=100.0|target=amazon|mu=1.500000|sigma=1.000000|dist=LogNormal|1.500000|1.000000|LogNormal|alpha=0p51|ec=0p5|slope=1p2|lag=4|decay=geometric",amazon,"{""kpi_type"": ""non_revenue"", ""kpi_type_effective"": ""revenue"", ""prior_design_mode"": ""roi"", ""prior_grid_type"": ""roi"", ""revenue_per_kpi"": 100.0, ""roi_prior_overrides"": {""amazon"": {""dist"": ""LogNormal"", ""mu"": 1.5, ""sigma"": 1.0}, ""beehiiv"": {""dist"": ""LogNormal"", ""mu"": 0.5, ""sigma"": 0.5}, ""google"": {""dist"": ""LogNormal"", ""mu"": 0.5, ""sigma"": 0.5}, ""liveintent"": {""dist"": ""LogNormal"", ""mu"": 0.5, ""sigma"": 0.5}, ""meta"": {""dist"": ""LogNormal"", ""mu"": 0.5, ""sigma"": 0.5}, ""moloco"": {""dist"": ""LogNormal"", ""mu"": 0.5, ""sigma"": 0.5}, ""snapchat"": {""dist"": ""LogNormal"", ""mu"": 0.5, ""sigma"": 0.5}, ""tiktok"": {""dist"": ""LogNormal"", ""mu"": 0.5, ""sigma"": 0.5}}, ""run_mode"": ""roi_full"", ""structural_overrides"": {""adstock_decay_spec"": ""geometric"", ""alpha_m"": 0.51, ""ec_m"": 0.5, ""max_lag"": 4, ""slope_m"": 1.2}, ""sweep_type"": ""fixed_full_grid"", ""target_channel"": ""amazon"", ""two_layer_enabled"": false}",tiktok,REVIEW,REVIEW:PriorPosteriorShift,PriorPosteriorShift,"amazon,beehiiv,liveintent",0.4454225514084101,0.4527203972404823,0.0072978458320722,0.016384095975825,0.51,0.5,1.2,4,geometric,prior_sweep,roi_full,roi,non_revenue,revenue,__revenue_equiv__,100.0,amazon,fixed_full_grid,False,roi,roi,Revenue-equivalent ROI,1.5,1.0,LogNormal,target_channels,amazon,configured,,,,upload_1bc112d58beb_monthly_mocha,/Users/jasper/Documents/Intern/BlueAlpha/capstone-Blue_Alpha_1/backend/storage/uploads/upload_1bc112d58beb_monthly_mocha.csv,1.5,1.0,LogNormal,0.389614058166092,0.0862870134413242,0.3261690884828567,1.226093351840973,0.422876780510402,0.0881576139479875,0.3237227201461792,1.2048926591873164,0.9797585849603948,0.5,0.5,LogNormal,0.0296475255053809,0.0653737066239328,1752685.00913,780685.4285819572,793476.253570772,12790.82498881477,12790.82498881477,100.0,78068542.85819572,79347625.3570772,1279082.498881474,1279082.498881474,False,0.01638409597582495,0.01638409597582495,0.016384095975824884,0.016384095975824884,0.016384095975824915,0.016384095975824915,2.0,1.0,0,False,False,False,True,,,0.005461365325274972,,True,False,0.0
"multi|amazon,beehiiv,google,liveintent,meta,moloco,snapchat,tiktok|pmode=roi|rpk=100.0|target=amazon|mu=1.500000|sigma=0.500000|dist=LogNormal|1.500000|0.500000|LogNormal|alpha=0p51|ec=0p5|slope=1p2|lag=4|decay=geometric",amazon,"{""kpi_type"": ""non_revenue"", ""kpi_type_effective"": ""revenue"", ""prior_design_mode"": ""roi"", ""prior_grid_type"": ""roi"", ""revenue_per_kpi"": 100.0, ""roi_prior_overrides"": {""amazon"": {""dist"": ""LogNormal"", ""mu"": 1.5, ""sigma"": 0.5}, ""beehiiv"": {""dist"": ""LogNormal"", ""mu"": 0.5, ""sigma"": 0.5}, ""google"": {""dist"": ""LogNormal"", ""mu"": 0.5, ""sigma"": 0.5}, ""liveintent"": {""dist"": ""LogNormal"", ""mu"": 0.5, ""sigma"": 0.5}, ""meta"": {""dist"": ""LogNormal"", ""mu"": 0.5, ""sigma"": 0.5}, ""moloco"": {""dist"": ""LogNormal"", ""mu"": 0.5, ""sigma"": 0.5}, ""snapchat"": {""dist"": ""LogNormal"", ""mu"": 0.5, ""sigma"": 0.5}, ""tiktok"": {""dist"": ""LogNormal"", ""mu"": 0.5, ""sigma"": 0.5}}, ""run_mode"": ""roi_full"", ""structural_overrides"": {""adstock_decay_spec"": ""geometric"", ""alpha_m"": 0.51, ""ec_m"": 0.5, ""max_lag"": 4, ""slope_m"": 1.2}, ""sweep_type"": ""fixed_full_grid"", ""target_channel"": ""amazon"", ""two_layer_enabled"": false}",amazon,REVIEW,REVIEW:PriorPosteriorShift,PriorPosteriorShift,"liveintent,meta",0.5121372402909522,1.5082939865688485,0.9961567462778964,1.9450972667247668,0.51,0.5,1.2,4,geometric,prior_sweep,roi_full,roi,non_revenue,revenue,__revenue_equiv__,100.0,amazon,fixed_full_grid,False,roi,roi,Revenue-equivalent ROI,1.5,0.5,LogNormal,target_channels,amazon,configured,,,,upload_1bc112d58beb_monthly_mocha,/Users/jasper/Documents/Intern/BlueAlpha/capstone-Blue_Alpha_1/backend/storage/uploads/upload_1bc112d58beb_monthly_mocha.csv,1.5,0.5,LogNormal,0.4840694861381271,0.0989534243941307,0.3617888689041137,1.4659758150577542,0.5010089048042031,0.8646184056997299,1.4291706085205078,2.513432490825653,0.2490630039906703,1.5,0.5,LogNormal,0.0001416492476206,0.0303708250750688,15740.258094,8061.172341728484,23740.936630221848,15679.764288493365,15679.764288493365,100.0,806117.2341728484,2374093.6630221847,1567976.4288493362,1567976.4288493362,False,1.945097266724767,1.945097266724767,1.945097266724767,1.945097266724767,1.945097266724767,1.945097266724767,2.0,0.0,0,True,False,False,True,0.9725486333623835,,0.9725486333623835,,True,False,0.0
"multi|amazon,beehiiv,google,liveintent,meta,moloco,snapchat,tiktok|pmode=roi|rpk=100.0|target=amazon|mu=1.500000|sigma=0.500000|dist=LogNormal|1.500000|0.500000|LogNormal|alpha=0p51|ec=0p5|slope=1p2|lag=4|decay=geometric",amazon,"{""kpi_type"": ""non_revenue"", ""kpi_type_effective"": ""revenue"", ""prior_design_mode"": ""roi"", ""prior_grid_type"": ""roi"", ""revenue_per_kpi"": 100.0, ""roi_prior_overrides"": {""amazon"": {""dist"": ""LogNormal"", ""mu"": 1.5, ""sigma"": 0.5}, ""beehiiv"": {""dist"": ""LogNormal"", ""mu"": 0.5, ""sigma"": 0.5}, ""google"": {""dist"": ""LogNormal"", ""mu"": 0.5, ""sigma"": 0.5}, ""liveintent"": {""dist"": ""LogNormal"", ""mu"": 0.5, ""sigma"": 0.5}, ""meta"": {""dist"": ""LogNormal"", ""mu"": 0.5, ""sigma"": 0.5}, ""moloco"": {""dist"": ""LogNormal"", ""mu"": 0.5, ""sigma"": 0.5}, ""snapchat"": {""dist"": ""LogNormal"", ""mu"": 0.5, ""sigma"": 0.5}, ""tiktok"": {""dist"": ""LogNormal"", ""mu"": 0.5, ""sigma"": 0.5}}, ""run_mode"": ""roi_full"", ""structural_overrides"": {""adstock_decay_spec"": ""geometric"", ""alpha_m"": 0.51, ""ec_m"": 0.5, ""max_lag"": 4, ""slope_m"": 1.2}, ""sweep_type"": ""fixed_full_grid"", ""target_channel"": ""amazon"", ""two_layer_enabled"": false}",beehiiv,REVIEW,REVIEW:PriorPosteriorShift,PriorPosteriorShift,"liveintent,meta",0.5170952036961293,0.509944329134499,0.0071508745616302,0.0138289322943176,0.51,0.5,1.2,4,geometric,prior_sweep,roi_full,roi,non_revenue,revenue,__revenue_equiv__,100.0,amazon,fixed_full_grid,False,roi,roi,Revenue-equivalent ROI,1.5,0.5,LogNormal,target_channels,amazon,configured,,,,upload_1bc112d58beb_monthly_mocha,/Users/jasper/Documents/Intern/BlueAlpha/capstone-Blue_Alpha_1/backend/storage/uploads/upload_1bc112d58beb_monthly_mocha.csv,1.5,0.5,LogNormal,0.5569061978983733,0.0888365499675273,0.3553869128227234,1.4882560491561885,0.547584898519366,0.0815597802400589,0.3633057922124862,1.4785941720008842,0.9879585613063266,0.5,0.5,LogNormal,0.0089868045009954,0.0225573428168098,328172.2732613,169696.3084894737,167349.58972877712,-2346.718760696589,2346.718760696589,100.0,16969630.848947372,16734958.972877713,-234671.87606965937,234671.87606965937,False,0.013828932294317748,-0.013828932294317748,0.013828932294317742,-0.013828932294317742,0.013828932294317746,-0.013828932294317746,2.0,0.0,0,True,False,False,True,0.006914466147158873,,0.006914466147158873,,True,False,0.0
"multi|amazon,beehiiv,google,liveintent,meta,moloco,snapchat,tiktok|pmode=roi|rpk=100.0|target=amazon|mu=1.500000|sigma=0.500000|dist=LogNormal|1.500000|0.500000|LogNormal|alpha=0p51|ec=0p5|slope=1p2|lag=4|decay=geometric",amazon,"{""kpi_type"": ""non_revenue"", ""kpi_type_effective"": ""revenue"", ""prior_design_mode"": ""roi"", ""prior_grid_type"": ""roi"", ""revenue_per_kpi"": 100.0, ""roi_prior_overrides"": {""amazon"": {""dist"": ""LogNormal"", ""mu"": 1.5, ""sigma"": 0.5}, ""beehiiv"": {""dist"": ""LogNormal"", ""mu"": 0.5, ""sigma"": 0.5}, ""google"": {""dist"": ""LogNormal"", ""mu"": 0.5, ""sigma"": 0.5}, ""liveintent"": {""dist"": ""LogNormal"", ""mu"": 0.5, ""sigma"": 0.5}, ""meta"": {""dist"": ""LogNormal"", ""mu"": 0.5, ""sigma"": 0.5}, ""moloco"": {""dist"": ""LogNormal"", ""mu"": 0.5, ""sigma"": 0.5}, ""snapchat"": {""dist"": ""LogNormal"", ""mu"": 0.5, ""sigma"": 0.5}, ""tiktok"": {""dist"": ""LogNormal"", ""mu"": 0.5, ""sigma"": 0.5}}, ""run_mode"": ""roi_full"", ""structural_overrides"": {""adstock_decay_spec"": ""geometric"", ""alpha_m"": 0.51, ""ec_m"": 0.5, ""max_lag"": 4, ""slope_m"": 1.2}, ""sweep_type"": ""fixed_full_grid"", ""target_channel"": ""amazon"", ""two_layer_enabled"": false}",google,REVIEW,REVIEW:PriorPosteriorShift,PriorPosteriorShift,"liveintent,meta",0.3639935120598723,0.3622005560497442,0.001792956010128,0.0049257911218845,0.51,0.5,1.2,4,geometric,prior_sweep,roi_full,roi,non_revenue,revenue,__revenue_equiv__,100.0,amazon,fixed_full_grid,False,roi,roi,Revenue-equivalent ROI,1.5,0.5,LogNormal,target_channels,amazon,configured,,,,upload_1bc112d58beb_monthly_mocha,/Users/jasper/Documents/Intern/BlueAlpha/capstone-Blue_Alpha_1/backend/storage/uploads/upload_1bc112d58beb_monthly_mocha.csv,1.5,0.5,LogNormal,0.2538866235360484,0.0906866624951362,0.2933306694030761,0.9025721818208694,0.254599183114517,0.090264967828989,0.2881426364183426,0.8975146859884262,0.9932547804522572,0.5,0.5,LogNormal,0.3425364824006228,0.1320341629320769,10298543.94665,3748603.180244072,3730138.3439793577,-18464.8362647146,18464.8362647146,100.0,374860318.0244072,373013834.39793575,-1846483.62647146,1846483.62647146,False,0.004925791121884499,-0.004925791121884499,0.004925791121884468,-0.004925791121884468,0.004925791121884484,-0.004925791121884484,2.0,0.0,0,True,False,False,True,0.002462895560942242,,0.002462895560942242,,True,False,0.0
"multi|amazon,beehiiv,google,liveintent,meta,moloco,snapchat,tiktok|pmode=roi|rpk=100.0|target=amazon|mu=1.500000|sigma=0.500000|dist=LogNormal|1.500000|0.500000|LogNormal|alpha=0p51|ec=0p5|slope=1p2|lag=4|decay=geometric",amazon,"{""kpi_type"": ""non_revenue"", ""kpi_type_effective"": ""revenue"", ""prior_design_mode"": ""roi"", ""prior_grid_type"": ""roi"", ""revenue_per_kpi"": 100.0, ""roi_prior_overrides"": {""amazon"": {""dist"": ""LogNormal"", ""mu"": 1.5, ""sigma"": 0.5}, ""beehiiv"": {""dist"": ""LogNormal"", ""mu"": 0.5, ""sigma"": 0.5}, ""google"": {""dist"": ""LogNormal"", ""mu"": 0.5, ""sigma"": 0.5}, ""liveintent"": {""dist"": ""LogNormal"", ""mu"": 0.5, ""sigma"": 0.5}, ""meta"": {""dist"": ""LogNormal"", ""mu"": 0.5, ""sigma"": 0.5}, ""moloco"": {""dist"": ""LogNormal"", ""mu"": 0.5, ""sigma"": 0.5}, ""snapchat"": {""dist"": ""LogNormal"", ""mu"": 0.5, ""sigma"": 0.5}, ""tiktok"": {""dist"": ""LogNormal"", ""mu"": 0.5, ""sigma"": 0.5}}, ""run_mode"": ""roi_full"", ""structural_overrides"": {""adstock_decay_spec"": ""geometric"", ""alpha_m"": 0.51, ""ec_m"": 0.5, ""max_lag"": 4, ""slope_m"": 1.2}, ""sweep_type"": ""fixed_full_grid"", ""target_channel"": ""amazon"", ""two_layer_enabled"": false}",liveintent,REVIEW,REVIEW:PriorPosteriorShift,PriorPosteriorShift,"liveintent,meta",0.5074958745824794,0.5017918875378867,0.0057039870445926,0.0112394747036818,0.51,0.5,1.2,4,geometric,prior_sweep,roi_full,roi,non_revenue,revenue,__revenue_equiv__,100.0,amazon,fixed_full_grid,False,roi,roi,Revenue-equivalent ROI,1.5,0.5,LogNormal,target_channels,amazon,configured,,,,upload_1bc112d58beb_monthly_mocha,/Users/jasper/Documents/Intern/BlueAlpha/capstone-Blue_Alpha_1/backend/storage/uploads/upload_1bc112d58beb_monthly_mocha.csv,1.5,0.5,LogNormal,0.4727192380468491,0.0905764039605856,0.3625864535570144,1.422901827096939,0.4738790136106429,0.0878933429718017,0.359229028224945,1.462204992771149,0.9694492681706336,0.5,0.5,LogNormal,0.0027851156580596,0.0222281357731123,797987.173079,404975.1983073274,400423.4898103337,-4551.708496993699,4551.708496993699,100.0,40497519.83073274,40042348.98103337,-455170.84969937056,455170.84969937056,False,0.011239474703681761,-0.011239474703681761,0.01123947470368173,-0.01123947470368173,0.011239474703681746,-0.011239474703681746,2.0,0.0,0,True,False,False,True,0.005619737351840873,,0.005619737351840873,,True,True,0.0
"multi|amazon,beehiiv,google,liveintent,meta,moloco,snapchat,tiktok|pmode=roi|rpk=100.0|target=amazon|mu=1.500000|sigma=0.500000|dist=LogNormal|1.500000|0.500000|LogNormal|alpha=0p51|ec=0p5|slope=1p2|lag=4|decay=geometric",amazon,"{""kpi_type"": ""non_revenue"", ""kpi_type_effective"": ""revenue"", ""prior_design_mode"": ""roi"", ""prior_grid_type"": ""roi"", ""revenue_per_kpi"": 100.0, ""roi_prior_overrides"": {""amazon"": {""dist"": ""LogNormal"", ""mu"": 1.5, ""sigma"": 0.5}, ""beehiiv"": {""dist"": ""LogNormal"", ""mu"": 0.5, ""sigma"": 0.5}, ""google"": {""dist"": ""LogNormal"", ""mu"": 0.5, ""sigma"": 0.5}, ""liveintent"": {""dist"": ""LogNormal"", ""mu"": 0.5, ""sigma"": 0.5}, ""meta"": {""dist"": ""LogNormal"", ""mu"": 0.5, ""sigma"": 0.5}, ""moloco"": {""dist"": ""LogNormal"", ""mu"": 0.5, ""sigma"": 0.5}, ""snapchat"": {""dist"": ""LogNormal"", ""mu"": 0.5, ""sigma"": 0.5}, ""tiktok"": {""dist"": ""LogNormal"", ""mu"": 0.5, ""sigma"": 0.5}}, ""run_mode"": ""roi_full"", ""structural_overrides"": {""adstock_decay_spec"": ""geometric"", ""alpha_m"": 0.51, ""ec_m"": 0.5, ""max_lag"": 4, ""slope_m"": 1.2}, ""sweep_type"": ""fixed_full_grid"", ""target_channel"": ""amazon"", ""two_layer_enabled"": false}",meta,REVIEW,REVIEW:PriorPosteriorShift,PriorPosteriorShift,"liveintent,meta",0.4922159127285704,0.4874427351572861,0.0047731775712843,0.0096973247874585,0.51,0.5,1.2,4,geometric,prior_sweep,roi_full,roi,non_revenue,revenue,__revenue_equiv__,100.0,amazon,fixed_full_grid,False,roi,roi,Revenue-equivalent ROI,1.5,0.5,LogNormal,target_channels,amazon,configured,,,,upload_1bc112d58beb_monthly_mocha,/Users/jasper/Documents/Intern/BlueAlpha/capstone-Blue_Alpha_1/backend/storage/uploads/upload_1bc112d58beb_monthly_mocha.csv,1.5,0.5,LogNormal,0.4128178986318089,0.1016733910888433,0.3566605746746063,1.3128194272518148,0.4296251963500769,0.0998289763927459,0.3474907726049423,1.425256782770156,0.9137774462972922,0.5,0.5,LogNormal,0.0211658947039869,0.0285285352823822,840158.1265220001,413539.199082352,409528.97515650495,-4010.223925847036,4010.223925847036,100.0,41353919.9082352,40952897.515650496,-401022.39258470386,401022.39258470386,False,0.00969732478745858,-0.00969732478745858,0.009697324787458522,-0.009697324787458522,0.00969732478745855,-0.00969732478745855,2.0,0.0,0,True,False,False,True,0.004848662393729275,,0.004848662393729275,,True,True,0.0
"multi|amazon,beehiiv,google,liveintent,meta,moloco,snapchat,tiktok|pmode=roi|rpk=100.0|target=amazon|mu=1.500000|sigma=0.500000|dist=LogNormal|1.500000|0.500000|LogNormal|alpha=0p51|ec=0p5|slope=1p2|lag=4|decay=geometric",amazon,"{""kpi_type"": ""non_revenue"", ""kpi_type_effective"": ""revenue"", ""prior_design_mode"": ""roi"", ""prior_grid_type"": ""roi"", ""revenue_per_kpi"": 100.0, ""roi_prior_overrides"": {""amazon"": {""dist"": ""LogNormal"", ""mu"": 1.5, ""sigma"": 0.5}, ""beehiiv"": {""dist"": ""LogNormal"", ""mu"": 0.5, ""sigma"": 0.5}, ""google"": {""dist"": ""LogNormal"", ""mu"": 0.5, ""sigma"": 0.5}, ""liveintent"": {""dist"": ""LogNormal"", ""mu"": 0.5, ""sigma"": 0.5}, ""meta"": {""dist"": ""LogNormal"", ""mu"": 0.5, ""sigma"": 0.5}, ""moloco"": {""dist"": ""LogNormal"", ""mu"": 0.5, ""sigma"": 0.5}, ""snapchat"": {""dist"": ""LogNormal"", ""mu"": 0.5, ""sigma"": 0.5}, ""tiktok"": {""dist"": ""LogNormal"", ""mu"": 0.5, ""sigma"": 0.5}}, ""run_mode"": ""roi_full"", ""structural_overrides"": {""adstock_decay_spec"": ""geometric"", ""alpha_m"": 0.51, ""ec_m"": 0.5, ""max_lag"": 4, ""slope_m"": 1.2}, ""sweep_type"": ""fixed_full_grid"", ""target_channel"": ""amazon"", ""two_layer_enabled"": false}",moloco,REVIEW,REVIEW:PriorPosteriorShift,PriorPosteriorShift,"liveintent,meta",0.5193671595243117,0.5253093850721294,0.0059422255478177,0.0114412808720141,0.51,0.5,1.2,4,geometric,prior_sweep,roi_full,roi,non_revenue,revenue,__revenue_equiv__,100.0,amazon,fixed_full_grid,False,roi,roi,Revenue-equivalent ROI,1.5,0.5,LogNormal,target_channels,amazon,configured,,,,upload_1bc112d58beb_monthly_mocha,/Users/jasper/Documents/Intern/BlueAlpha/capstone-Blue_Alpha_1/backend/storage/uploads/upload_1bc112d58beb_monthly_mocha.csv,1.5,0.5,LogNormal,0.4986959806994451,0.0960079569369554,0.3689096570014953,1.4562236905097956,0.5405510888088195,0.0981982577592134,0.3599973022937774,1.477542942762373,0.9829830201073126,0.5,0.5,LogNormal,0.0076910335946327,0.0189540248485133,842234.6095886,437428.9968350988,442433.74484945246,5004.748014353681,5004.748014353681,100.0,43742899.68350988,44243374.484945245,500474.8014353663,500474.8014353663,False,0.011441280872014015,0.011441280872014015,0.011441280872013985,0.011441280872013985,0.011441280872014,0.011441280872014,2.0,0.0,0,True,False,False,True,0.005720640436007,,0.005720640436007,,True,False,0.0
"multi|amazon,beehiiv,google,liveintent,meta,moloco,snapchat,tiktok|pmode=roi|rpk=100.0|target=amazon|mu=1.500000|sigma=0.500000|dist=LogNormal|1.500000|0.500000|LogNormal|alpha=0p51|ec=0p5|slope=1p2|lag=4|decay=geometric",amazon,"{""kpi_type"": ""non_revenue"", ""kpi_type_effective"": ""revenue"", ""prior_design_mode"": ""roi"", ""prior_grid_type"": ""roi"", ""revenue_per_kpi"": 100.0, ""roi_prior_overrides"": {""amazon"": {""dist"": ""LogNormal"", ""mu"": 1.5, ""sigma"": 0.5}, ""beehiiv"": {""dist"": ""LogNormal"", ""mu"": 0.5, ""sigma"": 0.5}, ""google"": {""dist"": ""LogNormal"", ""mu"": 0.5, ""sigma"": 0.5}, ""liveintent"": {""dist"": ""LogNormal"", ""mu"": 0.5, ""sigma"": 0.5}, ""meta"": {""dist"": ""LogNormal"", ""mu"": 0.5, ""sigma"": 0.5}, ""moloco"": {""dist"": ""LogNormal"", ""mu"": 0.5, ""sigma"": 0.5}, ""snapchat"": {""dist"": ""LogNormal"", ""mu"": 0.5, ""sigma"": 0.5}, ""tiktok"": {""dist"": ""LogNormal"", ""mu"": 0.5, ""sigma"": 0.5}}, ""run_mode"": ""roi_full"", ""structural_overrides"": {""adstock_decay_spec"": ""geometric"", ""alpha_m"": 0.51, ""ec_m"": 0.5, ""max_lag"": 4, ""slope_m"": 1.2}, ""sweep_type"": ""fixed_full_grid"", ""target_channel"": ""amazon"", ""two_layer_enabled"": false}",snapchat,REVIEW,REVIEW:PriorPosteriorShift,PriorPosteriorShift,"liveintent,meta",0.5166618288556735,0.6107601342474421,0.0940983053917686,0.1821274577225531,0.51,0.5,1.2,4,geometric,prior_sweep,roi_full,roi,non_revenue,revenue,__revenue_equiv__,100.0,amazon,fixed_full_grid,False,roi,roi,Revenue-equivalent ROI,1.5,0.5,LogNormal,target_channels,amazon,configured,,,,upload_1bc112d58beb_monthly_mocha,/Users/jasper/Documents/Intern/BlueAlpha/capstone-Blue_Alpha_1/backend/storage/uploads/upload_1bc112d58beb_monthly_mocha.csv,1.5,0.5,LogNormal,0.4711478203533085,0.0951749168336391,0.3710568994283676,1.3794029116630553,0.7561269804746882,0.0905546430498361,0.3780280500650406,1.8667253017425505,0.7230318711461123,0.5,0.5,LogNormal,0.2543904086366677,0.1141484224870269,4342436.908989999,2243571.395089151,2652187.3494957797,408615.9544066289,408615.9544066289,100.0,224357139.5089151,265218734.949578,40861595.44066289,40861595.44066289,False,0.18212745772255315,0.18212745772255315,0.18212745772255312,0.18212745772255312,0.18212745772255312,0.18212745772255312,2.0,0.0,0,True,False,False,True,0.09106372886127656,,0.09106372886127656,,True,False,0.0
"multi|amazon,beehiiv,google,liveintent,meta,moloco,snapchat,tiktok|pmode=roi|rpk=100.0|target=amazon|mu=1.500000|sigma=0.500000|dist=LogNormal|1.500000|0.500000|LogNormal|alpha=0p51|ec=0p5|slope=1p2|lag=4|decay=geometric",amazon,"{""kpi_type"": ""non_revenue"", ""kpi_type_effective"": ""revenue"", ""prior_design_mode"": ""roi"", ""prior_grid_type"": ""roi"", ""revenue_per_kpi"": 100.0, ""roi_prior_overrides"": {""amazon"": {""dist"": ""LogNormal"", ""mu"": 1.5, ""sigma"": 0.5}, ""beehiiv"": {""dist"": ""LogNormal"", ""mu"": 0.5, ""sigma"": 0.5}, ""google"": {""dist"": ""LogNormal"", ""mu"": 0.5, ""sigma"": 0.5}, ""liveintent"": {""dist"": ""LogNormal"", ""mu"": 0.5, ""sigma"": 0.5}, ""meta"": {""dist"": ""LogNormal"", ""mu"": 0.5, ""sigma"": 0.5}, ""moloco"": {""dist"": ""LogNormal"", ""mu"": 0.5, ""sigma"": 0.5}, ""snapchat"": {""dist"": ""LogNormal"", ""mu"": 0.5, ""sigma"": 0.5}, ""tiktok"": {""dist"": ""LogNormal"", ""mu"": 0.5, ""sigma"": 0.5}}, ""run_mode"": ""roi_full"", ""structural_overrides"": {""adstock_decay_spec"": ""geometric"", ""alpha_m"": 0.51, ""ec_m"": 0.5, ""max_lag"": 4, ""slope_m"": 1.2}, ""sweep_type"": ""fixed_full_grid"", ""target_channel"": ""amazon"", ""two_layer_enabled"": false}",tiktok,REVIEW,REVIEW:PriorPosteriorShift,PriorPosteriorShift,"liveintent,meta",0.4454225514084101,0.435867006458963,0.0095555449494471,0.0214527641656957,0.51,0.5,1.2,4,geometric,prior_sweep,roi_full,roi,non_revenue,revenue,__revenue_equiv__,100.0,amazon,fixed_full_grid,False,roi,roi,Revenue-equivalent ROI,1.5,0.5,LogNormal,target_channels,amazon,configured,,,,upload_1bc112d58beb_monthly_mocha,/Users/jasper/Documents/Intern/BlueAlpha/capstone-Blue_Alpha_1/backend/storage/uploads/upload_1bc112d58beb_monthly_mocha.csv,1.5,0.5,LogNormal,0.389614058166092,0.0862870134413242,0.3261690884828567,1.226093351840973,0.3825540310739271,0.0885555274784565,0.3197300136089325,1.195505160093307,0.971173431241898,0.5,0.5,LogNormal,0.0686594525248105,0.0824363273040769,1752685.00913,780685.4285819572,763937.5681949933,-16747.860386963934,16747.860386963934,100.0,78068542.85819572,76393756.81949933,-1674786.0386963934,1674786.0386963934,False,0.021452764165695727,-0.021452764165695727,0.02145276416569587,-0.02145276416569587,0.021452764165695797,-0.021452764165695797,2.0,0.0,0,True,False,False,True,0.010726382082847898,,0.010726382082847898,,True,False,0.0
"multi|amazon,beehiiv,google,liveintent,meta,moloco,snapchat,tiktok|pmode=roi|rpk=100.0|target=beehiiv|mu=1.000000|sigma=1.000000|dist=LogNormal|1.000000|1.000000|LogNormal|alpha=0p51|ec=0p5|slope=1p2|lag=4|decay=geometric",beehiiv,"{""kpi_type"": ""non_revenue"", ""kpi_type_effective"": ""revenue"", ""prior_design_mode"": ""roi"", ""prior_grid_type"": ""roi"", ""revenue_per_kpi"": 100.0, ""roi_prior_overrides"": {""amazon"": {""dist"": ""LogNormal"", ""mu"": 1.0, ""sigma"": 0.5}, ""beehiiv"": {""dist"": ""LogNormal"", ""mu"": 1.0, ""sigma"": 1.0}, ""google"": {""dist"": ""LogNormal"", ""mu"": 1.0, ""sigma"": 0.5}, ""liveintent"": {""dist"": ""LogNormal"", ""mu"": 1.0, ""sigma"": 0.5}, ""meta"": {""dist"": ""LogNormal"", ""mu"": 1.0, ""sigma"": 0.5}, ""moloco"": {""dist"": ""LogNormal"", ""mu"": 1.0, ""sigma"": 0.5}, ""snapchat"": {""dist"": ""LogNormal"", ""mu"": 1.0, ""sigma"": 0.5}, ""tiktok"": {""dist"": ""LogNormal"", ""mu"": 1.0, ""sigma"": 0.5}}, ""run_mode"": ""roi_full"", ""structural_overrides"": {""adstock_decay_spec"": ""geometric"", ""alpha_m"": 0.51, ""ec_m"": 0.5, ""max_lag"": 4, ""slope_m"": 1.2}, ""sweep_type"": ""fixed_full_grid"", ""target_channel"": ""beehiiv"", ""two_layer_enabled"": false}",amazon,REVIEW,REVIEW:PriorPosteriorShift,PriorPosteriorShift,"amazon,beehiiv,snapchat",,1.0047163432215651,,,0.51,0.5,1.2,4,geometric,prior_sweep,roi_full,roi,non_revenue,revenue,__revenue_equiv__,100.0,beehiiv,fixed_full_grid,False,roi,roi,Revenue-equivalent ROI,1.0,1.0,LogNormal,target_channels,beehiiv,configured,,,,upload_1bc112d58beb_monthly_mocha,/Users/jasper/Documents/Intern/BlueAlpha/capstone-Blue_Alpha_1/backend/storage/uploads/upload_1bc112d58beb_monthly_mocha.csv,1.0,1.0,LogNormal,,,,,0.4899071994969715,0.4281032130122185,0.908338099718094,1.9852402925491333,,1.0,0.5,LogNormal,0.0004547300602283,0.0277161009402006,15740.258094,,15814.494553567323,,,100.0,,1581449.4553567322,,,False,,,,,,,1.0,1.0,0,False,False,False,True,,,,,True,True,
"multi|amazon,beehiiv,google,liveintent,meta,moloco,snapchat,tiktok|pmode=roi|rpk=100.0|target=beehiiv|mu=1.000000|sigma=1.000000|dist=LogNormal|1.000000|1.000000|LogNormal|alpha=0p51|ec=0p5|slope=1p2|lag=4|decay=geometric",beehiiv,"{""kpi_type"": ""non_revenue"", ""kpi_type_effective"": ""revenue"", ""prior_design_mode"": ""roi"", ""prior_grid_type"": ""roi"", ""revenue_per_kpi"": 100.0, ""roi_prior_overrides"": {""amazon"": {""dist"": ""LogNormal"", ""mu"": 1.0, ""sigma"": 0.5}, ""beehiiv"": {""dist"": ""LogNormal"", ""mu"": 1.0, ""sigma"": 1.0}, ""google"": {""dist"": ""LogNormal"", ""mu"": 1.0, ""sigma"": 0.5}, ""liveintent"": {""dist"": ""LogNormal"", ""mu"": 1.0, ""sigma"": 0.5}, ""meta"": {""dist"": ""LogNormal"", ""mu"": 1.0, ""sigma"": 0.5}, ""moloco"": {""dist"": ""LogNormal"", ""mu"": 1.0, ""sigma"": 0.5}, ""snapchat"": {""dist"": ""LogNormal"", ""mu"": 1.0, ""sigma"": 0.5}, ""tiktok"": {""dist"": ""LogNormal"", ""mu"": 1.0, ""sigma"": 0.5}}, ""run_mode"": ""roi_full"", ""structural_overrides"": {""adstock_decay_spec"": ""geometric"", ""alpha_m"": 0.51, ""ec_m"": 0.5, ""max_lag"": 4, ""slope_m"": 1.2}, ""sweep_type"": ""fixed_full_grid"", ""target_channel"": ""beehiiv"", ""two_layer_enabled"": false}",beehiiv,REVIEW,REVIEW:PriorPosteriorShift,PriorPosteriorShift,"amazon,beehiiv,snapchat",,1.035718843365709,,,0.51,0.5,1.2,4,geometric,prior_sweep,roi_full,roi,non_revenue,revenue,__revenue_equiv__,100.0,beehiiv,fixed_full_grid,False,roi,roi,Revenue-equivalent ROI,1.0,1.0,LogNormal,target_channels,beehiiv,configured,,,,upload_1bc112d58beb_monthly_mocha,/Users/jasper/Documents/Intern/BlueAlpha/capstone-Blue_Alpha_1/backend/storage/uploads/upload_1bc112d58beb_monthly_mocha.csv,1.0,1.0,LogNormal,,,,,1.0968278189073302,0.1710964165627956,0.7147637903690338,2.933753514289855,,1.0,1.0,LogNormal,0.0097313374048162,0.0421483066388965,328172.2732613,,339894.207286889,,,100.0,,33989420.7286889,,,False,,,,,,,1.0,1.0,0,False,False,False,True,,,,,True,True,
"multi|amazon,beehiiv,google,liveintent,meta,moloco,snapchat,tiktok|pmode=roi|rpk=100.0|target=beehiiv|mu=1.000000|sigma=1.000000|dist=LogNormal|1.000000|1.000000|LogNormal|alpha=0p51|ec=0p5|slope=1p2|lag=4|decay=geometric",beehiiv,"{""kpi_type"": ""non_revenue"", ""kpi_type_effective"": ""revenue"", ""prior_design_mode"": ""roi"", ""prior_grid_type"": ""roi"", ""revenue_per_kpi"": 100.0, ""roi_prior_overrides"": {""amazon"": {""dist"": ""LogNormal"", ""mu"": 1.0, ""sigma"": 0.5}, ""beehiiv"": {""dist"": ""LogNormal"", ""mu"": 1.0, ""sigma"": 1.0}, ""google"": {""dist"": ""LogNormal"", ""mu"": 1.0, ""sigma"": 0.5}, ""liveintent"": {""dist"": ""LogNormal"", ""mu"": 1.0, ""sigma"": 0.5}, ""meta"": {""dist"": ""LogNormal"", ""mu"": 1.0, ""sigma"": 0.5}, ""moloco"": {""dist"": ""LogNormal"", ""mu"": 1.0, ""sigma"": 0.5}, ""snapchat"": {""dist"": ""LogNormal"", ""mu"": 1.0, ""sigma"": 0.5}, ""tiktok"": {""dist"": ""LogNormal"", ""mu"": 1.0, ""sigma"": 0.5}}, ""run_mode"": ""roi_full"", ""structural_overrides"": {""adstock_decay_spec"": ""geometric"", ""alpha_m"": 0.51, ""ec_m"": 0.5, ""max_lag"": 4, ""slope_m"": 1.2}, ""sweep_type"": ""fixed_full_grid"", ""target_channel"": ""beehiiv"", ""two_layer_enabled"": false}",google,REVIEW,REVIEW:PriorPosteriorShift,PriorPosteriorShift,"amazon,beehiiv,snapchat",,0.8091405254105727,,,0.51,0.5,1.2,4,geometric,prior_sweep,roi_full,roi,non_revenue,revenue,__revenue_equiv__,100.0,beehiiv,fixed_full_grid,False,roi,roi,Revenue-equivalent ROI,1.0,1.0,LogNormal,target_channels,beehiiv,configured,,,,upload_1bc112d58beb_monthly_mocha,/Users/jasper/Documents/Intern/BlueAlpha/capstone-Blue_Alpha_1/backend/storage/uploads/upload_1bc112d58beb_monthly_mocha.csv,1.0,1.0,LogNormal,,,,,0.3326464352176627,0.3784609079360962,0.7573778629302979,1.4514142334461206,,1.0,0.5,LogNormal,0.2016899084143157,0.1833792447191802,10298543.94665,,8332969.259956254,,,100.0,,833296925.9956254,,,False,,,,,,,1.0,1.0,0,False,False,False,True,,,,,True,False,
"multi|amazon,beehiiv,google,liveintent,meta,moloco,snapchat,tiktok|pmode=roi|rpk=100.0|target=beehiiv|mu=1.000000|sigma=1.000000|dist=LogNormal|1.000000|1.000000|LogNormal|alpha=0p51|ec=0p5|slope=1p2|lag=4|decay=geometric",beehiiv,"{""kpi_type"": ""non_revenue"", ""kpi_type_effective"": ""revenue"", ""prior_design_mode"": ""roi"", ""prior_grid_type"": ""roi"", ""revenue_per_kpi"": 100.0, ""roi_prior_overrides"": {""amazon"": {""dist"": ""LogNormal"", ""mu"": 1.0, ""sigma"": 0.5}, ""beehiiv"": {""dist"": ""LogNormal"", ""mu"": 1.0, ""sigma"": 1.0}, ""google"": {""dist"": ""LogNormal"", ""mu"": 1.0, ""sigma"": 0.5}, ""liveintent"": {""dist"": ""LogNormal"", ""mu"": 1.0, ""sigma"": 0.5}, ""meta"": {""dist"": ""LogNormal"", ""mu"": 1.0, ""sigma"": 0.5}, ""moloco"": {""dist"": ""LogNormal"", ""mu"": 1.0, ""sigma"": 0.5}, ""snapchat"": {""dist"": ""LogNormal"", ""mu"": 1.0, ""sigma"": 0.5}, ""tiktok"": {""dist"": ""LogNormal"", ""mu"": 1.0, ""sigma"": 0.5}}, ""run_mode"": ""roi_full"", ""structural_overrides"": {""adstock_decay_spec"": ""geometric"", ""alpha_m"": 0.51, ""ec_m"": 0.5, ""max_lag"": 4, ""slope_m"": 1.2}, ""sweep_type"": ""fixed_full_grid"", ""target_channel"": ""beehiiv"", ""two_layer_enabled"": false}",liveintent,REVIEW,REVIEW:PriorPosteriorShift,PriorPosteriorShift,"amazon,beehiiv,snapchat",,1.0119642628729344,,,0.51,0.5,1.2,4,geometric,prior_sweep,roi_full,roi,non_revenue,revenue,__revenue_equiv__,100.0,beehiiv,fixed_full_grid,False,roi,roi,Revenue-equivalent ROI,1.0,1.0,LogNormal,target_channels,beehiiv,configured,,,,upload_1bc112d58beb_monthly_mocha,/Users/jasper/Documents/Intern/BlueAlpha/capstone-Blue_Alpha_1/backend/storage/uploads/upload_1bc112d58beb_monthly_mocha.csv,1.0,1.0,LogNormal,,,,,0.5085593653338967,0.4089179337024688,0.8867107033729553,1.989026826620102,,1.0,0.5,LogNormal,0.0005776870716455,0.0182437814592884,797987.173079,,807534.5013869469,,,100.0,,80753450.13869469,,,False,,,,,,,1.0,1.0,0,False,False,False,True,,,,,True,False,
"multi|amazon,beehiiv,google,liveintent,meta,moloco,snapchat,tiktok|pmode=roi|rpk=100.0|target=beehiiv|mu=1.000000|sigma=1.000000|dist=LogNormal|1.000000|1.000000|LogNormal|alpha=0p51|ec=0p5|slope=1p2|lag=4|decay=geometric",beehiiv,"{""kpi_type"": ""non_revenue"", ""kpi_type_effective"": ""revenue"", ""prior_design_mode"": ""roi"", ""prior_grid_type"": ""roi"", ""revenue_per_kpi"": 100.0, ""roi_prior_overrides"": {""amazon"": {""dist"": ""LogNormal"", ""mu"": 1.0, ""sigma"": 0.5}, ""beehiiv"": {""dist"": ""LogNormal"", ""mu"": 1.0, ""sigma"": 1.0}, ""google"": {""dist"": ""LogNormal"", ""mu"": 1.0, ""sigma"": 0.5}, ""liveintent"": {""dist"": ""LogNormal"", ""mu"": 1.0, ""sigma"": 0.5}, ""meta"": {""dist"": ""LogNormal"", ""mu"": 1.0, ""sigma"": 0.5}, ""moloco"": {""dist"": ""LogNormal"", ""mu"": 1.0, ""sigma"": 0.5}, ""snapchat"": {""dist"": ""LogNormal"", ""mu"": 1.0, ""sigma"": 0.5}, ""tiktok"": {""dist"": ""LogNormal"", ""mu"": 1.0, ""sigma"": 0.5}}, ""run_mode"": ""roi_full"", ""structural_overrides"": {""adstock_decay_spec"": ""geometric"", ""alpha_m"": 0.51, ""ec_m"": 0.5, ""max_lag"": 4, ""slope_m"": 1.2}, ""sweep_type"": ""fixed_full_grid"", ""target_channel"": ""beehiiv"", ""two_layer_enabled"": false}",meta,REVIEW,REVIEW:PriorPosteriorShift,PriorPosteriorShift,"amazon,beehiiv,snapchat",,0.9848189971471826,,,0.51,0.5,1.2,4,geometric,prior_sweep,roi_full,roi,non_revenue,revenue,__revenue_equiv__,100.0,beehiiv,fixed_full_grid,False,roi,roi,Revenue-equivalent ROI,1.0,1.0,LogNormal,target_channels,beehiiv,configured,,,,upload_1bc112d58beb_monthly_mocha,/Users/jasper/Documents/Intern/BlueAlpha/capstone-Blue_Alpha_1/backend/storage/uploads/upload_1bc112d58beb_monthly_mocha.csv,1.0,1.0,LogNormal,,,,,0.4647125774366301,0.4345455765724182,0.8757854998111725,1.8804060757160184,,1.0,0.5,LogNormal,0.0055654819357877,0.0259032422699615,840158.1265220001,,827403.6836064518,,,100.0,,82740368.36064519,,,False,,,,,,,1.0,1.0,0,False,False,False,True,,,,,True,False,
"multi|amazon,beehiiv,google,liveintent,meta,moloco,snapchat,tiktok|pmode=roi|rpk=100.0|target=beehiiv|mu=1.000000|sigma=1.000000|dist=LogNormal|1.000000|1.000000|LogNormal|alpha=0p51|ec=0p5|slope=1p2|lag=4|decay=geometric",beehiiv,"{""kpi_type"": ""non_revenue"", ""kpi_type_effective"": ""revenue"", ""prior_design_mode"": ""roi"", ""prior_grid_type"": ""roi"", ""revenue_per_kpi"": 100.0, ""roi_prior_overrides"": {""amazon"": {""dist"": ""LogNormal"", ""mu"": 1.0, ""sigma"": 0.5}, ""beehiiv"": {""dist"": ""LogNormal"", ""mu"": 1.0, ""sigma"": 1.0}, ""google"": {""dist"": ""LogNormal"", ""mu"": 1.0, ""sigma"": 0.5}, ""liveintent"": {""dist"": ""LogNormal"", ""mu"": 1.0, ""sigma"": 0.5}, ""meta"": {""dist"": ""LogNormal"", ""mu"": 1.0, ""sigma"": 0.5}, ""moloco"": {""dist"": ""LogNormal"", ""mu"": 1.0, ""sigma"": 0.5}, ""snapchat"": {""dist"": ""LogNormal"", ""mu"": 1.0, ""sigma"": 0.5}, ""tiktok"": {""dist"": ""LogNormal"", ""mu"": 1.0, ""sigma"": 0.5}}, ""run_mode"": ""roi_full"", ""structural_overrides"": {""adstock_decay_spec"": ""geometric"", ""alpha_m"": 0.51, ""ec_m"": 0.5, ""max_lag"": 4, ""slope_m"": 1.2}, ""sweep_type"": ""fixed_full_grid"", ""target_channel"": ""beehiiv"", ""two_layer_enabled"": false}",moloco,REVIEW,REVIEW:PriorPosteriorShift,PriorPosteriorShift,"amazon,beehiiv,snapchat",,1.019329639673233,,,0.51,0.5,1.2,4,geometric,prior_sweep,roi_full,roi,non_revenue,revenue,__revenue_equiv__,100.0,beehiiv,fixed_full_grid,False,roi,roi,Revenue-equivalent ROI,1.0,1.0,LogNormal,target_channels,beehiiv,configured,,,,upload_1bc112d58beb_monthly_mocha,/Users/jasper/Documents/Intern/BlueAlpha/capstone-Blue_Alpha_1/backend/storage/uploads/upload_1bc112d58beb_monthly_mocha.csv,1.0,1.0,LogNormal,,,,,0.4822713505225239,0.4454401463270187,0.9181981980800628,1.921952676773071,,1.0,0.5,LogNormal,0.0020197558989427,0.031522130844702,842234.6095886,,858514.7011122737,,,100.0,,85851470.11122738,,,False,,,,,,,1.0,1.0,0,False,False,False,True,,,,,True,False,
"multi|amazon,beehiiv,google,liveintent,meta,moloco,snapchat,tiktok|pmode=roi|rpk=100.0|target=beehiiv|mu=1.000000|sigma=1.000000|dist=LogNormal|1.000000|1.000000|LogNormal|alpha=0p51|ec=0p5|slope=1p2|lag=4|decay=geometric",beehiiv,"{""kpi_type"": ""non_revenue"", ""kpi_type_effective"": ""revenue"", ""prior_design_mode"": ""roi"", ""prior_grid_type"": ""roi"", ""revenue_per_kpi"": 100.0, ""roi_prior_overrides"": {""amazon"": {""dist"": ""LogNormal"", ""mu"": 1.0, ""sigma"": 0.5}, ""beehiiv"": {""dist"": ""LogNormal"", ""mu"": 1.0, ""sigma"": 1.0}, ""google"": {""dist"": ""LogNormal"", ""mu"": 1.0, ""sigma"": 0.5}, ""liveintent"": {""dist"": ""LogNormal"", ""mu"": 1.0, ""sigma"": 0.5}, ""meta"": {""dist"": ""LogNormal"", ""mu"": 1.0, ""sigma"": 0.5}, ""moloco"": {""dist"": ""LogNormal"", ""mu"": 1.0, ""sigma"": 0.5}, ""snapchat"": {""dist"": ""LogNormal"", ""mu"": 1.0, ""sigma"": 0.5}, ""tiktok"": {""dist"": ""LogNormal"", ""mu"": 1.0, ""sigma"": 0.5}}, ""run_mode"": ""roi_full"", ""structural_overrides"": {""adstock_decay_spec"": ""geometric"", ""alpha_m"": 0.51, ""ec_m"": 0.5, ""max_lag"": 4, ""slope_m"": 1.2}, ""sweep_type"": ""fixed_full_grid"", ""target_channel"": ""beehiiv"", ""two_layer_enabled"": false}",snapchat,REVIEW,REVIEW:PriorPosteriorShift,PriorPosteriorShift,"amazon,beehiiv,snapchat",,1.003176442446808,,,0.51,0.5,1.2,4,geometric,prior_sweep,roi_full,roi,non_revenue,revenue,__revenue_equiv__,100.0,beehiiv,fixed_full_grid,False,roi,roi,Revenue-equivalent ROI,1.0,1.0,LogNormal,target_channels,beehiiv,configured,,,,upload_1bc112d58beb_monthly_mocha,/Users/jasper/Documents/Intern/BlueAlpha/capstone-Blue_Alpha_1/backend/storage/uploads/upload_1bc112d58beb_monthly_mocha.csv,1.0,1.0,LogNormal,,,,,0.506775410765453,0.4045681416988372,0.8942174017429352,1.9422186791896816,,1.0,0.5,LogNormal,0.0002029832544143,0.0193428013719013,4342436.908989999,,4356230.409910301,,,100.0,,435623040.9910301,,,False,,,,,,,1.0,1.0,0,False,False,False,True,,,,,True,True,
"multi|amazon,beehiiv,google,liveintent,meta,moloco,snapchat,tiktok|pmode=roi|rpk=100.0|target=beehiiv|mu=1.000000|sigma=1.000000|dist=LogNormal|1.000000|1.000000|LogNormal|alpha=0p51|ec=0p5|slope=1p2|lag=4|decay=geometric",beehiiv,"{""kpi_type"": ""non_revenue"", ""kpi_type_effective"": ""revenue"", ""prior_design_mode"": ""roi"", ""prior_grid_type"": ""roi"", ""revenue_per_kpi"": 100.0, ""roi_prior_overrides"": {""amazon"": {""dist"": ""LogNormal"", ""mu"": 1.0, ""sigma"": 0.5}, ""beehiiv"": {""dist"": ""LogNormal"", ""mu"": 1.0, ""sigma"": 1.0}, ""google"": {""dist"": ""LogNormal"", ""mu"": 1.0, ""sigma"": 0.5}, ""liveintent"": {""dist"": ""LogNormal"", ""mu"": 1.0, ""sigma"": 0.5}, ""meta"": {""dist"": ""LogNormal"", ""mu"": 1.0, ""sigma"": 0.5}, ""moloco"": {""dist"": ""LogNormal"", ""mu"": 1.0, ""sigma"": 0.5}, ""snapchat"": {""dist"": ""LogNormal"", ""mu"": 1.0, ""sigma"": 0.5}, ""tiktok"": {""dist"": ""LogNormal"", ""mu"": 1.0, ""sigma"": 0.5}}, ""run_mode"": ""roi_full"", ""structural_overrides"": {""adstock_decay_spec"": ""geometric"", ""alpha_m"": 0.51, ""ec_m"": 0.5, ""max_lag"": 4, ""slope_m"": 1.2}, ""sweep_type"": ""fixed_full_grid"", ""target_channel"": ""beehiiv"", ""two_layer_enabled"": false}",tiktok,REVIEW,REVIEW:PriorPosteriorShift,PriorPosteriorShift,"amazon,beehiiv,snapchat",,0.9168049193297824,,,0.51,0.5,1.2,4,geometric,prior_sweep,roi_full,roi,non_revenue,revenue,__revenue_equiv__,100.0,beehiiv,fixed_full_grid,False,roi,roi,Revenue-equivalent ROI,1.0,1.0,LogNormal,target_channels,beehiiv,configured,,,,upload_1bc112d58beb_monthly_mocha,/Users/jasper/Documents/Intern/BlueAlpha/capstone-Blue_Alpha_1/backend/storage/uploads/upload_1bc112d58beb_monthly_mocha.csv,1.0,1.0,LogNormal,,,,,0.4396978779599673,0.3918238461017608,0.8261657655239105,1.720193338394165,,1.0,0.5,LogNormal,0.0290315390163024,0.1093741217237524,1752685.00913,,1606870.2384059487,,,100.0,,160687023.8405949,,,False,,,,,,,1.0,1.0,0,False,False,False,True,,,,,True,False,
"multi|amazon,beehiiv,google,liveintent,meta,moloco,snapchat,tiktok|pmode=roi|rpk=100.0|target=beehiiv|mu=1.000000|sigma=0.500000|dist=LogNormal|1.000000|0.500000|LogNormal|alpha=0p51|ec=0p5|slope=1p2|lag=4|decay=geometric",beehiiv,"{""kpi_type"": ""non_revenue"", ""kpi_type_effective"": ""revenue"", ""prior_design_mode"": ""roi"", ""prior_grid_type"": ""roi"", ""revenue_per_kpi"": 100.0, ""roi_prior_overrides"": {""amazon"": {""dist"": ""LogNormal"", ""mu"": 1.0, ""sigma"": 0.5}, ""beehiiv"": {""dist"": ""LogNormal"", ""mu"": 1.0, ""sigma"": 0.5}, ""google"": {""dist"": ""LogNormal"", ""mu"": 1.0, ""sigma"": 0.5}, ""liveintent"": {""dist"": ""LogNormal"", ""mu"": 1.0, ""sigma"": 0.5}, ""meta"": {""dist"": ""LogNormal"", ""mu"": 1.0, ""sigma"": 0.5}, ""moloco"": {""dist"": ""LogNormal"", ""mu"": 1.0, ""sigma"": 0.5}, ""snapchat"": {""dist"": ""LogNormal"", ""mu"": 1.0, ""sigma"": 0.5}, ""tiktok"": {""dist"": ""LogNormal"", ""mu"": 1.0, ""sigma"": 0.5}}, ""run_mode"": ""roi_full"", ""structural_overrides"": {""adstock_decay_spec"": ""geometric"", ""alpha_m"": 0.51, ""ec_m"": 0.5, ""max_lag"": 4, ""slope_m"": 1.2}, ""sweep_type"": ""fixed_full_grid"", ""target_channel"": ""beehiiv"", ""two_layer_enabled"": false}",amazon,REVIEW,REVIEW:PriorPosteriorShift,PriorPosteriorShift,"amazon,beehiiv,liveintent,snapchat",,1.00361294892927,,,0.51,0.5,1.2,4,geometric,prior_sweep,roi_full,roi,non_revenue,revenue,__revenue_equiv__,100.0,beehiiv,fixed_full_grid,False,roi,roi,Revenue-equivalent ROI,1.0,0.5,LogNormal,target_channels,beehiiv,configured,,,,upload_1bc112d58beb_monthly_mocha,/Users/jasper/Documents/Intern/BlueAlpha/capstone-Blue_Alpha_1/backend/storage/uploads/upload_1bc112d58beb_monthly_mocha.csv,1.0,0.5,LogNormal,,,,,0.4944283789329551,0.4226563438773155,0.9015431702136992,2.0055493116378784,,1.0,0.5,LogNormal,0.0001507437601827,0.0264864434771227,15740.258094,,15797.12684262715,,,100.0,,1579712.684262715,,,False,,,,,,,1.0,0.0,0,True,False,False,True,,,,,True,True,
"multi|amazon,beehiiv,google,liveintent,meta,moloco,snapchat,tiktok|pmode=roi|rpk=100.0|target=beehiiv|mu=1.000000|sigma=0.500000|dist=LogNormal|1.000000|0.500000|LogNormal|alpha=0p51|ec=0p5|slope=1p2|lag=4|decay=geometric",beehiiv,"{""kpi_type"": ""non_revenue"", ""kpi_type_effective"": ""revenue"", ""prior_design_mode"": ""roi"", ""prior_grid_type"": ""roi"", ""revenue_per_kpi"": 100.0, ""roi_prior_overrides"": {""amazon"": {""dist"": ""LogNormal"", ""mu"": 1.0, ""sigma"": 0.5}, ""beehiiv"": {""dist"": ""LogNormal"", ""mu"": 1.0, ""sigma"": 0.5}, ""google"": {""dist"": ""LogNormal"", ""mu"": 1.0, ""sigma"": 0.5}, ""liveintent"": {""dist"": ""LogNormal"", ""mu"": 1.0, ""sigma"": 0.5}, ""meta"": {""dist"": ""LogNormal"", ""mu"": 1.0, ""sigma"": 0.5}, ""moloco"": {""dist"": ""LogNormal"", ""mu"": 1.0, ""sigma"": 0.5}, ""snapchat"": {""dist"": ""LogNormal"", ""mu"": 1.0, ""sigma"": 0.5}, ""tiktok"": {""dist"": ""LogNormal"", ""mu"": 1.0, ""sigma"": 0.5}}, ""run_mode"": ""roi_full"", ""structural_overrides"": {""adstock_decay_spec"": ""geometric"", ""alpha_m"": 0.51, ""ec_m"": 0.5, ""max_lag"": 4, ""slope_m"": 1.2}, ""sweep_type"": ""fixed_full_grid"", ""target_channel"": ""beehiiv"", ""two_layer_enabled"": false}",beehiiv,REVIEW,REVIEW:PriorPosteriorShift,PriorPosteriorShift,"amazon,beehiiv,liveintent,snapchat",,1.0057352527976036,,,0.51,0.5,1.2,4,geometric,prior_sweep,roi_full,roi,non_revenue,revenue,__revenue_equiv__,100.0,beehiiv,fixed_full_grid,False,roi,roi,Revenue-equivalent ROI,1.0,0.5,LogNormal,target_channels,beehiiv,configured,,,,upload_1bc112d58beb_monthly_mocha,/Users/jasper/Documents/Intern/BlueAlpha/capstone-Blue_Alpha_1/backend/storage/uploads/upload_1bc112d58beb_monthly_mocha.csv,1.0,0.5,LogNormal,,,,,0.5205054626317073,0.4008181810379028,0.8803539872169495,2.032910346984863,,1.0,0.5,LogNormal,0.0017253749607816,0.0141655683726393,328172.2732613,,330054.4242096178,,,100.0,,33005442.42096178,,,False,,,,,,,1.0,0.0,0,True,False,False,True,,,,,True,True,
"multi|amazon,beehiiv,google,liveintent,meta,moloco,snapchat,tiktok|pmode=roi|rpk=100.0|target=beehiiv|mu=1.000000|sigma=0.500000|dist=LogNormal|1.000000|0.500000|LogNormal|alpha=0p51|ec=0p5|slope=1p2|lag=4|decay=geometric",beehiiv,"{""kpi_type"": ""non_revenue"", ""kpi_type_effective"": ""revenue"", ""prior_design_mode"": ""roi"", ""prior_grid_type"": ""roi"", ""revenue_per_kpi"": 100.0, ""roi_prior_overrides"": {""amazon"": {""dist"": ""LogNormal"", ""mu"": 1.0, ""sigma"": 0.5}, ""beehiiv"": {""dist"": ""LogNormal"", ""mu"": 1.0, ""sigma"": 0.5}, ""google"": {""dist"": ""LogNormal"", ""mu"": 1.0, ""sigma"": 0.5}, ""liveintent"": {""dist"": ""LogNormal"", ""mu"": 1.0, ""sigma"": 0.5}, ""meta"": {""dist"": ""LogNormal"", ""mu"": 1.0, ""sigma"": 0.5}, ""moloco"": {""dist"": ""LogNormal"", ""mu"": 1.0, ""sigma"": 0.5}, ""snapchat"": {""dist"": ""LogNormal"", ""mu"": 1.0, ""sigma"": 0.5}, ""tiktok"": {""dist"": ""LogNormal"", ""mu"": 1.0, ""sigma"": 0.5}}, ""run_mode"": ""roi_full"", ""structural_overrides"": {""adstock_decay_spec"": ""geometric"", ""alpha_m"": 0.51, ""ec_m"": 0.5, ""max_lag"": 4, ""slope_m"": 1.2}, ""sweep_type"": ""fixed_full_grid"", ""target_channel"": ""beehiiv"", ""two_layer_enabled"": false}",google,REVIEW,REVIEW:PriorPosteriorShift,PriorPosteriorShift,"amazon,beehiiv,liveintent,snapchat",,0.814008953422308,,,0.51,0.5,1.2,4,geometric,prior_sweep,roi_full,roi,non_revenue,revenue,__revenue_equiv__,100.0,beehiiv,fixed_full_grid,False,roi,roi,Revenue-equivalent ROI,1.0,0.5,LogNormal,target_channels,beehiiv,configured,,,,upload_1bc112d58beb_monthly_mocha,/Users/jasper/Documents/Intern/BlueAlpha/capstone-Blue_Alpha_1/backend/storage/uploads/upload_1bc112d58beb_monthly_mocha.csv,1.0,0.5,LogNormal,,,,,0.3246533179877836,0.3756625309586525,0.764417290687561,1.4743324279785155,,1.0,0.5,LogNormal,0.211835091895457,0.1785082211153781,10298543.94665,,8383106.979786212,,,100.0,,838310697.9786211,,,False,,,,,,,1.0,0.0,0,True,False,False,True,,,,,True,False,
"multi|amazon,beehiiv,google,liveintent,meta,moloco,snapchat,tiktok|pmode=roi|rpk=100.0|target=beehiiv|mu=1.000000|sigma=0.500000|dist=LogNormal|1.000000|0.500000|LogNormal|alpha=0p51|ec=0p5|slope=1p2|lag=4|decay=geometric",beehiiv,"{""kpi_type"": ""non_revenue"", ""kpi_type_effective"": ""revenue"", ""prior_design_mode"": ""roi"", ""prior_grid_type"": ""roi"", ""revenue_per_kpi"": 100.0, ""roi_prior_overrides"": {""amazon"": {""dist"": ""LogNormal"", ""mu"": 1.0, ""sigma"": 0.5}, ""beehiiv"": {""dist"": ""LogNormal"", ""mu"": 1.0, ""sigma"": 0.5}, ""google"": {""dist"": ""LogNormal"", ""mu"": 1.0, ""sigma"": 0.5}, ""liveintent"": {""dist"": ""LogNormal"", ""mu"": 1.0, ""sigma"": 0.5}, ""meta"": {""dist"": ""LogNormal"", ""mu"": 1.0, ""sigma"": 0.5}, ""moloco"": {""dist"": ""LogNormal"", ""mu"": 1.0, ""sigma"": 0.5}, ""snapchat"": {""dist"": ""LogNormal"", ""mu"": 1.0, ""sigma"": 0.5}, ""tiktok"": {""dist"": ""LogNormal"", ""mu"": 1.0, ""sigma"": 0.5}}, ""run_mode"": ""roi_full"", ""structural_overrides"": {""adstock_decay_spec"": ""geometric"", ""alpha_m"": 0.51, ""ec_m"": 0.5, ""max_lag"": 4, ""slope_m"": 1.2}, ""sweep_type"": ""fixed_full_grid"", ""target_channel"": ""beehiiv"", ""two_layer_enabled"": false}",liveintent,REVIEW,REVIEW:PriorPosteriorShift,PriorPosteriorShift,"amazon,beehiiv,liveintent,snapchat",,1.0071358135218422,,,0.51,0.5,1.2,4,geometric,prior_sweep,roi_full,roi,non_revenue,revenue,__revenue_equiv__,100.0,beehiiv,fixed_full_grid,False,roi,roi,Revenue-equivalent ROI,1.0,0.5,LogNormal,target_channels,beehiiv,configured,,,,upload_1bc112d58beb_monthly_mocha,/Users/jasper/Documents/Intern/BlueAlpha/capstone-Blue_Alpha_1/backend/storage/uploads/upload_1bc112d58beb_monthly_mocha.csv,1.0,0.5,LogNormal,,,,,0.516818338207377,0.40028255879879,0.8876404166221619,2.025874865055084,,1.0,0.5,LogNormal,0.0012208915200523,0.0235699182596681,797987.173079,,803681.4607389137,,,100.0,,80368146.07389137,,,False,,,,,,,1.0,0.0,0,True,False,False,True,,,,,True,True,
"multi|amazon,beehiiv,google,liveintent,meta,moloco,snapchat,tiktok|pmode=roi|rpk=100.0|target=beehiiv|mu=1.000000|sigma=0.500000|dist=LogNormal|1.000000|0.500000|LogNormal|alpha=0p51|ec=0p5|slope=1p2|lag=4|decay=geometric",beehiiv,"{""kpi_type"": ""non_revenue"", ""kpi_type_effective"": ""revenue"", ""prior_design_mode"": ""roi"", ""prior_grid_type"": ""roi"", ""revenue_per_kpi"": 100.0, ""roi_prior_overrides"": {""amazon"": {""dist"": ""LogNormal"", ""mu"": 1.0, ""sigma"": 0.5}, ""beehiiv"": {""dist"": ""LogNormal"", ""mu"": 1.0, ""sigma"": 0.5}, ""google"": {""dist"": ""LogNormal"", ""mu"": 1.0, ""sigma"": 0.5}, ""liveintent"": {""dist"": ""LogNormal"", ""mu"": 1.0, ""sigma"": 0.5}, ""meta"": {""dist"": ""LogNormal"", ""mu"": 1.0, ""sigma"": 0.5}, ""moloco"": {""dist"": ""LogNormal"", ""mu"": 1.0, ""sigma"": 0.5}, ""snapchat"": {""dist"": ""LogNormal"", ""mu"": 1.0, ""sigma"": 0.5}, ""tiktok"": {""dist"": ""LogNormal"", ""mu"": 1.0, ""sigma"": 0.5}}, ""run_mode"": ""roi_full"", ""structural_overrides"": {""adstock_decay_spec"": ""geometric"", ""alpha_m"": 0.51, ""ec_m"": 0.5, ""max_lag"": 4, ""slope_m"": 1.2}, ""sweep_type"": ""fixed_full_grid"", ""target_channel"": ""beehiiv"", ""two_layer_enabled"": false}",meta,REVIEW,REVIEW:PriorPosteriorShift,PriorPosteriorShift,"amazon,beehiiv,liveintent,snapchat",,0.9770916010066868,,,0.51,0.5,1.2,4,geometric,prior_sweep,roi_full,roi,non_revenue,revenue,__revenue_equiv__,100.0,beehiiv,fixed_full_grid,False,roi,roi,Revenue-equivalent ROI,1.0,0.5,LogNormal,target_channels,beehiiv,configured,,,,upload_1bc112d58beb_monthly_mocha,/Users/jasper/Documents/Intern/BlueAlpha/capstone-Blue_Alpha_1/backend/storage/uploads/upload_1bc112d58beb_monthly_mocha.csv,1.0,0.5,LogNormal,,,,,0.4650081705945935,0.4362791448831558,0.8730035722255707,1.861844778060913,,1.0,0.5,LogNormal,0.0060679087463727,0.0346866795966629,840158.1265220001,,820911.4489421595,,,100.0,,82091144.89421596,,,False,,,,,,,1.0,0.0,0,True,False,False,True,,,,,True,False,
"multi|amazon,beehiiv,google,liveintent,meta,moloco,snapchat,tiktok|pmode=roi|rpk=100.0|target=beehiiv|mu=1.000000|sigma=0.500000|dist=LogNormal|1.000000|0.500000|LogNormal|alpha=0p51|ec=0p5|slope=1p2|lag=4|decay=geometric",beehiiv,"{""kpi_type"": ""non_revenue"", ""kpi_type_effective"": ""revenue"", ""prior_design_mode"": ""roi"", ""prior_grid_type"": ""roi"", ""revenue_per_kpi"": 100.0, ""roi_prior_overrides"": {""amazon"": {""dist"": ""LogNormal"", ""mu"": 1.0, ""sigma"": 0.5}, ""beehiiv"": {""dist"": ""LogNormal"", ""mu"": 1.0, ""sigma"": 0.5}, ""google"": {""dist"": ""LogNormal"", ""mu"": 1.0, ""sigma"": 0.5}, ""liveintent"": {""dist"": ""LogNormal"", ""mu"": 1.0, ""sigma"": 0.5}, ""meta"": {""dist"": ""LogNormal"", ""mu"": 1.0, ""sigma"": 0.5}, ""moloco"": {""dist"": ""LogNormal"", ""mu"": 1.0, ""sigma"": 0.5}, ""snapchat"": {""dist"": ""LogNormal"", ""mu"": 1.0, ""sigma"": 0.5}, ""tiktok"": {""dist"": ""LogNormal"", ""mu"": 1.0, ""sigma"": 0.5}}, ""run_mode"": ""roi_full"", ""structural_overrides"": {""adstock_decay_spec"": ""geometric"", ""alpha_m"": 0.51, ""ec_m"": 0.5, ""max_lag"": 4, ""slope_m"": 1.2}, ""sweep_type"": ""fixed_full_grid"", ""target_channel"": ""beehiiv"", ""two_layer_enabled"": false}",moloco,REVIEW,REVIEW:PriorPosteriorShift,PriorPosteriorShift,"amazon,beehiiv,liveintent,snapchat",,1.0260509370515745,,,0.51,0.5,1.2,4,geometric,prior_sweep,roi_full,roi,non_revenue,revenue,__revenue_equiv__,100.0,beehiiv,fixed_full_grid,False,roi,roi,Revenue-equivalent ROI,1.0,0.5,LogNormal,target_channels,beehiiv,configured,,,,upload_1bc112d58beb_monthly_mocha,/Users/jasper/Documents/Intern/BlueAlpha/capstone-Blue_Alpha_1/backend/storage/uploads/upload_1bc112d58beb_monthly_mocha.csv,1.0,0.5,LogNormal,,,,,0.4921108787009101,0.4411817446351051,0.9267394542694092,1.9539856493473051,,1.0,0.5,LogNormal,0.0016075806212197,0.0253133707374125,842234.6095886,,864175.61038565,,,100.0,,86417561.038565,,,False,,,,,,,1.0,0.0,0,True,False,False,True,,,,,True,False,
"multi|amazon,beehiiv,google,liveintent,meta,moloco,snapchat,tiktok|pmode=roi|rpk=100.0|target=beehiiv|mu=1.000000|sigma=0.500000|dist=LogNormal|1.000000|0.500000|LogNormal|alpha=0p51|ec=0p5|slope=1p2|lag=4|decay=geometric",beehiiv,"{""kpi_type"": ""non_revenue"", ""kpi_type_effective"": ""revenue"", ""prior_design_mode"": ""roi"", ""prior_grid_type"": ""roi"", ""revenue_per_kpi"": 100.0, ""roi_prior_overrides"": {""amazon"": {""dist"": ""LogNormal"", ""mu"": 1.0, ""sigma"": 0.5}, ""beehiiv"": {""dist"": ""LogNormal"", ""mu"": 1.0, ""sigma"": 0.5}, ""google"": {""dist"": ""LogNormal"", ""mu"": 1.0, ""sigma"": 0.5}, ""liveintent"": {""dist"": ""LogNormal"", ""mu"": 1.0, ""sigma"": 0.5}, ""meta"": {""dist"": ""LogNormal"", ""mu"": 1.0, ""sigma"": 0.5}, ""moloco"": {""dist"": ""LogNormal"", ""mu"": 1.0, ""sigma"": 0.5}, ""snapchat"": {""dist"": ""LogNormal"", ""mu"": 1.0, ""sigma"": 0.5}, ""tiktok"": {""dist"": ""LogNormal"", ""mu"": 1.0, ""sigma"": 0.5}}, ""run_mode"": ""roi_full"", ""structural_overrides"": {""adstock_decay_spec"": ""geometric"", ""alpha_m"": 0.51, ""ec_m"": 0.5, ""max_lag"": 4, ""slope_m"": 1.2}, ""sweep_type"": ""fixed_full_grid"", ""target_channel"": ""beehiiv"", ""two_layer_enabled"": false}",snapchat,REVIEW,REVIEW:PriorPosteriorShift,PriorPosteriorShift,"amazon,beehiiv,liveintent,snapchat",,0.9921747278918822,,,0.51,0.5,1.2,4,geometric,prior_sweep,roi_full,roi,non_revenue,revenue,__revenue_equiv__,100.0,beehiiv,fixed_full_grid,False,roi,roi,Revenue-equivalent ROI,1.0,0.5,LogNormal,target_channels,beehiiv,configured,,,,upload_1bc112d58beb_monthly_mocha,/Users/jasper/Documents/Intern/BlueAlpha/capstone-Blue_Alpha_1/backend/storage/uploads/upload_1bc112d58beb_monthly_mocha.csv,1.0,0.5,LogNormal,,,,,0.4785074175421847,0.4170456036925316,0.8945358991622925,1.8587331414222716,,1.0,0.5,LogNormal,0.0019975530466873,0.01994249945453,4342436.908989999,,4308456.158564819,,,100.0,,430845615.8564819,,,False,,,,,,,1.0,0.0,0,True,False,False,True,,,,,True,True,
"multi|amazon,beehiiv,google,liveintent,meta,moloco,snapchat,tiktok|pmode=roi|rpk=100.0|target=beehiiv|mu=1.000000|sigma=0.500000|dist=LogNormal|1.000000|0.500000|LogNormal|alpha=0p51|ec=0p5|slope=1p2|lag=4|decay=geometric",beehiiv,"{""kpi_type"": ""non_revenue"", ""kpi_type_effective"": ""revenue"", ""prior_design_mode"": ""roi"", ""prior_grid_type"": ""roi"", ""revenue_per_kpi"": 100.0, ""roi_prior_overrides"": {""amazon"": {""dist"": ""LogNormal"", ""mu"": 1.0, ""sigma"": 0.5}, ""beehiiv"": {""dist"": ""LogNormal"", ""mu"": 1.0, ""sigma"": 0.5}, ""google"": {""dist"": ""LogNormal"", ""mu"": 1.0, ""sigma"": 0.5}, ""liveintent"": {""dist"": ""LogNormal"", ""mu"": 1.0, ""sigma"": 0.5}, ""meta"": {""dist"": ""LogNormal"", ""mu"": 1.0, ""sigma"": 0.5}, ""moloco"": {""dist"": ""LogNormal"", ""mu"": 1.0, ""sigma"": 0.5}, ""snapchat"": {""dist"": ""LogNormal"", ""mu"": 1.0, ""sigma"": 0.5}, ""tiktok"": {""dist"": ""LogNormal"", ""mu"": 1.0, ""sigma"": 0.5}}, ""run_mode"": ""roi_full"", ""structural_overrides"": {""adstock_decay_spec"": ""geometric"", ""alpha_m"": 0.51, ""ec_m"": 0.5, ""max_lag"": 4, ""slope_m"": 1.2}, ""sweep_type"": ""fixed_full_grid"", ""target_channel"": ""beehiiv"", ""two_layer_enabled"": false}",tiktok,REVIEW,REVIEW:PriorPosteriorShift,PriorPosteriorShift,"amazon,beehiiv,liveintent,snapchat",,0.914478992757698,,,0.51,0.5,1.2,4,geometric,prior_sweep,roi_full,roi,non_revenue,revenue,__revenue_equiv__,100.0,beehiiv,fixed_full_grid,False,roi,roi,Revenue-equivalent ROI,1.0,0.5,LogNormal,target_channels,beehiiv,configured,,,,upload_1bc112d58beb_monthly_mocha,/Users/jasper/Documents/Intern/BlueAlpha/capstone-Blue_Alpha_1/backend/storage/uploads/upload_1bc112d58beb_monthly_mocha.csv,1.0,0.5,LogNormal,,,,,0.4418922139562779,0.3769021660089492,0.8293659090995789,1.7581718921661376,,1.0,0.5,LogNormal,0.0287072487803992,0.1113958982682624,1752685.00913,,1602793.621770719,,,100.0,,160279362.1770719,,,False,,,,,,,1.0,0.0,0,True,False,False,True,,,,,True,False,
"multi|amazon,beehiiv,google,liveintent,meta,moloco,snapchat,tiktok|pmode=roi|rpk=100.0|target=google|mu=0.500000|sigma=1.000000|dist=LogNormal|0.500000|1.000000|LogNormal|alpha=0p51|ec=0p5|slope=1p2|lag=4|decay=geometric",google,"{""kpi_type"": ""non_revenue"", ""kpi_type_effective"": ""revenue"", ""prior_design_mode"": ""roi"", ""prior_grid_type"": ""roi"", ""revenue_per_kpi"": 100.0, ""roi_prior_overrides"": {""amazon"": {""dist"": ""LogNormal"", ""mu"": 0.5, ""sigma"": 0.5}, ""beehiiv"": {""dist"": ""LogNormal"", ""mu"": 0.5, ""sigma"": 0.5}, ""google"": {""dist"": ""LogNormal"", ""mu"": 0.5, ""sigma"": 1.0}, ""liveintent"": {""dist"": ""LogNormal"", ""mu"": 0.5, ""sigma"": 0.5}, ""meta"": {""dist"": ""LogNormal"", ""mu"": 0.5, ""sigma"": 0.5}, ""moloco"": {""dist"": ""LogNormal"", ""mu"": 0.5, ""sigma"": 0.5}, ""snapchat"": {""dist"": ""LogNormal"", ""mu"": 0.5, ""sigma"": 0.5}, ""tiktok"": {""dist"": ""LogNormal"", ""mu"": 0.5, ""sigma"": 0.5}}, ""run_mode"": ""roi_full"", ""structural_overrides"": {""adstock_decay_spec"": ""geometric"", ""alpha_m"": 0.51, ""ec_m"": 0.5, ""max_lag"": 4, ""slope_m"": 1.2}, ""sweep_type"": ""fixed_full_grid"", ""target_channel"": ""google"", ""two_layer_enabled"": false}",amazon,REVIEW,REVIEW:PriorPosteriorShift,PriorPosteriorShift,"amazon,beehiiv,liveintent",0.5121372402909522,0.5108662923254693,0.0012709479654828,0.0024816550437941,0.51,0.5,1.2,4,geometric,prior_sweep,roi_full,roi,non_revenue,revenue,__revenue_equiv__,100.0,google,fixed_full_grid,False,roi,roi,Revenue-equivalent ROI,0.5,1.0,LogNormal,target_channels,google,configured,,,,upload_1bc112d58beb_monthly_mocha,/Users/jasper/Documents/Intern/BlueAlpha/capstone-Blue_Alpha_1/backend/storage/uploads/upload_1bc112d58beb_monthly_mocha.csv,0.5,1.0,LogNormal,0.4840694861381271,0.0989534243941307,0.3617888689041137,1.4659758150577542,0.4854479350425896,0.095735415071249,0.3669735342264175,1.464639616012573,0.9966763435320488,0.5,0.5,LogNormal,0.0010916042045341,0.0364212503334582,15740.258094,8061.172341728484,8041.167292727739,-20.005049000745203,20.005049000745203,100.0,806117.2341728484,804116.7292727738,-2000.504900074564,2000.504900074564,False,0.0024816550437941976,-0.0024816550437941976,0.0024816550437942505,-0.0024816550437942505,0.002481655043794224,-0.002481655043794224,0.0,1.0,0,False,True,False,True,,0.002481655043794224,0.002481655043794224,,True,True,0.0
"multi|amazon,beehiiv,google,liveintent,meta,moloco,snapchat,tiktok|pmode=roi|rpk=100.0|target=google|mu=0.500000|sigma=1.000000|dist=LogNormal|0.500000|1.000000|LogNormal|alpha=0p51|ec=0p5|slope=1p2|lag=4|decay=geometric",google,"{""kpi_type"": ""non_revenue"", ""kpi_type_effective"": ""revenue"", ""prior_design_mode"": ""roi"", ""prior_grid_type"": ""roi"", ""revenue_per_kpi"": 100.0, ""roi_prior_overrides"": {""amazon"": {""dist"": ""LogNormal"", ""mu"": 0.5, ""sigma"": 0.5}, ""beehiiv"": {""dist"": ""LogNormal"", ""mu"": 0.5, ""sigma"": 0.5}, ""google"": {""dist"": ""LogNormal"", ""mu"": 0.5, ""sigma"": 1.0}, ""liveintent"": {""dist"": ""LogNormal"", ""mu"": 0.5, ""sigma"": 0.5}, ""meta"": {""dist"": ""LogNormal"", ""mu"": 0.5, ""sigma"": 0.5}, ""moloco"": {""dist"": ""LogNormal"", ""mu"": 0.5, ""sigma"": 0.5}, ""snapchat"": {""dist"": ""LogNormal"", ""mu"": 0.5, ""sigma"": 0.5}, ""tiktok"": {""dist"": ""LogNormal"", ""mu"": 0.5, ""sigma"": 0.5}}, ""run_mode"": ""roi_full"", ""structural_overrides"": {""adstock_decay_spec"": ""geometric"", ""alpha_m"": 0.51, ""ec_m"": 0.5, ""max_lag"": 4, ""slope_m"": 1.2}, ""sweep_type"": ""fixed_full_grid"", ""target_channel"": ""google"", ""two_layer_enabled"": false}",beehiiv,REVIEW,REVIEW:PriorPosteriorShift,PriorPosteriorShift,"amazon,beehiiv,liveintent",0.5170952036961293,0.5117181327628593,0.00537707093327,0.0103986091822848,0.51,0.5,1.2,4,geometric,prior_sweep,roi_full,roi,non_revenue,revenue,__revenue_equiv__,100.0,google,fixed_full_grid,False,roi,roi,Revenue-equivalent ROI,0.5,1.0,LogNormal,target_channels,google,configured,,,,upload_1bc112d58beb_monthly_mocha,/Users/jasper/Documents/Intern/BlueAlpha/capstone-Blue_Alpha_1/backend/storage/uploads/upload_1bc112d58beb_monthly_mocha.csv,0.5,1.0,LogNormal,0.5569061978983733,0.0888365499675273,0.3553869128227234,1.4882560491561885,0.5232604653293447,0.0852758415043354,0.3635886609554291,1.3683355569839473,0.911986498482326,0.5,0.5,LogNormal,0.0024063950909318,0.0226047269433552,328172.2732613,169696.3084894737,167931.70289781524,-1764.6055916584737,1764.6055916584737,100.0,16969630.848947372,16793170.289781522,-176460.55916585028,176460.55916585028,False,0.010398609182284803,-0.010398609182284803,0.01039860918228479,-0.01039860918228479,0.010398609182284796,-0.010398609182284796,0.0,1.0,0,False,True,False,True,,0.010398609182284796,0.010398609182284796,,True,True,0.0
"multi|amazon,beehiiv,google,liveintent,meta,moloco,snapchat,tiktok|pmode=roi|rpk=100.0|target=google|mu=0.500000|sigma=1.000000|dist=LogNormal|0.500000|1.000000|LogNormal|alpha=0p51|ec=0p5|slope=1p2|lag=4|decay=geometric",google,"{""kpi_type"": ""non_revenue"", ""kpi_type_effective"": ""revenue"", ""prior_design_mode"": ""roi"", ""prior_grid_type"": ""roi"", ""revenue_per_kpi"": 100.0, ""roi_prior_overrides"": {""amazon"": {""dist"": ""LogNormal"", ""mu"": 0.5, ""sigma"": 0.5}, ""beehiiv"": {""dist"": ""LogNormal"", ""mu"": 0.5, ""sigma"": 0.5}, ""google"": {""dist"": ""LogNormal"", ""mu"": 0.5, ""sigma"": 1.0}, ""liveintent"": {""dist"": ""LogNormal"", ""mu"": 0.5, ""sigma"": 0.5}, ""meta"": {""dist"": ""LogNormal"", ""mu"": 0.5, ""sigma"": 0.5}, ""moloco"": {""dist"": ""LogNormal"", ""mu"": 0.5, ""sigma"": 0.5}, ""snapchat"": {""dist"": ""LogNormal"", ""mu"": 0.5, ""sigma"": 0.5}, ""tiktok"": {""dist"": ""LogNormal"", ""mu"": 0.5, ""sigma"": 0.5}}, ""run_mode"": ""roi_full"", ""structural_overrides"": {""adstock_decay_spec"": ""geometric"", ""alpha_m"": 0.51, ""ec_m"": 0.5, ""max_lag"": 4, ""slope_m"": 1.2}, ""sweep_type"": ""fixed_full_grid"", ""target_channel"": ""google"", ""two_layer_enabled"": false}",google,REVIEW,REVIEW:PriorPosteriorShift,PriorPosteriorShift,"amazon,beehiiv,liveintent",0.3639935120598723,0.2245023033137355,0.1394912087461368,0.3832244370421422,0.51,0.5,1.2,4,geometric,prior_sweep,roi_full,roi,non_revenue,revenue,__revenue_equiv__,100.0,google,fixed_full_grid,False,roi,roi,Revenue-equivalent ROI,0.5,1.0,LogNormal,target_channels,google,configured,,,,upload_1bc112d58beb_monthly_mocha,/Users/jasper/Documents/Intern/BlueAlpha/capstone-Blue_Alpha_1/backend/storage/uploads/upload_1bc112d58beb_monthly_mocha.csv,0.5,1.0,LogNormal,0.2538866235360484,0.0906866624951362,0.2933306694030761,0.9025721818208694,0.2001504984907923,0.0268017434515058,0.1570542976260185,0.6521432697772979,0.6411002046695741,0.5,1.0,LogNormal,1.1666653044234088,0.2646714384538492,10298543.94665,3748603.180244072,2312046.836800653,-1436556.3434434189,1436556.3434434189,100.0,374860318.0244072,231204683.6800653,-143655634.3443419,143655634.3443419,False,0.3832244370421423,-0.3832244370421423,0.3832244370421423,-0.3832244370421423,0.3832244370421423,-0.3832244370421423,0.0,1.0,0,False,True,False,True,,0.3832244370421423,0.3832244370421423,,True,False,0.0
"multi|amazon,beehiiv,google,liveintent,meta,moloco,snapchat,tiktok|pmode=roi|rpk=100.0|target=google|mu=0.500000|sigma=1.000000|dist=LogNormal|0.500000|1.000000|LogNormal|alpha=0p51|ec=0p5|slope=1p2|lag=4|decay=geometric",google,"{""kpi_type"": ""non_revenue"", ""kpi_type_effective"": ""revenue"", ""prior_design_mode"": ""roi"", ""prior_grid_type"": ""roi"", ""revenue_per_kpi"": 100.0, ""roi_prior_overrides"": {""amazon"": {""dist"": ""LogNormal"", ""mu"": 0.5, ""sigma"": 0.5}, ""beehiiv"": {""dist"": ""LogNormal"", ""mu"": 0.5, ""sigma"": 0.5}, ""google"": {""dist"": ""LogNormal"", ""mu"": 0.5, ""sigma"": 1.0}, ""liveintent"": {""dist"": ""LogNormal"", ""mu"": 0.5, ""sigma"": 0.5}, ""meta"": {""dist"": ""LogNormal"", ""mu"": 0.5, ""sigma"": 0.5}, ""moloco"": {""dist"": ""LogNormal"", ""mu"": 0.5, ""sigma"": 0.5}, ""snapchat"": {""dist"": ""LogNormal"", ""mu"": 0.5, ""sigma"": 0.5}, ""tiktok"": {""dist"": ""LogNormal"", ""mu"": 0.5, ""sigma"": 0.5}}, ""run_mode"": ""roi_full"", ""structural_overrides"": {""adstock_decay_spec"": ""geometric"", ""alpha_m"": 0.51, ""ec_m"": 0.5, ""max_lag"": 4, ""slope_m"": 1.2}, ""sweep_type"": ""fixed_full_grid"", ""target_channel"": ""google"", ""two_layer_enabled"": false}",liveintent,REVIEW,REVIEW:PriorPosteriorShift,PriorPosteriorShift,"amazon,beehiiv,liveintent",0.5074958745824794,0.5130090274491037,0.0055131528666243,0.0108634437100796,0.51,0.5,1.2,4,geometric,prior_sweep,roi_full,roi,non_revenue,revenue,__revenue_equiv__,100.0,google,fixed_full_grid,False,roi,roi,Revenue-equivalent ROI,0.5,1.0,LogNormal,target_channels,google,configured,,,,upload_1bc112d58beb_monthly_mocha,/Users/jasper/Documents/Intern/BlueAlpha/capstone-Blue_Alpha_1/backend/storage/uploads/upload_1bc112d58beb_monthly_mocha.csv,0.5,1.0,LogNormal,0.4727192380468491,0.0905764039605856,0.3625864535570144,1.422901827096939,0.4975075463987415,0.086799519136548,0.352147489786148,1.493956911563873,0.9468204696264376,0.5,0.5,LogNormal,0.0003633603356353,0.0184816720545974,797987.173079,404975.1983073274,409374.62357811735,4399.425270789943,4399.425270789943,100.0,40497519.83073274,40937462.357811734,439942.5270789936,439942.5270789936,False,0.010863443710079537,0.010863443710079537,0.010863443710079523,0.010863443710079523,0.01086344371007953,0.01086344371007953,0.0,1.0,0,False,True,False,True,,0.01086344371007953,0.01086344371007953,,True,True,0.0
"multi|amazon,beehiiv,google,liveintent,meta,moloco,snapchat,tiktok|pmode=roi|rpk=100.0|target=google|mu=0.500000|sigma=1.000000|dist=LogNormal|0.500000|1.000000|LogNormal|alpha=0p51|ec=0p5|slope=1p2|lag=4|decay=geometric",google,"{""kpi_type"": ""non_revenue"", ""kpi_type_effective"": ""revenue"", ""prior_design_mode"": ""roi"", ""prior_grid_type"": ""roi"", ""revenue_per_kpi"": 100.0, ""roi_prior_overrides"": {""amazon"": {""dist"": ""LogNormal"", ""mu"": 0.5, ""sigma"": 0.5}, ""beehiiv"": {""dist"": ""LogNormal"", ""mu"": 0.5, ""sigma"": 0.5}, ""google"": {""dist"": ""LogNormal"", ""mu"": 0.5, ""sigma"": 1.0}, ""liveintent"": {""dist"": ""LogNormal"", ""mu"": 0.5, ""sigma"": 0.5}, ""meta"": {""dist"": ""LogNormal"", ""mu"": 0.5, ""sigma"": 0.5}, ""moloco"": {""dist"": ""LogNormal"", ""mu"": 0.5, ""sigma"": 0.5}, ""snapchat"": {""dist"": ""LogNormal"", ""mu"": 0.5, ""sigma"": 0.5}, ""tiktok"": {""dist"": ""LogNormal"", ""mu"": 0.5, ""sigma"": 0.5}}, ""run_mode"": ""roi_full"", ""structural_overrides"": {""adstock_decay_spec"": ""geometric"", ""alpha_m"": 0.51, ""ec_m"": 0.5, ""max_lag"": 4, ""slope_m"": 1.2}, ""sweep_type"": ""fixed_full_grid"", ""target_channel"": ""google"", ""two_layer_enabled"": false}",meta,REVIEW,REVIEW:PriorPosteriorShift,PriorPosteriorShift,"amazon,beehiiv,liveintent",0.4922159127285704,0.4819672076031566,0.0102487051254138,0.0208215639933311,0.51,0.5,1.2,4,geometric,prior_sweep,roi_full,roi,non_revenue,revenue,__revenue_equiv__,100.0,google,fixed_full_grid,False,roi,roi,Revenue-equivalent ROI,0.5,1.0,LogNormal,target_channels,google,configured,,,,upload_1bc112d58beb_monthly_mocha,/Users/jasper/Documents/Intern/BlueAlpha/capstone-Blue_Alpha_1/backend/storage/uploads/upload_1bc112d58beb_monthly_mocha.csv,0.5,1.0,LogNormal,0.4128178986318089,0.1016733910888433,0.3566605746746063,1.3128194272518148,0.4238412051222911,0.1000978630036115,0.3455488979816437,1.3379337072372433,0.978438329932848,0.5,0.5,LogNormal,0.0251823270822478,0.0303489502104573,840158.1265220001,413539.199082352,404928.6661849079,-8610.532897444093,8610.532897444093,100.0,41353919.9082352,40492866.61849079,-861053.2897444069,861053.2897444069,False,0.02082156399333112,-0.02082156399333112,0.020821563993331127,-0.020821563993331127,0.020821563993331123,-0.020821563993331123,0.0,1.0,0,False,True,False,True,,0.020821563993331123,0.020821563993331123,,True,False,0.0
"multi|amazon,beehiiv,google,liveintent,meta,moloco,snapchat,tiktok|pmode=roi|rpk=100.0|target=google|mu=0.500000|sigma=1.000000|dist=LogNormal|0.500000|1.000000|LogNormal|alpha=0p51|ec=0p5|slope=1p2|lag=4|decay=geometric",google,"{""kpi_type"": ""non_revenue"", ""kpi_type_effective"": ""revenue"", ""prior_design_mode"": ""roi"", ""prior_grid_type"": ""roi"", ""revenue_per_kpi"": 100.0, ""roi_prior_overrides"": {""amazon"": {""dist"": ""LogNormal"", ""mu"": 0.5, ""sigma"": 0.5}, ""beehiiv"": {""dist"": ""LogNormal"", ""mu"": 0.5, ""sigma"": 0.5}, ""google"": {""dist"": ""LogNormal"", ""mu"": 0.5, ""sigma"": 1.0}, ""liveintent"": {""dist"": ""LogNormal"", ""mu"": 0.5, ""sigma"": 0.5}, ""meta"": {""dist"": ""LogNormal"", ""mu"": 0.5, ""sigma"": 0.5}, ""moloco"": {""dist"": ""LogNormal"", ""mu"": 0.5, ""sigma"": 0.5}, ""snapchat"": {""dist"": ""LogNormal"", ""mu"": 0.5, ""sigma"": 0.5}, ""tiktok"": {""dist"": ""LogNormal"", ""mu"": 0.5, ""sigma"": 0.5}}, ""run_mode"": ""roi_full"", ""structural_overrides"": {""adstock_decay_spec"": ""geometric"", ""alpha_m"": 0.51, ""ec_m"": 0.5, ""max_lag"": 4, ""slope_m"": 1.2}, ""sweep_type"": ""fixed_full_grid"", ""target_channel"": ""google"", ""two_layer_enabled"": false}",moloco,REVIEW,REVIEW:PriorPosteriorShift,PriorPosteriorShift,"amazon,beehiiv,liveintent",0.5193671595243117,0.5350228344431768,0.0156556749188651,0.0301437521255756,0.51,0.5,1.2,4,geometric,prior_sweep,roi_full,roi,non_revenue,revenue,__revenue_equiv__,100.0,google,fixed_full_grid,False,roi,roi,Revenue-equivalent ROI,0.5,1.0,LogNormal,target_channels,google,configured,,,,upload_1bc112d58beb_monthly_mocha,/Users/jasper/Documents/Intern/BlueAlpha/capstone-Blue_Alpha_1/backend/storage/uploads/upload_1bc112d58beb_monthly_mocha.csv,0.5,1.0,LogNormal,0.4986959806994451,0.0960079569369554,0.3689096570014953,1.4562236905097956,0.5341015630558493,0.092881603911519,0.3823373913764953,1.5095891654491422,0.9601245666371192,0.5,0.5,LogNormal,0.0070042417401795,0.0275583236639092,842234.6095886,437428.9968350988,450614.7480882351,13185.751253136375,13185.751253136375,100.0,43742899.68350988,45061474.80882352,1318575.1253136396,1318575.1253136396,False,0.030143752125575546,0.030143752125575546,0.030143752125575386,0.030143752125575386,0.030143752125575466,0.030143752125575466,0.0,1.0,0,False,True,False,True,,0.030143752125575466,0.030143752125575466,,True,False,0.0
"multi|amazon,beehiiv,google,liveintent,meta,moloco,snapchat,tiktok|pmode=roi|rpk=100.0|target=google|mu=0.500000|sigma=1.000000|dist=LogNormal|0.500000|1.000000|LogNormal|alpha=0p51|ec=0p5|slope=1p2|lag=4|decay=geometric",google,"{""kpi_type"": ""non_revenue"", ""kpi_type_effective"": ""revenue"", ""prior_design_mode"": ""roi"", ""prior_grid_type"": ""roi"", ""revenue_per_kpi"": 100.0, ""roi_prior_overrides"": {""amazon"": {""dist"": ""LogNormal"", ""mu"": 0.5, ""sigma"": 0.5}, ""beehiiv"": {""dist"": ""LogNormal"", ""mu"": 0.5, ""sigma"": 0.5}, ""google"": {""dist"": ""LogNormal"", ""mu"": 0.5, ""sigma"": 1.0}, ""liveintent"": {""dist"": ""LogNormal"", ""mu"": 0.5, ""sigma"": 0.5}, ""meta"": {""dist"": ""LogNormal"", ""mu"": 0.5, ""sigma"": 0.5}, ""moloco"": {""dist"": ""LogNormal"", ""mu"": 0.5, ""sigma"": 0.5}, ""snapchat"": {""dist"": ""LogNormal"", ""mu"": 0.5, ""sigma"": 0.5}, ""tiktok"": {""dist"": ""LogNormal"", ""mu"": 0.5, ""sigma"": 0.5}}, ""run_mode"": ""roi_full"", ""structural_overrides"": {""adstock_decay_spec"": ""geometric"", ""alpha_m"": 0.51, ""ec_m"": 0.5, ""max_lag"": 4, ""slope_m"": 1.2}, ""sweep_type"": ""fixed_full_grid"", ""target_channel"": ""google"", ""two_layer_enabled"": false}",snapchat,REVIEW,REVIEW:PriorPosteriorShift,PriorPosteriorShift,"amazon,beehiiv,liveintent",0.5166618288556735,0.5109508208092302,0.0057110080464433,0.0110536674619302,0.51,0.5,1.2,4,geometric,prior_sweep,roi_full,roi,non_revenue,revenue,__revenue_equiv__,100.0,google,fixed_full_grid,False,roi,roi,Revenue-equivalent ROI,0.5,1.0,LogNormal,target_channels,google,configured,,,,upload_1bc112d58beb_monthly_mocha,/Users/jasper/Documents/Intern/BlueAlpha/capstone-Blue_Alpha_1/backend/storage/uploads/upload_1bc112d58beb_monthly_mocha.csv,0.5,1.0,LogNormal,0.4711478203533085,0.0951749168336391,0.3710568994283676,1.3794029116630553,0.4402917202886188,0.0886675551533699,0.3922571092844009,1.276242929697036,0.9150349890911464,0.5,0.5,LogNormal,0.0151240294039856,0.0256070379227297,4342436.908989999,2243571.395089151,2218771.7029607366,-24799.692128414288,24799.692128414288,100.0,224357139.5089151,221877170.29607365,-2479969.212841451,2479969.212841451,False,0.011053667461930207,-0.011053667461930207,0.011053667461930199,-0.011053667461930199,0.011053667461930202,-0.011053667461930202,0.0,1.0,0,False,True,False,True,,0.011053667461930202,0.011053667461930202,,True,False,0.0
"multi|amazon,beehiiv,google,liveintent,meta,moloco,snapchat,tiktok|pmode=roi|rpk=100.0|target=google|mu=0.500000|sigma=1.000000|dist=LogNormal|0.500000|1.000000|LogNormal|alpha=0p51|ec=0p5|slope=1p2|lag=4|decay=geometric",google,"{""kpi_type"": ""non_revenue"", ""kpi_type_effective"": ""revenue"", ""prior_design_mode"": ""roi"", ""prior_grid_type"": ""roi"", ""revenue_per_kpi"": 100.0, ""roi_prior_overrides"": {""amazon"": {""dist"": ""LogNormal"", ""mu"": 0.5, ""sigma"": 0.5}, ""beehiiv"": {""dist"": ""LogNormal"", ""mu"": 0.5, ""sigma"": 0.5}, ""google"": {""dist"": ""LogNormal"", ""mu"": 0.5, ""sigma"": 1.0}, ""liveintent"": {""dist"": ""LogNormal"", ""mu"": 0.5, ""sigma"": 0.5}, ""meta"": {""dist"": ""LogNormal"", ""mu"": 0.5, ""sigma"": 0.5}, ""moloco"": {""dist"": ""LogNormal"", ""mu"": 0.5, ""sigma"": 0.5}, ""snapchat"": {""dist"": ""LogNormal"", ""mu"": 0.5, ""sigma"": 0.5}, ""tiktok"": {""dist"": ""LogNormal"", ""mu"": 0.5, ""sigma"": 0.5}}, ""run_mode"": ""roi_full"", ""structural_overrides"": {""adstock_decay_spec"": ""geometric"", ""alpha_m"": 0.51, ""ec_m"": 0.5, ""max_lag"": 4, ""slope_m"": 1.2}, ""sweep_type"": ""fixed_full_grid"", ""target_channel"": ""google"", ""two_layer_enabled"": false}",tiktok,REVIEW,REVIEW:PriorPosteriorShift,PriorPosteriorShift,"amazon,beehiiv,liveintent",0.4454225514084101,0.447974405408216,0.0025518539998058,0.0057290633169269,0.51,0.5,1.2,4,geometric,prior_sweep,roi_full,roi,non_revenue,revenue,__revenue_equiv__,100.0,google,fixed_full_grid,False,roi,roi,Revenue-equivalent ROI,0.5,1.0,LogNormal,target_channels,google,configured,,,,upload_1bc112d58beb_monthly_mocha,/Users/jasper/Documents/Intern/BlueAlpha/capstone-Blue_Alpha_1/backend/storage/uploads/upload_1bc112d58beb_monthly_mocha.csv,0.5,1.0,LogNormal,0.389614058166092,0.0862870134413242,0.3261690884828567,1.226093351840973,0.3929397056231161,0.0903911307454109,0.3304001688957214,1.1997337579727172,0.9732729059788218,0.5,0.5,LogNormal,0.0551684686250462,0.0699701430169149,1752685.00913,780685.4285819572,785158.0248329054,4472.596250948147,4472.596250948147,100.0,78068542.85819572,78515802.48329054,447259.6250948161,447259.6250948161,False,0.005729063316926876,0.005729063316926876,0.0057290633169267725,0.0057290633169267725,0.005729063316926825,0.005729063316926825,0.0,1.0,0,False,True,False,True,,0.005729063316926825,0.005729063316926825,,True,False,0.0
"multi|amazon,beehiiv,google,liveintent,meta,moloco,snapchat,tiktok|pmode=roi|rpk=100.0|target=google|mu=1.000000|sigma=0.500000|dist=LogNormal|1.000000|0.500000|LogNormal|alpha=0p51|ec=0p5|slope=1p2|lag=4|decay=geometric",google,"{""kpi_type"": ""non_revenue"", ""kpi_type_effective"": ""revenue"", ""prior_design_mode"": ""roi"", ""prior_grid_type"": ""roi"", ""revenue_per_kpi"": 100.0, ""roi_prior_overrides"": {""amazon"": {""dist"": ""LogNormal"", ""mu"": 0.5, ""sigma"": 0.5}, ""beehiiv"": {""dist"": ""LogNormal"", ""mu"": 0.5, ""sigma"": 0.5}, ""google"": {""dist"": ""LogNormal"", ""mu"": 1.0, ""sigma"": 0.5}, ""liveintent"": {""dist"": ""LogNormal"", ""mu"": 0.5, ""sigma"": 0.5}, ""meta"": {""dist"": ""LogNormal"", ""mu"": 0.5, ""sigma"": 0.5}, ""moloco"": {""dist"": ""LogNormal"", ""mu"": 0.5, ""sigma"": 0.5}, ""snapchat"": {""dist"": ""LogNormal"", ""mu"": 0.5, ""sigma"": 0.5}, ""tiktok"": {""dist"": ""LogNormal"", ""mu"": 0.5, ""sigma"": 0.5}}, ""run_mode"": ""roi_full"", ""structural_overrides"": {""adstock_decay_spec"": ""geometric"", ""alpha_m"": 0.51, ""ec_m"": 0.5, ""max_lag"": 4, ""slope_m"": 1.2}, ""sweep_type"": ""fixed_full_grid"", ""target_channel"": ""google"", ""two_layer_enabled"": false}",amazon,REVIEW,REVIEW:PriorPosteriorShift,PriorPosteriorShift,"amazon,beehiiv,snapchat",0.5121372402909522,0.5069799413438887,0.0051572989470635,0.0100701502279615,0.51,0.5,1.2,4,geometric,prior_sweep,roi_full,roi,non_revenue,revenue,__revenue_equiv__,100.0,google,fixed_full_grid,False,roi,roi,Revenue-equivalent ROI,1.0,0.5,LogNormal,target_channels,google,configured,,,,upload_1bc112d58beb_monthly_mocha,/Users/jasper/Documents/Intern/BlueAlpha/capstone-Blue_Alpha_1/backend/storage/uploads/upload_1bc112d58beb_monthly_mocha.csv,1.0,0.5,LogNormal,0.4840694861381271,0.0989534243941307,0.3617888689041137,1.4659758150577542,0.4832549347031996,0.1013621468096971,0.3555733412504196,1.394864857196808,0.9462191103974368,0.5,0.5,LogNormal,0.0012318718868442,0.0315150069550983,15740.258094,8061.172341728484,7979.99512523379,-81.17721649469422,81.17721649469422,100.0,806117.2341728484,797999.512523379,-8117.721649469459,8117.721649469459,False,0.01007015022796152,-0.01007015022796152,0.010070150227961523,-0.010070150227961523,0.010070150227961521,-0.010070150227961521,1.0,0.0,0,True,False,False,True,0.010070150227961521,,0.010070150227961521,,True,True,0.0
"multi|amazon,beehiiv,google,liveintent,meta,moloco,snapchat,tiktok|pmode=roi|rpk=100.0|target=google|mu=1.000000|sigma=0.500000|dist=LogNormal|1.000000|0.500000|LogNormal|alpha=0p51|ec=0p5|slope=1p2|lag=4|decay=geometric",google,"{""kpi_type"": ""non_revenue"", ""kpi_type_effective"": ""revenue"", ""prior_design_mode"": ""roi"", ""prior_grid_type"": ""roi"", ""revenue_per_kpi"": 100.0, ""roi_prior_overrides"": {""amazon"": {""dist"": ""LogNormal"", ""mu"": 0.5, ""sigma"": 0.5}, ""beehiiv"": {""dist"": ""LogNormal"", ""mu"": 0.5, ""sigma"": 0.5}, ""google"": {""dist"": ""LogNormal"", ""mu"": 1.0, ""sigma"": 0.5}, ""liveintent"": {""dist"": ""LogNormal"", ""mu"": 0.5, ""sigma"": 0.5}, ""meta"": {""dist"": ""LogNormal"", ""mu"": 0.5, ""sigma"": 0.5}, ""moloco"": {""dist"": ""LogNormal"", ""mu"": 0.5, ""sigma"": 0.5}, ""snapchat"": {""dist"": ""LogNormal"", ""mu"": 0.5, ""sigma"": 0.5}, ""tiktok"": {""dist"": ""LogNormal"", ""mu"": 0.5, ""sigma"": 0.5}}, ""run_mode"": ""roi_full"", ""structural_overrides"": {""adstock_decay_spec"": ""geometric"", ""alpha_m"": 0.51, ""ec_m"": 0.5, ""max_lag"": 4, ""slope_m"": 1.2}, ""sweep_type"": ""fixed_full_grid"", ""target_channel"": ""google"", ""two_layer_enabled"": false}",beehiiv,REVIEW,REVIEW:PriorPosteriorShift,PriorPosteriorShift,"amazon,beehiiv,snapchat",0.5170952036961293,0.5149117043800652,0.002183499316064,0.0042226253511089,0.51,0.5,1.2,4,geometric,prior_sweep,roi_full,roi,non_revenue,revenue,__revenue_equiv__,100.0,google,fixed_full_grid,False,roi,roi,Revenue-equivalent ROI,1.0,0.5,LogNormal,target_channels,google,configured,,,,upload_1bc112d58beb_monthly_mocha,/Users/jasper/Documents/Intern/BlueAlpha/capstone-Blue_Alpha_1/backend/storage/uploads/upload_1bc112d58beb_monthly_mocha.csv,1.0,0.5,LogNormal,0.5569061978983733,0.0888365499675273,0.3553869128227234,1.4882560491561885,0.5314573835580872,0.0904954124242067,0.3519671410322189,1.4243195891380307,0.9531267625519956,0.5,0.5,LogNormal,0.004323704239075,0.0221310785867549,328172.2732613,169696.3084894737,168979.74455525647,-716.5639342172362,716.5639342172362,100.0,16969630.848947372,16897974.455525648,-71656.39342172444,71656.39342172444,False,0.004222625351108902,-0.004222625351108902,0.00422262535110883,-0.00422262535110883,0.004222625351108867,-0.004222625351108867,1.0,0.0,0,True,False,False,True,0.004222625351108867,,0.004222625351108867,,True,True,0.0
"multi|amazon,beehiiv,google,liveintent,meta,moloco,snapchat,tiktok|pmode=roi|rpk=100.0|target=google|mu=1.000000|sigma=0.500000|dist=LogNormal|1.000000|0.500000|LogNormal|alpha=0p51|ec=0p5|slope=1p2|lag=4|decay=geometric",google,"{""kpi_type"": ""non_revenue"", ""kpi_type_effective"": ""revenue"", ""prior_design_mode"": ""roi"", ""prior_grid_type"": ""roi"", ""revenue_per_kpi"": 100.0, ""roi_prior_overrides"": {""amazon"": {""dist"": ""LogNormal"", ""mu"": 0.5, ""sigma"": 0.5}, ""beehiiv"": {""dist"": ""LogNormal"", ""mu"": 0.5, ""sigma"": 0.5}, ""google"": {""dist"": ""LogNormal"", ""mu"": 1.0, ""sigma"": 0.5}, ""liveintent"": {""dist"": ""LogNormal"", ""mu"": 0.5, ""sigma"": 0.5}, ""meta"": {""dist"": ""LogNormal"", ""mu"": 0.5, ""sigma"": 0.5}, ""moloco"": {""dist"": ""LogNormal"", ""mu"": 0.5, ""sigma"": 0.5}, ""snapchat"": {""dist"": ""LogNormal"", ""mu"": 0.5, ""sigma"": 0.5}, ""tiktok"": {""dist"": ""LogNormal"", ""mu"": 0.5, ""sigma"": 0.5}}, ""run_mode"": ""roi_full"", ""structural_overrides"": {""adstock_decay_spec"": ""geometric"", ""alpha_m"": 0.51, ""ec_m"": 0.5, ""max_lag"": 4, ""slope_m"": 1.2}, ""sweep_type"": ""fixed_full_grid"", ""target_channel"": ""google"", ""two_layer_enabled"": false}",google,REVIEW,REVIEW:PriorPosteriorShift,PriorPosteriorShift,"amazon,beehiiv,snapchat",0.3639935120598723,0.8241665197287996,0.4601730076689273,1.2642340932528344,0.51,0.5,1.2,4,geometric,prior_sweep,roi_full,roi,non_revenue,revenue,__revenue_equiv__,100.0,google,fixed_full_grid,False,roi,roi,Revenue-equivalent ROI,1.0,0.5,LogNormal,target_channels,google,configured,,,,upload_1bc112d58beb_monthly_mocha,/Users/jasper/Documents/Intern/BlueAlpha/capstone-Blue_Alpha_1/backend/storage/uploads/upload_1bc112d58beb_monthly_mocha.csv,1.0,0.5,LogNormal,0.2538866235360484,0.0906866624951362,0.2933306694030761,0.9025721818208694,0.3244516343921756,0.386754347383976,0.7756633162498474,1.4232405900955198,0.3870896507473885,1.0,0.5,LogNormal,0.2048441716319022,0.1682836078743969,10298543.94665,3748603.180244072,8487715.122784628,4739111.942540556,4739111.942540556,100.0,374860318.0244072,848771512.2784628,473911194.2540555,473911194.2540555,False,1.2642340932528344,1.2642340932528344,1.2642340932528346,1.2642340932528346,1.2642340932528344,1.2642340932528344,1.0,0.0,0,True,False,False,True,1.2642340932528344,,1.2642340932528344,,True,False,0.0
"multi|amazon,beehiiv,google,liveintent,meta,moloco,snapchat,tiktok|pmode=roi|rpk=100.0|target=google|mu=1.000000|sigma=0.500000|dist=LogNormal|1.000000|0.500000|LogNormal|alpha=0p51|ec=0p5|slope=1p2|lag=4|decay=geometric",google,"{""kpi_type"": ""non_revenue"", ""kpi_type_effective"": ""revenue"", ""prior_design_mode"": ""roi"", ""prior_grid_type"": ""roi"", ""revenue_per_kpi"": 100.0, ""roi_prior_overrides"": {""amazon"": {""dist"": ""LogNormal"", ""mu"": 0.5, ""sigma"": 0.5}, ""beehiiv"": {""dist"": ""LogNormal"", ""mu"": 0.5, ""sigma"": 0.5}, ""google"": {""dist"": ""LogNormal"", ""mu"": 1.0, ""sigma"": 0.5}, ""liveintent"": {""dist"": ""LogNormal"", ""mu"": 0.5, ""sigma"": 0.5}, ""meta"": {""dist"": ""LogNormal"", ""mu"": 0.5, ""sigma"": 0.5}, ""moloco"": {""dist"": ""LogNormal"", ""mu"": 0.5, ""sigma"": 0.5}, ""snapchat"": {""dist"": ""LogNormal"", ""mu"": 0.5, ""sigma"": 0.5}, ""tiktok"": {""dist"": ""LogNormal"", ""mu"": 0.5, ""sigma"": 0.5}}, ""run_mode"": ""roi_full"", ""structural_overrides"": {""adstock_decay_spec"": ""geometric"", ""alpha_m"": 0.51, ""ec_m"": 0.5, ""max_lag"": 4, ""slope_m"": 1.2}, ""sweep_type"": ""fixed_full_grid"", ""target_channel"": ""google"", ""two_layer_enabled"": false}",liveintent,REVIEW,REVIEW:PriorPosteriorShift,PriorPosteriorShift,"amazon,beehiiv,snapchat",0.5074958745824794,0.5234423729870469,0.0159464984045675,0.0314219271588893,0.51,0.5,1.2,4,geometric,prior_sweep,roi_full,roi,non_revenue,revenue,__revenue_equiv__,100.0,google,fixed_full_grid,False,roi,roi,Revenue-equivalent ROI,1.0,0.5,LogNormal,target_channels,google,configured,,,,upload_1bc112d58beb_monthly_mocha,/Users/jasper/Documents/Intern/BlueAlpha/capstone-Blue_Alpha_1/backend/storage/uploads/upload_1bc112d58beb_monthly_mocha.csv,1.0,0.5,LogNormal,0.4727192380468491,0.0905764039605856,0.3625864535570144,1.422901827096939,0.5143182085916866,0.088052698969841,0.3522874116897583,1.5368626058101649,0.9195998845990714,0.5,0.5,LogNormal,0.001911470737016,0.0256421295681653,797987.173079,404975.1983073274,417700.29948969703,12725.101182369632,12725.101182369632,100.0,40497519.83073274,41770029.94896971,1272510.1182369664,1272510.1182369664,False,0.03142192715888937,0.03142192715888937,0.031421927158889404,0.031421927158889404,0.03142192715888939,0.03142192715888939,1.0,0.0,0,True,False,False,True,0.03142192715888939,,0.03142192715888939,,True,False,0.0
"multi|amazon,beehiiv,google,liveintent,meta,moloco,snapchat,tiktok|pmode=roi|rpk=100.0|target=google|mu=1.000000|sigma=0.500000|dist=LogNormal|1.000000|0.500000|LogNormal|alpha=0p51|ec=0p5|slope=1p2|lag=4|decay=geometric",google,"{""kpi_type"": ""non_revenue"", ""kpi_type_effective"": ""revenue"", ""prior_design_mode"": ""roi"", ""prior_grid_type"": ""roi"", ""revenue_per_kpi"": 100.0, ""roi_prior_overrides"": {""amazon"": {""dist"": ""LogNormal"", ""mu"": 0.5, ""sigma"": 0.5}, ""beehiiv"": {""dist"": ""LogNormal"", ""mu"": 0.5, ""sigma"": 0.5}, ""google"": {""dist"": ""LogNormal"", ""mu"": 1.0, ""sigma"": 0.5}, ""liveintent"": {""dist"": ""LogNormal"", ""mu"": 0.5, ""sigma"": 0.5}, ""meta"": {""dist"": ""LogNormal"", ""mu"": 0.5, ""sigma"": 0.5}, ""moloco"": {""dist"": ""LogNormal"", ""mu"": 0.5, ""sigma"": 0.5}, ""snapchat"": {""dist"": ""LogNormal"", ""mu"": 0.5, ""sigma"": 0.5}, ""tiktok"": {""dist"": ""LogNormal"", ""mu"": 0.5, ""sigma"": 0.5}}, ""run_mode"": ""roi_full"", ""structural_overrides"": {""adstock_decay_spec"": ""geometric"", ""alpha_m"": 0.51, ""ec_m"": 0.5, ""max_lag"": 4, ""slope_m"": 1.2}, ""sweep_type"": ""fixed_full_grid"", ""target_channel"": ""google"", ""two_layer_enabled"": false}",meta,REVIEW,REVIEW:PriorPosteriorShift,PriorPosteriorShift,"amazon,beehiiv,snapchat",0.4922159127285704,0.4932727125644063,0.0010567998358358,0.0021470249305381,0.51,0.5,1.2,4,geometric,prior_sweep,roi_full,roi,non_revenue,revenue,__revenue_equiv__,100.0,google,fixed_full_grid,False,roi,roi,Revenue-equivalent ROI,1.0,0.5,LogNormal,target_channels,google,configured,,,,upload_1bc112d58beb_monthly_mocha,/Users/jasper/Documents/Intern/BlueAlpha/capstone-Blue_Alpha_1/backend/storage/uploads/upload_1bc112d58beb_monthly_mocha.csv,1.0,0.5,LogNormal,0.4128178986318089,0.1016733910888433,0.3566605746746063,1.3128194272518148,0.4310322625210905,0.1053819324821233,0.3499024212360382,1.3592924356460565,0.9600979724307612,0.5,0.5,LogNormal,0.0200932915431923,0.027199723837793,840158.1265220001,413539.199082352,414427.07805253664,887.8789701846545,887.8789701846545,100.0,41353919.9082352,41442707.80525366,88787.89701846242,88787.89701846242,False,0.0021470249305382853,0.0021470249305382853,0.0021470249305383083,0.0021470249305383083,0.0021470249305382966,0.0021470249305382966,1.0,0.0,0,True,False,False,True,0.0021470249305382966,,0.0021470249305382966,,True,False,0.0
"multi|amazon,beehiiv,google,liveintent,meta,moloco,snapchat,tiktok|pmode=roi|rpk=100.0|target=google|mu=1.000000|sigma=0.500000|dist=LogNormal|1.000000|0.500000|LogNormal|alpha=0p51|ec=0p5|slope=1p2|lag=4|decay=geometric",google,"{""kpi_type"": ""non_revenue"", ""kpi_type_effective"": ""revenue"", ""prior_design_mode"": ""roi"", ""prior_grid_type"": ""roi"", ""revenue_per_kpi"": 100.0, ""roi_prior_overrides"": {""amazon"": {""dist"": ""LogNormal"", ""mu"": 0.5, ""sigma"": 0.5}, ""beehiiv"": {""dist"": ""LogNormal"", ""mu"": 0.5, ""sigma"": 0.5}, ""google"": {""dist"": ""LogNormal"", ""mu"": 1.0, ""sigma"": 0.5}, ""liveintent"": {""dist"": ""LogNormal"", ""mu"": 0.5, ""sigma"": 0.5}, ""meta"": {""dist"": ""LogNormal"", ""mu"": 0.5, ""sigma"": 0.5}, ""moloco"": {""dist"": ""LogNormal"", ""mu"": 0.5, ""sigma"": 0.5}, ""snapchat"": {""dist"": ""LogNormal"", ""mu"": 0.5, ""sigma"": 0.5}, ""tiktok"": {""dist"": ""LogNormal"", ""mu"": 0.5, ""sigma"": 0.5}}, ""run_mode"": ""roi_full"", ""structural_overrides"": {""adstock_decay_spec"": ""geometric"", ""alpha_m"": 0.51, ""ec_m"": 0.5, ""max_lag"": 4, ""slope_m"": 1.2}, ""sweep_type"": ""fixed_full_grid"", ""target_channel"": ""google"", ""two_layer_enabled"": false}",moloco,REVIEW,REVIEW:PriorPosteriorShift,PriorPosteriorShift,"amazon,beehiiv,snapchat",0.5193671595243117,0.538865935835056,0.0194987763107443,0.0375433370269373,0.51,0.5,1.2,4,geometric,prior_sweep,roi_full,roi,non_revenue,revenue,__revenue_equiv__,100.0,google,fixed_full_grid,False,roi,roi,Revenue-equivalent ROI,1.0,0.5,LogNormal,target_channels,google,configured,,,,upload_1bc112d58beb_monthly_mocha,/Users/jasper/Documents/Intern/BlueAlpha/capstone-Blue_Alpha_1/backend/storage/uploads/upload_1bc112d58beb_monthly_mocha.csv,1.0,0.5,LogNormal,0.4986959806994451,0.0960079569369554,0.3689096570014953,1.4562236905097956,0.5079436941995832,0.1042306464165449,0.3832216411828995,1.4938659369945526,0.967189130356106,0.5,0.5,LogNormal,0.0032722100674215,0.0328096898546292,842234.6095886,437428.9968350988,453851.541088634,16422.54425353522,16422.54425353522,100.0,43742899.68350988,45385154.1088634,1642254.4253535196,1642254.4253535196,False,0.03754333702693735,0.03754333702693735,0.03754333702693734,0.03754333702693734,0.037543337026937344,0.037543337026937344,1.0,0.0,0,True,False,False,True,0.037543337026937344,,0.037543337026937344,,True,False,0.0
"multi|amazon,beehiiv,google,liveintent,meta,moloco,snapchat,tiktok|pmode=roi|rpk=100.0|target=google|mu=1.000000|sigma=0.500000|dist=LogNormal|1.000000|0.500000|LogNormal|alpha=0p51|ec=0p5|slope=1p2|lag=4|decay=geometric",google,"{""kpi_type"": ""non_revenue"", ""kpi_type_effective"": ""revenue"", ""prior_design_mode"": ""roi"", ""prior_grid_type"": ""roi"", ""revenue_per_kpi"": 100.0, ""roi_prior_overrides"": {""amazon"": {""dist"": ""LogNormal"", ""mu"": 0.5, ""sigma"": 0.5}, ""beehiiv"": {""dist"": ""LogNormal"", ""mu"": 0.5, ""sigma"": 0.5}, ""google"": {""dist"": ""LogNormal"", ""mu"": 1.0, ""sigma"": 0.5}, ""liveintent"": {""dist"": ""LogNormal"", ""mu"": 0.5, ""sigma"": 0.5}, ""meta"": {""dist"": ""LogNormal"", ""mu"": 0.5, ""sigma"": 0.5}, ""moloco"": {""dist"": ""LogNormal"", ""mu"": 0.5, ""sigma"": 0.5}, ""snapchat"": {""dist"": ""LogNormal"", ""mu"": 0.5, ""sigma"": 0.5}, ""tiktok"": {""dist"": ""LogNormal"", ""mu"": 0.5, ""sigma"": 0.5}}, ""run_mode"": ""roi_full"", ""structural_overrides"": {""adstock_decay_spec"": ""geometric"", ""alpha_m"": 0.51, ""ec_m"": 0.5, ""max_lag"": 4, ""slope_m"": 1.2}, ""sweep_type"": ""fixed_full_grid"", ""target_channel"": ""google"", ""two_layer_enabled"": false}",snapchat,REVIEW,REVIEW:PriorPosteriorShift,PriorPosteriorShift,"amazon,beehiiv,snapchat",0.5166618288556735,0.497395484385391,0.0192663444702824,0.037290048140298,0.51,0.5,1.2,4,geometric,prior_sweep,roi_full,roi,non_revenue,revenue,__revenue_equiv__,100.0,google,fixed_full_grid,False,roi,roi,Revenue-equivalent ROI,1.0,0.5,LogNormal,target_channels,google,configured,,,,upload_1bc112d58beb_monthly_mocha,/Users/jasper/Documents/Intern/BlueAlpha/capstone-Blue_Alpha_1/backend/storage/uploads/upload_1bc112d58beb_monthly_mocha.csv,1.0,0.5,LogNormal,0.4711478203533085,0.0951749168336391,0.3710568994283676,1.3794029116630553,0.4272543170483517,0.094823644682765,0.3643805384635925,1.3468338668346405,0.9743726854188796,0.5,0.5,LogNormal,0.0223347420859738,0.020559371242374,4342436.908989999,2243571.395089151,2159908.509760081,-83662.88532907004,83662.88532907004,100.0,224357139.5089151,215990850.9760081,-8366288.532907009,8366288.532907009,False,0.037290048140298,-0.037290048140298,0.03729004814029802,-0.03729004814029802,0.037290048140298016,-0.037290048140298016,1.0,0.0,0,True,False,False,True,0.037290048140298016,,0.037290048140298016,,True,True,0.0
"multi|amazon,beehiiv,google,liveintent,meta,moloco,snapchat,tiktok|pmode=roi|rpk=100.0|target=google|mu=1.000000|sigma=0.500000|dist=LogNormal|1.000000|0.500000|LogNormal|alpha=0p51|ec=0p5|slope=1p2|lag=4|decay=geometric",google,"{""kpi_type"": ""non_revenue"", ""kpi_type_effective"": ""revenue"", ""prior_design_mode"": ""roi"", ""prior_grid_type"": ""roi"", ""revenue_per_kpi"": 100.0, ""roi_prior_overrides"": {""amazon"": {""dist"": ""LogNormal"", ""mu"": 0.5, ""sigma"": 0.5}, ""beehiiv"": {""dist"": ""LogNormal"", ""mu"": 0.5, ""sigma"": 0.5}, ""google"": {""dist"": ""LogNormal"", ""mu"": 1.0, ""sigma"": 0.5}, ""liveintent"": {""dist"": ""LogNormal"", ""mu"": 0.5, ""sigma"": 0.5}, ""meta"": {""dist"": ""LogNormal"", ""mu"": 0.5, ""sigma"": 0.5}, ""moloco"": {""dist"": ""LogNormal"", ""mu"": 0.5, ""sigma"": 0.5}, ""snapchat"": {""dist"": ""LogNormal"", ""mu"": 0.5, ""sigma"": 0.5}, ""tiktok"": {""dist"": ""LogNormal"", ""mu"": 0.5, ""sigma"": 0.5}}, ""run_mode"": ""roi_full"", ""structural_overrides"": {""adstock_decay_spec"": ""geometric"", ""alpha_m"": 0.51, ""ec_m"": 0.5, ""max_lag"": 4, ""slope_m"": 1.2}, ""sweep_type"": ""fixed_full_grid"", ""target_channel"": ""google"", ""two_layer_enabled"": false}",tiktok,REVIEW,REVIEW:PriorPosteriorShift,PriorPosteriorShift,"amazon,beehiiv,snapchat",0.4454225514084101,0.4341337112275262,0.0112888401808838,0.0253441145833074,0.51,0.5,1.2,4,geometric,prior_sweep,roi_full,roi,non_revenue,revenue,__revenue_equiv__,100.0,google,fixed_full_grid,False,roi,roi,Revenue-equivalent ROI,1.0,0.5,LogNormal,target_channels,google,configured,,,,upload_1bc112d58beb_monthly_mocha,/Users/jasper/Documents/Intern/BlueAlpha/capstone-Blue_Alpha_1/backend/storage/uploads/upload_1bc112d58beb_monthly_mocha.csv,1.0,0.5,LogNormal,0.389614058166092,0.0862870134413242,0.3261690884828567,1.226093351840973,0.3804796622701646,0.0818625170737505,0.3137217760086059,1.2213240146636957,0.9919650534966388,0.5,0.5,LogNormal,0.0713816553574169,0.083591251422099,1752685.00913,780685.4285819572,760899.6476264576,-19785.78095549962,19785.78095549962,100.0,78068542.85819572,76089964.76264577,-1978578.095549956,1978578.095549956,False,0.02534411458330742,-0.02534411458330742,0.025344114583307466,-0.025344114583307466,0.025344114583307445,-0.025344114583307445,1.0,0.0,0,True,False,False,True,0.025344114583307445,,0.025344114583307445,,True,False,0.0
"multi|amazon,beehiiv,google,liveintent,meta,moloco,snapchat,tiktok|pmode=roi|rpk=100.0|target=google|mu=1.000000|sigma=1.000000|dist=LogNormal|1.000000|1.000000|LogNormal|alpha=0p51|ec=0p5|slope=1p2|lag=4|decay=geometric",google,"{""kpi_type"": ""non_revenue"", ""kpi_type_effective"": ""revenue"", ""prior_design_mode"": ""roi"", ""prior_grid_type"": ""roi"", ""revenue_per_kpi"": 100.0, ""roi_prior_overrides"": {""amazon"": {""dist"": ""LogNormal"", ""mu"": 0.5, ""sigma"": 0.5}, ""beehiiv"": {""dist"": ""LogNormal"", ""mu"": 0.5, ""sigma"": 0.5}, ""google"": {""dist"": ""LogNormal"", ""mu"": 1.0, ""sigma"": 1.0}, ""liveintent"": {""dist"": ""LogNormal"", ""mu"": 0.5, ""sigma"": 0.5}, ""meta"": {""dist"": ""LogNormal"", ""mu"": 0.5, ""sigma"": 0.5}, ""moloco"": {""dist"": ""LogNormal"", ""mu"": 0.5, ""sigma"": 0.5}, ""snapchat"": {""dist"": ""LogNormal"", ""mu"": 0.5, ""sigma"": 0.5}, ""tiktok"": {""dist"": ""LogNormal"", ""mu"": 0.5, ""sigma"": 0.5}}, ""run_mode"": ""roi_full"", ""structural_overrides"": {""adstock_decay_spec"": ""geometric"", ""alpha_m"": 0.51, ""ec_m"": 0.5, ""max_lag"": 4, ""slope_m"": 1.2}, ""sweep_type"": ""fixed_full_grid"", ""target_channel"": ""google"", ""two_layer_enabled"": false}",amazon,REVIEW,REVIEW:PriorPosteriorShift,PriorPosteriorShift,"amazon,meta,snapchat",0.5121372402909522,0.5103073303913698,0.0018299098995824,0.0035730850163187,0.51,0.5,1.2,4,geometric,prior_sweep,roi_full,roi,non_revenue,revenue,__revenue_equiv__,100.0,google,fixed_full_grid,False,roi,roi,Revenue-equivalent ROI,1.0,1.0,LogNormal,target_channels,google,configured,,,,upload_1bc112d58beb_monthly_mocha,/Users/jasper/Documents/Intern/BlueAlpha/capstone-Blue_Alpha_1/backend/storage/uploads/upload_1bc112d58beb_monthly_mocha.csv,1.0,1.0,LogNormal,0.4840694861381271,0.0989534243941307,0.3617888689041137,1.4659758150577542,0.5067840911836061,0.0868839733302593,0.3549138754606247,1.4211485981941214,0.9587433800955318,0.5,0.5,LogNormal,0.0003957534600967,0.0354794319747379,15740.258094,8061.172341728484,8032.369087620291,-28.80325410819296,28.80325410819296,100.0,806117.2341728484,803236.9087620291,-2880.325410819263,2880.325410819263,False,0.0035730850163187312,-0.0035730850163187312,0.003573085016318723,-0.003573085016318723,0.003573085016318727,-0.003573085016318727,1.0,1.0,0,False,False,False,True,,,0.0017865425081593635,,True,True,0.0
"multi|amazon,beehiiv,google,liveintent,meta,moloco,snapchat,tiktok|pmode=roi|rpk=100.0|target=google|mu=1.000000|sigma=1.000000|dist=LogNormal|1.000000|1.000000|LogNormal|alpha=0p51|ec=0p5|slope=1p2|lag=4|decay=geometric",google,"{""kpi_type"": ""non_revenue"", ""kpi_type_effective"": ""revenue"", ""prior_design_mode"": ""roi"", ""prior_grid_type"": ""roi"", ""revenue_per_kpi"": 100.0, ""roi_prior_overrides"": {""amazon"": {""dist"": ""LogNormal"", ""mu"": 0.5, ""sigma"": 0.5}, ""beehiiv"": {""dist"": ""LogNormal"", ""mu"": 0.5, ""sigma"": 0.5}, ""google"": {""dist"": ""LogNormal"", ""mu"": 1.0, ""sigma"": 1.0}, ""liveintent"": {""dist"": ""LogNormal"", ""mu"": 0.5, ""sigma"": 0.5}, ""meta"": {""dist"": ""LogNormal"", ""mu"": 0.5, ""sigma"": 0.5}, ""moloco"": {""dist"": ""LogNormal"", ""mu"": 0.5, ""sigma"": 0.5}, ""snapchat"": {""dist"": ""LogNormal"", ""mu"": 0.5, ""sigma"": 0.5}, ""tiktok"": {""dist"": ""LogNormal"", ""mu"": 0.5, ""sigma"": 0.5}}, ""run_mode"": ""roi_full"", ""structural_overrides"": {""adstock_decay_spec"": ""geometric"", ""alpha_m"": 0.51, ""ec_m"": 0.5, ""max_lag"": 4, ""slope_m"": 1.2}, ""sweep_type"": ""fixed_full_grid"", ""target_channel"": ""google"", ""two_layer_enabled"": false}",beehiiv,REVIEW,REVIEW:PriorPosteriorShift,PriorPosteriorShift,"amazon,meta,snapchat",0.5170952036961293,0.5039634947339073,0.0131317089622219,0.0253951474861073,0.51,0.5,1.2,4,geometric,prior_sweep,roi_full,roi,non_revenue,revenue,__revenue_equiv__,100.0,google,fixed_full_grid,False,roi,roi,Revenue-equivalent ROI,1.0,1.0,LogNormal,target_channels,google,configured,,,,upload_1bc112d58beb_monthly_mocha,/Users/jasper/Documents/Intern/BlueAlpha/capstone-Blue_Alpha_1/backend/storage/uploads/upload_1bc112d58beb_monthly_mocha.csv,1.0,1.0,LogNormal,0.5569061978983733,0.0888365499675273,0.3553869128227234,1.4882560491561885,0.4765293371578203,0.093273863941431,0.3697121143341064,1.3248782098293304,0.8800823102736129,0.5,0.5,LogNormal,0.002270646136107,0.0340108632400698,328172.2732613,169696.3084894737,165386.84570753557,-4309.462781938142,4309.462781938142,100.0,16969630.848947372,16538684.570753558,-430946.2781938147,430946.2781938147,False,0.025395147486107366,-0.025395147486107366,0.02539514748610727,-0.02539514748610727,0.025395147486107317,-0.025395147486107317,1.0,1.0,0,False,False,False,True,,,0.012697573743053659,,True,False,0.0
"multi|amazon,beehiiv,google,liveintent,meta,moloco,snapchat,tiktok|pmode=roi|rpk=100.0|target=google|mu=1.000000|sigma=1.000000|dist=LogNormal|1.000000|1.000000|LogNormal|alpha=0p51|ec=0p5|slope=1p2|lag=4|decay=geometric",google,"{""kpi_type"": ""non_revenue"", ""kpi_type_effective"": ""revenue"", ""prior_design_mode"": ""roi"", ""prior_grid_type"": ""roi"", ""revenue_per_kpi"": 100.0, ""roi_prior_overrides"": {""amazon"": {""dist"": ""LogNormal"", ""mu"": 0.5, ""sigma"": 0.5}, ""beehiiv"": {""dist"": ""LogNormal"", ""mu"": 0.5, ""sigma"": 0.5}, ""google"": {""dist"": ""LogNormal"", ""mu"": 1.0, ""sigma"": 1.0}, ""liveintent"": {""dist"": ""LogNormal"", ""mu"": 0.5, ""sigma"": 0.5}, ""meta"": {""dist"": ""LogNormal"", ""mu"": 0.5, ""sigma"": 0.5}, ""moloco"": {""dist"": ""LogNormal"", ""mu"": 0.5, ""sigma"": 0.5}, ""snapchat"": {""dist"": ""LogNormal"", ""mu"": 0.5, ""sigma"": 0.5}, ""tiktok"": {""dist"": ""LogNormal"", ""mu"": 0.5, ""sigma"": 0.5}}, ""run_mode"": ""roi_full"", ""structural_overrides"": {""adstock_decay_spec"": ""geometric"", ""alpha_m"": 0.51, ""ec_m"": 0.5, ""max_lag"": 4, ""slope_m"": 1.2}, ""sweep_type"": ""fixed_full_grid"", ""target_channel"": ""google"", ""two_layer_enabled"": false}",google,REVIEW,REVIEW:PriorPosteriorShift,PriorPosteriorShift,"amazon,meta,snapchat",0.3639935120598723,0.6090232144016773,0.245029702341805,0.6731705215160559,0.51,0.5,1.2,4,geometric,prior_sweep,roi_full,roi,non_revenue,revenue,__revenue_equiv__,100.0,google,fixed_full_grid,False,roi,roi,Revenue-equivalent ROI,1.0,1.0,LogNormal,target_channels,google,configured,,,,upload_1bc112d58beb_monthly_mocha,/Users/jasper/Documents/Intern/BlueAlpha/capstone-Blue_Alpha_1/backend/storage/uploads/upload_1bc112d58beb_monthly_mocha.csv,1.0,1.0,LogNormal,0.2538866235360484,0.0906866624951362,0.2933306694030761,0.9025721818208694,0.3965855665671676,0.1510593794286251,0.5039894282817841,1.3929703533649442,0.5770730353616741,1.0,1.0,LogNormal,0.5799349357236963,0.3787602753949695,10298543.94665,3748603.180244072,6272052.338045719,2523449.157801647,2523449.157801647,100.0,374860318.0244072,627205233.8045719,252344915.78016463,252344915.78016463,False,0.6731705215160558,0.6731705215160558,0.6731705215160558,0.6731705215160558,0.6731705215160558,0.6731705215160558,1.0,1.0,0,False,False,False,True,,,0.3365852607580279,,True,False,0.0
"multi|amazon,beehiiv,google,liveintent,meta,moloco,snapchat,tiktok|pmode=roi|rpk=100.0|target=google|mu=1.000000|sigma=1.000000|dist=LogNormal|1.000000|1.000000|LogNormal|alpha=0p51|ec=0p5|slope=1p2|lag=4|decay=geometric",google,"{""kpi_type"": ""non_revenue"", ""kpi_type_effective"": ""revenue"", ""prior_design_mode"": ""roi"", ""prior_grid_type"": ""roi"", ""revenue_per_kpi"": 100.0, ""roi_prior_overrides"": {""amazon"": {""dist"": ""LogNormal"", ""mu"": 0.5, ""sigma"": 0.5}, ""beehiiv"": {""dist"": ""LogNormal"", ""mu"": 0.5, ""sigma"": 0.5}, ""google"": {""dist"": ""LogNormal"", ""mu"": 1.0, ""sigma"": 1.0}, ""liveintent"": {""dist"": ""LogNormal"", ""mu"": 0.5, ""sigma"": 0.5}, ""meta"": {""dist"": ""LogNormal"", ""mu"": 0.5, ""sigma"": 0.5}, ""moloco"": {""dist"": ""LogNormal"", ""mu"": 0.5, ""sigma"": 0.5}, ""snapchat"": {""dist"": ""LogNormal"", ""mu"": 0.5, ""sigma"": 0.5}, ""tiktok"": {""dist"": ""LogNormal"", ""mu"": 0.5, ""sigma"": 0.5}}, ""run_mode"": ""roi_full"", ""structural_overrides"": {""adstock_decay_spec"": ""geometric"", ""alpha_m"": 0.51, ""ec_m"": 0.5, ""max_lag"": 4, ""slope_m"": 1.2}, ""sweep_type"": ""fixed_full_grid"", ""target_channel"": ""google"", ""two_layer_enabled"": false}",liveintent,REVIEW,REVIEW:PriorPosteriorShift,PriorPosteriorShift,"amazon,meta,snapchat",0.5074958745824794,0.4742010579351335,0.0332948166473458,0.0656060833494217,0.51,0.5,1.2,4,geometric,prior_sweep,roi_full,roi,non_revenue,revenue,__revenue_equiv__,100.0,google,fixed_full_grid,False,roi,roi,Revenue-equivalent ROI,1.0,1.0,LogNormal,target_channels,google,configured,,,,upload_1bc112d58beb_monthly_mocha,/Users/jasper/Documents/Intern/BlueAlpha/capstone-Blue_Alpha_1/backend/storage/uploads/upload_1bc112d58beb_monthly_mocha.csv,1.0,1.0,LogNormal,0.4727192380468491,0.0905764039605856,0.3625864535570144,1.422901827096939,0.4401101412746153,0.0860594972968101,0.3410166054964065,1.2832257390022277,0.8921391165253982,0.5,0.5,LogNormal,0.0163081254851639,0.0405864262835448,797987.173079,404975.1983073274,378406.3616927283,-26568.836614599106,26568.836614599106,100.0,40497519.83073274,37840636.16927283,-2656883.661459908,2656883.661459908,False,0.06560608334942179,-0.06560608334942179,0.0656060833494217,-0.0656060833494217,0.06560608334942175,-0.06560608334942175,1.0,1.0,0,False,False,False,True,,,0.032803041674710876,,True,False,0.0
"multi|amazon,beehiiv,google,liveintent,meta,moloco,snapchat,tiktok|pmode=roi|rpk=100.0|target=google|mu=1.000000|sigma=1.000000|dist=LogNormal|1.000000|1.000000|LogNormal|alpha=0p51|ec=0p5|slope=1p2|lag=4|decay=geometric",google,"{""kpi_type"": ""non_revenue"", ""kpi_type_effective"": ""revenue"", ""prior_design_mode"": ""roi"", ""prior_grid_type"": ""roi"", ""revenue_per_kpi"": 100.0, ""roi_prior_overrides"": {""amazon"": {""dist"": ""LogNormal"", ""mu"": 0.5, ""sigma"": 0.5}, ""beehiiv"": {""dist"": ""LogNormal"", ""mu"": 0.5, ""sigma"": 0.5}, ""google"": {""dist"": ""LogNormal"", ""mu"": 1.0, ""sigma"": 1.0}, ""liveintent"": {""dist"": ""LogNormal"", ""mu"": 0.5, ""sigma"": 0.5}, ""meta"": {""dist"": ""LogNormal"", ""mu"": 0.5, ""sigma"": 0.5}, ""moloco"": {""dist"": ""LogNormal"", ""mu"": 0.5, ""sigma"": 0.5}, ""snapchat"": {""dist"": ""LogNormal"", ""mu"": 0.5, ""sigma"": 0.5}, ""tiktok"": {""dist"": ""LogNormal"", ""mu"": 0.5, ""sigma"": 0.5}}, ""run_mode"": ""roi_full"", ""structural_overrides"": {""adstock_decay_spec"": ""geometric"", ""alpha_m"": 0.51, ""ec_m"": 0.5, ""max_lag"": 4, ""slope_m"": 1.2}, ""sweep_type"": ""fixed_full_grid"", ""target_channel"": ""google"", ""two_layer_enabled"": false}",meta,REVIEW,REVIEW:PriorPosteriorShift,PriorPosteriorShift,"amazon,meta,snapchat",0.4922159127285704,0.4987869392552723,0.0065710265267018,0.0133498864152437,0.51,0.5,1.2,4,geometric,prior_sweep,roi_full,roi,non_revenue,revenue,__revenue_equiv__,100.0,google,fixed_full_grid,False,roi,roi,Revenue-equivalent ROI,1.0,1.0,LogNormal,target_channels,google,configured,,,,upload_1bc112d58beb_monthly_mocha,/Users/jasper/Documents/Intern/BlueAlpha/capstone-Blue_Alpha_1/backend/storage/uploads/upload_1bc112d58beb_monthly_mocha.csv,1.0,1.0,LogNormal,0.4128178986318089,0.1016733910888433,0.3566605746746063,1.3128194272518148,0.4405477913400453,0.0985464829951524,0.3658165037631988,1.3708171248435974,0.9519562869133982,0.5,0.5,LogNormal,0.0147568214788917,0.0269762634721013,840158.1265220001,413539.199082352,419059.9004183522,5520.701336000231,5520.701336000231,100.0,41353919.9082352,41905990.04183522,552070.1336000189,552070.1336000189,False,0.013349886415243626,0.013349886415243626,0.013349886415243652,0.013349886415243652,0.01334988641524364,0.01334988641524364,1.0,1.0,0,False,False,False,True,,,0.00667494320762182,,True,True,0.0
"multi|amazon,beehiiv,google,liveintent,meta,moloco,snapchat,tiktok|pmode=roi|rpk=100.0|target=google|mu=1.000000|sigma=1.000000|dist=LogNormal|1.000000|1.000000|LogNormal|alpha=0p51|ec=0p5|slope=1p2|lag=4|decay=geometric",google,"{""kpi_type"": ""non_revenue"", ""kpi_type_effective"": ""revenue"", ""prior_design_mode"": ""roi"", ""prior_grid_type"": ""roi"", ""revenue_per_kpi"": 100.0, ""roi_prior_overrides"": {""amazon"": {""dist"": ""LogNormal"", ""mu"": 0.5, ""sigma"": 0.5}, ""beehiiv"": {""dist"": ""LogNormal"", ""mu"": 0.5, ""sigma"": 0.5}, ""google"": {""dist"": ""LogNormal"", ""mu"": 1.0, ""sigma"": 1.0}, ""liveintent"": {""dist"": ""LogNormal"", ""mu"": 0.5, ""sigma"": 0.5}, ""meta"": {""dist"": ""LogNormal"", ""mu"": 0.5, ""sigma"": 0.5}, ""moloco"": {""dist"": ""LogNormal"", ""mu"": 0.5, ""sigma"": 0.5}, ""snapchat"": {""dist"": ""LogNormal"", ""mu"": 0.5, ""sigma"": 0.5}, ""tiktok"": {""dist"": ""LogNormal"", ""mu"": 0.5, ""sigma"": 0.5}}, ""run_mode"": ""roi_full"", ""structural_overrides"": {""adstock_decay_spec"": ""geometric"", ""alpha_m"": 0.51, ""ec_m"": 0.5, ""max_lag"": 4, ""slope_m"": 1.2}, ""sweep_type"": ""fixed_full_grid"", ""target_channel"": ""google"", ""two_layer_enabled"": false}",moloco,REVIEW,REVIEW:PriorPosteriorShift,PriorPosteriorShift,"amazon,meta,snapchat",0.5193671595243117,0.5378701975056902,0.0185030379813785,0.0356261223723222,0.51,0.5,1.2,4,geometric,prior_sweep,roi_full,roi,non_revenue,revenue,__revenue_equiv__,100.0,google,fixed_full_grid,False,roi,roi,Revenue-equivalent ROI,1.0,1.0,LogNormal,target_channels,google,configured,,,,upload_1bc112d58beb_monthly_mocha,/Users/jasper/Documents/Intern/BlueAlpha/capstone-Blue_Alpha_1/backend/storage/uploads/upload_1bc112d58beb_monthly_mocha.csv,1.0,1.0,LogNormal,0.4986959806994451,0.0960079569369554,0.3689096570014953,1.4562236905097956,0.5616301669665311,0.0942820060998201,0.3735272586345672,1.5462989449501032,0.9367767669775728,0.5,0.5,LogNormal,0.0174897236567005,0.029618646500079,842234.6095886,437428.9968350988,453012.8958055482,15583.898970449402,15583.898970449402,100.0,43742899.68350988,45301289.58055482,1558389.8970449418,1558389.8970449418,False,0.03562612237232224,0.03562612237232224,0.03562612237232227,0.03562612237232227,0.03562612237232225,0.03562612237232225,1.0,1.0,0,False,False,False,True,,,0.017813061186161126,,True,False,0.0
"multi|amazon,beehiiv,google,liveintent,meta,moloco,snapchat,tiktok|pmode=roi|rpk=100.0|target=google|mu=1.000000|sigma=1.000000|dist=LogNormal|1.000000|1.000000|LogNormal|alpha=0p51|ec=0p5|slope=1p2|lag=4|decay=geometric",google,"{""kpi_type"": ""non_revenue"", ""kpi_type_effective"": ""revenue"", ""prior_design_mode"": ""roi"", ""prior_grid_type"": ""roi"", ""revenue_per_kpi"": 100.0, ""roi_prior_overrides"": {""amazon"": {""dist"": ""LogNormal"", ""mu"": 0.5, ""sigma"": 0.5}, ""beehiiv"": {""dist"": ""LogNormal"", ""mu"": 0.5, ""sigma"": 0.5}, ""google"": {""dist"": ""LogNormal"", ""mu"": 1.0, ""sigma"": 1.0}, ""liveintent"": {""dist"": ""LogNormal"", ""mu"": 0.5, ""sigma"": 0.5}, ""meta"": {""dist"": ""LogNormal"", ""mu"": 0.5, ""sigma"": 0.5}, ""moloco"": {""dist"": ""LogNormal"", ""mu"": 0.5, ""sigma"": 0.5}, ""snapchat"": {""dist"": ""LogNormal"", ""mu"": 0.5, ""sigma"": 0.5}, ""tiktok"": {""dist"": ""LogNormal"", ""mu"": 0.5, ""sigma"": 0.5}}, ""run_mode"": ""roi_full"", ""structural_overrides"": {""adstock_decay_spec"": ""geometric"", ""alpha_m"": 0.51, ""ec_m"": 0.5, ""max_lag"": 4, ""slope_m"": 1.2}, ""sweep_type"": ""fixed_full_grid"", ""target_channel"": ""google"", ""two_layer_enabled"": false}",snapchat,REVIEW,REVIEW:PriorPosteriorShift,PriorPosteriorShift,"amazon,meta,snapchat",0.5166618288556735,0.4948831738469501,0.0217786550087233,0.0421526301971247,0.51,0.5,1.2,4,geometric,prior_sweep,roi_full,roi,non_revenue,revenue,__revenue_equiv__,100.0,google,fixed_full_grid,False,roi,roi,Revenue-equivalent ROI,1.0,1.0,LogNormal,target_channels,google,configured,,,,upload_1bc112d58beb_monthly_mocha,/Users/jasper/Documents/Intern/BlueAlpha/capstone-Blue_Alpha_1/backend/storage/uploads/upload_1bc112d58beb_monthly_mocha.csv,1.0,1.0,LogNormal,0.4711478203533085,0.0951749168336391,0.3710568994283676,1.3794029116630553,0.4677927305529475,0.0916478663682937,0.3496273458003998,1.3388076126575468,0.965737001278256,0.5,0.5,LogNormal,0.0042952253763781,0.0170679047107117,4342436.908989999,2243571.395089151,2148998.9597511105,-94572.43533804036,94572.43533804036,100.0,224357139.5089151,214899895.97511107,-9457243.53380403,9457243.53380403,False,0.042152630197124806,-0.042152630197124806,0.0421526301971248,-0.0421526301971248,0.0421526301971248,-0.0421526301971248,1.0,1.0,0,False,False,False,True,,,0.0210763150985624,,True,True,0.0
"multi|amazon,beehiiv,google,liveintent,meta,moloco,snapchat,tiktok|pmode=roi|rpk=100.0|target=google|mu=1.000000|sigma=1.000000|dist=LogNormal|1.000000|1.000000|LogNormal|alpha=0p51|ec=0p5|slope=1p2|lag=4|decay=geometric",google,"{""kpi_type"": ""non_revenue"", ""kpi_type_effective"": ""revenue"", ""prior_design_mode"": ""roi"", ""prior_grid_type"": ""roi"", ""revenue_per_kpi"": 100.0, ""roi_prior_overrides"": {""amazon"": {""dist"": ""LogNormal"", ""mu"": 0.5, ""sigma"": 0.5}, ""beehiiv"": {""dist"": ""LogNormal"", ""mu"": 0.5, ""sigma"": 0.5}, ""google"": {""dist"": ""LogNormal"", ""mu"": 1.0, ""sigma"": 1.0}, ""liveintent"": {""dist"": ""LogNormal"", ""mu"": 0.5, ""sigma"": 0.5}, ""meta"": {""dist"": ""LogNormal"", ""mu"": 0.5, ""sigma"": 0.5}, ""moloco"": {""dist"": ""LogNormal"", ""mu"": 0.5, ""sigma"": 0.5}, ""snapchat"": {""dist"": ""LogNormal"", ""mu"": 0.5, ""sigma"": 0.5}, ""tiktok"": {""dist"": ""LogNormal"", ""mu"": 0.5, ""sigma"": 0.5}}, ""run_mode"": ""roi_full"", ""structural_overrides"": {""adstock_decay_spec"": ""geometric"", ""alpha_m"": 0.51, ""ec_m"": 0.5, ""max_lag"": 4, ""slope_m"": 1.2}, ""sweep_type"": ""fixed_full_grid"", ""target_channel"": ""google"", ""two_layer_enabled"": false}",tiktok,REVIEW,REVIEW:PriorPosteriorShift,PriorPosteriorShift,"amazon,meta,snapchat",0.4454225514084101,0.4451332334134106,0.0002893179949994,0.0006495360283952,0.51,0.5,1.2,4,geometric,prior_sweep,roi_full,roi,non_revenue,revenue,__revenue_equiv__,100.0,google,fixed_full_grid,False,roi,roi,Revenue-equivalent ROI,1.0,1.0,LogNormal,target_channels,google,configured,,,,upload_1bc112d58beb_monthly_mocha,/Users/jasper/Documents/Intern/BlueAlpha/capstone-Blue_Alpha_1/backend/storage/uploads/upload_1bc112d58beb_monthly_mocha.csv,1.0,1.0,LogNormal,0.389614058166092,0.0862870134413242,0.3261690884828567,1.226093351840973,0.4003977652268603,0.0832933310419321,0.3212945163249969,1.207463634014129,0.9810785790753512,0.5,0.5,LogNormal,0.0488070972968621,0.0724673523636584,1752685.00913,780685.4285819572,780178.34526925,-507.08331270725466,507.08331270725466,100.0,78068542.85819572,78017834.526925,-50708.331270724535,50708.331270724535,False,0.0006495360283952166,-0.0006495360283952166,0.0006495360283953609,-0.0006495360283953609,0.0006495360283952888,-0.0006495360283952888,1.0,1.0,0,False,False,False,True,,,0.0003247680141976444,,True,False,0.0
"multi|amazon,beehiiv,google,liveintent,meta,moloco,snapchat,tiktok|pmode=roi|rpk=100.0|target=google|mu=1.500000|sigma=0.500000|dist=LogNormal|1.500000|0.500000|LogNormal|alpha=0p51|ec=0p5|slope=1p2|lag=4|decay=geometric",google,"{""kpi_type"": ""non_revenue"", ""kpi_type_effective"": ""revenue"", ""prior_design_mode"": ""roi"", ""prior_grid_type"": ""roi"", ""revenue_per_kpi"": 100.0, ""roi_prior_overrides"": {""amazon"": {""dist"": ""LogNormal"", ""mu"": 0.5, ""sigma"": 0.5}, ""beehiiv"": {""dist"": ""LogNormal"", ""mu"": 0.5, ""sigma"": 0.5}, ""google"": {""dist"": ""LogNormal"", ""mu"": 1.5, ""sigma"": 0.5}, ""liveintent"": {""dist"": ""LogNormal"", ""mu"": 0.5, ""sigma"": 0.5}, ""meta"": {""dist"": ""LogNormal"", ""mu"": 0.5, ""sigma"": 0.5}, ""moloco"": {""dist"": ""LogNormal"", ""mu"": 0.5, ""sigma"": 0.5}, ""snapchat"": {""dist"": ""LogNormal"", ""mu"": 0.5, ""sigma"": 0.5}, ""tiktok"": {""dist"": ""LogNormal"", ""mu"": 0.5, ""sigma"": 0.5}}, ""run_mode"": ""roi_full"", ""structural_overrides"": {""adstock_decay_spec"": ""geometric"", ""alpha_m"": 0.51, ""ec_m"": 0.5, ""max_lag"": 4, ""slope_m"": 1.2}, ""sweep_type"": ""fixed_full_grid"", ""target_channel"": ""google"", ""two_layer_enabled"": false}",amazon,REVIEW,REVIEW:PriorPosteriorShift,PriorPosteriorShift,"amazon,beehiiv,liveintent,snapchat",0.5121372402909522,0.4971215351577848,0.0150157051331674,0.0293196900202703,0.51,0.5,1.2,4,geometric,prior_sweep,roi_full,roi,non_revenue,revenue,__revenue_equiv__,100.0,google,fixed_full_grid,False,roi,roi,Revenue-equivalent ROI,1.5,0.5,LogNormal,target_channels,google,configured,,,,upload_1bc112d58beb_monthly_mocha,/Users/jasper/Documents/Intern/BlueAlpha/capstone-Blue_Alpha_1/backend/storage/uploads/upload_1bc112d58beb_monthly_mocha.csv,1.5,0.5,LogNormal,0.4840694861381271,0.0989534243941307,0.3617888689041137,1.4659758150577542,0.4605329369227756,0.0989240113645792,0.3485659807920456,1.4701185166835782,0.9969573137587764,0.5,0.5,LogNormal,0.0064214641234278,0.026560622193693,15740.258094,8061.172341728484,7824.821267469028,-236.35107425945623,236.35107425945623,100.0,806117.2341728484,782482.1267469027,-23635.107425945695,23635.107425945695,False,0.029319690020270316,-0.029319690020270316,0.02931969002027038,-0.02931969002027038,0.02931969002027035,-0.02931969002027035,2.0,0.0,0,True,False,False,True,0.014659845010135175,,0.014659845010135175,,True,True,0.0
"multi|amazon,beehiiv,google,liveintent,meta,moloco,snapchat,tiktok|pmode=roi|rpk=100.0|target=google|mu=1.500000|sigma=0.500000|dist=LogNormal|1.500000|0.500000|LogNormal|alpha=0p51|ec=0p5|slope=1p2|lag=4|decay=geometric",google,"{""kpi_type"": ""non_revenue"", ""kpi_type_effective"": ""revenue"", ""prior_design_mode"": ""roi"", ""prior_grid_type"": ""roi"", ""revenue_per_kpi"": 100.0, ""roi_prior_overrides"": {""amazon"": {""dist"": ""LogNormal"", ""mu"": 0.5, ""sigma"": 0.5}, ""beehiiv"": {""dist"": ""LogNormal"", ""mu"": 0.5, ""sigma"": 0.5}, ""google"": {""dist"": ""LogNormal"", ""mu"": 1.5, ""sigma"": 0.5}, ""liveintent"": {""dist"": ""LogNormal"", ""mu"": 0.5, ""sigma"": 0.5}, ""meta"": {""dist"": ""LogNormal"", ""mu"": 0.5, ""sigma"": 0.5}, ""moloco"": {""dist"": ""LogNormal"", ""mu"": 0.5, ""sigma"": 0.5}, ""snapchat"": {""dist"": ""LogNormal"", ""mu"": 0.5, ""sigma"": 0.5}, ""tiktok"": {""dist"": ""LogNormal"", ""mu"": 0.5, ""sigma"": 0.5}}, ""run_mode"": ""roi_full"", ""structural_overrides"": {""adstock_decay_spec"": ""geometric"", ""alpha_m"": 0.51, ""ec_m"": 0.5, ""max_lag"": 4, ""slope_m"": 1.2}, ""sweep_type"": ""fixed_full_grid"", ""target_channel"": ""google"", ""two_layer_enabled"": false}",beehiiv,REVIEW,REVIEW:PriorPosteriorShift,PriorPosteriorShift,"amazon,beehiiv,liveintent,snapchat",0.5170952036961293,0.4984123159603526,0.0186828877357766,0.0361304603141429,0.51,0.5,1.2,4,geometric,prior_sweep,roi_full,roi,non_revenue,revenue,__revenue_equiv__,100.0,google,fixed_full_grid,False,roi,roi,Revenue-equivalent ROI,1.5,0.5,LogNormal,target_channels,google,configured,,,,upload_1bc112d58beb_monthly_mocha,/Users/jasper/Documents/Intern/BlueAlpha/capstone-Blue_Alpha_1/backend/storage/uploads/upload_1bc112d58beb_monthly_mocha.csv,1.5,0.5,LogNormal,0.5569061978983733,0.0888365499675273,0.3553869128227234,1.4882560491561885,0.5023162631667524,0.0912027083337307,0.3535336554050445,1.410492122173309,0.9427404824675232,0.5,0.5,LogNormal,2.646875769252155e-05,0.0185833068867258,328172.2732613,169696.3084894737,163565.10275013823,-6131.205739335477,6131.205739335477,100.0,16969630.848947372,16356510.275013825,-613120.5739335492,613120.5739335492,False,0.03613046031414291,-0.03613046031414291,0.03613046031414288,-0.03613046031414288,0.036130460314142895,-0.036130460314142895,2.0,0.0,0,True,False,False,True,0.018065230157071448,,0.018065230157071448,,True,True,0.0
"multi|amazon,beehiiv,google,liveintent,meta,moloco,snapchat,tiktok|pmode=roi|rpk=100.0|target=google|mu=1.500000|sigma=0.500000|dist=LogNormal|1.500000|0.500000|LogNormal|alpha=0p51|ec=0p5|slope=1p2|lag=4|decay=geometric",google,"{""kpi_type"": ""non_revenue"", ""kpi_type_effective"": ""revenue"", ""prior_design_mode"": ""roi"", ""prior_grid_type"": ""roi"", ""revenue_per_kpi"": 100.0, ""roi_prior_overrides"": {""amazon"": {""dist"": ""LogNormal"", ""mu"": 0.5, ""sigma"": 0.5}, ""beehiiv"": {""dist"": ""LogNormal"", ""mu"": 0.5, ""sigma"": 0.5}, ""google"": {""dist"": ""LogNormal"", ""mu"": 1.5, ""sigma"": 0.5}, ""liveintent"": {""dist"": ""LogNormal"", ""mu"": 0.5, ""sigma"": 0.5}, ""meta"": {""dist"": ""LogNormal"", ""mu"": 0.5, ""sigma"": 0.5}, ""moloco"": {""dist"": ""LogNormal"", ""mu"": 0.5, ""sigma"": 0.5}, ""snapchat"": {""dist"": ""LogNormal"", ""mu"": 0.5, ""sigma"": 0.5}, ""tiktok"": {""dist"": ""LogNormal"", ""mu"": 0.5, ""sigma"": 0.5}}, ""run_mode"": ""roi_full"", ""structural_overrides"": {""adstock_decay_spec"": ""geometric"", ""alpha_m"": 0.51, ""ec_m"": 0.5, ""max_lag"": 4, ""slope_m"": 1.2}, ""sweep_type"": ""fixed_full_grid"", ""target_channel"": ""google"", ""two_layer_enabled"": false}",google,REVIEW,REVIEW:PriorPosteriorShift,PriorPosteriorShift,"amazon,beehiiv,liveintent,snapchat",0.3639935120598723,1.2857576224952936,0.9217641104354212,2.532364121599516,0.51,0.5,1.2,4,geometric,prior_sweep,roi_full,roi,non_revenue,revenue,__revenue_equiv__,100.0,google,fixed_full_grid,False,roi,roi,Revenue-equivalent ROI,1.5,0.5,LogNormal,target_channels,google,configured,,,,upload_1bc112d58beb_monthly_mocha,/Users/jasper/Documents/Intern/BlueAlpha/capstone-Blue_Alpha_1/backend/storage/uploads/upload_1bc112d58beb_monthly_mocha.csv,1.5,0.5,LogNormal,0.2538866235360484,0.0906866624951362,0.2933306694030761,0.9025721818208694,0.3580409833787537,0.7702485084533691,1.2636086344718933,1.9391539394855497,0.0715856185363169,1.5,0.5,LogNormal,0.1821469240574648,0.2065987540722232,10298543.94665,3748603.180244072,13241431.380008005,9492828.199763931,9492828.199763931,100.0,374860318.0244072,1324143138.0008004,949282819.9763932,949282819.9763932,False,2.532364121599516,2.532364121599516,2.5323641215995165,2.5323641215995165,2.5323641215995165,2.5323641215995165,2.0,0.0,0,True,False,False,True,1.2661820607997583,,1.2661820607997583,,True,False,0.0
"multi|amazon,beehiiv,google,liveintent,meta,moloco,snapchat,tiktok|pmode=roi|rpk=100.0|target=google|mu=1.500000|sigma=0.500000|dist=LogNormal|1.500000|0.500000|LogNormal|alpha=0p51|ec=0p5|slope=1p2|lag=4|decay=geometric",google,"{""kpi_type"": ""non_revenue"", ""kpi_type_effective"": ""revenue"", ""prior_design_mode"": ""roi"", ""prior_grid_type"": ""roi"", ""revenue_per_kpi"": 100.0, ""roi_prior_overrides"": {""amazon"": {""dist"": ""LogNormal"", ""mu"": 0.5, ""sigma"": 0.5}, ""beehiiv"": {""dist"": ""LogNormal"", ""mu"": 0.5, ""sigma"": 0.5}, ""google"": {""dist"": ""LogNormal"", ""mu"": 1.5, ""sigma"": 0.5}, ""liveintent"": {""dist"": ""LogNormal"", ""mu"": 0.5, ""sigma"": 0.5}, ""meta"": {""dist"": ""LogNormal"", ""mu"": 0.5, ""sigma"": 0.5}, ""moloco"": {""dist"": ""LogNormal"", ""mu"": 0.5, ""sigma"": 0.5}, ""snapchat"": {""dist"": ""LogNormal"", ""mu"": 0.5, ""sigma"": 0.5}, ""tiktok"": {""dist"": ""LogNormal"", ""mu"": 0.5, ""sigma"": 0.5}}, ""run_mode"": ""roi_full"", ""structural_overrides"": {""adstock_decay_spec"": ""geometric"", ""alpha_m"": 0.51, ""ec_m"": 0.5, ""max_lag"": 4, ""slope_m"": 1.2}, ""sweep_type"": ""fixed_full_grid"", ""target_channel"": ""google"", ""two_layer_enabled"": false}",liveintent,REVIEW,REVIEW:PriorPosteriorShift,PriorPosteriorShift,"amazon,beehiiv,liveintent,snapchat",0.5074958745824794,0.5074943625864883,1.5119959910769865e-06,2.979326664154236e-06,0.51,0.5,1.2,4,geometric,prior_sweep,roi_full,roi,non_revenue,revenue,__revenue_equiv__,100.0,google,fixed_full_grid,False,roi,roi,Revenue-equivalent ROI,1.5,0.5,LogNormal,target_channels,google,configured,,,,upload_1bc112d58beb_monthly_mocha,/Users/jasper/Documents/Intern/BlueAlpha/capstone-Blue_Alpha_1/backend/storage/uploads/upload_1bc112d58beb_monthly_mocha.csv,1.5,0.5,LogNormal,0.4727192380468491,0.0905764039605856,0.3625864535570144,1.422901827096939,0.489738655918836,0.0904976569116115,0.3425084948539734,1.462682425975799,0.9709519105397026,0.5,0.5,LogNormal,0.0005364380132478,0.0189939432171102,797987.173079,404975.1983073274,404973.9917539208,-1.2065534066059629,1.2065534066059629,100.0,40497519.83073274,40497399.17539208,-120.65534066408873,120.65534066408873,False,2.979326664124939e-06,-2.979326664124939e-06,2.9793266640747068e-06,-2.9793266640747068e-06,2.9793266640998226e-06,-2.9793266640998226e-06,2.0,0.0,0,True,False,False,True,1.4896633320499113e-06,,1.4896633320499113e-06,,True,True,0.0
"multi|amazon,beehiiv,google,liveintent,meta,moloco,snapchat,tiktok|pmode=roi|rpk=100.0|target=google|mu=1.500000|sigma=0.500000|dist=LogNormal|1.500000|0.500000|LogNormal|alpha=0p51|ec=0p5|slope=1p2|lag=4|decay=geometric",google,"{""kpi_type"": ""non_revenue"", ""kpi_type_effective"": ""revenue"", ""prior_design_mode"": ""roi"", ""prior_grid_type"": ""roi"", ""revenue_per_kpi"": 100.0, ""roi_prior_overrides"": {""amazon"": {""dist"": ""LogNormal"", ""mu"": 0.5, ""sigma"": 0.5}, ""beehiiv"": {""dist"": ""LogNormal"", ""mu"": 0.5, ""sigma"": 0.5}, ""google"": {""dist"": ""LogNormal"", ""mu"": 1.5, ""sigma"": 0.5}, ""liveintent"": {""dist"": ""LogNormal"", ""mu"": 0.5, ""sigma"": 0.5}, ""meta"": {""dist"": ""LogNormal"", ""mu"": 0.5, ""sigma"": 0.5}, ""moloco"": {""dist"": ""LogNormal"", ""mu"": 0.5, ""sigma"": 0.5}, ""snapchat"": {""dist"": ""LogNormal"", ""mu"": 0.5, ""sigma"": 0.5}, ""tiktok"": {""dist"": ""LogNormal"", ""mu"": 0.5, ""sigma"": 0.5}}, ""run_mode"": ""roi_full"", ""structural_overrides"": {""adstock_decay_spec"": ""geometric"", ""alpha_m"": 0.51, ""ec_m"": 0.5, ""max_lag"": 4, ""slope_m"": 1.2}, ""sweep_type"": ""fixed_full_grid"", ""target_channel"": ""google"", ""two_layer_enabled"": false}",meta,REVIEW,REVIEW:PriorPosteriorShift,PriorPosteriorShift,"amazon,beehiiv,liveintent,snapchat",0.4922159127285704,0.4966903308639303,0.0044744181353598,0.0090903565278013,0.51,0.5,1.2,4,geometric,prior_sweep,roi_full,roi,non_revenue,revenue,__revenue_equiv__,100.0,google,fixed_full_grid,False,roi,roi,Revenue-equivalent ROI,1.5,0.5,LogNormal,target_channels,google,configured,,,,upload_1bc112d58beb_monthly_mocha,/Users/jasper/Documents/Intern/BlueAlpha/capstone-Blue_Alpha_1/backend/storage/uploads/upload_1bc112d58beb_monthly_mocha.csv,1.5,0.5,LogNormal,0.4128178986318089,0.1016733910888433,0.3566605746746063,1.3128194272518148,0.4381762844357905,0.1070559553802013,0.3557862639427185,1.3631174564361568,0.9558596413386196,0.5,0.5,LogNormal,0.0160056134401274,0.0254511421317479,840158.1265220001,413539.199082352,417298.417840232,3759.2187578800367,3759.2187578800367,100.0,41353919.9082352,41729841.7840232,375921.8757880032,375921.8757880032,False,0.009090356527801371,0.009090356527801371,0.009090356527801437,0.009090356527801437,0.009090356527801404,0.009090356527801404,2.0,0.0,0,True,False,False,True,0.004545178263900702,,0.004545178263900702,,True,False,0.0
"multi|amazon,beehiiv,google,liveintent,meta,moloco,snapchat,tiktok|pmode=roi|rpk=100.0|target=google|mu=1.500000|sigma=0.500000|dist=LogNormal|1.500000|0.500000|LogNormal|alpha=0p51|ec=0p5|slope=1p2|lag=4|decay=geometric",google,"{""kpi_type"": ""non_revenue"", ""kpi_type_effective"": ""revenue"", ""prior_design_mode"": ""roi"", ""prior_grid_type"": ""roi"", ""revenue_per_kpi"": 100.0, ""roi_prior_overrides"": {""amazon"": {""dist"": ""LogNormal"", ""mu"": 0.5, ""sigma"": 0.5}, ""beehiiv"": {""dist"": ""LogNormal"", ""mu"": 0.5, ""sigma"": 0.5}, ""google"": {""dist"": ""LogNormal"", ""mu"": 1.5, ""sigma"": 0.5}, ""liveintent"": {""dist"": ""LogNormal"", ""mu"": 0.5, ""sigma"": 0.5}, ""meta"": {""dist"": ""LogNormal"", ""mu"": 0.5, ""sigma"": 0.5}, ""moloco"": {""dist"": ""LogNormal"", ""mu"": 0.5, ""sigma"": 0.5}, ""snapchat"": {""dist"": ""LogNormal"", ""mu"": 0.5, ""sigma"": 0.5}, ""tiktok"": {""dist"": ""LogNormal"", ""mu"": 0.5, ""sigma"": 0.5}}, ""run_mode"": ""roi_full"", ""structural_overrides"": {""adstock_decay_spec"": ""geometric"", ""alpha_m"": 0.51, ""ec_m"": 0.5, ""max_lag"": 4, ""slope_m"": 1.2}, ""sweep_type"": ""fixed_full_grid"", ""target_channel"": ""google"", ""two_layer_enabled"": false}",moloco,REVIEW,REVIEW:PriorPosteriorShift,PriorPosteriorShift,"amazon,beehiiv,liveintent,snapchat",0.5193671595243117,0.5194349416531623,6.778212885061308e-05,0.0001305090774563,0.51,0.5,1.2,4,geometric,prior_sweep,roi_full,roi,non_revenue,revenue,__revenue_equiv__,100.0,google,fixed_full_grid,False,roi,roi,Revenue-equivalent ROI,1.5,0.5,LogNormal,target_channels,google,configured,,,,upload_1bc112d58beb_monthly_mocha,/Users/jasper/Documents/Intern/BlueAlpha/capstone-Blue_Alpha_1/backend/storage/uploads/upload_1bc112d58beb_monthly_mocha.csv,1.5,0.5,LogNormal,0.4986959806994451,0.0960079569369554,0.3689096570014953,1.4562236905097956,0.4879754949447397,0.1003819622099399,0.3726224601268768,1.4465132951736448,0.98964546559674,0.5,0.5,LogNormal,0.0013385103542974,0.0178659317441664,842234.6095886,437428.9968350988,437486.0852899283,57.088454829587135,57.088454829587135,100.0,43742899.68350988,43748608.52899284,5708.845482960343,5708.845482960343,False,0.0001305090774562926,0.0001305090774562926,0.00013050907745617522,0.00013050907745617522,0.00013050907745623393,0.00013050907745623393,2.0,0.0,0,True,False,False,True,6.525453872811696e-05,,6.525453872811696e-05,,True,False,0.0
"multi|amazon,beehiiv,google,liveintent,meta,moloco,snapchat,tiktok|pmode=roi|rpk=100.0|target=google|mu=1.500000|sigma=0.500000|dist=LogNormal|1.500000|0.500000|LogNormal|alpha=0p51|ec=0p5|slope=1p2|lag=4|decay=geometric",google,"{""kpi_type"": ""non_revenue"", ""kpi_type_effective"": ""revenue"", ""prior_design_mode"": ""roi"", ""prior_grid_type"": ""roi"", ""revenue_per_kpi"": 100.0, ""roi_prior_overrides"": {""amazon"": {""dist"": ""LogNormal"", ""mu"": 0.5, ""sigma"": 0.5}, ""beehiiv"": {""dist"": ""LogNormal"", ""mu"": 0.5, ""sigma"": 0.5}, ""google"": {""dist"": ""LogNormal"", ""mu"": 1.5, ""sigma"": 0.5}, ""liveintent"": {""dist"": ""LogNormal"", ""mu"": 0.5, ""sigma"": 0.5}, ""meta"": {""dist"": ""LogNormal"", ""mu"": 0.5, ""sigma"": 0.5}, ""moloco"": {""dist"": ""LogNormal"", ""mu"": 0.5, ""sigma"": 0.5}, ""snapchat"": {""dist"": ""LogNormal"", ""mu"": 0.5, ""sigma"": 0.5}, ""tiktok"": {""dist"": ""LogNormal"", ""mu"": 0.5, ""sigma"": 0.5}}, ""run_mode"": ""roi_full"", ""structural_overrides"": {""adstock_decay_spec"": ""geometric"", ""alpha_m"": 0.51, ""ec_m"": 0.5, ""max_lag"": 4, ""slope_m"": 1.2}, ""sweep_type"": ""fixed_full_grid"", ""target_channel"": ""google"", ""two_layer_enabled"": false}",snapchat,REVIEW,REVIEW:PriorPosteriorShift,PriorPosteriorShift,"amazon,beehiiv,liveintent,snapchat",0.5166618288556735,0.4828304601507261,0.0338313687049473,0.0654806815898876,0.51,0.5,1.2,4,geometric,prior_sweep,roi_full,roi,non_revenue,revenue,__revenue_equiv__,100.0,google,fixed_full_grid,False,roi,roi,Revenue-equivalent ROI,1.5,0.5,LogNormal,target_channels,google,configured,,,,upload_1bc112d58beb_monthly_mocha,/Users/jasper/Documents/Intern/BlueAlpha/capstone-Blue_Alpha_1/backend/storage/uploads/upload_1bc112d58beb_monthly_mocha.csv,1.5,0.5,LogNormal,0.4711478203533085,0.0951749168336391,0.3710568994283676,1.3794029116630553,0.4035742849492205,0.0928723439574241,0.3603073954582214,1.2400459647178648,0.8898902805908159,0.5,0.5,LogNormal,0.0405815193135508,0.0204454096069664,4342436.908989999,2243571.395089151,2096660.8109431383,-146910.58414601255,146910.58414601255,100.0,224357139.5089151,209666081.09431383,-14691058.414601266,14691058.414601266,False,0.0654806815898876,-0.0654806815898876,0.06548068158988758,-0.06548068158988758,0.0654806815898876,-0.0654806815898876,2.0,0.0,0,True,False,False,True,0.0327403407949438,,0.0327403407949438,,True,True,0.0
"multi|amazon,beehiiv,google,liveintent,meta,moloco,snapchat,tiktok|pmode=roi|rpk=100.0|target=google|mu=1.500000|sigma=0.500000|dist=LogNormal|1.500000|0.500000|LogNormal|alpha=0p51|ec=0p5|slope=1p2|lag=4|decay=geometric",google,"{""kpi_type"": ""non_revenue"", ""kpi_type_effective"": ""revenue"", ""prior_design_mode"": ""roi"", ""prior_grid_type"": ""roi"", ""revenue_per_kpi"": 100.0, ""roi_prior_overrides"": {""amazon"": {""dist"": ""LogNormal"", ""mu"": 0.5, ""sigma"": 0.5}, ""beehiiv"": {""dist"": ""LogNormal"", ""mu"": 0.5, ""sigma"": 0.5}, ""google"": {""dist"": ""LogNormal"", ""mu"": 1.5, ""sigma"": 0.5}, ""liveintent"": {""dist"": ""LogNormal"", ""mu"": 0.5, ""sigma"": 0.5}, ""meta"": {""dist"": ""LogNormal"", ""mu"": 0.5, ""sigma"": 0.5}, ""moloco"": {""dist"": ""LogNormal"", ""mu"": 0.5, ""sigma"": 0.5}, ""snapchat"": {""dist"": ""LogNormal"", ""mu"": 0.5, ""sigma"": 0.5}, ""tiktok"": {""dist"": ""LogNormal"", ""mu"": 0.5, ""sigma"": 0.5}}, ""run_mode"": ""roi_full"", ""structural_overrides"": {""adstock_decay_spec"": ""geometric"", ""alpha_m"": 0.51, ""ec_m"": 0.5, ""max_lag"": 4, ""slope_m"": 1.2}, ""sweep_type"": ""fixed_full_grid"", ""target_channel"": ""google"", ""two_layer_enabled"": false}",tiktok,REVIEW,REVIEW:PriorPosteriorShift,PriorPosteriorShift,"amazon,beehiiv,liveintent,snapchat",0.4454225514084101,0.4214603027204672,0.0239622486879428,0.0537966670348754,0.51,0.5,1.2,4,geometric,prior_sweep,roi_full,roi,non_revenue,revenue,__revenue_equiv__,100.0,google,fixed_full_grid,False,roi,roi,Revenue-equivalent ROI,1.5,0.5,LogNormal,target_channels,google,configured,,,,upload_1bc112d58beb_monthly_mocha,/Users/jasper/Documents/Intern/BlueAlpha/capstone-Blue_Alpha_1/backend/storage/uploads/upload_1bc112d58beb_monthly_mocha.csv,1.5,0.5,LogNormal,0.389614058166092,0.0862870134413242,0.3261690884828567,1.226093351840973,0.3828238470335916,0.0819747600704431,0.3114475458860397,1.187260729074478,0.9622898566217606,0.5,0.5,LogNormal,0.0724783082704498,0.0967316005273333,1752685.00913,780685.4285819572,738687.1545215547,-41998.27406040253,41998.27406040253,100.0,78068542.85819572,73868715.45215547,-4199827.406040251,4199827.406040251,False,0.05379666703487536,-0.05379666703487536,0.05379666703487537,-0.05379666703487537,0.053796667034875366,-0.053796667034875366,2.0,0.0,0,True,False,False,True,0.026898333517437683,,0.026898333517437683,,True,False,0.0
"multi|amazon,beehiiv,google,liveintent,meta,moloco,snapchat,tiktok|pmode=roi|rpk=100.0|target=google|mu=1.500000|sigma=1.000000|dist=LogNormal|1.500000|1.000000|LogNormal|alpha=0p51|ec=0p5|slope=1p2|lag=4|decay=geometric",google,"{""kpi_type"": ""non_revenue"", ""kpi_type_effective"": ""revenue"", ""prior_design_mode"": ""roi"", ""prior_grid_type"": ""roi"", ""revenue_per_kpi"": 100.0, ""roi_prior_overrides"": {""amazon"": {""dist"": ""LogNormal"", ""mu"": 0.5, ""sigma"": 0.5}, ""beehiiv"": {""dist"": ""LogNormal"", ""mu"": 0.5, ""sigma"": 0.5}, ""google"": {""dist"": ""LogNormal"", ""mu"": 1.5, ""sigma"": 1.0}, ""liveintent"": {""dist"": ""LogNormal"", ""mu"": 0.5, ""sigma"": 0.5}, ""meta"": {""dist"": ""LogNormal"", ""mu"": 0.5, ""sigma"": 0.5}, ""moloco"": {""dist"": ""LogNormal"", ""mu"": 0.5, ""sigma"": 0.5}, ""snapchat"": {""dist"": ""LogNormal"", ""mu"": 0.5, ""sigma"": 0.5}, ""tiktok"": {""dist"": ""LogNormal"", ""mu"": 0.5, ""sigma"": 0.5}}, ""run_mode"": ""roi_full"", ""structural_overrides"": {""adstock_decay_spec"": ""geometric"", ""alpha_m"": 0.51, ""ec_m"": 0.5, ""max_lag"": 4, ""slope_m"": 1.2}, ""sweep_type"": ""fixed_full_grid"", ""target_channel"": ""google"", ""two_layer_enabled"": false}",amazon,REVIEW,REVIEW:PriorPosteriorShift,PriorPosteriorShift,"amazon,liveintent,snapchat",0.5121372402909522,0.5006290709165235,0.0115081693744286,0.0224708700501661,0.51,0.5,1.2,4,geometric,prior_sweep,roi_full,roi,non_revenue,revenue,__revenue_equiv__,100.0,google,fixed_full_grid,False,roi,roi,Revenue-equivalent ROI,1.5,1.0,LogNormal,target_channels,google,configured,,,,upload_1bc112d58beb_monthly_mocha,/Users/jasper/Documents/Intern/BlueAlpha/capstone-Blue_Alpha_1/backend/storage/uploads/upload_1bc112d58beb_monthly_mocha.csv,1.5,1.0,LogNormal,0.4840694861381271,0.0989534243941307,0.3617888689041137,1.4659758150577542,0.4852728116497966,0.0898746278136968,0.3629790842533111,1.3496828854084004,0.908893526586608,0.5,0.5,LogNormal,0.0008770622939774,0.0234400014441306,15740.258094,8061.172341728484,7880.03078558551,-181.14155614297397,181.14155614297397,100.0,806117.2341728484,788003.078558551,-18114.15561429737,18114.15561429737,False,0.02247087005016608,-0.02247087005016608,0.022470870050166108,-0.022470870050166108,0.022470870050166094,-0.022470870050166094,2.0,1.0,0,False,False,False,True,,,0.007490290016722031,,True,True,0.0
"multi|amazon,beehiiv,google,liveintent,meta,moloco,snapchat,tiktok|pmode=roi|rpk=100.0|target=google|mu=1.500000|sigma=1.000000|dist=LogNormal|1.500000|1.000000|LogNormal|alpha=0p51|ec=0p5|slope=1p2|lag=4|decay=geometric",google,"{""kpi_type"": ""non_revenue"", ""kpi_type_effective"": ""revenue"", ""prior_design_mode"": ""roi"", ""prior_grid_type"": ""roi"", ""revenue_per_kpi"": 100.0, ""roi_prior_overrides"": {""amazon"": {""dist"": ""LogNormal"", ""mu"": 0.5, ""sigma"": 0.5}, ""beehiiv"": {""dist"": ""LogNormal"", ""mu"": 0.5, ""sigma"": 0.5}, ""google"": {""dist"": ""LogNormal"", ""mu"": 1.5, ""sigma"": 1.0}, ""liveintent"": {""dist"": ""LogNormal"", ""mu"": 0.5, ""sigma"": 0.5}, ""meta"": {""dist"": ""LogNormal"", ""mu"": 0.5, ""sigma"": 0.5}, ""moloco"": {""dist"": ""LogNormal"", ""mu"": 0.5, ""sigma"": 0.5}, ""snapchat"": {""dist"": ""LogNormal"", ""mu"": 0.5, ""sigma"": 0.5}, ""tiktok"": {""dist"": ""LogNormal"", ""mu"": 0.5, ""sigma"": 0.5}}, ""run_mode"": ""roi_full"", ""structural_overrides"": {""adstock_decay_spec"": ""geometric"", ""alpha_m"": 0.51, ""ec_m"": 0.5, ""max_lag"": 4, ""slope_m"": 1.2}, ""sweep_type"": ""fixed_full_grid"", ""target_channel"": ""google"", ""two_layer_enabled"": false}",beehiiv,REVIEW,REVIEW:PriorPosteriorShift,PriorPosteriorShift,"amazon,liveintent,snapchat",0.5170952036961293,0.5587033185657735,0.0416081148696442,0.0804650953484673,0.51,0.5,1.2,4,geometric,prior_sweep,roi_full,roi,non_revenue,revenue,__revenue_equiv__,100.0,google,fixed_full_grid,False,roi,roi,Revenue-equivalent ROI,1.5,1.0,LogNormal,target_channels,google,configured,,,,upload_1bc112d58beb_monthly_mocha,/Users/jasper/Documents/Intern/BlueAlpha/capstone-Blue_Alpha_1/backend/storage/uploads/upload_1bc112d58beb_monthly_mocha.csv,1.5,1.0,LogNormal,0.5569061978983733,0.0888365499675273,0.3553869128227234,1.4882560491561885,0.7360523354130895,0.0837887860834598,0.3736742734909057,1.4861307501792895,0.9948926806273342,0.5,0.5,LogNormal,0.2037451144785385,0.0608772548848999,328172.2732613,169696.3084894737,183350.93813236215,13654.629642888438,13654.629642888438,100.0,16969630.848947372,18335093.813236214,1365462.964288842,1365462.964288842,False,0.08046509534846741,0.08046509534846741,0.0804650953484674,0.0804650953484674,0.08046509534846741,0.08046509534846741,2.0,1.0,0,False,False,False,True,,,0.026821698449489135,,True,False,0.0
"multi|amazon,beehiiv,google,liveintent,meta,moloco,snapchat,tiktok|pmode=roi|rpk=100.0|target=google|mu=1.500000|sigma=1.000000|dist=LogNormal|1.500000|1.000000|LogNormal|alpha=0p51|ec=0p5|slope=1p2|lag=4|decay=geometric",google,"{""kpi_type"": ""non_revenue"", ""kpi_type_effective"": ""revenue"", ""prior_design_mode"": ""roi"", ""prior_grid_type"": ""roi"", ""revenue_per_kpi"": 100.0, ""roi_prior_overrides"": {""amazon"": {""dist"": ""LogNormal"", ""mu"": 0.5, ""sigma"": 0.5}, ""beehiiv"": {""dist"": ""LogNormal"", ""mu"": 0.5, ""sigma"": 0.5}, ""google"": {""dist"": ""LogNormal"", ""mu"": 1.5, ""sigma"": 1.0}, ""liveintent"": {""dist"": ""LogNormal"", ""mu"": 0.5, ""sigma"": 0.5}, ""meta"": {""dist"": ""LogNormal"", ""mu"": 0.5, ""sigma"": 0.5}, ""moloco"": {""dist"": ""LogNormal"", ""mu"": 0.5, ""sigma"": 0.5}, ""snapchat"": {""dist"": ""LogNormal"", ""mu"": 0.5, ""sigma"": 0.5}, ""tiktok"": {""dist"": ""LogNormal"", ""mu"": 0.5, ""sigma"": 0.5}}, ""run_mode"": ""roi_full"", ""structural_overrides"": {""adstock_decay_spec"": ""geometric"", ""alpha_m"": 0.51, ""ec_m"": 0.5, ""max_lag"": 4, ""slope_m"": 1.2}, ""sweep_type"": ""fixed_full_grid"", ""target_channel"": ""google"", ""two_layer_enabled"": false}",google,REVIEW,REVIEW:PriorPosteriorShift,PriorPosteriorShift,"amazon,liveintent,snapchat",0.3639935120598723,1.0579935055226088,0.6939999934627366,1.9066273723817977,0.51,0.5,1.2,4,geometric,prior_sweep,roi_full,roi,non_revenue,revenue,__revenue_equiv__,100.0,google,fixed_full_grid,False,roi,roi,Revenue-equivalent ROI,1.5,1.0,LogNormal,target_channels,google,configured,,,,upload_1bc112d58beb_monthly_mocha,/Users/jasper/Documents/Intern/BlueAlpha/capstone-Blue_Alpha_1/backend/storage/uploads/upload_1bc112d58beb_monthly_mocha.csv,1.5,1.0,LogNormal,0.2538866235360484,0.0906866624951362,0.2933306694030761,0.9025721818208694,0.4960634115074037,0.3835900798439979,0.9805493950843812,2.0234144806861876,0.2685231190300846,1.5,1.0,LogNormal,0.4217758393460069,0.4278881419957776,10298543.94665,3748603.180244072,10895792.611894878,7147189.431650806,7147189.431650806,100.0,374860318.0244072,1089579261.1894877,714718943.1650805,714718943.1650805,False,1.906627372381798,1.906627372381798,1.906627372381798,1.906627372381798,1.906627372381798,1.906627372381798,2.0,1.0,0,False,False,False,True,,,0.6355424574605993,,True,False,0.0
"multi|amazon,beehiiv,google,liveintent,meta,moloco,snapchat,tiktok|pmode=roi|rpk=100.0|target=google|mu=1.500000|sigma=1.000000|dist=LogNormal|1.500000|1.000000|LogNormal|alpha=0p51|ec=0p5|slope=1p2|lag=4|decay=geometric",google,"{""kpi_type"": ""non_revenue"", ""kpi_type_effective"": ""revenue"", ""prior_design_mode"": ""roi"", ""prior_grid_type"": ""roi"", ""revenue_per_kpi"": 100.0, ""roi_prior_overrides"": {""amazon"": {""dist"": ""LogNormal"", ""mu"": 0.5, ""sigma"": 0.5}, ""beehiiv"": {""dist"": ""LogNormal"", ""mu"": 0.5, ""sigma"": 0.5}, ""google"": {""dist"": ""LogNormal"", ""mu"": 1.5, ""sigma"": 1.0}, ""liveintent"": {""dist"": ""LogNormal"", ""mu"": 0.5, ""sigma"": 0.5}, ""meta"": {""dist"": ""LogNormal"", ""mu"": 0.5, ""sigma"": 0.5}, ""moloco"": {""dist"": ""LogNormal"", ""mu"": 0.5, ""sigma"": 0.5}, ""snapchat"": {""dist"": ""LogNormal"", ""mu"": 0.5, ""sigma"": 0.5}, ""tiktok"": {""dist"": ""LogNormal"", ""mu"": 0.5, ""sigma"": 0.5}}, ""run_mode"": ""roi_full"", ""structural_overrides"": {""adstock_decay_spec"": ""geometric"", ""alpha_m"": 0.51, ""ec_m"": 0.5, ""max_lag"": 4, ""slope_m"": 1.2}, ""sweep_type"": ""fixed_full_grid"", ""target_channel"": ""google"", ""two_layer_enabled"": false}",liveintent,REVIEW,REVIEW:PriorPosteriorShift,PriorPosteriorShift,"amazon,liveintent,snapchat",0.5074958745824794,0.5194443227257579,0.0119484481432785,0.0235439315701011,0.51,0.5,1.2,4,geometric,prior_sweep,roi_full,roi,non_revenue,revenue,__revenue_equiv__,100.0,google,fixed_full_grid,False,roi,roi,Revenue-equivalent ROI,1.5,1.0,LogNormal,target_channels,google,configured,,,,upload_1bc112d58beb_monthly_mocha,/Users/jasper/Documents/Intern/BlueAlpha/capstone-Blue_Alpha_1/backend/storage/uploads/upload_1bc112d58beb_monthly_mocha.csv,1.5,1.0,LogNormal,0.4727192380468491,0.0905764039605856,0.3625864535570144,1.422901827096939,0.5440373922254803,0.0873739354312419,0.3608172088861465,1.4853609085082995,0.9530313577985788,0.5,0.5,LogNormal,0.0082996498713652,0.0241466544482731,797987.173079,404975.1983073274,414509.9066638633,9534.708356535875,9534.708356535875,100.0,40497519.83073274,41450990.66638633,953470.8356535882,953470.8356535882,False,0.023543931570101203,0.023543931570101203,0.023543931570101193,0.023543931570101193,0.0235439315701012,0.0235439315701012,2.0,1.0,0,False,False,False,True,,,0.007847977190033733,,True,True,0.0
"multi|amazon,beehiiv,google,liveintent,meta,moloco,snapchat,tiktok|pmode=roi|rpk=100.0|target=google|mu=1.500000|sigma=1.000000|dist=LogNormal|1.500000|1.000000|LogNormal|alpha=0p51|ec=0p5|slope=1p2|lag=4|decay=geometric",google,"{""kpi_type"": ""non_revenue"", ""kpi_type_effective"": ""revenue"", ""prior_design_mode"": ""roi"", ""prior_grid_type"": ""roi"", ""revenue_per_kpi"": 100.0, ""roi_prior_overrides"": {""amazon"": {""dist"": ""LogNormal"", ""mu"": 0.5, ""sigma"": 0.5}, ""beehiiv"": {""dist"": ""LogNormal"", ""mu"": 0.5, ""sigma"": 0.5}, ""google"": {""dist"": ""LogNormal"", ""mu"": 1.5, ""sigma"": 1.0}, ""liveintent"": {""dist"": ""LogNormal"", ""mu"": 0.5, ""sigma"": 0.5}, ""meta"": {""dist"": ""LogNormal"", ""mu"": 0.5, ""sigma"": 0.5}, ""moloco"": {""dist"": ""LogNormal"", ""mu"": 0.5, ""sigma"": 0.5}, ""snapchat"": {""dist"": ""LogNormal"", ""mu"": 0.5, ""sigma"": 0.5}, ""tiktok"": {""dist"": ""LogNormal"", ""mu"": 0.5, ""sigma"": 0.5}}, ""run_mode"": ""roi_full"", ""structural_overrides"": {""adstock_decay_spec"": ""geometric"", ""alpha_m"": 0.51, ""ec_m"": 0.5, ""max_lag"": 4, ""slope_m"": 1.2}, ""sweep_type"": ""fixed_full_grid"", ""target_channel"": ""google"", ""two_layer_enabled"": false}",meta,REVIEW,REVIEW:PriorPosteriorShift,PriorPosteriorShift,"amazon,liveintent,snapchat",0.4922159127285704,0.531972009850045,0.0397560971214746,0.0807696299396112,0.51,0.5,1.2,4,geometric,prior_sweep,roi_full,roi,non_revenue,revenue,__revenue_equiv__,100.0,google,fixed_full_grid,False,roi,roi,Revenue-equivalent ROI,1.5,1.0,LogNormal,target_channels,google,configured,,,,upload_1bc112d58beb_monthly_mocha,/Users/jasper/Documents/Intern/BlueAlpha/capstone-Blue_Alpha_1/backend/storage/uploads/upload_1bc112d58beb_monthly_mocha.csv,1.5,1.0,LogNormal,0.4128178986318089,0.1016733910888433,0.3566605746746063,1.3128194272518148,0.4851853865809477,0.0990192107856273,0.3859621286392212,1.4993560075759886,0.8648962442028061,0.5,0.5,LogNormal,0.0029311776779712,0.038780608032704,840158.1265220001,413539.199082352,446940.60715775675,33401.40807540476,33401.40807540476,100.0,41353919.9082352,44694060.71577568,3340140.8075404763,3340140.8075404763,False,0.0807696299396112,0.0807696299396112,0.08076962993961118,0.08076962993961118,0.08076962993961119,0.08076962993961119,2.0,1.0,0,False,False,False,True,,,0.026923209979870397,,True,False,0.0
"multi|amazon,beehiiv,google,liveintent,meta,moloco,snapchat,tiktok|pmode=roi|rpk=100.0|target=google|mu=1.500000|sigma=1.000000|dist=LogNormal|1.500000|1.000000|LogNormal|alpha=0p51|ec=0p5|slope=1p2|lag=4|decay=geometric",google,"{""kpi_type"": ""non_revenue"", ""kpi_type_effective"": ""revenue"", ""prior_design_mode"": ""roi"", ""prior_grid_type"": ""roi"", ""revenue_per_kpi"": 100.0, ""roi_prior_overrides"": {""amazon"": {""dist"": ""LogNormal"", ""mu"": 0.5, ""sigma"": 0.5}, ""beehiiv"": {""dist"": ""LogNormal"", ""mu"": 0.5, ""sigma"": 0.5}, ""google"": {""dist"": ""LogNormal"", ""mu"": 1.5, ""sigma"": 1.0}, ""liveintent"": {""dist"": ""LogNormal"", ""mu"": 0.5, ""sigma"": 0.5}, ""meta"": {""dist"": ""LogNormal"", ""mu"": 0.5, ""sigma"": 0.5}, ""moloco"": {""dist"": ""LogNormal"", ""mu"": 0.5, ""sigma"": 0.5}, ""snapchat"": {""dist"": ""LogNormal"", ""mu"": 0.5, ""sigma"": 0.5}, ""tiktok"": {""dist"": ""LogNormal"", ""mu"": 0.5, ""sigma"": 0.5}}, ""run_mode"": ""roi_full"", ""structural_overrides"": {""adstock_decay_spec"": ""geometric"", ""alpha_m"": 0.51, ""ec_m"": 0.5, ""max_lag"": 4, ""slope_m"": 1.2}, ""sweep_type"": ""fixed_full_grid"", ""target_channel"": ""google"", ""two_layer_enabled"": false}",moloco,REVIEW,REVIEW:PriorPosteriorShift,PriorPosteriorShift,"amazon,liveintent,snapchat",0.5193671595243117,0.536741322609596,0.0173741630852842,0.0334525638879386,0.51,0.5,1.2,4,geometric,prior_sweep,roi_full,roi,non_revenue,revenue,__revenue_equiv__,100.0,google,fixed_full_grid,False,roi,roi,Revenue-equivalent ROI,1.5,1.0,LogNormal,target_channels,google,configured,,,,upload_1bc112d58beb_monthly_mocha,/Users/jasper/Documents/Intern/BlueAlpha/capstone-Blue_Alpha_1/backend/storage/uploads/upload_1bc112d58beb_monthly_mocha.csv,1.5,1.0,LogNormal,0.4986959806994451,0.0960079569369554,0.3689096570014953,1.4562236905097956,0.4857926188675501,0.0962916009128093,0.3922637552022934,1.4817834734916682,0.9813509283076542,0.5,0.5,LogNormal,0.0035150624040449,0.0338544353536647,842234.6095886,437428.9968350988,452062.11829816183,14633.121463063057,14633.121463063057,100.0,43742899.68350988,45206211.829816185,1463312.146306306,1463312.146306306,False,0.033452563887938686,0.033452563887938686,0.03345256388793865,0.03345256388793865,0.03345256388793867,0.03345256388793867,2.0,1.0,0,False,False,False,True,,,0.01115085462931289,,True,False,0.0
"multi|amazon,beehiiv,google,liveintent,meta,moloco,snapchat,tiktok|pmode=roi|rpk=100.0|target=google|mu=1.500000|sigma=1.000000|dist=LogNormal|1.500000|1.000000|LogNormal|alpha=0p51|ec=0p5|slope=1p2|lag=4|decay=geometric",google,"{""kpi_type"": ""non_revenue"", ""kpi_type_effective"": ""revenue"", ""prior_design_mode"": ""roi"", ""prior_grid_type"": ""roi"", ""revenue_per_kpi"": 100.0, ""roi_prior_overrides"": {""amazon"": {""dist"": ""LogNormal"", ""mu"": 0.5, ""sigma"": 0.5}, ""beehiiv"": {""dist"": ""LogNormal"", ""mu"": 0.5, ""sigma"": 0.5}, ""google"": {""dist"": ""LogNormal"", ""mu"": 1.5, ""sigma"": 1.0}, ""liveintent"": {""dist"": ""LogNormal"", ""mu"": 0.5, ""sigma"": 0.5}, ""meta"": {""dist"": ""LogNormal"", ""mu"": 0.5, ""sigma"": 0.5}, ""moloco"": {""dist"": ""LogNormal"", ""mu"": 0.5, ""sigma"": 0.5}, ""snapchat"": {""dist"": ""LogNormal"", ""mu"": 0.5, ""sigma"": 0.5}, ""tiktok"": {""dist"": ""LogNormal"", ""mu"": 0.5, ""sigma"": 0.5}}, ""run_mode"": ""roi_full"", ""structural_overrides"": {""adstock_decay_spec"": ""geometric"", ""alpha_m"": 0.51, ""ec_m"": 0.5, ""max_lag"": 4, ""slope_m"": 1.2}, ""sweep_type"": ""fixed_full_grid"", ""target_channel"": ""google"", ""two_layer_enabled"": false}",snapchat,REVIEW,REVIEW:PriorPosteriorShift,PriorPosteriorShift,"amazon,liveintent,snapchat",0.5166618288556735,0.5022543298515181,0.0144074990041553,0.0278857430518252,0.51,0.5,1.2,4,geometric,prior_sweep,roi_full,roi,non_revenue,revenue,__revenue_equiv__,100.0,google,fixed_full_grid,False,roi,roi,Revenue-equivalent ROI,1.5,1.0,LogNormal,target_channels,google,configured,,,,upload_1bc112d58beb_monthly_mocha,/Users/jasper/Documents/Intern/BlueAlpha/capstone-Blue_Alpha_1/backend/storage/uploads/upload_1bc112d58beb_monthly_mocha.csv,1.5,1.0,LogNormal,0.4711478203533085,0.0951749168336391,0.3710568994283676,1.3794029116630553,0.4389094598592289,0.0908949498087167,0.3686928004026413,1.4321214020252226,0.9575027339396012,0.5,0.5,LogNormal,0.0156081403103014,0.0246198899766024,4342436.908989999,2243571.395089151,2181007.7396472697,-62563.65544188116,62563.65544188116,100.0,224357139.5089151,218100773.96472695,-6256365.544188112,6256365.544188112,False,0.027885743051825184,-0.027885743051825184,0.027885743051825243,-0.027885743051825243,0.027885743051825215,-0.027885743051825215,2.0,1.0,0,False,False,False,True,,,0.009295247683941738,,True,True,0.0
"multi|amazon,beehiiv,google,liveintent,meta,moloco,snapchat,tiktok|pmode=roi|rpk=100.0|target=google|mu=1.500000|sigma=1.000000|dist=LogNormal|1.500000|1.000000|LogNormal|alpha=0p51|ec=0p5|slope=1p2|lag=4|decay=geometric",google,"{""kpi_type"": ""non_revenue"", ""kpi_type_effective"": ""revenue"", ""prior_design_mode"": ""roi"", ""prior_grid_type"": ""roi"", ""revenue_per_kpi"": 100.0, ""roi_prior_overrides"": {""amazon"": {""dist"": ""LogNormal"", ""mu"": 0.5, ""sigma"": 0.5}, ""beehiiv"": {""dist"": ""LogNormal"", ""mu"": 0.5, ""sigma"": 0.5}, ""google"": {""dist"": ""LogNormal"", ""mu"": 1.5, ""sigma"": 1.0}, ""liveintent"": {""dist"": ""LogNormal"", ""mu"": 0.5, ""sigma"": 0.5}, ""meta"": {""dist"": ""LogNormal"", ""mu"": 0.5, ""sigma"": 0.5}, ""moloco"": {""dist"": ""LogNormal"", ""mu"": 0.5, ""sigma"": 0.5}, ""snapchat"": {""dist"": ""LogNormal"", ""mu"": 0.5, ""sigma"": 0.5}, ""tiktok"": {""dist"": ""LogNormal"", ""mu"": 0.5, ""sigma"": 0.5}}, ""run_mode"": ""roi_full"", ""structural_overrides"": {""adstock_decay_spec"": ""geometric"", ""alpha_m"": 0.51, ""ec_m"": 0.5, ""max_lag"": 4, ""slope_m"": 1.2}, ""sweep_type"": ""fixed_full_grid"", ""target_channel"": ""google"", ""two_layer_enabled"": false}",tiktok,REVIEW,REVIEW:PriorPosteriorShift,PriorPosteriorShift,"amazon,liveintent,snapchat",0.4454225514084101,0.4500373009235288,0.0046147495151186,0.0103603858864509,0.51,0.5,1.2,4,geometric,prior_sweep,roi_full,roi,non_revenue,revenue,__revenue_equiv__,100.0,google,fixed_full_grid,False,roi,roi,Revenue-equivalent ROI,1.5,1.0,LogNormal,target_channels,google,configured,,,,upload_1bc112d58beb_monthly_mocha,/Users/jasper/Documents/Intern/BlueAlpha/capstone-Blue_Alpha_1/backend/storage/uploads/upload_1bc112d58beb_monthly_mocha.csv,1.5,1.0,LogNormal,0.389614058166092,0.0862870134413242,0.3261690884828567,1.226093351840973,0.4259064799702107,0.0796820998191833,0.3321656882762909,1.1841764807701105,0.9576750624111277,0.5,0.5,LogNormal,0.0281735087987905,0.0679684448307417,1752685.00913,780685.4285819572,788773.6308779956,8088.202296038391,8088.202296038391,100.0,78068542.85819572,78877363.08779956,808820.2296038419,808820.2296038419,False,0.010360385886451027,0.010360385886451027,0.010360385886450912,0.010360385886450912,0.01036038588645097,0.01036038588645097,2.0,1.0,0,False,False,False,True,,,0.003453461962150323,,True,False,0.0
"multi|amazon,beehiiv,google,liveintent,meta,moloco,snapchat,tiktok|pmode=roi|rpk=100.0|target=liveintent|mu=0.500000|sigma=1.000000|dist=LogNormal|0.500000|1.000000|LogNormal|alpha=0p51|ec=0p5|slope=1p2|lag=4|decay=geometric",liveintent,"{""kpi_type"": ""non_revenue"", ""kpi_type_effective"": ""revenue"", ""prior_design_mode"": ""roi"", ""prior_grid_type"": ""roi"", ""revenue_per_kpi"": 100.0, ""roi_prior_overrides"": {""amazon"": {""dist"": ""LogNormal"", ""mu"": 0.5, ""sigma"": 0.5}, ""beehiiv"": {""dist"": ""LogNormal"", ""mu"": 0.5, ""sigma"": 0.5}, ""google"": {""dist"": ""LogNormal"", ""mu"": 0.5, ""sigma"": 0.5}, ""liveintent"": {""dist"": ""LogNormal"", ""mu"": 0.5, ""sigma"": 1.0}, ""meta"": {""dist"": ""LogNormal"", ""mu"": 0.5, ""sigma"": 0.5}, ""moloco"": {""dist"": ""LogNormal"", ""mu"": 0.5, ""sigma"": 0.5}, ""snapchat"": {""dist"": ""LogNormal"", ""mu"": 0.5, ""sigma"": 0.5}, ""tiktok"": {""dist"": ""LogNormal"", ""mu"": 0.5, ""sigma"": 0.5}}, ""run_mode"": ""roi_full"", ""structural_overrides"": {""adstock_decay_spec"": ""geometric"", ""alpha_m"": 0.51, ""ec_m"": 0.5, ""max_lag"": 4, ""slope_m"": 1.2}, ""sweep_type"": ""fixed_full_grid"", ""target_channel"": ""liveintent"", ""two_layer_enabled"": false}",amazon,REVIEW,REVIEW:PriorPosteriorShift,PriorPosteriorShift,"amazon,liveintent",0.5121372402909522,0.5088209613055612,0.0033162789853909,0.006475371686517,0.51,0.5,1.2,4,geometric,prior_sweep,roi_full,roi,non_revenue,revenue,__revenue_equiv__,100.0,liveintent,fixed_full_grid,False,roi,roi,Revenue-equivalent ROI,0.5,1.0,LogNormal,target_channels,liveintent,configured,,,,upload_1bc112d58beb_monthly_mocha,/Users/jasper/Documents/Intern/BlueAlpha/capstone-Blue_Alpha_1/backend/storage/uploads/upload_1bc112d58beb_monthly_mocha.csv,0.5,1.0,LogNormal,0.4840694861381271,0.0989534243941307,0.3617888689041137,1.4659758150577542,0.4894115193448076,0.0886178981512784,0.3583089262247085,1.4852525711059563,0.9787974028824534,0.5,0.5,LogNormal,0.0006072992535079,0.0360760232820636,15740.258094,8061.172341728484,8008.973254586721,-52.1990871417629,52.1990871417629,100.0,806117.2341728484,800897.3254586721,-5219.908714176272,5219.908714176272,False,0.006475371686517023,-0.006475371686517023,0.006475371686517042,-0.006475371686517042,0.006475371686517032,-0.006475371686517032,0.0,1.0,0,False,True,False,True,,0.006475371686517032,0.006475371686517032,,True,True,0.0
"multi|amazon,beehiiv,google,liveintent,meta,moloco,snapchat,tiktok|pmode=roi|rpk=100.0|target=liveintent|mu=0.500000|sigma=1.000000|dist=LogNormal|0.500000|1.000000|LogNormal|alpha=0p51|ec=0p5|slope=1p2|lag=4|decay=geometric",liveintent,"{""kpi_type"": ""non_revenue"", ""kpi_type_effective"": ""revenue"", ""prior_design_mode"": ""roi"", ""prior_grid_type"": ""roi"", ""revenue_per_kpi"": 100.0, ""roi_prior_overrides"": {""amazon"": {""dist"": ""LogNormal"", ""mu"": 0.5, ""sigma"": 0.5}, ""beehiiv"": {""dist"": ""LogNormal"", ""mu"": 0.5, ""sigma"": 0.5}, ""google"": {""dist"": ""LogNormal"", ""mu"": 0.5, ""sigma"": 0.5}, ""liveintent"": {""dist"": ""LogNormal"", ""mu"": 0.5, ""sigma"": 1.0}, ""meta"": {""dist"": ""LogNormal"", ""mu"": 0.5, ""sigma"": 0.5}, ""moloco"": {""dist"": ""LogNormal"", ""mu"": 0.5, ""sigma"": 0.5}, ""snapchat"": {""dist"": ""LogNormal"", ""mu"": 0.5, ""sigma"": 0.5}, ""tiktok"": {""dist"": ""LogNormal"", ""mu"": 0.5, ""sigma"": 0.5}}, ""run_mode"": ""roi_full"", ""structural_overrides"": {""adstock_decay_spec"": ""geometric"", ""alpha_m"": 0.51, ""ec_m"": 0.5, ""max_lag"": 4, ""slope_m"": 1.2}, ""sweep_type"": ""fixed_full_grid"", ""target_channel"": ""liveintent"", ""two_layer_enabled"": false}",beehiiv,REVIEW,REVIEW:PriorPosteriorShift,PriorPosteriorShift,"amazon,liveintent",0.5170952036961293,0.527461645998992,0.0103664423028627,0.0200474539867412,0.51,0.5,1.2,4,geometric,prior_sweep,roi_full,roi,non_revenue,revenue,__revenue_equiv__,100.0,liveintent,fixed_full_grid,False,roi,roi,Revenue-equivalent ROI,0.5,1.0,LogNormal,target_channels,liveintent,configured,,,,upload_1bc112d58beb_monthly_mocha,/Users/jasper/Documents/Intern/BlueAlpha/capstone-Blue_Alpha_1/backend/storage/uploads/upload_1bc112d58beb_monthly_mocha.csv,0.5,1.0,LogNormal,0.5569061978983733,0.0888365499675273,0.3553869128227234,1.4882560491561885,0.5468946045139341,0.0825511492788791,0.3744411170482635,1.4496242403984063,0.9680464872461136,0.5,0.5,LogNormal,0.0100476945936479,0.0310052175937591,328172.2732613,169696.3084894737,173098.28742563628,3401.9789361625735,3401.9789361625735,100.0,16969630.848947372,17309828.742563628,340197.8936162554,340197.8936162554,False,0.02004745398674129,0.02004745398674129,0.020047453986741254,0.020047453986741254,0.020047453986741272,0.020047453986741272,0.0,1.0,0,False,True,False,True,,0.020047453986741272,0.020047453986741272,,True,False,0.0
"multi|amazon,beehiiv,google,liveintent,meta,moloco,snapchat,tiktok|pmode=roi|rpk=100.0|target=liveintent|mu=0.500000|sigma=1.000000|dist=LogNormal|0.500000|1.000000|LogNormal|alpha=0p51|ec=0p5|slope=1p2|lag=4|decay=geometric",liveintent,"{""kpi_type"": ""non_revenue"", ""kpi_type_effective"": ""revenue"", ""prior_design_mode"": ""roi"", ""prior_grid_type"": ""roi"", ""revenue_per_kpi"": 100.0, ""roi_prior_overrides"": {""amazon"": {""dist"": ""LogNormal"", ""mu"": 0.5, ""sigma"": 0.5}, ""beehiiv"": {""dist"": ""LogNormal"", ""mu"": 0.5, ""sigma"": 0.5}, ""google"": {""dist"": ""LogNormal"", ""mu"": 0.5, ""sigma"": 0.5}, ""liveintent"": {""dist"": ""LogNormal"", ""mu"": 0.5, ""sigma"": 1.0}, ""meta"": {""dist"": ""LogNormal"", ""mu"": 0.5, ""sigma"": 0.5}, ""moloco"": {""dist"": ""LogNormal"", ""mu"": 0.5, ""sigma"": 0.5}, ""snapchat"": {""dist"": ""LogNormal"", ""mu"": 0.5, ""sigma"": 0.5}, ""tiktok"": {""dist"": ""LogNormal"", ""mu"": 0.5, ""sigma"": 0.5}}, ""run_mode"": ""roi_full"", ""structural_overrides"": {""adstock_decay_spec"": ""geometric"", ""alpha_m"": 0.51, ""ec_m"": 0.5, ""max_lag"": 4, ""slope_m"": 1.2}, ""sweep_type"": ""fixed_full_grid"", ""target_channel"": ""liveintent"", ""two_layer_enabled"": false}",google,REVIEW,REVIEW:PriorPosteriorShift,PriorPosteriorShift,"amazon,liveintent",0.3639935120598723,0.3807690036483109,0.0167754915884386,0.0460873368140672,0.51,0.5,1.2,4,geometric,prior_sweep,roi_full,roi,non_revenue,revenue,__revenue_equiv__,100.0,liveintent,fixed_full_grid,False,roi,roi,Revenue-equivalent ROI,0.5,1.0,LogNormal,target_channels,liveintent,configured,,,,upload_1bc112d58beb_monthly_mocha,/Users/jasper/Documents/Intern/BlueAlpha/capstone-Blue_Alpha_1/backend/storage/uploads/upload_1bc112d58beb_monthly_mocha.csv,0.5,1.0,LogNormal,0.2538866235360484,0.0906866624951362,0.2933306694030761,0.9025721818208694,0.3025429169437088,0.0885729447007179,0.2986343801021576,0.9572572261095046,0.9346151837915838,0.5,0.5,LogNormal,0.2138814509880573,0.1131183201833054,10298543.94665,3748603.180244072,3921366.317594264,172763.1373501923,172763.1373501923,100.0,374860318.0244072,392136631.7594264,17276313.735019207,17276313.735019207,False,0.04608733681406731,0.04608733681406731,0.04608733681406728,0.04608733681406728,0.04608733681406729,0.04608733681406729,0.0,1.0,0,False,True,False,True,,0.04608733681406729,0.04608733681406729,,True,False,0.0
"multi|amazon,beehiiv,google,liveintent,meta,moloco,snapchat,tiktok|pmode=roi|rpk=100.0|target=liveintent|mu=0.500000|sigma=1.000000|dist=LogNormal|0.500000|1.000000|LogNormal|alpha=0p51|ec=0p5|slope=1p2|lag=4|decay=geometric",liveintent,"{""kpi_type"": ""non_revenue"", ""kpi_type_effective"": ""revenue"", ""prior_design_mode"": ""roi"", ""prior_grid_type"": ""roi"", ""revenue_per_kpi"": 100.0, ""roi_prior_overrides"": {""amazon"": {""dist"": ""LogNormal"", ""mu"": 0.5, ""sigma"": 0.5}, ""beehiiv"": {""dist"": ""LogNormal"", ""mu"": 0.5, ""sigma"": 0.5}, ""google"": {""dist"": ""LogNormal"", ""mu"": 0.5, ""sigma"": 0.5}, ""liveintent"": {""dist"": ""LogNormal"", ""mu"": 0.5, ""sigma"": 1.0}, ""meta"": {""dist"": ""LogNormal"", ""mu"": 0.5, ""sigma"": 0.5}, ""moloco"": {""dist"": ""LogNormal"", ""mu"": 0.5, ""sigma"": 0.5}, ""snapchat"": {""dist"": ""LogNormal"", ""mu"": 0.5, ""sigma"": 0.5}, ""tiktok"": {""dist"": ""LogNormal"", ""mu"": 0.5, ""sigma"": 0.5}}, ""run_mode"": ""roi_full"", ""structural_overrides"": {""adstock_decay_spec"": ""geometric"", ""alpha_m"": 0.51, ""ec_m"": 0.5, ""max_lag"": 4, ""slope_m"": 1.2}, ""sweep_type"": ""fixed_full_grid"", ""target_channel"": ""liveintent"", ""two_layer_enabled"": false}",liveintent,REVIEW,REVIEW:PriorPosteriorShift,PriorPosteriorShift,"amazon,liveintent",0.5074958745824794,0.4763738820051852,0.0311219925772941,0.0613246218068244,0.51,0.5,1.2,4,geometric,prior_sweep,roi_full,roi,non_revenue,revenue,__revenue_equiv__,100.0,liveintent,fixed_full_grid,False,roi,roi,Revenue-equivalent ROI,0.5,1.0,LogNormal,target_channels,liveintent,configured,,,,upload_1bc112d58beb_monthly_mocha,/Users/jasper/Documents/Intern/BlueAlpha/capstone-Blue_Alpha_1/backend/storage/uploads/upload_1bc112d58beb_monthly_mocha.csv,0.5,1.0,LogNormal,0.4727192380468491,0.0905764039605856,0.3625864535570144,1.422901827096939,0.6891763327420792,0.0275970170274376,0.2307165935635566,1.87622874379158,0.7207089458907344,0.5,1.0,LogNormal,0.1100192206381729,0.0427809473348647,797987.173079,404975.1983073274,380140.2474299868,-24834.95087734057,24834.95087734057,100.0,40497519.83073274,38014024.74299868,-2483495.0877340585,2483495.0877340585,False,0.06132462180682442,-0.06132462180682442,0.06132462180682455,-0.06132462180682455,0.061324621806824485,-0.061324621806824485,0.0,1.0,0,False,True,False,True,,0.061324621806824485,0.061324621806824485,,True,True,0.0
"multi|amazon,beehiiv,google,liveintent,meta,moloco,snapchat,tiktok|pmode=roi|rpk=100.0|target=liveintent|mu=0.500000|sigma=1.000000|dist=LogNormal|0.500000|1.000000|LogNormal|alpha=0p51|ec=0p5|slope=1p2|lag=4|decay=geometric",liveintent,"{""kpi_type"": ""non_revenue"", ""kpi_type_effective"": ""revenue"", ""prior_design_mode"": ""roi"", ""prior_grid_type"": ""roi"", ""revenue_per_kpi"": 100.0, ""roi_prior_overrides"": {""amazon"": {""dist"": ""LogNormal"", ""mu"": 0.5, ""sigma"": 0.5}, ""beehiiv"": {""dist"": ""LogNormal"", ""mu"": 0.5, ""sigma"": 0.5}, ""google"": {""dist"": ""LogNormal"", ""mu"": 0.5, ""sigma"": 0.5}, ""liveintent"": {""dist"": ""LogNormal"", ""mu"": 0.5, ""sigma"": 1.0}, ""meta"": {""dist"": ""LogNormal"", ""mu"": 0.5, ""sigma"": 0.5}, ""moloco"": {""dist"": ""LogNormal"", ""mu"": 0.5, ""sigma"": 0.5}, ""snapchat"": {""dist"": ""LogNormal"", ""mu"": 0.5, ""sigma"": 0.5}, ""tiktok"": {""dist"": ""LogNormal"", ""mu"": 0.5, ""sigma"": 0.5}}, ""run_mode"": ""roi_full"", ""structural_overrides"": {""adstock_decay_spec"": ""geometric"", ""alpha_m"": 0.51, ""ec_m"": 0.5, ""max_lag"": 4, ""slope_m"": 1.2}, ""sweep_type"": ""fixed_full_grid"", ""target_channel"": ""liveintent"", ""two_layer_enabled"": false}",meta,REVIEW,REVIEW:PriorPosteriorShift,PriorPosteriorShift,"amazon,liveintent",0.4922159127285704,0.4925912469780693,0.0003753342494988,0.0007625398525177,0.51,0.5,1.2,4,geometric,prior_sweep,roi_full,roi,non_revenue,revenue,__revenue_equiv__,100.0,liveintent,fixed_full_grid,False,roi,roi,Revenue-equivalent ROI,0.5,1.0,LogNormal,target_channels,liveintent,configured,,,,upload_1bc112d58beb_monthly_mocha,/Users/jasper/Documents/Intern/BlueAlpha/capstone-Blue_Alpha_1/backend/storage/uploads/upload_1bc112d58beb_monthly_mocha.csv,0.5,1.0,LogNormal,0.4128178986318089,0.1016733910888433,0.3566605746746063,1.3128194272518148,0.4363961735079365,0.0964313548058271,0.3560589849948883,1.3657297253608702,0.954185449425384,0.5,0.5,LogNormal,0.0170506325627551,0.0287236497636936,840158.1265220001,413539.199082352,413854.5392022305,315.34011987852864,315.34011987852864,100.0,41353919.9082352,41385453.92022305,31534.01198785007,31534.01198785007,False,0.0007625398525176224,0.0007625398525176224,0.0007625398525176617,0.0007625398525176617,0.000762539852517642,0.000762539852517642,0.0,1.0,0,False,True,False,True,,0.000762539852517642,0.000762539852517642,,True,False,0.0
"multi|amazon,beehiiv,google,liveintent,meta,moloco,snapchat,tiktok|pmode=roi|rpk=100.0|target=liveintent|mu=0.500000|sigma=1.000000|dist=LogNormal|0.500000|1.000000|LogNormal|alpha=0p51|ec=0p5|slope=1p2|lag=4|decay=geometric",liveintent,"{""kpi_type"": ""non_revenue"", ""kpi_type_effective"": ""revenue"", ""prior_design_mode"": ""roi"", ""prior_grid_type"": ""roi"", ""revenue_per_kpi"": 100.0, ""roi_prior_overrides"": {""amazon"": {""dist"": ""LogNormal"", ""mu"": 0.5, ""sigma"": 0.5}, ""beehiiv"": {""dist"": ""LogNormal"", ""mu"": 0.5, ""sigma"": 0.5}, ""google"": {""dist"": ""LogNormal"", ""mu"": 0.5, ""sigma"": 0.5}, ""liveintent"": {""dist"": ""LogNormal"", ""mu"": 0.5, ""sigma"": 1.0}, ""meta"": {""dist"": ""LogNormal"", ""mu"": 0.5, ""sigma"": 0.5}, ""moloco"": {""dist"": ""LogNormal"", ""mu"": 0.5, ""sigma"": 0.5}, ""snapchat"": {""dist"": ""LogNormal"", ""mu"": 0.5, ""sigma"": 0.5}, ""tiktok"": {""dist"": ""LogNormal"", ""mu"": 0.5, ""sigma"": 0.5}}, ""run_mode"": ""roi_full"", ""structural_overrides"": {""adstock_decay_spec"": ""geometric"", ""alpha_m"": 0.51, ""ec_m"": 0.5, ""max_lag"": 4, ""slope_m"": 1.2}, ""sweep_type"": ""fixed_full_grid"", ""target_channel"": ""liveintent"", ""two_layer_enabled"": false}",moloco,REVIEW,REVIEW:PriorPosteriorShift,PriorPosteriorShift,"amazon,liveintent",0.5193671595243117,0.518103787562189,0.0012633719621226,0.0024325218469334,0.51,0.5,1.2,4,geometric,prior_sweep,roi_full,roi,non_revenue,revenue,__revenue_equiv__,100.0,liveintent,fixed_full_grid,False,roi,roi,Revenue-equivalent ROI,0.5,1.0,LogNormal,target_channels,liveintent,configured,,,,upload_1bc112d58beb_monthly_mocha,/Users/jasper/Documents/Intern/BlueAlpha/capstone-Blue_Alpha_1/backend/storage/uploads/upload_1bc112d58beb_monthly_mocha.csv,0.5,1.0,LogNormal,0.4986959806994451,0.0960079569369554,0.3689096570014953,1.4562236905097956,0.4943484462581431,0.1002978064119815,0.3711936175823211,1.4062842130661004,0.9601318191076362,0.5,0.5,LogNormal,0.0007837399674726,0.0172078534526885,842234.6095886,437428.9968350988,436364.9412438152,-1064.055591283599,1064.055591283599,100.0,43742899.68350988,43636494.12438152,-106405.55912835896,106405.55912835896,False,0.002432521846933477,-0.002432521846933477,0.002432521846933537,-0.002432521846933537,0.002432521846933507,-0.002432521846933507,0.0,1.0,0,False,True,False,True,,0.002432521846933507,0.002432521846933507,,True,False,0.0
"multi|amazon,beehiiv,google,liveintent,meta,moloco,snapchat,tiktok|pmode=roi|rpk=100.0|target=liveintent|mu=0.500000|sigma=1.000000|dist=LogNormal|0.500000|1.000000|LogNormal|alpha=0p51|ec=0p5|slope=1p2|lag=4|decay=geometric",liveintent,"{""kpi_type"": ""non_revenue"", ""kpi_type_effective"": ""revenue"", ""prior_design_mode"": ""roi"", ""prior_grid_type"": ""roi"", ""revenue_per_kpi"": 100.0, ""roi_prior_overrides"": {""amazon"": {""dist"": ""LogNormal"", ""mu"": 0.5, ""sigma"": 0.5}, ""beehiiv"": {""dist"": ""LogNormal"", ""mu"": 0.5, ""sigma"": 0.5}, ""google"": {""dist"": ""LogNormal"", ""mu"": 0.5, ""sigma"": 0.5}, ""liveintent"": {""dist"": ""LogNormal"", ""mu"": 0.5, ""sigma"": 1.0}, ""meta"": {""dist"": ""LogNormal"", ""mu"": 0.5, ""sigma"": 0.5}, ""moloco"": {""dist"": ""LogNormal"", ""mu"": 0.5, ""sigma"": 0.5}, ""snapchat"": {""dist"": ""LogNormal"", ""mu"": 0.5, ""sigma"": 0.5}, ""tiktok"": {""dist"": ""LogNormal"", ""mu"": 0.5, ""sigma"": 0.5}}, ""run_mode"": ""roi_full"", ""structural_overrides"": {""adstock_decay_spec"": ""geometric"", ""alpha_m"": 0.51, ""ec_m"": 0.5, ""max_lag"": 4, ""slope_m"": 1.2}, ""sweep_type"": ""fixed_full_grid"", ""target_channel"": ""liveintent"", ""two_layer_enabled"": false}",snapchat,REVIEW,REVIEW:PriorPosteriorShift,PriorPosteriorShift,"amazon,liveintent",0.5166618288556735,0.5173660842981189,0.0007042554424454,0.0013630878131742,0.51,0.5,1.2,4,geometric,prior_sweep,roi_full,roi,non_revenue,revenue,__revenue_equiv__,100.0,liveintent,fixed_full_grid,False,roi,roi,Revenue-equivalent ROI,0.5,1.0,LogNormal,target_channels,liveintent,configured,,,,upload_1bc112d58beb_monthly_mocha,/Users/jasper/Documents/Intern/BlueAlpha/capstone-Blue_Alpha_1/backend/storage/uploads/upload_1bc112d58beb_monthly_mocha.csv,0.5,1.0,LogNormal,0.4711478203533085,0.0951749168336391,0.3710568994283676,1.3794029116630553,0.467142057686545,0.0905352301895618,0.3733766376972198,1.4383268713951105,0.9528386699896156,0.5,0.5,LogNormal,0.0050212608489763,0.0236644849024024,4342436.908989999,2243571.395089151,2246629.579915783,3058.1848266320303,3058.1848266320303,100.0,224357139.5089151,224662957.99157828,305818.4826631844,305818.4826631844,False,0.0013630878131741873,0.0013630878131741873,0.0013630878131740977,0.0013630878131740977,0.0013630878131741424,0.0013630878131741424,0.0,1.0,0,False,True,False,True,,0.0013630878131741424,0.0013630878131741424,,True,False,0.0
"multi|amazon,beehiiv,google,liveintent,meta,moloco,snapchat,tiktok|pmode=roi|rpk=100.0|target=liveintent|mu=0.500000|sigma=1.000000|dist=LogNormal|0.500000|1.000000|LogNormal|alpha=0p51|ec=0p5|slope=1p2|lag=4|decay=geometric",liveintent,"{""kpi_type"": ""non_revenue"", ""kpi_type_effective"": ""revenue"", ""prior_design_mode"": ""roi"", ""prior_grid_type"": ""roi"", ""revenue_per_kpi"": 100.0, ""roi_prior_overrides"": {""amazon"": {""dist"": ""LogNormal"", ""mu"": 0.5, ""sigma"": 0.5}, ""beehiiv"": {""dist"": ""LogNormal"", ""mu"": 0.5, ""sigma"": 0.5}, ""google"": {""dist"": ""LogNormal"", ""mu"": 0.5, ""sigma"": 0.5}, ""liveintent"": {""dist"": ""LogNormal"", ""mu"": 0.5, ""sigma"": 1.0}, ""meta"": {""dist"": ""LogNormal"", ""mu"": 0.5, ""sigma"": 0.5}, ""moloco"": {""dist"": ""LogNormal"", ""mu"": 0.5, ""sigma"": 0.5}, ""snapchat"": {""dist"": ""LogNormal"", ""mu"": 0.5, ""sigma"": 0.5}, ""tiktok"": {""dist"": ""LogNormal"", ""mu"": 0.5, ""sigma"": 0.5}}, ""run_mode"": ""roi_full"", ""structural_overrides"": {""adstock_decay_spec"": ""geometric"", ""alpha_m"": 0.51, ""ec_m"": 0.5, ""max_lag"": 4, ""slope_m"": 1.2}, ""sweep_type"": ""fixed_full_grid"", ""target_channel"": ""liveintent"", ""two_layer_enabled"": false}",tiktok,REVIEW,REVIEW:PriorPosteriorShift,PriorPosteriorShift,"amazon,liveintent",0.4454225514084101,0.4476929197615633,0.0022703683531531,0.0050971113742992,0.51,0.5,1.2,4,geometric,prior_sweep,roi_full,roi,non_revenue,revenue,__revenue_equiv__,100.0,liveintent,fixed_full_grid,False,roi,roi,Revenue-equivalent ROI,0.5,1.0,LogNormal,target_channels,liveintent,configured,,,,upload_1bc112d58beb_monthly_mocha,/Users/jasper/Documents/Intern/BlueAlpha/capstone-Blue_Alpha_1/backend/storage/uploads/upload_1bc112d58beb_monthly_mocha.csv,0.5,1.0,LogNormal,0.389614058166092,0.0862870134413242,0.3261690884828567,1.226093351840973,0.3899301432941692,0.0883815634995699,0.3226092010736465,1.204066389799118,0.978837183750032,0.5,0.5,LogNormal,0.0582035896858631,0.0704607153800611,1752685.00913,780685.4285819572,784664.669159732,3979.240577774704,3979.240577774704,100.0,78068542.85819572,78466466.9159732,397924.0577774793,397924.0577774793,False,0.005097111374299242,0.005097111374299242,0.005097111374299155,0.005097111374299155,0.005097111374299199,0.005097111374299199,0.0,1.0,0,False,True,False,True,,0.005097111374299199,0.005097111374299199,,True,False,0.0
"multi|amazon,beehiiv,google,liveintent,meta,moloco,snapchat,tiktok|pmode=roi|rpk=100.0|target=liveintent|mu=1.000000|sigma=0.500000|dist=LogNormal|1.000000|0.500000|LogNormal|alpha=0p51|ec=0p5|slope=1p2|lag=4|decay=geometric",liveintent,"{""kpi_type"": ""non_revenue"", ""kpi_type_effective"": ""revenue"", ""prior_design_mode"": ""roi"", ""prior_grid_type"": ""roi"", ""revenue_per_kpi"": 100.0, ""roi_prior_overrides"": {""amazon"": {""dist"": ""LogNormal"", ""mu"": 0.5, ""sigma"": 0.5}, ""beehiiv"": {""dist"": ""LogNormal"", ""mu"": 0.5, ""sigma"": 0.5}, ""google"": {""dist"": ""LogNormal"", ""mu"": 0.5, ""sigma"": 0.5}, ""liveintent"": {""dist"": ""LogNormal"", ""mu"": 1.0, ""sigma"": 0.5}, ""meta"": {""dist"": ""LogNormal"", ""mu"": 0.5, ""sigma"": 0.5}, ""moloco"": {""dist"": ""LogNormal"", ""mu"": 0.5, ""sigma"": 0.5}, ""snapchat"": {""dist"": ""LogNormal"", ""mu"": 0.5, ""sigma"": 0.5}, ""tiktok"": {""dist"": ""LogNormal"", ""mu"": 0.5, ""sigma"": 0.5}}, ""run_mode"": ""roi_full"", ""structural_overrides"": {""adstock_decay_spec"": ""geometric"", ""alpha_m"": 0.51, ""ec_m"": 0.5, ""max_lag"": 4, ""slope_m"": 1.2}, ""sweep_type"": ""fixed_full_grid"", ""target_channel"": ""liveintent"", ""two_layer_enabled"": false}",amazon,REVIEW,REVIEW:PriorPosteriorShift,PriorPosteriorShift,"amazon,beehiiv,liveintent,meta,snapchat",0.5121372402909522,0.5044975140178576,0.0076397262730946,0.0149173418218022,0.51,0.5,1.2,4,geometric,prior_sweep,roi_full,roi,non_revenue,revenue,__revenue_equiv__,100.0,liveintent,fixed_full_grid,False,roi,roi,Revenue-equivalent ROI,1.0,0.5,LogNormal,target_channels,liveintent,configured,,,,upload_1bc112d58beb_monthly_mocha,/Users/jasper/Documents/Intern/BlueAlpha/capstone-Blue_Alpha_1/backend/storage/uploads/upload_1bc112d58beb_monthly_mocha.csv,1.0,0.5,LogNormal,0.4840694861381271,0.0989534243941307,0.3617888689041137,1.4659758150577542,0.4690237120568223,0.0975207179784774,0.3625677078962326,1.469612193107605,0.9963055783397916,0.5,0.5,LogNormal,0.003961712705216,0.0302588000922686,15740.258094,8061.172341728484,7940.921078422461,-120.25126330602234,120.25126330602234,100.0,806117.2341728484,794092.1078422462,-12025.126330602216,12025.126330602216,False,0.014917341821802262,-0.014917341821802262,0.014917341821802418,-0.014917341821802418,0.01491734182180234,-0.01491734182180234,1.0,0.0,0,True,False,False,True,0.01491734182180234,,0.01491734182180234,,True,True,0.0
"multi|amazon,beehiiv,google,liveintent,meta,moloco,snapchat,tiktok|pmode=roi|rpk=100.0|target=liveintent|mu=1.000000|sigma=0.500000|dist=LogNormal|1.000000|0.500000|LogNormal|alpha=0p51|ec=0p5|slope=1p2|lag=4|decay=geometric",liveintent,"{""kpi_type"": ""non_revenue"", ""kpi_type_effective"": ""revenue"", ""prior_design_mode"": ""roi"", ""prior_grid_type"": ""roi"", ""revenue_per_kpi"": 100.0, ""roi_prior_overrides"": {""amazon"": {""dist"": ""LogNormal"", ""mu"": 0.5, ""sigma"": 0.5}, ""beehiiv"": {""dist"": ""LogNormal"", ""mu"": 0.5, ""sigma"": 0.5}, ""google"": {""dist"": ""LogNormal"", ""mu"": 0.5, ""sigma"": 0.5}, ""liveintent"": {""dist"": ""LogNormal"", ""mu"": 1.0, ""sigma"": 0.5}, ""meta"": {""dist"": ""LogNormal"", ""mu"": 0.5, ""sigma"": 0.5}, ""moloco"": {""dist"": ""LogNormal"", ""mu"": 0.5, ""sigma"": 0.5}, ""snapchat"": {""dist"": ""LogNormal"", ""mu"": 0.5, ""sigma"": 0.5}, ""tiktok"": {""dist"": ""LogNormal"", ""mu"": 0.5, ""sigma"": 0.5}}, ""run_mode"": ""roi_full"", ""structural_overrides"": {""adstock_decay_spec"": ""geometric"", ""alpha_m"": 0.51, ""ec_m"": 0.5, ""max_lag"": 4, ""slope_m"": 1.2}, ""sweep_type"": ""fixed_full_grid"", ""target_channel"": ""liveintent"", ""two_layer_enabled"": false}",beehiiv,REVIEW,REVIEW:PriorPosteriorShift,PriorPosteriorShift,"amazon,beehiiv,liveintent,meta,snapchat",0.5170952036961293,0.524892473340345,0.0077972696442156,0.0150789827259696,0.51,0.5,1.2,4,geometric,prior_sweep,roi_full,roi,non_revenue,revenue,__revenue_equiv__,100.0,liveintent,fixed_full_grid,False,roi,roi,Revenue-equivalent ROI,1.0,0.5,LogNormal,target_channels,liveintent,configured,,,,upload_1bc112d58beb_monthly_mocha,/Users/jasper/Documents/Intern/BlueAlpha/capstone-Blue_Alpha_1/backend/storage/uploads/upload_1bc112d58beb_monthly_mocha.csv,1.0,0.5,LogNormal,0.5569061978983733,0.0888365499675273,0.3553869128227234,1.4882560491561885,0.5534975029138229,0.0855220973491668,0.3663473278284073,1.4669559240341183,0.982452426057898,0.5,0.5,LogNormal,0.0123090996528255,0.0297773694475006,328172.2732613,169696.3084894737,172255.1561938473,2558.847704373591,2558.847704373591,100.0,16969630.848947372,17225515.61938473,255884.77043735608,255884.77043735608,False,0.015078982725969622,0.015078982725969622,0.01507898272596965,0.01507898272596965,0.015078982725969636,0.015078982725969636,1.0,0.0,0,True,False,False,True,0.015078982725969636,,0.015078982725969636,,True,True,0.0
"multi|amazon,beehiiv,google,liveintent,meta,moloco,snapchat,tiktok|pmode=roi|rpk=100.0|target=liveintent|mu=1.000000|sigma=0.500000|dist=LogNormal|1.000000|0.500000|LogNormal|alpha=0p51|ec=0p5|slope=1p2|lag=4|decay=geometric",liveintent,"{""kpi_type"": ""non_revenue"", ""kpi_type_effective"": ""revenue"", ""prior_design_mode"": ""roi"", ""prior_grid_type"": ""roi"", ""revenue_per_kpi"": 100.0, ""roi_prior_overrides"": {""amazon"": {""dist"": ""LogNormal"", ""mu"": 0.5, ""sigma"": 0.5}, ""beehiiv"": {""dist"": ""LogNormal"", ""mu"": 0.5, ""sigma"": 0.5}, ""google"": {""dist"": ""LogNormal"", ""mu"": 0.5, ""sigma"": 0.5}, ""liveintent"": {""dist"": ""LogNormal"", ""mu"": 1.0, ""sigma"": 0.5}, ""meta"": {""dist"": ""LogNormal"", ""mu"": 0.5, ""sigma"": 0.5}, ""moloco"": {""dist"": ""LogNormal"", ""mu"": 0.5, ""sigma"": 0.5}, ""snapchat"": {""dist"": ""LogNormal"", ""mu"": 0.5, ""sigma"": 0.5}, ""tiktok"": {""dist"": ""LogNormal"", ""mu"": 0.5, ""sigma"": 0.5}}, ""run_mode"": ""roi_full"", ""structural_overrides"": {""adstock_decay_spec"": ""geometric"", ""alpha_m"": 0.51, ""ec_m"": 0.5, ""max_lag"": 4, ""slope_m"": 1.2}, ""sweep_type"": ""fixed_full_grid"", ""target_channel"": ""liveintent"", ""two_layer_enabled"": false}",google,REVIEW,REVIEW:PriorPosteriorShift,PriorPosteriorShift,"amazon,beehiiv,liveintent,meta,snapchat",0.3639935120598723,0.3857199302874505,0.0217264182275782,0.0596890260615536,0.51,0.5,1.2,4,geometric,prior_sweep,roi_full,roi,non_revenue,revenue,__revenue_equiv__,100.0,liveintent,fixed_full_grid,False,roi,roi,Revenue-equivalent ROI,1.0,0.5,LogNormal,target_channels,liveintent,configured,,,,upload_1bc112d58beb_monthly_mocha,/Users/jasper/Documents/Intern/BlueAlpha/capstone-Blue_Alpha_1/backend/storage/uploads/upload_1bc112d58beb_monthly_mocha.csv,1.0,0.5,LogNormal,0.2538866235360484,0.0906866624951362,0.2933306694030761,0.9025721818208694,0.313251183211729,0.0880826082080602,0.2942091822624206,1.0199988961219788,0.8712000528965187,0.5,0.5,LogNormal,0.1899752036750308,0.1082051143515306,10298543.94665,3748603.180244072,3972353.653164083,223750.47292001173,223750.47292001173,100.0,374860318.0244072,397235365.31640834,22375047.29200113,22375047.29200113,False,0.05968902606155377,0.05968902606155377,0.05968902606155364,0.05968902606155364,0.059689026061553706,0.059689026061553706,1.0,0.0,0,True,False,False,True,0.059689026061553706,,0.059689026061553706,,True,False,0.0
"multi|amazon,beehiiv,google,liveintent,meta,moloco,snapchat,tiktok|pmode=roi|rpk=100.0|target=liveintent|mu=1.000000|sigma=0.500000|dist=LogNormal|1.000000|0.500000|LogNormal|alpha=0p51|ec=0p5|slope=1p2|lag=4|decay=geometric",liveintent,"{""kpi_type"": ""non_revenue"", ""kpi_type_effective"": ""revenue"", ""prior_design_mode"": ""roi"", ""prior_grid_type"": ""roi"", ""revenue_per_kpi"": 100.0, ""roi_prior_overrides"": {""amazon"": {""dist"": ""LogNormal"", ""mu"": 0.5, ""sigma"": 0.5}, ""beehiiv"": {""dist"": ""LogNormal"", ""mu"": 0.5, ""sigma"": 0.5}, ""google"": {""dist"": ""LogNormal"", ""mu"": 0.5, ""sigma"": 0.5}, ""liveintent"": {""dist"": ""LogNormal"", ""mu"": 1.0, ""sigma"": 0.5}, ""meta"": {""dist"": ""LogNormal"", ""mu"": 0.5, ""sigma"": 0.5}, ""moloco"": {""dist"": ""LogNormal"", ""mu"": 0.5, ""sigma"": 0.5}, ""snapchat"": {""dist"": ""LogNormal"", ""mu"": 0.5, ""sigma"": 0.5}, ""tiktok"": {""dist"": ""LogNormal"", ""mu"": 0.5, ""sigma"": 0.5}}, ""run_mode"": ""roi_full"", ""structural_overrides"": {""adstock_decay_spec"": ""geometric"", ""alpha_m"": 0.51, ""ec_m"": 0.5, ""max_lag"": 4, ""slope_m"": 1.2}, ""sweep_type"": ""fixed_full_grid"", ""target_channel"": ""liveintent"", ""two_layer_enabled"": false}",liveintent,REVIEW,REVIEW:PriorPosteriorShift,PriorPosteriorShift,"amazon,beehiiv,liveintent,meta,snapchat",0.5074958745824794,1.0086340159301956,0.5011381413477163,0.9874723449919792,0.51,0.5,1.2,4,geometric,prior_sweep,roi_full,roi,non_revenue,revenue,__revenue_equiv__,100.0,liveintent,fixed_full_grid,False,roi,roi,Revenue-equivalent ROI,1.0,0.5,LogNormal,target_channels,liveintent,configured,,,,upload_1bc112d58beb_monthly_mocha,/Users/jasper/Documents/Intern/BlueAlpha/capstone-Blue_Alpha_1/backend/storage/uploads/upload_1bc112d58beb_monthly_mocha.csv,1.0,0.5,LogNormal,0.4727192380468491,0.0905764039605856,0.3625864535570144,1.422901827096939,0.5144005392964384,0.4084442719817162,0.9012251794338226,2.0153440952301027,0.5270545425906012,1.0,0.5,LogNormal,0.0009707992194447,0.0235384924557547,797987.173079,404975.1983073274,804877.0070434558,399901.8087361285,399901.8087361285,100.0,40497519.83073274,80487700.70434558,39990180.87361284,39990180.87361284,False,0.9874723449919792,0.9874723449919792,0.9874723449919793,0.9874723449919793,0.9874723449919793,0.9874723449919793,1.0,0.0,0,True,False,False,True,0.9874723449919793,,0.9874723449919793,,True,True,0.0
"multi|amazon,beehiiv,google,liveintent,meta,moloco,snapchat,tiktok|pmode=roi|rpk=100.0|target=liveintent|mu=1.000000|sigma=0.500000|dist=LogNormal|1.000000|0.500000|LogNormal|alpha=0p51|ec=0p5|slope=1p2|lag=4|decay=geometric",liveintent,"{""kpi_type"": ""non_revenue"", ""kpi_type_effective"": ""revenue"", ""prior_design_mode"": ""roi"", ""prior_grid_type"": ""roi"", ""revenue_per_kpi"": 100.0, ""roi_prior_overrides"": {""amazon"": {""dist"": ""LogNormal"", ""mu"": 0.5, ""sigma"": 0.5}, ""beehiiv"": {""dist"": ""LogNormal"", ""mu"": 0.5, ""sigma"": 0.5}, ""google"": {""dist"": ""LogNormal"", ""mu"": 0.5, ""sigma"": 0.5}, ""liveintent"": {""dist"": ""LogNormal"", ""mu"": 1.0, ""sigma"": 0.5}, ""meta"": {""dist"": ""LogNormal"", ""mu"": 0.5, ""sigma"": 0.5}, ""moloco"": {""dist"": ""LogNormal"", ""mu"": 0.5, ""sigma"": 0.5}, ""snapchat"": {""dist"": ""LogNormal"", ""mu"": 0.5, ""sigma"": 0.5}, ""tiktok"": {""dist"": ""LogNormal"", ""mu"": 0.5, ""sigma"": 0.5}}, ""run_mode"": ""roi_full"", ""structural_overrides"": {""adstock_decay_spec"": ""geometric"", ""alpha_m"": 0.51, ""ec_m"": 0.5, ""max_lag"": 4, ""slope_m"": 1.2}, ""sweep_type"": ""fixed_full_grid"", ""target_channel"": ""liveintent"", ""two_layer_enabled"": false}",meta,REVIEW,REVIEW:PriorPosteriorShift,PriorPosteriorShift,"amazon,beehiiv,liveintent,meta,snapchat",0.4922159127285704,0.481978918655465,0.0102369940731054,0.0207977714827568,0.51,0.5,1.2,4,geometric,prior_sweep,roi_full,roi,non_revenue,revenue,__revenue_equiv__,100.0,liveintent,fixed_full_grid,False,roi,roi,Revenue-equivalent ROI,1.0,0.5,LogNormal,target_channels,liveintent,configured,,,,upload_1bc112d58beb_monthly_mocha,/Users/jasper/Documents/Intern/BlueAlpha/capstone-Blue_Alpha_1/backend/storage/uploads/upload_1bc112d58beb_monthly_mocha.csv,1.0,0.5,LogNormal,0.4128178986318089,0.1016733910888433,0.3566605746746063,1.3128194272518148,0.4162588047564247,0.1005285780876874,0.3551493287086487,1.3364893198013303,0.9799227396848657,0.5,0.5,LogNormal,0.0304932086034106,0.0303847028256523,840158.1265220001,413539.199082352,404938.5053206749,-8600.693761677074,8600.693761677074,100.0,41353919.9082352,40493850.53206749,-860069.3761677071,860069.3761677071,False,0.02079777148275688,-0.02079777148275688,0.020797771482756914,-0.020797771482756914,0.020797771482756897,-0.020797771482756897,1.0,0.0,0,True,False,False,True,0.020797771482756897,,0.020797771482756897,,True,True,0.0
"multi|amazon,beehiiv,google,liveintent,meta,moloco,snapchat,tiktok|pmode=roi|rpk=100.0|target=liveintent|mu=1.000000|sigma=0.500000|dist=LogNormal|1.000000|0.500000|LogNormal|alpha=0p51|ec=0p5|slope=1p2|lag=4|decay=geometric",liveintent,"{""kpi_type"": ""non_revenue"", ""kpi_type_effective"": ""revenue"", ""prior_design_mode"": ""roi"", ""prior_grid_type"": ""roi"", ""revenue_per_kpi"": 100.0, ""roi_prior_overrides"": {""amazon"": {""dist"": ""LogNormal"", ""mu"": 0.5, ""sigma"": 0.5}, ""beehiiv"": {""dist"": ""LogNormal"", ""mu"": 0.5, ""sigma"": 0.5}, ""google"": {""dist"": ""LogNormal"", ""mu"": 0.5, ""sigma"": 0.5}, ""liveintent"": {""dist"": ""LogNormal"", ""mu"": 1.0, ""sigma"": 0.5}, ""meta"": {""dist"": ""LogNormal"", ""mu"": 0.5, ""sigma"": 0.5}, ""moloco"": {""dist"": ""LogNormal"", ""mu"": 0.5, ""sigma"": 0.5}, ""snapchat"": {""dist"": ""LogNormal"", ""mu"": 0.5, ""sigma"": 0.5}, ""tiktok"": {""dist"": ""LogNormal"", ""mu"": 0.5, ""sigma"": 0.5}}, ""run_mode"": ""roi_full"", ""structural_overrides"": {""adstock_decay_spec"": ""geometric"", ""alpha_m"": 0.51, ""ec_m"": 0.5, ""max_lag"": 4, ""slope_m"": 1.2}, ""sweep_type"": ""fixed_full_grid"", ""target_channel"": ""liveintent"", ""two_layer_enabled"": false}",moloco,REVIEW,REVIEW:PriorPosteriorShift,PriorPosteriorShift,"amazon,beehiiv,liveintent,meta,snapchat",0.5193671595243117,0.5146911265297482,0.0046760329945634,0.0090033282020491,0.51,0.5,1.2,4,geometric,prior_sweep,roi_full,roi,non_revenue,revenue,__revenue_equiv__,100.0,liveintent,fixed_full_grid,False,roi,roi,Revenue-equivalent ROI,1.0,0.5,LogNormal,target_channels,liveintent,configured,,,,upload_1bc112d58beb_monthly_mocha,/Users/jasper/Documents/Intern/BlueAlpha/capstone-Blue_Alpha_1/backend/storage/uploads/upload_1bc112d58beb_monthly_mocha.csv,1.0,0.5,LogNormal,0.4986959806994451,0.0960079569369554,0.3689096570014953,1.4562236905097956,0.4872052951752728,0.0985456846654415,0.3672142177820205,1.4090864717960354,0.9634800971521138,0.5,0.5,LogNormal,0.0010921711902863,0.0220516549168923,842234.6095886,437428.9968350988,433490.6800114992,-3938.316823599569,3938.316823599569,100.0,43742899.68350988,43349068.00114992,-393831.6823599562,393831.6823599562,False,0.009003328202049214,-0.009003328202049214,0.009003328202049278,-0.009003328202049278,0.009003328202049247,-0.009003328202049247,1.0,0.0,0,True,False,False,True,0.009003328202049247,,0.009003328202049247,,True,False,0.0
"multi|amazon,beehiiv,google,liveintent,meta,moloco,snapchat,tiktok|pmode=roi|rpk=100.0|target=liveintent|mu=1.000000|sigma=0.500000|dist=LogNormal|1.000000|0.500000|LogNormal|alpha=0p51|ec=0p5|slope=1p2|lag=4|decay=geometric",liveintent,"{""kpi_type"": ""non_revenue"", ""kpi_type_effective"": ""revenue"", ""prior_design_mode"": ""roi"", ""prior_grid_type"": ""roi"", ""revenue_per_kpi"": 100.0, ""roi_prior_overrides"": {""amazon"": {""dist"": ""LogNormal"", ""mu"": 0.5, ""sigma"": 0.5}, ""beehiiv"": {""dist"": ""LogNormal"", ""mu"": 0.5, ""sigma"": 0.5}, ""google"": {""dist"": ""LogNormal"", ""mu"": 0.5, ""sigma"": 0.5}, ""liveintent"": {""dist"": ""LogNormal"", ""mu"": 1.0, ""sigma"": 0.5}, ""meta"": {""dist"": ""LogNormal"", ""mu"": 0.5, ""sigma"": 0.5}, ""moloco"": {""dist"": ""LogNormal"", ""mu"": 0.5, ""sigma"": 0.5}, ""snapchat"": {""dist"": ""LogNormal"", ""mu"": 0.5, ""sigma"": 0.5}, ""tiktok"": {""dist"": ""LogNormal"", ""mu"": 0.5, ""sigma"": 0.5}}, ""run_mode"": ""roi_full"", ""structural_overrides"": {""adstock_decay_spec"": ""geometric"", ""alpha_m"": 0.51, ""ec_m"": 0.5, ""max_lag"": 4, ""slope_m"": 1.2}, ""sweep_type"": ""fixed_full_grid"", ""target_channel"": ""liveintent"", ""two_layer_enabled"": false}",snapchat,REVIEW,REVIEW:PriorPosteriorShift,PriorPosteriorShift,"amazon,beehiiv,liveintent,meta,snapchat",0.5166618288556735,0.4933138286539664,0.023348000201707,0.0451901009474985,0.51,0.5,1.2,4,geometric,prior_sweep,roi_full,roi,non_revenue,revenue,__revenue_equiv__,100.0,liveintent,fixed_full_grid,False,roi,roi,Revenue-equivalent ROI,1.0,0.5,LogNormal,target_channels,liveintent,configured,,,,upload_1bc112d58beb_monthly_mocha,/Users/jasper/Documents/Intern/BlueAlpha/capstone-Blue_Alpha_1/backend/storage/uploads/upload_1bc112d58beb_monthly_mocha.csv,1.0,0.5,LogNormal,0.4711478203533085,0.0951749168336391,0.3710568994283676,1.3794029116630553,0.4080169871685971,0.0966894045472145,0.3596057146787643,1.341410517692566,0.9692368630468048,0.5,0.5,LogNormal,0.0363444230784171,0.0256945912797746,4342436.908989999,2243571.395089151,2142184.177262152,-101387.2178269988,101387.2178269988,100.0,224357139.5089151,214218417.7262152,-10138721.782699885,10138721.782699885,False,0.04519010094749849,-0.04519010094749849,0.045190100947498514,-0.045190100947498514,0.04519010094749851,-0.04519010094749851,1.0,0.0,0,True,False,False,True,0.04519010094749851,,0.04519010094749851,,True,True,0.0
"multi|amazon,beehiiv,google,liveintent,meta,moloco,snapchat,tiktok|pmode=roi|rpk=100.0|target=liveintent|mu=1.000000|sigma=0.500000|dist=LogNormal|1.000000|0.500000|LogNormal|alpha=0p51|ec=0p5|slope=1p2|lag=4|decay=geometric",liveintent,"{""kpi_type"": ""non_revenue"", ""kpi_type_effective"": ""revenue"", ""prior_design_mode"": ""roi"", ""prior_grid_type"": ""roi"", ""revenue_per_kpi"": 100.0, ""roi_prior_overrides"": {""amazon"": {""dist"": ""LogNormal"", ""mu"": 0.5, ""sigma"": 0.5}, ""beehiiv"": {""dist"": ""LogNormal"", ""mu"": 0.5, ""sigma"": 0.5}, ""google"": {""dist"": ""LogNormal"", ""mu"": 0.5, ""sigma"": 0.5}, ""liveintent"": {""dist"": ""LogNormal"", ""mu"": 1.0, ""sigma"": 0.5}, ""meta"": {""dist"": ""LogNormal"", ""mu"": 0.5, ""sigma"": 0.5}, ""moloco"": {""dist"": ""LogNormal"", ""mu"": 0.5, ""sigma"": 0.5}, ""snapchat"": {""dist"": ""LogNormal"", ""mu"": 0.5, ""sigma"": 0.5}, ""tiktok"": {""dist"": ""LogNormal"", ""mu"": 0.5, ""sigma"": 0.5}}, ""run_mode"": ""roi_full"", ""structural_overrides"": {""adstock_decay_spec"": ""geometric"", ""alpha_m"": 0.51, ""ec_m"": 0.5, ""max_lag"": 4, ""slope_m"": 1.2}, ""sweep_type"": ""fixed_full_grid"", ""target_channel"": ""liveintent"", ""two_layer_enabled"": false}",tiktok,REVIEW,REVIEW:PriorPosteriorShift,PriorPosteriorShift,"amazon,beehiiv,liveintent,meta,snapchat",0.4454225514084101,0.4485965259342144,0.0031739745258043,0.0071257607316206,0.51,0.5,1.2,4,geometric,prior_sweep,roi_full,roi,non_revenue,revenue,__revenue_equiv__,100.0,liveintent,fixed_full_grid,False,roi,roi,Revenue-equivalent ROI,1.0,0.5,LogNormal,target_channels,liveintent,configured,,,,upload_1bc112d58beb_monthly_mocha,/Users/jasper/Documents/Intern/BlueAlpha/capstone-Blue_Alpha_1/backend/storage/uploads/upload_1bc112d58beb_monthly_mocha.csv,1.0,0.5,LogNormal,0.389614058166092,0.0862870134413242,0.3261690884828567,1.226093351840973,0.3989596271227888,0.0874081209301948,0.3253653943538666,1.263329243659972,0.9674123847699632,0.5,0.5,LogNormal,0.0493700742477825,0.0688915609610037,1752685.00913,780685.4285819572,786248.406152695,5562.977570737712,5562.977570737712,100.0,78068542.85819572,78624840.6152695,556297.7570737749,556297.7570737749,False,0.007125760731620614,0.007125760731620614,0.007125760731620604,0.007125760731620604,0.007125760731620609,0.007125760731620609,1.0,0.0,0,True,False,False,True,0.007125760731620609,,0.007125760731620609,,True,False,0.0
"multi|amazon,beehiiv,google,liveintent,meta,moloco,snapchat,tiktok|pmode=roi|rpk=100.0|target=liveintent|mu=1.000000|sigma=1.000000|dist=LogNormal|1.000000|1.000000|LogNormal|alpha=0p51|ec=0p5|slope=1p2|lag=4|decay=geometric",liveintent,"{""kpi_type"": ""non_revenue"", ""kpi_type_effective"": ""revenue"", ""prior_design_mode"": ""roi"", ""prior_grid_type"": ""roi"", ""revenue_per_kpi"": 100.0, ""roi_prior_overrides"": {""amazon"": {""dist"": ""LogNormal"", ""mu"": 0.5, ""sigma"": 0.5}, ""beehiiv"": {""dist"": ""LogNormal"", ""mu"": 0.5, ""sigma"": 0.5}, ""google"": {""dist"": ""LogNormal"", ""mu"": 0.5, ""sigma"": 0.5}, ""liveintent"": {""dist"": ""LogNormal"", ""mu"": 1.0, ""sigma"": 1.0}, ""meta"": {""dist"": ""LogNormal"", ""mu"": 0.5, ""sigma"": 0.5}, ""moloco"": {""dist"": ""LogNormal"", ""mu"": 0.5, ""sigma"": 0.5}, ""snapchat"": {""dist"": ""LogNormal"", ""mu"": 0.5, ""sigma"": 0.5}, ""tiktok"": {""dist"": ""LogNormal"", ""mu"": 0.5, ""sigma"": 0.5}}, ""run_mode"": ""roi_full"", ""structural_overrides"": {""adstock_decay_spec"": ""geometric"", ""alpha_m"": 0.51, ""ec_m"": 0.5, ""max_lag"": 4, ""slope_m"": 1.2}, ""sweep_type"": ""fixed_full_grid"", ""target_channel"": ""liveintent"", ""two_layer_enabled"": false}",amazon,REVIEW,REVIEW:PriorPosteriorShift,PriorPosteriorShift,"amazon,beehiiv,liveintent,meta",0.5121372402909522,0.5115119608972842,0.0006252793936679,0.0012209215508576,0.51,0.5,1.2,4,geometric,prior_sweep,roi_full,roi,non_revenue,revenue,__revenue_equiv__,100.0,liveintent,fixed_full_grid,False,roi,roi,Revenue-equivalent ROI,1.0,1.0,LogNormal,target_channels,liveintent,configured,,,,upload_1bc112d58beb_monthly_mocha,/Users/jasper/Documents/Intern/BlueAlpha/capstone-Blue_Alpha_1/backend/storage/uploads/upload_1bc112d58beb_monthly_mocha.csv,1.0,1.0,LogNormal,0.4840694861381271,0.0989534243941307,0.3617888689041137,1.4659758150577542,0.4939838533770535,0.0965659968554973,0.3572828471660614,1.4619092285633086,0.9952870105447676,0.5,0.5,LogNormal,0.0004104125218883,0.0363099016128898,15740.258094,8061.172341728484,8051.33028269129,-9.842059037193394,9.842059037193394,100.0,806117.2341728484,805133.028269129,-984.2059037194122,984.2059037194122,False,0.0012209215508576098,-0.0012209215508576098,0.0012209215508575829,-0.0012209215508575829,0.0012209215508575963,-0.0012209215508575963,1.0,1.0,0,False,False,False,True,,,0.0006104607754287982,,True,True,0.0
"multi|amazon,beehiiv,google,liveintent,meta,moloco,snapchat,tiktok|pmode=roi|rpk=100.0|target=liveintent|mu=1.000000|sigma=1.000000|dist=LogNormal|1.000000|1.000000|LogNormal|alpha=0p51|ec=0p5|slope=1p2|lag=4|decay=geometric",liveintent,"{""kpi_type"": ""non_revenue"", ""kpi_type_effective"": ""revenue"", ""prior_design_mode"": ""roi"", ""prior_grid_type"": ""roi"", ""revenue_per_kpi"": 100.0, ""roi_prior_overrides"": {""amazon"": {""dist"": ""LogNormal"", ""mu"": 0.5, ""sigma"": 0.5}, ""beehiiv"": {""dist"": ""LogNormal"", ""mu"": 0.5, ""sigma"": 0.5}, ""google"": {""dist"": ""LogNormal"", ""mu"": 0.5, ""sigma"": 0.5}, ""liveintent"": {""dist"": ""LogNormal"", ""mu"": 1.0, ""sigma"": 1.0}, ""meta"": {""dist"": ""LogNormal"", ""mu"": 0.5, ""sigma"": 0.5}, ""moloco"": {""dist"": ""LogNormal"", ""mu"": 0.5, ""sigma"": 0.5}, ""snapchat"": {""dist"": ""LogNormal"", ""mu"": 0.5, ""sigma"": 0.5}, ""tiktok"": {""dist"": ""LogNormal"", ""mu"": 0.5, ""sigma"": 0.5}}, ""run_mode"": ""roi_full"", ""structural_overrides"": {""adstock_decay_spec"": ""geometric"", ""alpha_m"": 0.51, ""ec_m"": 0.5, ""max_lag"": 4, ""slope_m"": 1.2}, ""sweep_type"": ""fixed_full_grid"", ""target_channel"": ""liveintent"", ""two_layer_enabled"": false}",beehiiv,REVIEW,REVIEW:PriorPosteriorShift,PriorPosteriorShift,"amazon,beehiiv,liveintent,meta",0.5170952036961293,0.5258815271717807,0.0087863234756514,0.0169916940107894,0.51,0.5,1.2,4,geometric,prior_sweep,roi_full,roi,non_revenue,revenue,__revenue_equiv__,100.0,liveintent,fixed_full_grid,False,roi,roi,Revenue-equivalent ROI,1.0,1.0,LogNormal,target_channels,liveintent,configured,,,,upload_1bc112d58beb_monthly_mocha,/Users/jasper/Documents/Intern/BlueAlpha/capstone-Blue_Alpha_1/backend/storage/uploads/upload_1bc112d58beb_monthly_mocha.csv,1.0,1.0,LogNormal,0.5569061978983733,0.0888365499675273,0.3553869128227234,1.4882560491561885,0.5578916070796424,0.084927013516426,0.3741018027067184,1.5260430335998525,0.9710665065729048,0.5,0.5,LogNormal,0.0142692048530932,0.0297341585230555,328172.2732613,169696.3084894737,172579.73623808738,2883.4277486136707,2883.4277486136707,100.0,16969630.848947372,17257973.623808738,288342.77486136556,288342.77486136556,False,0.016991694010789406,0.016991694010789406,0.016991694010789458,0.016991694010789458,0.016991694010789433,0.016991694010789433,1.0,1.0,0,False,False,False,True,,,0.008495847005394717,,True,True,0.0
"multi|amazon,beehiiv,google,liveintent,meta,moloco,snapchat,tiktok|pmode=roi|rpk=100.0|target=liveintent|mu=1.000000|sigma=1.000000|dist=LogNormal|1.000000|1.000000|LogNormal|alpha=0p51|ec=0p5|slope=1p2|lag=4|decay=geometric",liveintent,"{""kpi_type"": ""non_revenue"", ""kpi_type_effective"": ""revenue"", ""prior_design_mode"": ""roi"", ""prior_grid_type"": ""roi"", ""revenue_per_kpi"": 100.0, ""roi_prior_overrides"": {""amazon"": {""dist"": ""LogNormal"", ""mu"": 0.5, ""sigma"": 0.5}, ""beehiiv"": {""dist"": ""LogNormal"", ""mu"": 0.5, ""sigma"": 0.5}, ""google"": {""dist"": ""LogNormal"", ""mu"": 0.5, ""sigma"": 0.5}, ""liveintent"": {""dist"": ""LogNormal"", ""mu"": 1.0, ""sigma"": 1.0}, ""meta"": {""dist"": ""LogNormal"", ""mu"": 0.5, ""sigma"": 0.5}, ""moloco"": {""dist"": ""LogNormal"", ""mu"": 0.5, ""sigma"": 0.5}, ""snapchat"": {""dist"": ""LogNormal"", ""mu"": 0.5, ""sigma"": 0.5}, ""tiktok"": {""dist"": ""LogNormal"", ""mu"": 0.5, ""sigma"": 0.5}}, ""run_mode"": ""roi_full"", ""structural_overrides"": {""adstock_decay_spec"": ""geometric"", ""alpha_m"": 0.51, ""ec_m"": 0.5, ""max_lag"": 4, ""slope_m"": 1.2}, ""sweep_type"": ""fixed_full_grid"", ""target_channel"": ""liveintent"", ""two_layer_enabled"": false}",google,REVIEW,REVIEW:PriorPosteriorShift,PriorPosteriorShift,"amazon,beehiiv,liveintent,meta",0.3639935120598723,0.3703821534663439,0.0063886414064716,0.0175515254937312,0.51,0.5,1.2,4,geometric,prior_sweep,roi_full,roi,non_revenue,revenue,__revenue_equiv__,100.0,liveintent,fixed_full_grid,False,roi,roi,Revenue-equivalent ROI,1.0,1.0,LogNormal,target_channels,liveintent,configured,,,,upload_1bc112d58beb_monthly_mocha,/Users/jasper/Documents/Intern/BlueAlpha/capstone-Blue_Alpha_1/backend/storage/uploads/upload_1bc112d58beb_monthly_mocha.csv,1.0,1.0,LogNormal,0.2538866235360484,0.0906866624951362,0.2933306694030761,0.9025721818208694,0.2593294731348156,0.0849720884114503,0.2952079474925995,0.8747193872928616,0.9589440254688368,0.5,0.5,LogNormal,0.3246138716597593,0.1235612082207416,10298543.94665,3748603.180244072,3814396.8845280074,65793.70428393548,65793.70428393548,100.0,374860318.0244072,381439688.4528007,6579370.428393543,6579370.428393543,False,0.01755152549373121,0.01755152549373121,0.017551525493731148,0.017551525493731148,0.01755152549373118,0.01755152549373118,1.0,1.0,0,False,False,False,True,,,0.00877576274686559,,True,False,0.0
"multi|amazon,beehiiv,google,liveintent,meta,moloco,snapchat,tiktok|pmode=roi|rpk=100.0|target=liveintent|mu=1.000000|sigma=1.000000|dist=LogNormal|1.000000|1.000000|LogNormal|alpha=0p51|ec=0p5|slope=1p2|lag=4|decay=geometric",liveintent,"{""kpi_type"": ""non_revenue"", ""kpi_type_effective"": ""revenue"", ""prior_design_mode"": ""roi"", ""prior_grid_type"": ""roi"", ""revenue_per_kpi"": 100.0, ""roi_prior_overrides"": {""amazon"": {""dist"": ""LogNormal"", ""mu"": 0.5, ""sigma"": 0.5}, ""beehiiv"": {""dist"": ""LogNormal"", ""mu"": 0.5, ""sigma"": 0.5}, ""google"": {""dist"": ""LogNormal"", ""mu"": 0.5, ""sigma"": 0.5}, ""liveintent"": {""dist"": ""LogNormal"", ""mu"": 1.0, ""sigma"": 1.0}, ""meta"": {""dist"": ""LogNormal"", ""mu"": 0.5, ""sigma"": 0.5}, ""moloco"": {""dist"": ""LogNormal"", ""mu"": 0.5, ""sigma"": 0.5}, ""snapchat"": {""dist"": ""LogNormal"", ""mu"": 0.5, ""sigma"": 0.5}, ""tiktok"": {""dist"": ""LogNormal"", ""mu"": 0.5, ""sigma"": 0.5}}, ""run_mode"": ""roi_full"", ""structural_overrides"": {""adstock_decay_spec"": ""geometric"", ""alpha_m"": 0.51, ""ec_m"": 0.5, ""max_lag"": 4, ""slope_m"": 1.2}, ""sweep_type"": ""fixed_full_grid"", ""target_channel"": ""liveintent"", ""two_layer_enabled"": false}",liveintent,REVIEW,REVIEW:PriorPosteriorShift,PriorPosteriorShift,"amazon,beehiiv,liveintent,meta",0.5074958745824794,1.0086662497123082,0.5011703751298289,0.9875358603498904,0.51,0.5,1.2,4,geometric,prior_sweep,roi_full,roi,non_revenue,revenue,__revenue_equiv__,100.0,liveintent,fixed_full_grid,False,roi,roi,Revenue-equivalent ROI,1.0,1.0,LogNormal,target_channels,liveintent,configured,,,,upload_1bc112d58beb_monthly_mocha,/Users/jasper/Documents/Intern/BlueAlpha/capstone-Blue_Alpha_1/backend/storage/uploads/upload_1bc112d58beb_monthly_mocha.csv,1.0,1.0,LogNormal,0.4727192380468491,0.0905764039605856,0.3625864535570144,1.422901827096939,0.91891878929425,0.1921803817152977,0.7225508093833923,2.7861795783042904,0.456566254668135,1.0,1.0,LogNormal,0.0068009516912558,0.0291739251555599,797987.173079,404975.1983073274,804902.7291881215,399927.5308807941,399927.5308807941,100.0,40497519.83073274,80490272.91881216,39992753.088079415,39992753.088079415,False,0.9875358603498905,0.9875358603498905,0.9875358603498905,0.9875358603498905,0.9875358603498905,0.9875358603498905,1.0,1.0,0,False,False,False,True,,,0.49376793017494525,,True,True,0.0
"multi|amazon,beehiiv,google,liveintent,meta,moloco,snapchat,tiktok|pmode=roi|rpk=100.0|target=liveintent|mu=1.000000|sigma=1.000000|dist=LogNormal|1.000000|1.000000|LogNormal|alpha=0p51|ec=0p5|slope=1p2|lag=4|decay=geometric",liveintent,"{""kpi_type"": ""non_revenue"", ""kpi_type_effective"": ""revenue"", ""prior_design_mode"": ""roi"", ""prior_grid_type"": ""roi"", ""revenue_per_kpi"": 100.0, ""roi_prior_overrides"": {""amazon"": {""dist"": ""LogNormal"", ""mu"": 0.5, ""sigma"": 0.5}, ""beehiiv"": {""dist"": ""LogNormal"", ""mu"": 0.5, ""sigma"": 0.5}, ""google"": {""dist"": ""LogNormal"", ""mu"": 0.5, ""sigma"": 0.5}, ""liveintent"": {""dist"": ""LogNormal"", ""mu"": 1.0, ""sigma"": 1.0}, ""meta"": {""dist"": ""LogNormal"", ""mu"": 0.5, ""sigma"": 0.5}, ""moloco"": {""dist"": ""LogNormal"", ""mu"": 0.5, ""sigma"": 0.5}, ""snapchat"": {""dist"": ""LogNormal"", ""mu"": 0.5, ""sigma"": 0.5}, ""tiktok"": {""dist"": ""LogNormal"", ""mu"": 0.5, ""sigma"": 0.5}}, ""run_mode"": ""roi_full"", ""structural_overrides"": {""adstock_decay_spec"": ""geometric"", ""alpha_m"": 0.51, ""ec_m"": 0.5, ""max_lag"": 4, ""slope_m"": 1.2}, ""sweep_type"": ""fixed_full_grid"", ""target_channel"": ""liveintent"", ""two_layer_enabled"": false}",meta,REVIEW,REVIEW:PriorPosteriorShift,PriorPosteriorShift,"amazon,beehiiv,liveintent,meta",0.4922159127285704,0.4949961232518156,0.0027802105232451,0.0056483556328628,0.51,0.5,1.2,4,geometric,prior_sweep,roi_full,roi,non_revenue,revenue,__revenue_equiv__,100.0,liveintent,fixed_full_grid,False,roi,roi,Revenue-equivalent ROI,1.0,1.0,LogNormal,target_channels,liveintent,configured,,,,upload_1bc112d58beb_monthly_mocha,/Users/jasper/Documents/Intern/BlueAlpha/capstone-Blue_Alpha_1/backend/storage/uploads/upload_1bc112d58beb_monthly_mocha.csv,1.0,1.0,LogNormal,0.4128178986318089,0.1016733910888433,0.3566605746746063,1.3128194272518148,0.4363036152332163,0.1004257079213857,0.3524128198623657,1.371135354042053,0.9531257119676894,0.5,0.5,LogNormal,0.0170414991052823,0.0270233711467108,840158.1265220001,413539.199082352,415875.0155468984,2335.8164645464276,2335.8164645464276,100.0,41353919.9082352,41587501.55468984,233581.64645463973,233581.64645463973,False,0.005648355632862901,0.005648355632862901,0.00564835563286293,0.00564835563286293,0.005648355632862916,0.005648355632862916,1.0,1.0,0,False,False,False,True,,,0.002824177816431458,,True,True,0.0
"multi|amazon,beehiiv,google,liveintent,meta,moloco,snapchat,tiktok|pmode=roi|rpk=100.0|target=liveintent|mu=1.000000|sigma=1.000000|dist=LogNormal|1.000000|1.000000|LogNormal|alpha=0p51|ec=0p5|slope=1p2|lag=4|decay=geometric",liveintent,"{""kpi_type"": ""non_revenue"", ""kpi_type_effective"": ""revenue"", ""prior_design_mode"": ""roi"", ""prior_grid_type"": ""roi"", ""revenue_per_kpi"": 100.0, ""roi_prior_overrides"": {""amazon"": {""dist"": ""LogNormal"", ""mu"": 0.5, ""sigma"": 0.5}, ""beehiiv"": {""dist"": ""LogNormal"", ""mu"": 0.5, ""sigma"": 0.5}, ""google"": {""dist"": ""LogNormal"", ""mu"": 0.5, ""sigma"": 0.5}, ""liveintent"": {""dist"": ""LogNormal"", ""mu"": 1.0, ""sigma"": 1.0}, ""meta"": {""dist"": ""LogNormal"", ""mu"": 0.5, ""sigma"": 0.5}, ""moloco"": {""dist"": ""LogNormal"", ""mu"": 0.5, ""sigma"": 0.5}, ""snapchat"": {""dist"": ""LogNormal"", ""mu"": 0.5, ""sigma"": 0.5}, ""tiktok"": {""dist"": ""LogNormal"", ""mu"": 0.5, ""sigma"": 0.5}}, ""run_mode"": ""roi_full"", ""structural_overrides"": {""adstock_decay_spec"": ""geometric"", ""alpha_m"": 0.51, ""ec_m"": 0.5, ""max_lag"": 4, ""slope_m"": 1.2}, ""sweep_type"": ""fixed_full_grid"", ""target_channel"": ""liveintent"", ""two_layer_enabled"": false}",moloco,REVIEW,REVIEW:PriorPosteriorShift,PriorPosteriorShift,"amazon,beehiiv,liveintent,meta",0.5193671595243117,0.5339710018147404,0.0146038422904287,0.0281185323766031,0.51,0.5,1.2,4,geometric,prior_sweep,roi_full,roi,non_revenue,revenue,__revenue_equiv__,100.0,liveintent,fixed_full_grid,False,roi,roi,Revenue-equivalent ROI,1.0,1.0,LogNormal,target_channels,liveintent,configured,,,,upload_1bc112d58beb_monthly_mocha,/Users/jasper/Documents/Intern/BlueAlpha/capstone-Blue_Alpha_1/backend/storage/uploads/upload_1bc112d58beb_monthly_mocha.csv,1.0,1.0,LogNormal,0.4986959806994451,0.0960079569369554,0.3689096570014953,1.4562236905097956,0.5373811932402089,0.0964431632310152,0.3764926791191101,1.512065160274505,0.960258190187424,0.5,0.5,LogNormal,0.0077655503096989,0.026749263728466,842234.6095886,437428.9968350988,449728.85824507155,12299.861409972773,12299.861409972773,100.0,43742899.68350988,44972885.824507155,1229986.1409972757,1229986.1409972757,False,0.02811853237660315,0.02811853237660315,0.02811853237660317,0.02811853237660317,0.02811853237660316,0.02811853237660316,1.0,1.0,0,False,False,False,True,,,0.01405926618830158,,True,False,0.0
"multi|amazon,beehiiv,google,liveintent,meta,moloco,snapchat,tiktok|pmode=roi|rpk=100.0|target=liveintent|mu=1.000000|sigma=1.000000|dist=LogNormal|1.000000|1.000000|LogNormal|alpha=0p51|ec=0p5|slope=1p2|lag=4|decay=geometric",liveintent,"{""kpi_type"": ""non_revenue"", ""kpi_type_effective"": ""revenue"", ""prior_design_mode"": ""roi"", ""prior_grid_type"": ""roi"", ""revenue_per_kpi"": 100.0, ""roi_prior_overrides"": {""amazon"": {""dist"": ""LogNormal"", ""mu"": 0.5, ""sigma"": 0.5}, ""beehiiv"": {""dist"": ""LogNormal"", ""mu"": 0.5, ""sigma"": 0.5}, ""google"": {""dist"": ""LogNormal"", ""mu"": 0.5, ""sigma"": 0.5}, ""liveintent"": {""dist"": ""LogNormal"", ""mu"": 1.0, ""sigma"": 1.0}, ""meta"": {""dist"": ""LogNormal"", ""mu"": 0.5, ""sigma"": 0.5}, ""moloco"": {""dist"": ""LogNormal"", ""mu"": 0.5, ""sigma"": 0.5}, ""snapchat"": {""dist"": ""LogNormal"", ""mu"": 0.5, ""sigma"": 0.5}, ""tiktok"": {""dist"": ""LogNormal"", ""mu"": 0.5, ""sigma"": 0.5}}, ""run_mode"": ""roi_full"", ""structural_overrides"": {""adstock_decay_spec"": ""geometric"", ""alpha_m"": 0.51, ""ec_m"": 0.5, ""max_lag"": 4, ""slope_m"": 1.2}, ""sweep_type"": ""fixed_full_grid"", ""target_channel"": ""liveintent"", ""two_layer_enabled"": false}",snapchat,REVIEW,REVIEW:PriorPosteriorShift,PriorPosteriorShift,"amazon,beehiiv,liveintent,meta",0.5166618288556735,0.5067390775494277,0.0099227513062457,0.0192055049397071,0.51,0.5,1.2,4,geometric,prior_sweep,roi_full,roi,non_revenue,revenue,__revenue_equiv__,100.0,liveintent,fixed_full_grid,False,roi,roi,Revenue-equivalent ROI,1.0,1.0,LogNormal,target_channels,liveintent,configured,,,,upload_1bc112d58beb_monthly_mocha,/Users/jasper/Documents/Intern/BlueAlpha/capstone-Blue_Alpha_1/backend/storage/uploads/upload_1bc112d58beb_monthly_mocha.csv,1.0,1.0,LogNormal,0.4711478203533085,0.0951749168336391,0.3710568994283676,1.3794029116630553,0.4313394150267973,0.094764045625925,0.3782309740781784,1.331052660942077,0.962042934230138,0.5,0.5,LogNormal,0.0199110246196021,0.0228752826234561,4342436.908989999,2243571.395089151,2200482.4735781807,-43088.92151097022,43088.92151097022,100.0,224357139.5089151,220048247.35781807,-4308892.151097029,4308892.151097029,False,0.019205504939707133,-0.019205504939707133,0.01920550493970709,-0.01920550493970709,0.019205504939707112,-0.019205504939707112,1.0,1.0,0,False,False,False,True,,,0.009602752469853556,,True,False,0.0
"multi|amazon,beehiiv,google,liveintent,meta,moloco,snapchat,tiktok|pmode=roi|rpk=100.0|target=liveintent|mu=1.000000|sigma=1.000000|dist=LogNormal|1.000000|1.000000|LogNormal|alpha=0p51|ec=0p5|slope=1p2|lag=4|decay=geometric",liveintent,"{""kpi_type"": ""non_revenue"", ""kpi_type_effective"": ""revenue"", ""prior_design_mode"": ""roi"", ""prior_grid_type"": ""roi"", ""revenue_per_kpi"": 100.0, ""roi_prior_overrides"": {""amazon"": {""dist"": ""LogNormal"", ""mu"": 0.5, ""sigma"": 0.5}, ""beehiiv"": {""dist"": ""LogNormal"", ""mu"": 0.5, ""sigma"": 0.5}, ""google"": {""dist"": ""LogNormal"", ""mu"": 0.5, ""sigma"": 0.5}, ""liveintent"": {""dist"": ""LogNormal"", ""mu"": 1.0, ""sigma"": 1.0}, ""meta"": {""dist"": ""LogNormal"", ""mu"": 0.5, ""sigma"": 0.5}, ""moloco"": {""dist"": ""LogNormal"", ""mu"": 0.5, ""sigma"": 0.5}, ""snapchat"": {""dist"": ""LogNormal"", ""mu"": 0.5, ""sigma"": 0.5}, ""tiktok"": {""dist"": ""LogNormal"", ""mu"": 0.5, ""sigma"": 0.5}}, ""run_mode"": ""roi_full"", ""structural_overrides"": {""adstock_decay_spec"": ""geometric"", ""alpha_m"": 0.51, ""ec_m"": 0.5, ""max_lag"": 4, ""slope_m"": 1.2}, ""sweep_type"": ""fixed_full_grid"", ""target_channel"": ""liveintent"", ""two_layer_enabled"": false}",tiktok,REVIEW,REVIEW:PriorPosteriorShift,PriorPosteriorShift,"amazon,beehiiv,liveintent,meta",0.4454225514084101,0.456049365804065,0.0106268143956549,0.0238578274989744,0.51,0.5,1.2,4,geometric,prior_sweep,roi_full,roi,non_revenue,revenue,__revenue_equiv__,100.0,liveintent,fixed_full_grid,False,roi,roi,Revenue-equivalent ROI,1.0,1.0,LogNormal,target_channels,liveintent,configured,,,,upload_1bc112d58beb_monthly_mocha,/Users/jasper/Documents/Intern/BlueAlpha/capstone-Blue_Alpha_1/backend/storage/uploads/upload_1bc112d58beb_monthly_mocha.csv,1.0,1.0,LogNormal,0.389614058166092,0.0862870134413242,0.3261690884828567,1.226093351840973,0.4072892651535642,0.0883485496044158,0.3363892436027527,1.2360046625137329,0.989586272033389,0.5,0.5,LogNormal,0.0407168477432189,0.0617171065163801,1752685.00913,780685.4285819572,799310.8868680284,18625.458286071196,18625.458286071196,100.0,78068542.85819572,79931088.68680285,1862545.828607127,1862545.828607127,False,0.023857827498974474,0.023857827498974474,0.02385782749897435,0.02385782749897435,0.023857827498974412,0.023857827498974412,1.0,1.0,0,False,False,False,True,,,0.011928913749487206,,True,False,0.0
"multi|amazon,beehiiv,google,liveintent,meta,moloco,snapchat,tiktok|pmode=roi|rpk=100.0|target=liveintent|mu=1.500000|sigma=0.500000|dist=LogNormal|1.500000|0.500000|LogNormal|alpha=0p51|ec=0p5|slope=1p2|lag=4|decay=geometric",liveintent,"{""kpi_type"": ""non_revenue"", ""kpi_type_effective"": ""revenue"", ""prior_design_mode"": ""roi"", ""prior_grid_type"": ""roi"", ""revenue_per_kpi"": 100.0, ""roi_prior_overrides"": {""amazon"": {""dist"": ""LogNormal"", ""mu"": 0.5, ""sigma"": 0.5}, ""beehiiv"": {""dist"": ""LogNormal"", ""mu"": 0.5, ""sigma"": 0.5}, ""google"": {""dist"": ""LogNormal"", ""mu"": 0.5, ""sigma"": 0.5}, ""liveintent"": {""dist"": ""LogNormal"", ""mu"": 1.5, ""sigma"": 0.5}, ""meta"": {""dist"": ""LogNormal"", ""mu"": 0.5, ""sigma"": 0.5}, ""moloco"": {""dist"": ""LogNormal"", ""mu"": 0.5, ""sigma"": 0.5}, ""snapchat"": {""dist"": ""LogNormal"", ""mu"": 0.5, ""sigma"": 0.5}, ""tiktok"": {""dist"": ""LogNormal"", ""mu"": 0.5, ""sigma"": 0.5}}, ""run_mode"": ""roi_full"", ""structural_overrides"": {""adstock_decay_spec"": ""geometric"", ""alpha_m"": 0.51, ""ec_m"": 0.5, ""max_lag"": 4, ""slope_m"": 1.2}, ""sweep_type"": ""fixed_full_grid"", ""target_channel"": ""liveintent"", ""two_layer_enabled"": false}",amazon,REVIEW,REVIEW:PriorPosteriorShift,PriorPosteriorShift,"amazon,beehiiv,snapchat",0.5121372402909522,0.5078553528587023,0.0042818874322498,0.0083608202946094,0.51,0.5,1.2,4,geometric,prior_sweep,roi_full,roi,non_revenue,revenue,__revenue_equiv__,100.0,liveintent,fixed_full_grid,False,roi,roi,Revenue-equivalent ROI,1.5,0.5,LogNormal,target_channels,liveintent,configured,,,,upload_1bc112d58beb_monthly_mocha,/Users/jasper/Documents/Intern/BlueAlpha/capstone-Blue_Alpha_1/backend/storage/uploads/upload_1bc112d58beb_monthly_mocha.csv,1.5,0.5,LogNormal,0.4840694861381271,0.0989534243941307,0.3617888689041137,1.4659758150577542,0.4721055160669291,0.0953162278980016,0.3591555207967758,1.475698864459991,0.9903213460206648,0.5,0.5,LogNormal,0.0032962365698911,0.0339694322185158,15740.258094,8061.172341728484,7993.774328415416,-67.39801331306808,67.39801331306808,100.0,806117.2341728484,799377.4328415416,-6739.801331306808,6739.801331306808,False,0.008360820294609484,-0.008360820294609484,0.008360820294609474,-0.008360820294609474,0.008360820294609479,-0.008360820294609479,2.0,0.0,0,True,False,False,True,0.0041804101473047394,,0.0041804101473047394,,True,True,0.0
"multi|amazon,beehiiv,google,liveintent,meta,moloco,snapchat,tiktok|pmode=roi|rpk=100.0|target=liveintent|mu=1.500000|sigma=0.500000|dist=LogNormal|1.500000|0.500000|LogNormal|alpha=0p51|ec=0p5|slope=1p2|lag=4|decay=geometric",liveintent,"{""kpi_type"": ""non_revenue"", ""kpi_type_effective"": ""revenue"", ""prior_design_mode"": ""roi"", ""prior_grid_type"": ""roi"", ""revenue_per_kpi"": 100.0, ""roi_prior_overrides"": {""amazon"": {""dist"": ""LogNormal"", ""mu"": 0.5, ""sigma"": 0.5}, ""beehiiv"": {""dist"": ""LogNormal"", ""mu"": 0.5, ""sigma"": 0.5}, ""google"": {""dist"": ""LogNormal"", ""mu"": 0.5, ""sigma"": 0.5}, ""liveintent"": {""dist"": ""LogNormal"", ""mu"": 1.5, ""sigma"": 0.5}, ""meta"": {""dist"": ""LogNormal"", ""mu"": 0.5, ""sigma"": 0.5}, ""moloco"": {""dist"": ""LogNormal"", ""mu"": 0.5, ""sigma"": 0.5}, ""snapchat"": {""dist"": ""LogNormal"", ""mu"": 0.5, ""sigma"": 0.5}, ""tiktok"": {""dist"": ""LogNormal"", ""mu"": 0.5, ""sigma"": 0.5}}, ""run_mode"": ""roi_full"", ""structural_overrides"": {""adstock_decay_spec"": ""geometric"", ""alpha_m"": 0.51, ""ec_m"": 0.5, ""max_lag"": 4, ""slope_m"": 1.2}, ""sweep_type"": ""fixed_full_grid"", ""target_channel"": ""liveintent"", ""two_layer_enabled"": false}",beehiiv,REVIEW,REVIEW:PriorPosteriorShift,PriorPosteriorShift,"amazon,beehiiv,snapchat",0.5170952036961293,0.5130189316843947,0.0040762720117345,0.007883020346346,0.51,0.5,1.2,4,geometric,prior_sweep,roi_full,roi,non_revenue,revenue,__revenue_equiv__,100.0,liveintent,fixed_full_grid,False,roi,roi,Revenue-equivalent ROI,1.5,0.5,LogNormal,target_channels,liveintent,configured,,,,upload_1bc112d58beb_monthly_mocha,/Users/jasper/Documents/Intern/BlueAlpha/capstone-Blue_Alpha_1/backend/storage/uploads/upload_1bc112d58beb_monthly_mocha.csv,1.5,0.5,LogNormal,0.5569061978983733,0.0888365499675273,0.3553869128227234,1.4882560491561885,0.5583546736806022,0.0972804825752973,0.3556561022996902,1.491193616390228,0.9918840214704784,0.5,0.5,LogNormal,0.0134725904504111,0.0266203754043869,328172.2732613,169696.3084894737,168358.58903695137,-1337.7194525223458,1337.7194525223458,100.0,16969630.848947372,16835858.903695136,-133771.94525223598,133771.94525223598,False,0.007883020346346064,-0.007883020346346064,0.0078830203463461,-0.0078830203463461,0.007883020346346081,-0.007883020346346081,2.0,0.0,0,True,False,False,True,0.003941510173173041,,0.003941510173173041,,True,True,0.0
"multi|amazon,beehiiv,google,liveintent,meta,moloco,snapchat,tiktok|pmode=roi|rpk=100.0|target=liveintent|mu=1.500000|sigma=0.500000|dist=LogNormal|1.500000|0.500000|LogNormal|alpha=0p51|ec=0p5|slope=1p2|lag=4|decay=geometric",liveintent,"{""kpi_type"": ""non_revenue"", ""kpi_type_effective"": ""revenue"", ""prior_design_mode"": ""roi"", ""prior_grid_type"": ""roi"", ""revenue_per_kpi"": 100.0, ""roi_prior_overrides"": {""amazon"": {""dist"": ""LogNormal"", ""mu"": 0.5, ""sigma"": 0.5}, ""beehiiv"": {""dist"": ""LogNormal"", ""mu"": 0.5, ""sigma"": 0.5}, ""google"": {""dist"": ""LogNormal"", ""mu"": 0.5, ""sigma"": 0.5}, ""liveintent"": {""dist"": ""LogNormal"", ""mu"": 1.5, ""sigma"": 0.5}, ""meta"": {""dist"": ""LogNormal"", ""mu"": 0.5, ""sigma"": 0.5}, ""moloco"": {""dist"": ""LogNormal"", ""mu"": 0.5, ""sigma"": 0.5}, ""snapchat"": {""dist"": ""LogNormal"", ""mu"": 0.5, ""sigma"": 0.5}, ""tiktok"": {""dist"": ""LogNormal"", ""mu"": 0.5, ""sigma"": 0.5}}, ""run_mode"": ""roi_full"", ""structural_overrides"": {""adstock_decay_spec"": ""geometric"", ""alpha_m"": 0.51, ""ec_m"": 0.5, ""max_lag"": 4, ""slope_m"": 1.2}, ""sweep_type"": ""fixed_full_grid"", ""target_channel"": ""liveintent"", ""two_layer_enabled"": false}",google,REVIEW,REVIEW:PriorPosteriorShift,PriorPosteriorShift,"amazon,beehiiv,snapchat",0.3639935120598723,0.3579759378995125,0.0060175741603598,0.0165320918120375,0.51,0.5,1.2,4,geometric,prior_sweep,roi_full,roi,non_revenue,revenue,__revenue_equiv__,100.0,liveintent,fixed_full_grid,False,roi,roi,Revenue-equivalent ROI,1.5,0.5,LogNormal,target_channels,liveintent,configured,,,,upload_1bc112d58beb_monthly_mocha,/Users/jasper/Documents/Intern/BlueAlpha/capstone-Blue_Alpha_1/backend/storage/uploads/upload_1bc112d58beb_monthly_mocha.csv,1.5,0.5,LogNormal,0.2538866235360484,0.0906866624951362,0.2933306694030761,0.9025721818208694,0.2498420760153512,0.0821873527020216,0.2936636805534363,0.8703386902809143,0.9503491533640136,0.5,0.5,LogNormal,0.358962870428851,0.1361066846151643,10298543.94665,3748603.180244072,3686630.928301381,-61972.25194269093,61972.25194269093,100.0,374860318.0244072,368663092.8301381,-6197225.194269121,6197225.194269121,False,0.01653209181203755,-0.01653209181203755,0.016532091812037547,-0.016532091812037547,0.016532091812037547,-0.016532091812037547,2.0,0.0,0,True,False,False,True,0.008266045906018774,,0.008266045906018774,,True,False,0.0
"multi|amazon,beehiiv,google,liveintent,meta,moloco,snapchat,tiktok|pmode=roi|rpk=100.0|target=liveintent|mu=1.500000|sigma=0.500000|dist=LogNormal|1.500000|0.500000|LogNormal|alpha=0p51|ec=0p5|slope=1p2|lag=4|decay=geometric",liveintent,"{""kpi_type"": ""non_revenue"", ""kpi_type_effective"": ""revenue"", ""prior_design_mode"": ""roi"", ""prior_grid_type"": ""roi"", ""revenue_per_kpi"": 100.0, ""roi_prior_overrides"": {""amazon"": {""dist"": ""LogNormal"", ""mu"": 0.5, ""sigma"": 0.5}, ""beehiiv"": {""dist"": ""LogNormal"", ""mu"": 0.5, ""sigma"": 0.5}, ""google"": {""dist"": ""LogNormal"", ""mu"": 0.5, ""sigma"": 0.5}, ""liveintent"": {""dist"": ""LogNormal"", ""mu"": 1.5, ""sigma"": 0.5}, ""meta"": {""dist"": ""LogNormal"", ""mu"": 0.5, ""sigma"": 0.5}, ""moloco"": {""dist"": ""LogNormal"", ""mu"": 0.5, ""sigma"": 0.5}, ""snapchat"": {""dist"": ""LogNormal"", ""mu"": 0.5, ""sigma"": 0.5}, ""tiktok"": {""dist"": ""LogNormal"", ""mu"": 0.5, ""sigma"": 0.5}}, ""run_mode"": ""roi_full"", ""structural_overrides"": {""adstock_decay_spec"": ""geometric"", ""alpha_m"": 0.51, ""ec_m"": 0.5, ""max_lag"": 4, ""slope_m"": 1.2}, ""sweep_type"": ""fixed_full_grid"", ""target_channel"": ""liveintent"", ""two_layer_enabled"": false}",liveintent,REVIEW,REVIEW:PriorPosteriorShift,PriorPosteriorShift,"amazon,beehiiv,snapchat",0.5074958745824794,1.5098974751432737,1.0024016005607943,1.975191623745666,0.51,0.5,1.2,4,geometric,prior_sweep,roi_full,roi,non_revenue,revenue,__revenue_equiv__,100.0,liveintent,fixed_full_grid,False,roi,roi,Revenue-equivalent ROI,1.5,0.5,LogNormal,target_channels,liveintent,configured,,,,upload_1bc112d58beb_monthly_mocha,/Users/jasper/Documents/Intern/BlueAlpha/capstone-Blue_Alpha_1/backend/storage/uploads/upload_1bc112d58beb_monthly_mocha.csv,1.5,0.5,LogNormal,0.4727192380468491,0.0905764039605856,0.3625864535570144,1.422901827096939,0.5046613947475306,0.8289473652839661,1.420964777469635,2.475215768814087,0.2490751727775247,1.5,0.5,LogNormal,0.000282566212047,0.0164144702946116,797987.173079,404975.1983073274,1204878.8178287006,799903.6195213732,799903.6195213732,100.0,40497519.83073274,120487881.78287008,79990361.95213732,79990361.95213732,False,1.9751916237456661,1.9751916237456661,1.9751916237456661,1.9751916237456661,1.9751916237456661,1.9751916237456661,2.0,0.0,0,True,False,False,True,0.9875958118728331,,0.9875958118728331,,True,False,0.0
"multi|amazon,beehiiv,google,liveintent,meta,moloco,snapchat,tiktok|pmode=roi|rpk=100.0|target=liveintent|mu=1.500000|sigma=0.500000|dist=LogNormal|1.500000|0.500000|LogNormal|alpha=0p51|ec=0p5|slope=1p2|lag=4|decay=geometric",liveintent,"{""kpi_type"": ""non_revenue"", ""kpi_type_effective"": ""revenue"", ""prior_design_mode"": ""roi"", ""prior_grid_type"": ""roi"", ""revenue_per_kpi"": 100.0, ""roi_prior_overrides"": {""amazon"": {""dist"": ""LogNormal"", ""mu"": 0.5, ""sigma"": 0.5}, ""beehiiv"": {""dist"": ""LogNormal"", ""mu"": 0.5, ""sigma"": 0.5}, ""google"": {""dist"": ""LogNormal"", ""mu"": 0.5, ""sigma"": 0.5}, ""liveintent"": {""dist"": ""LogNormal"", ""mu"": 1.5, ""sigma"": 0.5}, ""meta"": {""dist"": ""LogNormal"", ""mu"": 0.5, ""sigma"": 0.5}, ""moloco"": {""dist"": ""LogNormal"", ""mu"": 0.5, ""sigma"": 0.5}, ""snapchat"": {""dist"": ""LogNormal"", ""mu"": 0.5, ""sigma"": 0.5}, ""tiktok"": {""dist"": ""LogNormal"", ""mu"": 0.5, ""sigma"": 0.5}}, ""run_mode"": ""roi_full"", ""structural_overrides"": {""adstock_decay_spec"": ""geometric"", ""alpha_m"": 0.51, ""ec_m"": 0.5, ""max_lag"": 4, ""slope_m"": 1.2}, ""sweep_type"": ""fixed_full_grid"", ""target_channel"": ""liveintent"", ""two_layer_enabled"": false}",meta,REVIEW,REVIEW:PriorPosteriorShift,PriorPosteriorShift,"amazon,beehiiv,snapchat",0.4922159127285704,0.4911847543095549,0.0010311584190155,0.0020949310909096,0.51,0.5,1.2,4,geometric,prior_sweep,roi_full,roi,non_revenue,revenue,__revenue_equiv__,100.0,liveintent,fixed_full_grid,False,roi,roi,Revenue-equivalent ROI,1.5,0.5,LogNormal,target_channels,liveintent,configured,,,,upload_1bc112d58beb_monthly_mocha,/Users/jasper/Documents/Intern/BlueAlpha/capstone-Blue_Alpha_1/backend/storage/uploads/upload_1bc112d58beb_monthly_mocha.csv,1.5,0.5,LogNormal,0.4128178986318089,0.1016733910888433,0.3566605746746063,1.3128194272518148,0.4118277256805621,0.1000949308276176,0.3634702861309051,1.3662874579429625,0.956525970755979,0.5,0.5,LogNormal,0.0333625464618696,0.0352739260689183,840158.1265220001,413539.199082352,412672.86295688455,-866.3361254674383,866.3361254674383,100.0,41353919.9082352,41267286.29568846,-86633.61254674196,86633.61254674196,False,0.002094931090909585,-0.002094931090909585,0.002094931090909514,-0.002094931090909514,0.0020949310909095494,-0.0020949310909095494,2.0,0.0,0,True,False,False,True,0.0010474655454547747,,0.0010474655454547747,,True,False,0.0
"multi|amazon,beehiiv,google,liveintent,meta,moloco,snapchat,tiktok|pmode=roi|rpk=100.0|target=liveintent|mu=1.500000|sigma=0.500000|dist=LogNormal|1.500000|0.500000|LogNormal|alpha=0p51|ec=0p5|slope=1p2|lag=4|decay=geometric",liveintent,"{""kpi_type"": ""non_revenue"", ""kpi_type_effective"": ""revenue"", ""prior_design_mode"": ""roi"", ""prior_grid_type"": ""roi"", ""revenue_per_kpi"": 100.0, ""roi_prior_overrides"": {""amazon"": {""dist"": ""LogNormal"", ""mu"": 0.5, ""sigma"": 0.5}, ""beehiiv"": {""dist"": ""LogNormal"", ""mu"": 0.5, ""sigma"": 0.5}, ""google"": {""dist"": ""LogNormal"", ""mu"": 0.5, ""sigma"": 0.5}, ""liveintent"": {""dist"": ""LogNormal"", ""mu"": 1.5, ""sigma"": 0.5}, ""meta"": {""dist"": ""LogNormal"", ""mu"": 0.5, ""sigma"": 0.5}, ""moloco"": {""dist"": ""LogNormal"", ""mu"": 0.5, ""sigma"": 0.5}, ""snapchat"": {""dist"": ""LogNormal"", ""mu"": 0.5, ""sigma"": 0.5}, ""tiktok"": {""dist"": ""LogNormal"", ""mu"": 0.5, ""sigma"": 0.5}}, ""run_mode"": ""roi_full"", ""structural_overrides"": {""adstock_decay_spec"": ""geometric"", ""alpha_m"": 0.51, ""ec_m"": 0.5, ""max_lag"": 4, ""slope_m"": 1.2}, ""sweep_type"": ""fixed_full_grid"", ""target_channel"": ""liveintent"", ""two_layer_enabled"": false}",moloco,REVIEW,REVIEW:PriorPosteriorShift,PriorPosteriorShift,"amazon,beehiiv,snapchat",0.5193671595243117,0.5249667107438047,0.005599551219493,0.0107814888115407,0.51,0.5,1.2,4,geometric,prior_sweep,roi_full,roi,non_revenue,revenue,__revenue_equiv__,100.0,liveintent,fixed_full_grid,False,roi,roi,Revenue-equivalent ROI,1.5,0.5,LogNormal,target_channels,liveintent,configured,,,,upload_1bc112d58beb_monthly_mocha,/Users/jasper/Documents/Intern/BlueAlpha/capstone-Blue_Alpha_1/backend/storage/uploads/upload_1bc112d58beb_monthly_mocha.csv,1.5,0.5,LogNormal,0.4986959806994451,0.0960079569369554,0.3689096570014953,1.4562236905097956,0.4899129158178579,0.0970409259200096,0.3761530965566635,1.5025829553604124,0.966306642811944,0.5,0.5,LogNormal,0.0016564493938301,0.0249167211668049,842234.6095886,437428.9968350988,442145.1326703199,4716.1358352210955,4716.1358352210955,100.0,43742899.68350988,44214513.26703199,471613.5835221112,471613.5835221112,False,0.010781488811540759,0.010781488811540759,0.010781488811540714,0.010781488811540714,0.010781488811540736,0.010781488811540736,2.0,0.0,0,True,False,False,True,0.005390744405770368,,0.005390744405770368,,True,False,0.0
"multi|amazon,beehiiv,google,liveintent,meta,moloco,snapchat,tiktok|pmode=roi|rpk=100.0|target=liveintent|mu=1.500000|sigma=0.500000|dist=LogNormal|1.500000|0.500000|LogNormal|alpha=0p51|ec=0p5|slope=1p2|lag=4|decay=geometric",liveintent,"{""kpi_type"": ""non_revenue"", ""kpi_type_effective"": ""revenue"", ""prior_design_mode"": ""roi"", ""prior_grid_type"": ""roi"", ""revenue_per_kpi"": 100.0, ""roi_prior_overrides"": {""amazon"": {""dist"": ""LogNormal"", ""mu"": 0.5, ""sigma"": 0.5}, ""beehiiv"": {""dist"": ""LogNormal"", ""mu"": 0.5, ""sigma"": 0.5}, ""google"": {""dist"": ""LogNormal"", ""mu"": 0.5, ""sigma"": 0.5}, ""liveintent"": {""dist"": ""LogNormal"", ""mu"": 1.5, ""sigma"": 0.5}, ""meta"": {""dist"": ""LogNormal"", ""mu"": 0.5, ""sigma"": 0.5}, ""moloco"": {""dist"": ""LogNormal"", ""mu"": 0.5, ""sigma"": 0.5}, ""snapchat"": {""dist"": ""LogNormal"", ""mu"": 0.5, ""sigma"": 0.5}, ""tiktok"": {""dist"": ""LogNormal"", ""mu"": 0.5, ""sigma"": 0.5}}, ""run_mode"": ""roi_full"", ""structural_overrides"": {""adstock_decay_spec"": ""geometric"", ""alpha_m"": 0.51, ""ec_m"": 0.5, ""max_lag"": 4, ""slope_m"": 1.2}, ""sweep_type"": ""fixed_full_grid"", ""target_channel"": ""liveintent"", ""two_layer_enabled"": false}",snapchat,REVIEW,REVIEW:PriorPosteriorShift,PriorPosteriorShift,"amazon,beehiiv,snapchat",0.5166618288556735,0.4888088037290921,0.0278530251265813,0.0539095856728405,0.51,0.5,1.2,4,geometric,prior_sweep,roi_full,roi,non_revenue,revenue,__revenue_equiv__,100.0,liveintent,fixed_full_grid,False,roi,roi,Revenue-equivalent ROI,1.5,0.5,LogNormal,target_channels,liveintent,configured,,,,upload_1bc112d58beb_monthly_mocha,/Users/jasper/Documents/Intern/BlueAlpha/capstone-Blue_Alpha_1/backend/storage/uploads/upload_1bc112d58beb_monthly_mocha.csv,1.5,0.5,LogNormal,0.4711478203533085,0.0951749168336391,0.3710568994283676,1.3794029116630553,0.4014860465560418,0.0967904716730117,0.3692258298397064,1.2876596033573149,0.9273035134563362,0.5,0.5,LogNormal,0.0420678958307095,0.0248018879180824,4342436.908989999,2243571.395089151,2122621.390752458,-120950.00433669286,120950.00433669286,100.0,224357139.5089151,212262139.0752458,-12095000.4336693,12095000.4336693,False,0.05390958567284051,-0.05390958567284051,0.0539095856728405,-0.0539095856728405,0.0539095856728405,-0.0539095856728405,2.0,0.0,0,True,False,False,True,0.02695479283642025,,0.02695479283642025,,True,True,0.0
"multi|amazon,beehiiv,google,liveintent,meta,moloco,snapchat,tiktok|pmode=roi|rpk=100.0|target=liveintent|mu=1.500000|sigma=0.500000|dist=LogNormal|1.500000|0.500000|LogNormal|alpha=0p51|ec=0p5|slope=1p2|lag=4|decay=geometric",liveintent,"{""kpi_type"": ""non_revenue"", ""kpi_type_effective"": ""revenue"", ""prior_design_mode"": ""roi"", ""prior_grid_type"": ""roi"", ""revenue_per_kpi"": 100.0, ""roi_prior_overrides"": {""amazon"": {""dist"": ""LogNormal"", ""mu"": 0.5, ""sigma"": 0.5}, ""beehiiv"": {""dist"": ""LogNormal"", ""mu"": 0.5, ""sigma"": 0.5}, ""google"": {""dist"": ""LogNormal"", ""mu"": 0.5, ""sigma"": 0.5}, ""liveintent"": {""dist"": ""LogNormal"", ""mu"": 1.5, ""sigma"": 0.5}, ""meta"": {""dist"": ""LogNormal"", ""mu"": 0.5, ""sigma"": 0.5}, ""moloco"": {""dist"": ""LogNormal"", ""mu"": 0.5, ""sigma"": 0.5}, ""snapchat"": {""dist"": ""LogNormal"", ""mu"": 0.5, ""sigma"": 0.5}, ""tiktok"": {""dist"": ""LogNormal"", ""mu"": 0.5, ""sigma"": 0.5}}, ""run_mode"": ""roi_full"", ""structural_overrides"": {""adstock_decay_spec"": ""geometric"", ""alpha_m"": 0.51, ""ec_m"": 0.5, ""max_lag"": 4, ""slope_m"": 1.2}, ""sweep_type"": ""fixed_full_grid"", ""target_channel"": ""liveintent"", ""two_layer_enabled"": false}",tiktok,REVIEW,REVIEW:PriorPosteriorShift,PriorPosteriorShift,"amazon,beehiiv,snapchat",0.4454225514084101,0.4450458512563879,0.0003767001520221,0.0008457141445377,0.51,0.5,1.2,4,geometric,prior_sweep,roi_full,roi,non_revenue,revenue,__revenue_equiv__,100.0,liveintent,fixed_full_grid,False,roi,roi,Revenue-equivalent ROI,1.5,0.5,LogNormal,target_channels,liveintent,configured,,,,upload_1bc112d58beb_monthly_mocha,/Users/jasper/Documents/Intern/BlueAlpha/capstone-Blue_Alpha_1/backend/storage/uploads/upload_1bc112d58beb_monthly_mocha.csv,1.5,0.5,LogNormal,0.389614058166092,0.0862870134413242,0.3261690884828567,1.226093351840973,0.3855592822801307,0.0833446431905031,0.3277335613965988,1.168117493391037,0.9466914919792836,0.5,0.5,LogNormal,0.0632649742409826,0.0727128875540359,1752685.00913,780685.4285819572,780025.1918725709,-660.2367093863431,660.2367093863431,100.0,78068542.85819572,78002519.1872571,-66023.67093862593,66023.67093862593,False,0.0008457141445377381,-0.0008457141445377381,0.0008457141445378352,-0.0008457141445378352,0.0008457141445377867,-0.0008457141445377867,2.0,0.0,0,True,False,False,True,0.00042285707226889335,,0.00042285707226889335,,True,False,0.0
"multi|amazon,beehiiv,google,liveintent,meta,moloco,snapchat,tiktok|pmode=roi|rpk=100.0|target=liveintent|mu=1.500000|sigma=1.000000|dist=LogNormal|1.500000|1.000000|LogNormal|alpha=0p51|ec=0p5|slope=1p2|lag=4|decay=geometric",liveintent,"{""kpi_type"": ""non_revenue"", ""kpi_type_effective"": ""revenue"", ""prior_design_mode"": ""roi"", ""prior_grid_type"": ""roi"", ""revenue_per_kpi"": 100.0, ""roi_prior_overrides"": {""amazon"": {""dist"": ""LogNormal"", ""mu"": 0.5, ""sigma"": 0.5}, ""beehiiv"": {""dist"": ""LogNormal"", ""mu"": 0.5, ""sigma"": 0.5}, ""google"": {""dist"": ""LogNormal"", ""mu"": 0.5, ""sigma"": 0.5}, ""liveintent"": {""dist"": ""LogNormal"", ""mu"": 1.5, ""sigma"": 1.0}, ""meta"": {""dist"": ""LogNormal"", ""mu"": 0.5, ""sigma"": 0.5}, ""moloco"": {""dist"": ""LogNormal"", ""mu"": 0.5, ""sigma"": 0.5}, ""snapchat"": {""dist"": ""LogNormal"", ""mu"": 0.5, ""sigma"": 0.5}, ""tiktok"": {""dist"": ""LogNormal"", ""mu"": 0.5, ""sigma"": 0.5}}, ""run_mode"": ""roi_full"", ""structural_overrides"": {""adstock_decay_spec"": ""geometric"", ""alpha_m"": 0.51, ""ec_m"": 0.5, ""max_lag"": 4, ""slope_m"": 1.2}, ""sweep_type"": ""fixed_full_grid"", ""target_channel"": ""liveintent"", ""two_layer_enabled"": false}",amazon,REVIEW,REVIEW:PriorPosteriorShift,PriorPosteriorShift,"amazon,liveintent,meta",0.5121372402909522,0.5089032665360719,0.0032339737548803,0.0063146623608997,0.51,0.5,1.2,4,geometric,prior_sweep,roi_full,roi,non_revenue,revenue,__revenue_equiv__,100.0,liveintent,fixed_full_grid,False,roi,roi,Revenue-equivalent ROI,1.5,1.0,LogNormal,target_channels,liveintent,configured,,,,upload_1bc112d58beb_monthly_mocha,/Users/jasper/Documents/Intern/BlueAlpha/capstone-Blue_Alpha_1/backend/storage/uploads/upload_1bc112d58beb_monthly_mocha.csv,1.5,1.0,LogNormal,0.4840694861381271,0.0989534243941307,0.3617888689041137,1.4659758150577542,0.4956085298091206,0.0957514483481645,0.3617849946022033,1.4763854146003723,0.990141068580593,0.5,0.5,LogNormal,0.0002359036887463,0.0323713549712936,15740.258094,8061.172341728484,8010.268760157445,-50.90358157103856,50.90358157103856,100.0,806117.2341728484,801026.8760157445,-5090.358157103881,5090.358157103881,False,0.00631466236089971,-0.00631466236089971,0.006314662360899701,-0.006314662360899701,0.0063146623608997055,-0.0063146623608997055,2.0,1.0,0,False,False,False,True,,,0.0021048874536332353,,True,True,0.0
"multi|amazon,beehiiv,google,liveintent,meta,moloco,snapchat,tiktok|pmode=roi|rpk=100.0|target=liveintent|mu=1.500000|sigma=1.000000|dist=LogNormal|1.500000|1.000000|LogNormal|alpha=0p51|ec=0p5|slope=1p2|lag=4|decay=geometric",liveintent,"{""kpi_type"": ""non_revenue"", ""kpi_type_effective"": ""revenue"", ""prior_design_mode"": ""roi"", ""prior_grid_type"": ""roi"", ""revenue_per_kpi"": 100.0, ""roi_prior_overrides"": {""amazon"": {""dist"": ""LogNormal"", ""mu"": 0.5, ""sigma"": 0.5}, ""beehiiv"": {""dist"": ""LogNormal"", ""mu"": 0.5, ""sigma"": 0.5}, ""google"": {""dist"": ""LogNormal"", ""mu"": 0.5, ""sigma"": 0.5}, ""liveintent"": {""dist"": ""LogNormal"", ""mu"": 1.5, ""sigma"": 1.0}, ""meta"": {""dist"": ""LogNormal"", ""mu"": 0.5, ""sigma"": 0.5}, ""moloco"": {""dist"": ""LogNormal"", ""mu"": 0.5, ""sigma"": 0.5}, ""snapchat"": {""dist"": ""LogNormal"", ""mu"": 0.5, ""sigma"": 0.5}, ""tiktok"": {""dist"": ""LogNormal"", ""mu"": 0.5, ""sigma"": 0.5}}, ""run_mode"": ""roi_full"", ""structural_overrides"": {""adstock_decay_spec"": ""geometric"", ""alpha_m"": 0.51, ""ec_m"": 0.5, ""max_lag"": 4, ""slope_m"": 1.2}, ""sweep_type"": ""fixed_full_grid"", ""target_channel"": ""liveintent"", ""two_layer_enabled"": false}",beehiiv,REVIEW,REVIEW:PriorPosteriorShift,PriorPosteriorShift,"amazon,liveintent,meta",0.5170952036961293,0.5184931602732589,0.0013979565771295,0.0027034800693126,0.51,0.5,1.2,4,geometric,prior_sweep,roi_full,roi,non_revenue,revenue,__revenue_equiv__,100.0,liveintent,fixed_full_grid,False,roi,roi,Revenue-equivalent ROI,1.5,1.0,LogNormal,target_channels,liveintent,configured,,,,upload_1bc112d58beb_monthly_mocha,/Users/jasper/Documents/Intern/BlueAlpha/capstone-Blue_Alpha_1/backend/storage/uploads/upload_1bc112d58beb_monthly_mocha.csv,1.5,1.0,LogNormal,0.5569061978983733,0.0888365499675273,0.3553869128227234,1.4882560491561885,0.5501519599638036,0.0808889485895633,0.3625148385763168,1.4634337127208703,0.9767154299684224,0.5,0.5,LogNormal,0.010431919571496,0.0243680360674807,328172.2732613,169696.3084894737,170155.07907731092,458.77058783720713,458.77058783720713,100.0,16969630.848947372,17015507.907731093,45877.05878372118,45877.05878372118,False,0.002703480069312552,0.002703480069312552,0.002703480069312555,0.002703480069312555,0.0027034800693125534,0.0027034800693125534,2.0,1.0,0,False,False,False,True,,,0.0009011600231041845,,True,False,0.0
"multi|amazon,beehiiv,google,liveintent,meta,moloco,snapchat,tiktok|pmode=roi|rpk=100.0|target=liveintent|mu=1.500000|sigma=1.000000|dist=LogNormal|1.500000|1.000000|LogNormal|alpha=0p51|ec=0p5|slope=1p2|lag=4|decay=geometric",liveintent,"{""kpi_type"": ""non_revenue"", ""kpi_type_effective"": ""revenue"", ""prior_design_mode"": ""roi"", ""prior_grid_type"": ""roi"", ""revenue_per_kpi"": 100.0, ""roi_prior_overrides"": {""amazon"": {""dist"": ""LogNormal"", ""mu"": 0.5, ""sigma"": 0.5}, ""beehiiv"": {""dist"": ""LogNormal"", ""mu"": 0.5, ""sigma"": 0.5}, ""google"": {""dist"": ""LogNormal"", ""mu"": 0.5, ""sigma"": 0.5}, ""liveintent"": {""dist"": ""LogNormal"", ""mu"": 1.5, ""sigma"": 1.0}, ""meta"": {""dist"": ""LogNormal"", ""mu"": 0.5, ""sigma"": 0.5}, ""moloco"": {""dist"": ""LogNormal"", ""mu"": 0.5, ""sigma"": 0.5}, ""snapchat"": {""dist"": ""LogNormal"", ""mu"": 0.5, ""sigma"": 0.5}, ""tiktok"": {""dist"": ""LogNormal"", ""mu"": 0.5, ""sigma"": 0.5}}, ""run_mode"": ""roi_full"", ""structural_overrides"": {""adstock_decay_spec"": ""geometric"", ""alpha_m"": 0.51, ""ec_m"": 0.5, ""max_lag"": 4, ""slope_m"": 1.2}, ""sweep_type"": ""fixed_full_grid"", ""target_channel"": ""liveintent"", ""two_layer_enabled"": false}",google,REVIEW,REVIEW:PriorPosteriorShift,PriorPosteriorShift,"amazon,liveintent,meta",0.3639935120598723,0.3537881475283453,0.0102053645315269,0.0280372154815999,0.51,0.5,1.2,4,geometric,prior_sweep,roi_full,roi,non_revenue,revenue,__revenue_equiv__,100.0,liveintent,fixed_full_grid,False,roi,roi,Revenue-equivalent ROI,1.5,1.0,LogNormal,target_channels,liveintent,configured,,,,upload_1bc112d58beb_monthly_mocha,/Users/jasper/Documents/Intern/BlueAlpha/capstone-Blue_Alpha_1/backend/storage/uploads/upload_1bc112d58beb_monthly_mocha.csv,1.5,1.0,LogNormal,0.2538866235360484,0.0906866624951362,0.2933306694030761,0.9025721818208694,0.2426842055912018,0.0909741148352623,0.2912006378173828,0.8409581661224362,0.9237559156246954,0.5,0.5,LogNormal,0.3833941246107158,0.1403772068878356,10298543.94665,3748603.180244072,3643502.785124558,-105100.39511951384,105100.39511951384,100.0,374860318.0244072,364350278.5124558,-10510039.511951389,10510039.511951389,False,0.028037215481599934,-0.028037215481599934,0.028037215481599938,-0.028037215481599938,0.028037215481599938,-0.028037215481599938,2.0,1.0,0,False,False,False,True,,,0.009345738493866646,,True,False,0.0
"multi|amazon,beehiiv,google,liveintent,meta,moloco,snapchat,tiktok|pmode=roi|rpk=100.0|target=liveintent|mu=1.500000|sigma=1.000000|dist=LogNormal|1.500000|1.000000|LogNormal|alpha=0p51|ec=0p5|slope=1p2|lag=4|decay=geometric",liveintent,"{""kpi_type"": ""non_revenue"", ""kpi_type_effective"": ""revenue"", ""prior_design_mode"": ""roi"", ""prior_grid_type"": ""roi"", ""revenue_per_kpi"": 100.0, ""roi_prior_overrides"": {""amazon"": {""dist"": ""LogNormal"", ""mu"": 0.5, ""sigma"": 0.5}, ""beehiiv"": {""dist"": ""LogNormal"", ""mu"": 0.5, ""sigma"": 0.5}, ""google"": {""dist"": ""LogNormal"", ""mu"": 0.5, ""sigma"": 0.5}, ""liveintent"": {""dist"": ""LogNormal"", ""mu"": 1.5, ""sigma"": 1.0}, ""meta"": {""dist"": ""LogNormal"", ""mu"": 0.5, ""sigma"": 0.5}, ""moloco"": {""dist"": ""LogNormal"", ""mu"": 0.5, ""sigma"": 0.5}, ""snapchat"": {""dist"": ""LogNormal"", ""mu"": 0.5, ""sigma"": 0.5}, ""tiktok"": {""dist"": ""LogNormal"", ""mu"": 0.5, ""sigma"": 0.5}}, ""run_mode"": ""roi_full"", ""structural_overrides"": {""adstock_decay_spec"": ""geometric"", ""alpha_m"": 0.51, ""ec_m"": 0.5, ""max_lag"": 4, ""slope_m"": 1.2}, ""sweep_type"": ""fixed_full_grid"", ""target_channel"": ""liveintent"", ""two_layer_enabled"": false}",liveintent,REVIEW,REVIEW:PriorPosteriorShift,PriorPosteriorShift,"amazon,liveintent,meta",0.5074958745824794,1.5172179578617215,1.0097220832792422,1.989616337492296,0.51,0.5,1.2,4,geometric,prior_sweep,roi_full,roi,non_revenue,revenue,__revenue_equiv__,100.0,liveintent,fixed_full_grid,False,roi,roi,Revenue-equivalent ROI,1.5,1.0,LogNormal,target_channels,liveintent,configured,,,,upload_1bc112d58beb_monthly_mocha,/Users/jasper/Documents/Intern/BlueAlpha/capstone-Blue_Alpha_1/backend/storage/uploads/upload_1bc112d58beb_monthly_mocha.csv,1.5,1.0,LogNormal,0.4727192380468491,0.0905764039605856,0.3625864535570144,1.422901827096939,0.964040528315362,0.4771287068724632,1.2804648876190186,3.3287174105644226,0.2920728647380315,1.5,1.0,LogNormal,0.0014572425881541,0.028363009715689,797987.173079,404975.1983073274,1210720.4691387685,805745.270831441,805745.270831441,100.0,40497519.83073274,121072046.91387685,80574527.0831441,80574527.0831441,False,1.989616337492296,1.989616337492296,1.9896163374922962,1.9896163374922962,1.9896163374922962,1.9896163374922962,2.0,1.0,0,False,False,False,True,,,0.6632054458307653,,True,True,0.0
"multi|amazon,beehiiv,google,liveintent,meta,moloco,snapchat,tiktok|pmode=roi|rpk=100.0|target=liveintent|mu=1.500000|sigma=1.000000|dist=LogNormal|1.500000|1.000000|LogNormal|alpha=0p51|ec=0p5|slope=1p2|lag=4|decay=geometric",liveintent,"{""kpi_type"": ""non_revenue"", ""kpi_type_effective"": ""revenue"", ""prior_design_mode"": ""roi"", ""prior_grid_type"": ""roi"", ""revenue_per_kpi"": 100.0, ""roi_prior_overrides"": {""amazon"": {""dist"": ""LogNormal"", ""mu"": 0.5, ""sigma"": 0.5}, ""beehiiv"": {""dist"": ""LogNormal"", ""mu"": 0.5, ""sigma"": 0.5}, ""google"": {""dist"": ""LogNormal"", ""mu"": 0.5, ""sigma"": 0.5}, ""liveintent"": {""dist"": ""LogNormal"", ""mu"": 1.5, ""sigma"": 1.0}, ""meta"": {""dist"": ""LogNormal"", ""mu"": 0.5, ""sigma"": 0.5}, ""moloco"": {""dist"": ""LogNormal"", ""mu"": 0.5, ""sigma"": 0.5}, ""snapchat"": {""dist"": ""LogNormal"", ""mu"": 0.5, ""sigma"": 0.5}, ""tiktok"": {""dist"": ""LogNormal"", ""mu"": 0.5, ""sigma"": 0.5}}, ""run_mode"": ""roi_full"", ""structural_overrides"": {""adstock_decay_spec"": ""geometric"", ""alpha_m"": 0.51, ""ec_m"": 0.5, ""max_lag"": 4, ""slope_m"": 1.2}, ""sweep_type"": ""fixed_full_grid"", ""target_channel"": ""liveintent"", ""two_layer_enabled"": false}",meta,REVIEW,REVIEW:PriorPosteriorShift,PriorPosteriorShift,"amazon,liveintent,meta",0.4922159127285704,0.4883630328718573,0.0038528798567131,0.0078276214910544,0.51,0.5,1.2,4,geometric,prior_sweep,roi_full,roi,non_revenue,revenue,__revenue_equiv__,100.0,liveintent,fixed_full_grid,False,roi,roi,Revenue-equivalent ROI,1.5,1.0,LogNormal,target_channels,liveintent,configured,,,,upload_1bc112d58beb_monthly_mocha,/Users/jasper/Documents/Intern/BlueAlpha/capstone-Blue_Alpha_1/backend/storage/uploads/upload_1bc112d58beb_monthly_mocha.csv,1.5,1.0,LogNormal,0.4128178986318089,0.1016733910888433,0.3566605746746063,1.3128194272518148,0.4214270815644066,0.1001503698527812,0.3444032967090606,1.3762619495391843,0.9490910163675528,0.5,0.5,LogNormal,0.0264337415804571,0.0320354900404384,840158.1265220001,413539.199082352,410302.17076022155,-3237.0283221304417,3237.0283221304417,100.0,41353919.9082352,41030217.07602216,-323702.83221304417,323702.83221304417,False,0.007827621491054412,-0.007827621491054412,0.007827621491054398,-0.007827621491054398,0.007827621491054405,-0.007827621491054405,2.0,1.0,0,False,False,False,True,,,0.002609207163684802,,True,True,0.0
"multi|amazon,beehiiv,google,liveintent,meta,moloco,snapchat,tiktok|pmode=roi|rpk=100.0|target=liveintent|mu=1.500000|sigma=1.000000|dist=LogNormal|1.500000|1.000000|LogNormal|alpha=0p51|ec=0p5|slope=1p2|lag=4|decay=geometric",liveintent,"{""kpi_type"": ""non_revenue"", ""kpi_type_effective"": ""revenue"", ""prior_design_mode"": ""roi"", ""prior_grid_type"": ""roi"", ""revenue_per_kpi"": 100.0, ""roi_prior_overrides"": {""amazon"": {""dist"": ""LogNormal"", ""mu"": 0.5, ""sigma"": 0.5}, ""beehiiv"": {""dist"": ""LogNormal"", ""mu"": 0.5, ""sigma"": 0.5}, ""google"": {""dist"": ""LogNormal"", ""mu"": 0.5, ""sigma"": 0.5}, ""liveintent"": {""dist"": ""LogNormal"", ""mu"": 1.5, ""sigma"": 1.0}, ""meta"": {""dist"": ""LogNormal"", ""mu"": 0.5, ""sigma"": 0.5}, ""moloco"": {""dist"": ""LogNormal"", ""mu"": 0.5, ""sigma"": 0.5}, ""snapchat"": {""dist"": ""LogNormal"", ""mu"": 0.5, ""sigma"": 0.5}, ""tiktok"": {""dist"": ""LogNormal"", ""mu"": 0.5, ""sigma"": 0.5}}, ""run_mode"": ""roi_full"", ""structural_overrides"": {""adstock_decay_spec"": ""geometric"", ""alpha_m"": 0.51, ""ec_m"": 0.5, ""max_lag"": 4, ""slope_m"": 1.2}, ""sweep_type"": ""fixed_full_grid"", ""target_channel"": ""liveintent"", ""two_layer_enabled"": false}",moloco,REVIEW,REVIEW:PriorPosteriorShift,PriorPosteriorShift,"amazon,liveintent,meta",0.5193671595243117,0.5200326019758359,0.0006654424515242,0.0012812563122661,0.51,0.5,1.2,4,geometric,prior_sweep,roi_full,roi,non_revenue,revenue,__revenue_equiv__,100.0,liveintent,fixed_full_grid,False,roi,roi,Revenue-equivalent ROI,1.5,1.0,LogNormal,target_channels,liveintent,configured,,,,upload_1bc112d58beb_monthly_mocha,/Users/jasper/Documents/Intern/BlueAlpha/capstone-Blue_Alpha_1/backend/storage/uploads/upload_1bc112d58beb_monthly_mocha.csv,1.5,1.0,LogNormal,0.4986959806994451,0.0960079569369554,0.3689096570014953,1.4562236905097956,0.4940093095358193,0.1004160355776548,0.368837371468544,1.4196558237075805,0.9698754069435116,0.5,0.5,LogNormal,0.0009467422975872,0.0193797278532712,842234.6095886,437428.9968350988,437989.4554984619,560.4586633631843,560.4586633631843,100.0,43742899.68350988,43798945.549846195,56045.86633631587,56045.86633631587,False,0.0012812563122660695,0.0012812563122660695,0.0012812563122659353,0.0012812563122659353,0.0012812563122660023,0.0012812563122660023,2.0,1.0,0,False,False,False,True,,,0.00042708543742200076,,True,False,0.0
"multi|amazon,beehiiv,google,liveintent,meta,moloco,snapchat,tiktok|pmode=roi|rpk=100.0|target=liveintent|mu=1.500000|sigma=1.000000|dist=LogNormal|1.500000|1.000000|LogNormal|alpha=0p51|ec=0p5|slope=1p2|lag=4|decay=geometric",liveintent,"{""kpi_type"": ""non_revenue"", ""kpi_type_effective"": ""revenue"", ""prior_design_mode"": ""roi"", ""prior_grid_type"": ""roi"", ""revenue_per_kpi"": 100.0, ""roi_prior_overrides"": {""amazon"": {""dist"": ""LogNormal"", ""mu"": 0.5, ""sigma"": 0.5}, ""beehiiv"": {""dist"": ""LogNormal"", ""mu"": 0.5, ""sigma"": 0.5}, ""google"": {""dist"": ""LogNormal"", ""mu"": 0.5, ""sigma"": 0.5}, ""liveintent"": {""dist"": ""LogNormal"", ""mu"": 1.5, ""sigma"": 1.0}, ""meta"": {""dist"": ""LogNormal"", ""mu"": 0.5, ""sigma"": 0.5}, ""moloco"": {""dist"": ""LogNormal"", ""mu"": 0.5, ""sigma"": 0.5}, ""snapchat"": {""dist"": ""LogNormal"", ""mu"": 0.5, ""sigma"": 0.5}, ""tiktok"": {""dist"": ""LogNormal"", ""mu"": 0.5, ""sigma"": 0.5}}, ""run_mode"": ""roi_full"", ""structural_overrides"": {""adstock_decay_spec"": ""geometric"", ""alpha_m"": 0.51, ""ec_m"": 0.5, ""max_lag"": 4, ""slope_m"": 1.2}, ""sweep_type"": ""fixed_full_grid"", ""target_channel"": ""liveintent"", ""two_layer_enabled"": false}",snapchat,REVIEW,REVIEW:PriorPosteriorShift,PriorPosteriorShift,"amazon,liveintent,meta",0.5166618288556735,0.5088007818938544,0.0078610469618191,0.0152150720699265,0.51,0.5,1.2,4,geometric,prior_sweep,roi_full,roi,non_revenue,revenue,__revenue_equiv__,100.0,liveintent,fixed_full_grid,False,roi,roi,Revenue-equivalent ROI,1.5,1.0,LogNormal,target_channels,liveintent,configured,,,,upload_1bc112d58beb_monthly_mocha,/Users/jasper/Documents/Intern/BlueAlpha/capstone-Blue_Alpha_1/backend/storage/uploads/upload_1bc112d58beb_monthly_mocha.csv,1.5,1.0,LogNormal,0.4711478203533085,0.0951749168336391,0.3710568994283676,1.3794029116630553,0.4681274001682466,0.0892362050712108,0.3733766674995422,1.4257170081138608,0.9609026870462528,0.5,0.5,LogNormal,0.0043090500691153,0.0175387401175568,4342436.908989999,2243571.395089151,2209435.2946188436,-34136.10047030728,34136.10047030728,100.0,224357139.5089151,220943529.46188435,-3413610.047030747,3413610.047030747,False,0.015215072069926509,-0.015215072069926509,0.015215072069926639,-0.015215072069926639,0.015215072069926575,-0.015215072069926575,2.0,1.0,0,False,False,False,True,,,0.005071690689975525,,True,False,0.0
"multi|amazon,beehiiv,google,liveintent,meta,moloco,snapchat,tiktok|pmode=roi|rpk=100.0|target=liveintent|mu=1.500000|sigma=1.000000|dist=LogNormal|1.500000|1.000000|LogNormal|alpha=0p51|ec=0p5|slope=1p2|lag=4|decay=geometric",liveintent,"{""kpi_type"": ""non_revenue"", ""kpi_type_effective"": ""revenue"", ""prior_design_mode"": ""roi"", ""prior_grid_type"": ""roi"", ""revenue_per_kpi"": 100.0, ""roi_prior_overrides"": {""amazon"": {""dist"": ""LogNormal"", ""mu"": 0.5, ""sigma"": 0.5}, ""beehiiv"": {""dist"": ""LogNormal"", ""mu"": 0.5, ""sigma"": 0.5}, ""google"": {""dist"": ""LogNormal"", ""mu"": 0.5, ""sigma"": 0.5}, ""liveintent"": {""dist"": ""LogNormal"", ""mu"": 1.5, ""sigma"": 1.0}, ""meta"": {""dist"": ""LogNormal"", ""mu"": 0.5, ""sigma"": 0.5}, ""moloco"": {""dist"": ""LogNormal"", ""mu"": 0.5, ""sigma"": 0.5}, ""snapchat"": {""dist"": ""LogNormal"", ""mu"": 0.5, ""sigma"": 0.5}, ""tiktok"": {""dist"": ""LogNormal"", ""mu"": 0.5, ""sigma"": 0.5}}, ""run_mode"": ""roi_full"", ""structural_overrides"": {""adstock_decay_spec"": ""geometric"", ""alpha_m"": 0.51, ""ec_m"": 0.5, ""max_lag"": 4, ""slope_m"": 1.2}, ""sweep_type"": ""fixed_full_grid"", ""target_channel"": ""liveintent"", ""two_layer_enabled"": false}",tiktok,REVIEW,REVIEW:PriorPosteriorShift,PriorPosteriorShift,"amazon,liveintent,meta",0.4454225514084101,0.4408599777861188,0.0045625736222912,0.0102432479178806,0.51,0.5,1.2,4,geometric,prior_sweep,roi_full,roi,non_revenue,revenue,__revenue_equiv__,100.0,liveintent,fixed_full_grid,False,roi,roi,Revenue-equivalent ROI,1.5,1.0,LogNormal,target_channels,liveintent,configured,,,,upload_1bc112d58beb_monthly_mocha,/Users/jasper/Documents/Intern/BlueAlpha/capstone-Blue_Alpha_1/backend/storage/uploads/upload_1bc112d58beb_monthly_mocha.csv,1.5,1.0,LogNormal,0.389614058166092,0.0862870134413242,0.3261690884828567,1.226093351840973,0.388042858643021,0.0911097157746553,0.3245516717433929,1.1888965785503387,0.9631345482049496,0.5,0.5,LogNormal,0.0616419092216757,0.0771521977154385,1752685.00913,780685.4285819572,772688.6741911153,-7996.754390841932,7996.754390841932,100.0,78068542.85819572,77268867.41911153,-799675.4390841872,799675.4390841872,False,0.01024324791788066,-0.01024324791788066,0.010243247917880696,-0.010243247917880696,0.010243247917880678,-0.010243247917880678,2.0,1.0,0,False,False,False,True,,,0.0034144159726268927,,True,False,0.0
"multi|amazon,beehiiv,google,liveintent,meta,moloco,snapchat,tiktok|pmode=roi|rpk=100.0|target=meta|mu=1.000000|sigma=0.500000|dist=LogNormal|1.000000|0.500000|LogNormal|alpha=0p51|ec=0p5|slope=1p2|lag=4|decay=geometric",meta,"{""kpi_type"": ""non_revenue"", ""kpi_type_effective"": ""revenue"", ""prior_design_mode"": ""roi"", ""prior_grid_type"": ""roi"", ""revenue_per_kpi"": 100.0, ""roi_prior_overrides"": {""amazon"": {""dist"": ""LogNormal"", ""mu"": 0.5, ""sigma"": 0.5}, ""beehiiv"": {""dist"": ""LogNormal"", ""mu"": 0.5, ""sigma"": 0.5}, ""google"": {""dist"": ""LogNormal"", ""mu"": 0.5, ""sigma"": 0.5}, ""liveintent"": {""dist"": ""LogNormal"", ""mu"": 0.5, ""sigma"": 0.5}, ""meta"": {""dist"": ""LogNormal"", ""mu"": 1.0, ""sigma"": 0.5}, ""moloco"": {""dist"": ""LogNormal"", ""mu"": 0.5, ""sigma"": 0.5}, ""snapchat"": {""dist"": ""LogNormal"", ""mu"": 0.5, ""sigma"": 0.5}, ""tiktok"": {""dist"": ""LogNormal"", ""mu"": 0.5, ""sigma"": 0.5}}, ""run_mode"": ""roi_full"", ""structural_overrides"": {""adstock_decay_spec"": ""geometric"", ""alpha_m"": 0.51, ""ec_m"": 0.5, ""max_lag"": 4, ""slope_m"": 1.2}, ""sweep_type"": ""fixed_full_grid"", ""target_channel"": ""meta"", ""two_layer_enabled"": false}",amazon,REVIEW,REVIEW:PriorPosteriorShift,PriorPosteriorShift,"amazon,beehiiv,liveintent,snapchat",0.5121372402909522,0.5111736373199771,0.000963602970975,0.0018815327126526,0.51,0.5,1.2,4,geometric,prior_sweep,roi_full,roi,non_revenue,revenue,__revenue_equiv__,100.0,meta,fixed_full_grid,False,roi,roi,Revenue-equivalent ROI,1.0,0.5,LogNormal,target_channels,meta,configured,,,,upload_1bc112d58beb_monthly_mocha,/Users/jasper/Documents/Intern/BlueAlpha/capstone-Blue_Alpha_1/backend/storage/uploads/upload_1bc112d58beb_monthly_mocha.csv,1.0,0.5,LogNormal,0.4840694861381271,0.0989534243941307,0.3617888689041137,1.4659758150577542,0.4842618448092102,0.0984113879501819,0.355979785323143,1.486961209774017,0.984496464713138,0.5,0.5,LogNormal,0.0012511053402394,0.0371231907721786,15740.258094,8061.172341728484,8046.004982265191,-15.167359463292996,15.167359463292996,100.0,806117.2341728484,804600.4982265191,-1516.7359463293103,1516.7359463293103,False,0.001881532712652667,-0.001881532712652667,0.0018815327126526608,-0.0018815327126526608,0.0018815327126526639,-0.0018815327126526639,1.0,0.0,0,True,False,False,True,0.0018815327126526639,,0.0018815327126526639,,True,True,0.0
"multi|amazon,beehiiv,google,liveintent,meta,moloco,snapchat,tiktok|pmode=roi|rpk=100.0|target=meta|mu=1.000000|sigma=0.500000|dist=LogNormal|1.000000|0.500000|LogNormal|alpha=0p51|ec=0p5|slope=1p2|lag=4|decay=geometric",meta,"{""kpi_type"": ""non_revenue"", ""kpi_type_effective"": ""revenue"", ""prior_design_mode"": ""roi"", ""prior_grid_type"": ""roi"", ""revenue_per_kpi"": 100.0, ""roi_prior_overrides"": {""amazon"": {""dist"": ""LogNormal"", ""mu"": 0.5, ""sigma"": 0.5}, ""beehiiv"": {""dist"": ""LogNormal"", ""mu"": 0.5, ""sigma"": 0.5}, ""google"": {""dist"": ""LogNormal"", ""mu"": 0.5, ""sigma"": 0.5}, ""liveintent"": {""dist"": ""LogNormal"", ""mu"": 0.5, ""sigma"": 0.5}, ""meta"": {""dist"": ""LogNormal"", ""mu"": 1.0, ""sigma"": 0.5}, ""moloco"": {""dist"": ""LogNormal"", ""mu"": 0.5, ""sigma"": 0.5}, ""snapchat"": {""dist"": ""LogNormal"", ""mu"": 0.5, ""sigma"": 0.5}, ""tiktok"": {""dist"": ""LogNormal"", ""mu"": 0.5, ""sigma"": 0.5}}, ""run_mode"": ""roi_full"", ""structural_overrides"": {""adstock_decay_spec"": ""geometric"", ""alpha_m"": 0.51, ""ec_m"": 0.5, ""max_lag"": 4, ""slope_m"": 1.2}, ""sweep_type"": ""fixed_full_grid"", ""target_channel"": ""meta"", ""two_layer_enabled"": false}",beehiiv,REVIEW,REVIEW:PriorPosteriorShift,PriorPosteriorShift,"amazon,beehiiv,liveintent,snapchat",0.5170952036961293,0.5080391754287605,0.0090560282673687,0.0175132706755688,0.51,0.5,1.2,4,geometric,prior_sweep,roi_full,roi,non_revenue,revenue,__revenue_equiv__,100.0,meta,fixed_full_grid,False,roi,roi,Revenue-equivalent ROI,1.0,0.5,LogNormal,target_channels,meta,configured,,,,upload_1bc112d58beb_monthly_mocha,/Users/jasper/Documents/Intern/BlueAlpha/capstone-Blue_Alpha_1/backend/storage/uploads/upload_1bc112d58beb_monthly_mocha.csv,1.0,0.5,LogNormal,0.5569061978983733,0.0888365499675273,0.3553869128227234,1.4882560491561885,0.5293005247601527,0.0887855909764766,0.3586893081665039,1.4770638704299923,0.991966148587466,0.5,0.5,LogNormal,0.003499075841714,0.0222788373185516,328172.2732613,169696.3084894737,166724.37110625274,-2971.9373832209676,2971.9373832209676,100.0,16969630.848947372,16672437.110625274,-297193.7383220978,297193.7383220978,False,0.01751327067556887,-0.01751327067556887,0.017513270675568748,-0.017513270675568748,0.017513270675568807,-0.017513270675568807,1.0,0.0,0,True,False,False,True,0.017513270675568807,,0.017513270675568807,,True,True,0.0
"multi|amazon,beehiiv,google,liveintent,meta,moloco,snapchat,tiktok|pmode=roi|rpk=100.0|target=meta|mu=1.000000|sigma=0.500000|dist=LogNormal|1.000000|0.500000|LogNormal|alpha=0p51|ec=0p5|slope=1p2|lag=4|decay=geometric",meta,"{""kpi_type"": ""non_revenue"", ""kpi_type_effective"": ""revenue"", ""prior_design_mode"": ""roi"", ""prior_grid_type"": ""roi"", ""revenue_per_kpi"": 100.0, ""roi_prior_overrides"": {""amazon"": {""dist"": ""LogNormal"", ""mu"": 0.5, ""sigma"": 0.5}, ""beehiiv"": {""dist"": ""LogNormal"", ""mu"": 0.5, ""sigma"": 0.5}, ""google"": {""dist"": ""LogNormal"", ""mu"": 0.5, ""sigma"": 0.5}, ""liveintent"": {""dist"": ""LogNormal"", ""mu"": 0.5, ""sigma"": 0.5}, ""meta"": {""dist"": ""LogNormal"", ""mu"": 1.0, ""sigma"": 0.5}, ""moloco"": {""dist"": ""LogNormal"", ""mu"": 0.5, ""sigma"": 0.5}, ""snapchat"": {""dist"": ""LogNormal"", ""mu"": 0.5, ""sigma"": 0.5}, ""tiktok"": {""dist"": ""LogNormal"", ""mu"": 0.5, ""sigma"": 0.5}}, ""run_mode"": ""roi_full"", ""structural_overrides"": {""adstock_decay_spec"": ""geometric"", ""alpha_m"": 0.51, ""ec_m"": 0.5, ""max_lag"": 4, ""slope_m"": 1.2}, ""sweep_type"": ""fixed_full_grid"", ""target_channel"": ""meta"", ""two_layer_enabled"": false}",google,REVIEW,REVIEW:PriorPosteriorShift,PriorPosteriorShift,"amazon,beehiiv,liveintent,snapchat",0.3639935120598723,0.3551632821947957,0.0088302298650765,0.0242593056538439,0.51,0.5,1.2,4,geometric,prior_sweep,roi_full,roi,non_revenue,revenue,__revenue_equiv__,100.0,meta,fixed_full_grid,False,roi,roi,Revenue-equivalent ROI,1.0,0.5,LogNormal,target_channels,meta,configured,,,,upload_1bc112d58beb_monthly_mocha,/Users/jasper/Documents/Intern/BlueAlpha/capstone-Blue_Alpha_1/backend/storage/uploads/upload_1bc112d58beb_monthly_mocha.csv,1.0,0.5,LogNormal,0.2538866235360484,0.0906866624951362,0.2933306694030761,0.9025721818208694,0.2391613109266875,0.086275316029787,0.2932329624891281,0.8407228618860244,0.9188277339078348,0.5,0.5,LogNormal,0.3938214479826638,0.1387208219818145,10298543.94665,3748603.180244072,3657664.6699195593,-90938.5103245126,90938.5103245126,100.0,374860318.0244072,365766466.99195594,-9093851.032451272,9093851.032451272,False,0.024259305653843984,-0.024259305653843984,0.024259305653843998,-0.024259305653843998,0.02425930565384399,-0.02425930565384399,1.0,0.0,0,True,False,False,True,0.02425930565384399,,0.02425930565384399,,True,False,0.0
"multi|amazon,beehiiv,google,liveintent,meta,moloco,snapchat,tiktok|pmode=roi|rpk=100.0|target=meta|mu=1.000000|sigma=0.500000|dist=LogNormal|1.000000|0.500000|LogNormal|alpha=0p51|ec=0p5|slope=1p2|lag=4|decay=geometric",meta,"{""kpi_type"": ""non_revenue"", ""kpi_type_effective"": ""revenue"", ""prior_design_mode"": ""roi"", ""prior_grid_type"": ""roi"", ""revenue_per_kpi"": 100.0, ""roi_prior_overrides"": {""amazon"": {""dist"": ""LogNormal"", ""mu"": 0.5, ""sigma"": 0.5}, ""beehiiv"": {""dist"": ""LogNormal"", ""mu"": 0.5, ""sigma"": 0.5}, ""google"": {""dist"": ""LogNormal"", ""mu"": 0.5, ""sigma"": 0.5}, ""liveintent"": {""dist"": ""LogNormal"", ""mu"": 0.5, ""sigma"": 0.5}, ""meta"": {""dist"": ""LogNormal"", ""mu"": 1.0, ""sigma"": 0.5}, ""moloco"": {""dist"": ""LogNormal"", ""mu"": 0.5, ""sigma"": 0.5}, ""snapchat"": {""dist"": ""LogNormal"", ""mu"": 0.5, ""sigma"": 0.5}, ""tiktok"": {""dist"": ""LogNormal"", ""mu"": 0.5, ""sigma"": 0.5}}, ""run_mode"": ""roi_full"", ""structural_overrides"": {""adstock_decay_spec"": ""geometric"", ""alpha_m"": 0.51, ""ec_m"": 0.5, ""max_lag"": 4, ""slope_m"": 1.2}, ""sweep_type"": ""fixed_full_grid"", ""target_channel"": ""meta"", ""two_layer_enabled"": false}",liveintent,REVIEW,REVIEW:PriorPosteriorShift,PriorPosteriorShift,"amazon,beehiiv,liveintent,snapchat",0.5074958745824794,0.5079054446145892,0.0004095700321098,0.0008070411063869,0.51,0.5,1.2,4,geometric,prior_sweep,roi_full,roi,non_revenue,revenue,__revenue_equiv__,100.0,meta,fixed_full_grid,False,roi,roi,Revenue-equivalent ROI,1.0,0.5,LogNormal,target_channels,meta,configured,,,,upload_1bc112d58beb_monthly_mocha,/Users/jasper/Documents/Intern/BlueAlpha/capstone-Blue_Alpha_1/backend/storage/uploads/upload_1bc112d58beb_monthly_mocha.csv,1.0,0.5,LogNormal,0.4727192380468491,0.0905764039605856,0.3625864535570144,1.422901827096939,0.4732176930757125,0.0876993164420127,0.36123688519001,1.507216477394104,0.9385764820502368,0.5,0.5,LogNormal,0.0030475389359746,0.020331328761256,797987.173079,404975.1983073274,405302.0299394286,326.83163210120983,326.83163210120983,100.0,40497519.83073274,40530202.993942864,32683.163210123777,32683.163210123777,False,0.0008070411063869177,0.0008070411063869177,0.000807041106386925,0.000807041106386925,0.0008070411063869213,0.0008070411063869213,1.0,0.0,0,True,False,False,True,0.0008070411063869213,,0.0008070411063869213,,True,True,0.0
"multi|amazon,beehiiv,google,liveintent,meta,moloco,snapchat,tiktok|pmode=roi|rpk=100.0|target=meta|mu=1.000000|sigma=0.500000|dist=LogNormal|1.000000|0.500000|LogNormal|alpha=0p51|ec=0p5|slope=1p2|lag=4|decay=geometric",meta,"{""kpi_type"": ""non_revenue"", ""kpi_type_effective"": ""revenue"", ""prior_design_mode"": ""roi"", ""prior_grid_type"": ""roi"", ""revenue_per_kpi"": 100.0, ""roi_prior_overrides"": {""amazon"": {""dist"": ""LogNormal"", ""mu"": 0.5, ""sigma"": 0.5}, ""beehiiv"": {""dist"": ""LogNormal"", ""mu"": 0.5, ""sigma"": 0.5}, ""google"": {""dist"": ""LogNormal"", ""mu"": 0.5, ""sigma"": 0.5}, ""liveintent"": {""dist"": ""LogNormal"", ""mu"": 0.5, ""sigma"": 0.5}, ""meta"": {""dist"": ""LogNormal"", ""mu"": 1.0, ""sigma"": 0.5}, ""moloco"": {""dist"": ""LogNormal"", ""mu"": 0.5, ""sigma"": 0.5}, ""snapchat"": {""dist"": ""LogNormal"", ""mu"": 0.5, ""sigma"": 0.5}, ""tiktok"": {""dist"": ""LogNormal"", ""mu"": 0.5, ""sigma"": 0.5}}, ""run_mode"": ""roi_full"", ""structural_overrides"": {""adstock_decay_spec"": ""geometric"", ""alpha_m"": 0.51, ""ec_m"": 0.5, ""max_lag"": 4, ""slope_m"": 1.2}, ""sweep_type"": ""fixed_full_grid"", ""target_channel"": ""meta"", ""two_layer_enabled"": false}",meta,REVIEW,REVIEW:PriorPosteriorShift,PriorPosteriorShift,"amazon,beehiiv,liveintent,snapchat",0.4922159127285704,0.9745115820566812,0.4822956693281108,0.9798457482906896,0.51,0.5,1.2,4,geometric,prior_sweep,roi_full,roi,non_revenue,revenue,__revenue_equiv__,100.0,meta,fixed_full_grid,False,roi,roi,Revenue-equivalent ROI,1.0,0.5,LogNormal,target_channels,meta,configured,,,,upload_1bc112d58beb_monthly_mocha,/Users/jasper/Documents/Intern/BlueAlpha/capstone-Blue_Alpha_1/backend/storage/uploads/upload_1bc112d58beb_monthly_mocha.csv,1.0,0.5,LogNormal,0.4128178986318089,0.1016733910888433,0.3566605746746063,1.3128194272518148,0.4418596515658946,0.4437506213784218,0.8665701448917389,1.8304564595222472,0.5027055283812615,1.0,0.5,LogNormal,0.0153950194242211,0.0431234454465058,840158.1265220001,413539.199082352,818743.8250547316,405204.6259723796,405204.6259723796,100.0,41353919.9082352,81874382.50547315,40520462.59723795,40520462.59723795,False,0.9798457482906895,0.9798457482906895,0.9798457482906895,0.9798457482906895,0.9798457482906895,0.9798457482906895,1.0,0.0,0,True,False,False,True,0.9798457482906895,,0.9798457482906895,,True,False,0.0
"multi|amazon,beehiiv,google,liveintent,meta,moloco,snapchat,tiktok|pmode=roi|rpk=100.0|target=meta|mu=1.000000|sigma=0.500000|dist=LogNormal|1.000000|0.500000|LogNormal|alpha=0p51|ec=0p5|slope=1p2|lag=4|decay=geometric",meta,"{""kpi_type"": ""non_revenue"", ""kpi_type_effective"": ""revenue"", ""prior_design_mode"": ""roi"", ""prior_grid_type"": ""roi"", ""revenue_per_kpi"": 100.0, ""roi_prior_overrides"": {""amazon"": {""dist"": ""LogNormal"", ""mu"": 0.5, ""sigma"": 0.5}, ""beehiiv"": {""dist"": ""LogNormal"", ""mu"": 0.5, ""sigma"": 0.5}, ""google"": {""dist"": ""LogNormal"", ""mu"": 0.5, ""sigma"": 0.5}, ""liveintent"": {""dist"": ""LogNormal"", ""mu"": 0.5, ""sigma"": 0.5}, ""meta"": {""dist"": ""LogNormal"", ""mu"": 1.0, ""sigma"": 0.5}, ""moloco"": {""dist"": ""LogNormal"", ""mu"": 0.5, ""sigma"": 0.5}, ""snapchat"": {""dist"": ""LogNormal"", ""mu"": 0.5, ""sigma"": 0.5}, ""tiktok"": {""dist"": ""LogNormal"", ""mu"": 0.5, ""sigma"": 0.5}}, ""run_mode"": ""roi_full"", ""structural_overrides"": {""adstock_decay_spec"": ""geometric"", ""alpha_m"": 0.51, ""ec_m"": 0.5, ""max_lag"": 4, ""slope_m"": 1.2}, ""sweep_type"": ""fixed_full_grid"", ""target_channel"": ""meta"", ""two_layer_enabled"": false}",moloco,REVIEW,REVIEW:PriorPosteriorShift,PriorPosteriorShift,"amazon,beehiiv,liveintent,snapchat",0.5193671595243117,0.5185094920732081,0.0008576674511036,0.0016513702019379,0.51,0.5,1.2,4,geometric,prior_sweep,roi_full,roi,non_revenue,revenue,__revenue_equiv__,100.0,meta,fixed_full_grid,False,roi,roi,Revenue-equivalent ROI,1.0,0.5,LogNormal,target_channels,meta,configured,,,,upload_1bc112d58beb_monthly_mocha,/Users/jasper/Documents/Intern/BlueAlpha/capstone-Blue_Alpha_1/backend/storage/uploads/upload_1bc112d58beb_monthly_mocha.csv,1.0,0.5,LogNormal,0.4986959806994451,0.0960079569369554,0.3689096570014953,1.4562236905097956,0.4804830298941296,0.1011938467621803,0.3760006129741668,1.4801013827323912,0.9790017194604348,0.5,0.5,LogNormal,0.0022292748596932,0.0230943261590978,842234.6095886,437428.9968350988,436706.6396242617,-722.3572108370718,722.3572108370718,100.0,43742899.68350988,43670663.96242617,-72235.72108370811,72235.72108370811,False,0.0016513702019379563,-0.0016513702019379563,0.0016513702019379038,-0.0016513702019379038,0.00165137020193793,-0.00165137020193793,1.0,0.0,0,True,False,False,True,0.00165137020193793,,0.00165137020193793,,True,False,0.0
"multi|amazon,beehiiv,google,liveintent,meta,moloco,snapchat,tiktok|pmode=roi|rpk=100.0|target=meta|mu=1.000000|sigma=0.500000|dist=LogNormal|1.000000|0.500000|LogNormal|alpha=0p51|ec=0p5|slope=1p2|lag=4|decay=geometric",meta,"{""kpi_type"": ""non_revenue"", ""kpi_type_effective"": ""revenue"", ""prior_design_mode"": ""roi"", ""prior_grid_type"": ""roi"", ""revenue_per_kpi"": 100.0, ""roi_prior_overrides"": {""amazon"": {""dist"": ""LogNormal"", ""mu"": 0.5, ""sigma"": 0.5}, ""beehiiv"": {""dist"": ""LogNormal"", ""mu"": 0.5, ""sigma"": 0.5}, ""google"": {""dist"": ""LogNormal"", ""mu"": 0.5, ""sigma"": 0.5}, ""liveintent"": {""dist"": ""LogNormal"", ""mu"": 0.5, ""sigma"": 0.5}, ""meta"": {""dist"": ""LogNormal"", ""mu"": 1.0, ""sigma"": 0.5}, ""moloco"": {""dist"": ""LogNormal"", ""mu"": 0.5, ""sigma"": 0.5}, ""snapchat"": {""dist"": ""LogNormal"", ""mu"": 0.5, ""sigma"": 0.5}, ""tiktok"": {""dist"": ""LogNormal"", ""mu"": 0.5, ""sigma"": 0.5}}, ""run_mode"": ""roi_full"", ""structural_overrides"": {""adstock_decay_spec"": ""geometric"", ""alpha_m"": 0.51, ""ec_m"": 0.5, ""max_lag"": 4, ""slope_m"": 1.2}, ""sweep_type"": ""fixed_full_grid"", ""target_channel"": ""meta"", ""two_layer_enabled"": false}",snapchat,REVIEW,REVIEW:PriorPosteriorShift,PriorPosteriorShift,"amazon,beehiiv,liveintent,snapchat",0.5166618288556735,0.4945458545753111,0.0221159742803623,0.0428055123200137,0.51,0.5,1.2,4,geometric,prior_sweep,roi_full,roi,non_revenue,revenue,__revenue_equiv__,100.0,meta,fixed_full_grid,False,roi,roi,Revenue-equivalent ROI,1.0,0.5,LogNormal,target_channels,meta,configured,,,,upload_1bc112d58beb_monthly_mocha,/Users/jasper/Documents/Intern/BlueAlpha/capstone-Blue_Alpha_1/backend/storage/uploads/upload_1bc112d58beb_monthly_mocha.csv,1.0,0.5,LogNormal,0.4711478203533085,0.0951749168336391,0.3710568994283676,1.3794029116630553,0.4174525276217602,0.0902591094374656,0.3715802431106567,1.3225357651710508,0.9520744281735556,0.5,0.5,LogNormal,0.0290299879317378,0.0202530962314673,4342436.908989999,2243571.395089151,2147534.1720958315,-96037.2229933194,96037.2229933194,100.0,224357139.5089151,214753417.20958316,-9603722.299331931,9603722.299331931,False,0.04280551232001378,-0.04280551232001378,0.04280551232001389,-0.04280551232001389,0.04280551232001384,-0.04280551232001384,1.0,0.0,0,True,False,False,True,0.04280551232001384,,0.04280551232001384,,True,True,0.0
"multi|amazon,beehiiv,google,liveintent,meta,moloco,snapchat,tiktok|pmode=roi|rpk=100.0|target=meta|mu=1.000000|sigma=0.500000|dist=LogNormal|1.000000|0.500000|LogNormal|alpha=0p51|ec=0p5|slope=1p2|lag=4|decay=geometric",meta,"{""kpi_type"": ""non_revenue"", ""kpi_type_effective"": ""revenue"", ""prior_design_mode"": ""roi"", ""prior_grid_type"": ""roi"", ""revenue_per_kpi"": 100.0, ""roi_prior_overrides"": {""amazon"": {""dist"": ""LogNormal"", ""mu"": 0.5, ""sigma"": 0.5}, ""beehiiv"": {""dist"": ""LogNormal"", ""mu"": 0.5, ""sigma"": 0.5}, ""google"": {""dist"": ""LogNormal"", ""mu"": 0.5, ""sigma"": 0.5}, ""liveintent"": {""dist"": ""LogNormal"", ""mu"": 0.5, ""sigma"": 0.5}, ""meta"": {""dist"": ""LogNormal"", ""mu"": 1.0, ""sigma"": 0.5}, ""moloco"": {""dist"": ""LogNormal"", ""mu"": 0.5, ""sigma"": 0.5}, ""snapchat"": {""dist"": ""LogNormal"", ""mu"": 0.5, ""sigma"": 0.5}, ""tiktok"": {""dist"": ""LogNormal"", ""mu"": 0.5, ""sigma"": 0.5}}, ""run_mode"": ""roi_full"", ""structural_overrides"": {""adstock_decay_spec"": ""geometric"", ""alpha_m"": 0.51, ""ec_m"": 0.5, ""max_lag"": 4, ""slope_m"": 1.2}, ""sweep_type"": ""fixed_full_grid"", ""target_channel"": ""meta"", ""two_layer_enabled"": false}",tiktok,REVIEW,REVIEW:PriorPosteriorShift,PriorPosteriorShift,"amazon,beehiiv,liveintent,snapchat",0.4454225514084101,0.4525523029205699,0.0071297515121598,0.0160067142752782,0.51,0.5,1.2,4,geometric,prior_sweep,roi_full,roi,non_revenue,revenue,__revenue_equiv__,100.0,meta,fixed_full_grid,False,roi,roi,Revenue-equivalent ROI,1.0,0.5,LogNormal,target_channels,meta,configured,,,,upload_1bc112d58beb_monthly_mocha,/Users/jasper/Documents/Intern/BlueAlpha/capstone-Blue_Alpha_1/backend/storage/uploads/upload_1bc112d58beb_monthly_mocha.csv,1.0,0.5,LogNormal,0.389614058166092,0.0862870134413242,0.3261690884828567,1.226093351840973,0.3958775260823077,0.086421775072813,0.3270915895700454,1.2430124759674073,0.985256755980213,0.5,0.5,LogNormal,0.0514438118041913,0.0656070700987005,1752685.00913,780685.4285819572,793181.6371761417,12496.208594184483,12496.208594184483,100.0,78068542.85819572,79318163.71761417,1249620.8594184518,1249620.8594184518,False,0.01600671427527819,0.01600671427527819,0.016006714275278187,0.016006714275278187,0.016006714275278187,0.016006714275278187,1.0,0.0,0,True,False,False,True,0.016006714275278187,,0.016006714275278187,,True,False,0.0
"multi|amazon,beehiiv,google,liveintent,meta,moloco,snapchat,tiktok|pmode=roi|rpk=100.0|target=meta|mu=1.000000|sigma=1.000000|dist=LogNormal|1.000000|1.000000|LogNormal|alpha=0p51|ec=0p5|slope=1p2|lag=4|decay=geometric",meta,"{""kpi_type"": ""non_revenue"", ""kpi_type_effective"": ""revenue"", ""prior_design_mode"": ""roi"", ""prior_grid_type"": ""roi"", ""revenue_per_kpi"": 100.0, ""roi_prior_overrides"": {""amazon"": {""dist"": ""LogNormal"", ""mu"": 0.5, ""sigma"": 0.5}, ""beehiiv"": {""dist"": ""LogNormal"", ""mu"": 0.5, ""sigma"": 0.5}, ""google"": {""dist"": ""LogNormal"", ""mu"": 0.5, ""sigma"": 0.5}, ""liveintent"": {""dist"": ""LogNormal"", ""mu"": 0.5, ""sigma"": 0.5}, ""meta"": {""dist"": ""LogNormal"", ""mu"": 1.0, ""sigma"": 1.0}, ""moloco"": {""dist"": ""LogNormal"", ""mu"": 0.5, ""sigma"": 0.5}, ""snapchat"": {""dist"": ""LogNormal"", ""mu"": 0.5, ""sigma"": 0.5}, ""tiktok"": {""dist"": ""LogNormal"", ""mu"": 0.5, ""sigma"": 0.5}}, ""run_mode"": ""roi_full"", ""structural_overrides"": {""adstock_decay_spec"": ""geometric"", ""alpha_m"": 0.51, ""ec_m"": 0.5, ""max_lag"": 4, ""slope_m"": 1.2}, ""sweep_type"": ""fixed_full_grid"", ""target_channel"": ""meta"", ""two_layer_enabled"": false}",amazon,REVIEW,REVIEW:PriorPosteriorShift,PriorPosteriorShift,liveintent,0.5121372402909522,0.5131293470443536,0.0009921067534014,0.0019371892441131,0.51,0.5,1.2,4,geometric,prior_sweep,roi_full,roi,non_revenue,revenue,__revenue_equiv__,100.0,meta,fixed_full_grid,False,roi,roi,Revenue-equivalent ROI,1.0,1.0,LogNormal,target_channels,meta,configured,,,,upload_1bc112d58beb_monthly_mocha,/Users/jasper/Documents/Intern/BlueAlpha/capstone-Blue_Alpha_1/backend/storage/uploads/upload_1bc112d58beb_monthly_mocha.csv,1.0,1.0,LogNormal,0.4840694861381271,0.0989534243941307,0.3617888689041137,1.4659758150577542,0.5048998172575346,0.0971081137657165,0.3606963455677032,1.4752857327461235,0.9919058123110168,0.5,0.5,LogNormal,0.0004404809363319,0.0365650262182355,15740.258094,8061.172341728484,8076.7883580838225,15.616016355338616,15.616016355338616,100.0,806117.2341728484,807678.8358083823,1561.6016355338506,1561.6016355338506,False,0.0019371892441131901,0.0019371892441131901,0.0019371892441131231,0.0019371892441131231,0.0019371892441131565,0.0019371892441131565,1.0,1.0,0,False,False,False,True,,,0.0009685946220565783,,True,False,0.0
"multi|amazon,beehiiv,google,liveintent,meta,moloco,snapchat,tiktok|pmode=roi|rpk=100.0|target=meta|mu=1.000000|sigma=1.000000|dist=LogNormal|1.000000|1.000000|LogNormal|alpha=0p51|ec=0p5|slope=1p2|lag=4|decay=geometric",meta,"{""kpi_type"": ""non_revenue"", ""kpi_type_effective"": ""revenue"", ""prior_design_mode"": ""roi"", ""prior_grid_type"": ""roi"", ""revenue_per_kpi"": 100.0, ""roi_prior_overrides"": {""amazon"": {""dist"": ""LogNormal"", ""mu"": 0.5, ""sigma"": 0.5}, ""beehiiv"": {""dist"": ""LogNormal"", ""mu"": 0.5, ""sigma"": 0.5}, ""google"": {""dist"": ""LogNormal"", ""mu"": 0.5, ""sigma"": 0.5}, ""liveintent"": {""dist"": ""LogNormal"", ""mu"": 0.5, ""sigma"": 0.5}, ""meta"": {""dist"": ""LogNormal"", ""mu"": 1.0, ""sigma"": 1.0}, ""moloco"": {""dist"": ""LogNormal"", ""mu"": 0.5, ""sigma"": 0.5}, ""snapchat"": {""dist"": ""LogNormal"", ""mu"": 0.5, ""sigma"": 0.5}, ""tiktok"": {""dist"": ""LogNormal"", ""mu"": 0.5, ""sigma"": 0.5}}, ""run_mode"": ""roi_full"", ""structural_overrides"": {""adstock_decay_spec"": ""geometric"", ""alpha_m"": 0.51, ""ec_m"": 0.5, ""max_lag"": 4, ""slope_m"": 1.2}, ""sweep_type"": ""fixed_full_grid"", ""target_channel"": ""meta"", ""two_layer_enabled"": false}",beehiiv,REVIEW,REVIEW:PriorPosteriorShift,PriorPosteriorShift,liveintent,0.5170952036961293,0.5281112025879945,0.0110159988918652,0.0213036183919794,0.51,0.5,1.2,4,geometric,prior_sweep,roi_full,roi,non_revenue,revenue,__revenue_equiv__,100.0,meta,fixed_full_grid,False,roi,roi,Revenue-equivalent ROI,1.0,1.0,LogNormal,target_channels,meta,configured,,,,upload_1bc112d58beb_monthly_mocha,/Users/jasper/Documents/Intern/BlueAlpha/capstone-Blue_Alpha_1/backend/storage/uploads/upload_1bc112d58beb_monthly_mocha.csv,1.0,1.0,LogNormal,0.5569061978983733,0.0888365499675273,0.3553869128227234,1.4882560491561885,0.5578574337010898,0.0846337240189313,0.371913269162178,1.5174795746803282,0.9766713555004496,0.5,0.5,LogNormal,0.0144949759376848,0.0333614446255081,328172.2732613,169696.3084894737,173311.45388806108,3615.145398587367,3615.145398587367,100.0,16969630.848947372,17331145.38880611,361514.5398587361,361514.5398587361,False,0.02130361839197945,0.02130361839197945,0.021303618391979428,0.021303618391979428,0.02130361839197944,0.02130361839197944,1.0,1.0,0,False,False,False,True,,,0.01065180919598972,,True,False,0.0
"multi|amazon,beehiiv,google,liveintent,meta,moloco,snapchat,tiktok|pmode=roi|rpk=100.0|target=meta|mu=1.000000|sigma=1.000000|dist=LogNormal|1.000000|1.000000|LogNormal|alpha=0p51|ec=0p5|slope=1p2|lag=4|decay=geometric",meta,"{""kpi_type"": ""non_revenue"", ""kpi_type_effective"": ""revenue"", ""prior_design_mode"": ""roi"", ""prior_grid_type"": ""roi"", ""revenue_per_kpi"": 100.0, ""roi_prior_overrides"": {""amazon"": {""dist"": ""LogNormal"", ""mu"": 0.5, ""sigma"": 0.5}, ""beehiiv"": {""dist"": ""LogNormal"", ""mu"": 0.5, ""sigma"": 0.5}, ""google"": {""dist"": ""LogNormal"", ""mu"": 0.5, ""sigma"": 0.5}, ""liveintent"": {""dist"": ""LogNormal"", ""mu"": 0.5, ""sigma"": 0.5}, ""meta"": {""dist"": ""LogNormal"", ""mu"": 1.0, ""sigma"": 1.0}, ""moloco"": {""dist"": ""LogNormal"", ""mu"": 0.5, ""sigma"": 0.5}, ""snapchat"": {""dist"": ""LogNormal"", ""mu"": 0.5, ""sigma"": 0.5}, ""tiktok"": {""dist"": ""LogNormal"", ""mu"": 0.5, ""sigma"": 0.5}}, ""run_mode"": ""roi_full"", ""structural_overrides"": {""adstock_decay_spec"": ""geometric"", ""alpha_m"": 0.51, ""ec_m"": 0.5, ""max_lag"": 4, ""slope_m"": 1.2}, ""sweep_type"": ""fixed_full_grid"", ""target_channel"": ""meta"", ""two_layer_enabled"": false}",google,REVIEW,REVIEW:PriorPosteriorShift,PriorPosteriorShift,liveintent,0.3639935120598723,0.3673022395155082,0.0033087274556359,0.0090900726139637,0.51,0.5,1.2,4,geometric,prior_sweep,roi_full,roi,non_revenue,revenue,__revenue_equiv__,100.0,meta,fixed_full_grid,False,roi,roi,Revenue-equivalent ROI,1.0,1.0,LogNormal,target_channels,meta,configured,,,,upload_1bc112d58beb_monthly_mocha,/Users/jasper/Documents/Intern/BlueAlpha/capstone-Blue_Alpha_1/backend/storage/uploads/upload_1bc112d58beb_monthly_mocha.csv,1.0,1.0,LogNormal,0.2538866235360484,0.0906866624951362,0.2933306694030761,0.9025721818208694,0.25859686925957,0.0879340223968029,0.2940418571233749,0.9236910492181778,0.9714372637865434,0.5,0.5,LogNormal,0.3282998115128026,0.1267153979356917,10298543.94665,3748603.180244072,3782678.2553534256,34075.075109353755,34075.075109353755,100.0,374860318.0244072,378267825.5353426,3407507.510935366,3407507.510935366,False,0.00909007261396375,0.00909007261396375,0.00909007261396367,0.00909007261396367,0.00909007261396371,0.00909007261396371,1.0,1.0,0,False,False,False,True,,,0.004545036306981855,,True,False,0.0
"multi|amazon,beehiiv,google,liveintent,meta,moloco,snapchat,tiktok|pmode=roi|rpk=100.0|target=meta|mu=1.000000|sigma=1.000000|dist=LogNormal|1.000000|1.000000|LogNormal|alpha=0p51|ec=0p5|slope=1p2|lag=4|decay=geometric",meta,"{""kpi_type"": ""non_revenue"", ""kpi_type_effective"": ""revenue"", ""prior_design_mode"": ""roi"", ""prior_grid_type"": ""roi"", ""revenue_per_kpi"": 100.0, ""roi_prior_overrides"": {""amazon"": {""dist"": ""LogNormal"", ""mu"": 0.5, ""sigma"": 0.5}, ""beehiiv"": {""dist"": ""LogNormal"", ""mu"": 0.5, ""sigma"": 0.5}, ""google"": {""dist"": ""LogNormal"", ""mu"": 0.5, ""sigma"": 0.5}, ""liveintent"": {""dist"": ""LogNormal"", ""mu"": 0.5, ""sigma"": 0.5}, ""meta"": {""dist"": ""LogNormal"", ""mu"": 1.0, ""sigma"": 1.0}, ""moloco"": {""dist"": ""LogNormal"", ""mu"": 0.5, ""sigma"": 0.5}, ""snapchat"": {""dist"": ""LogNormal"", ""mu"": 0.5, ""sigma"": 0.5}, ""tiktok"": {""dist"": ""LogNormal"", ""mu"": 0.5, ""sigma"": 0.5}}, ""run_mode"": ""roi_full"", ""structural_overrides"": {""adstock_decay_spec"": ""geometric"", ""alpha_m"": 0.51, ""ec_m"": 0.5, ""max_lag"": 4, ""slope_m"": 1.2}, ""sweep_type"": ""fixed_full_grid"", ""target_channel"": ""meta"", ""two_layer_enabled"": false}",liveintent,REVIEW,REVIEW:PriorPosteriorShift,PriorPosteriorShift,liveintent,0.5074958745824794,0.4952047165110707,0.0122911580714086,0.0242192275582943,0.51,0.5,1.2,4,geometric,prior_sweep,roi_full,roi,non_revenue,revenue,__revenue_equiv__,100.0,meta,fixed_full_grid,False,roi,roi,Revenue-equivalent ROI,1.0,1.0,LogNormal,target_channels,meta,configured,,,,upload_1bc112d58beb_monthly_mocha,/Users/jasper/Documents/Intern/BlueAlpha/capstone-Blue_Alpha_1/backend/storage/uploads/upload_1bc112d58beb_monthly_mocha.csv,1.0,1.0,LogNormal,0.4727192380468491,0.0905764039605856,0.3625864535570144,1.422901827096939,0.4688104184187474,0.0879012838006019,0.3568641096353531,1.4226497888565055,0.9978073728770256,0.5,0.5,LogNormal,0.0040220431402514,0.0238876974417436,797987.173079,404975.1983073274,395167.01182405686,-9808.186483270549,9808.186483270549,100.0,40497519.83073274,39516701.18240569,-980818.6483270526,980818.6483270526,False,0.024219227558294358,-0.024219227558294358,0.024219227558294358,-0.024219227558294358,0.024219227558294358,-0.024219227558294358,1.0,1.0,0,False,False,False,True,,,0.012109613779147179,,True,True,0.0
"multi|amazon,beehiiv,google,liveintent,meta,moloco,snapchat,tiktok|pmode=roi|rpk=100.0|target=meta|mu=1.000000|sigma=1.000000|dist=LogNormal|1.000000|1.000000|LogNormal|alpha=0p51|ec=0p5|slope=1p2|lag=4|decay=geometric",meta,"{""kpi_type"": ""non_revenue"", ""kpi_type_effective"": ""revenue"", ""prior_design_mode"": ""roi"", ""prior_grid_type"": ""roi"", ""revenue_per_kpi"": 100.0, ""roi_prior_overrides"": {""amazon"": {""dist"": ""LogNormal"", ""mu"": 0.5, ""sigma"": 0.5}, ""beehiiv"": {""dist"": ""LogNormal"", ""mu"": 0.5, ""sigma"": 0.5}, ""google"": {""dist"": ""LogNormal"", ""mu"": 0.5, ""sigma"": 0.5}, ""liveintent"": {""dist"": ""LogNormal"", ""mu"": 0.5, ""sigma"": 0.5}, ""meta"": {""dist"": ""LogNormal"", ""mu"": 1.0, ""sigma"": 1.0}, ""moloco"": {""dist"": ""LogNormal"", ""mu"": 0.5, ""sigma"": 0.5}, ""snapchat"": {""dist"": ""LogNormal"", ""mu"": 0.5, ""sigma"": 0.5}, ""tiktok"": {""dist"": ""LogNormal"", ""mu"": 0.5, ""sigma"": 0.5}}, ""run_mode"": ""roi_full"", ""structural_overrides"": {""adstock_decay_spec"": ""geometric"", ""alpha_m"": 0.51, ""ec_m"": 0.5, ""max_lag"": 4, ""slope_m"": 1.2}, ""sweep_type"": ""fixed_full_grid"", ""target_channel"": ""meta"", ""two_layer_enabled"": false}",meta,REVIEW,REVIEW:PriorPosteriorShift,PriorPosteriorShift,liveintent,0.4922159127285704,0.8694772163778544,0.3772613036492839,0.7664549111343388,0.51,0.5,1.2,4,geometric,prior_sweep,roi_full,roi,non_revenue,revenue,__revenue_equiv__,100.0,meta,fixed_full_grid,False,roi,roi,Revenue-equivalent ROI,1.0,1.0,LogNormal,target_channels,meta,configured,,,,upload_1bc112d58beb_monthly_mocha,/Users/jasper/Documents/Intern/BlueAlpha/capstone-Blue_Alpha_1/backend/storage/uploads/upload_1bc112d58beb_monthly_mocha.csv,1.0,1.0,LogNormal,0.4128178986318089,0.1016733910888433,0.3566605746746063,1.3128194272518148,0.6447144460395104,0.1909751184284687,0.6738382875919342,2.25868489742279,0.5200919445858826,1.0,1.0,LogNormal,0.1552942365223377,0.1458213383853832,840158.1265220001,413539.199082352,730498.3491655817,316959.15008322976,316959.15008322976,100.0,41353919.9082352,73049834.91655818,31695915.008322977,31695915.008322977,False,0.766454911134339,0.766454911134339,0.7664549111343388,0.7664549111343388,0.7664549111343388,0.7664549111343388,1.0,1.0,0,False,False,False,True,,,0.3832274555671694,,True,False,0.0
"multi|amazon,beehiiv,google,liveintent,meta,moloco,snapchat,tiktok|pmode=roi|rpk=100.0|target=meta|mu=1.000000|sigma=1.000000|dist=LogNormal|1.000000|1.000000|LogNormal|alpha=0p51|ec=0p5|slope=1p2|lag=4|decay=geometric",meta,"{""kpi_type"": ""non_revenue"", ""kpi_type_effective"": ""revenue"", ""prior_design_mode"": ""roi"", ""prior_grid_type"": ""roi"", ""revenue_per_kpi"": 100.0, ""roi_prior_overrides"": {""amazon"": {""dist"": ""LogNormal"", ""mu"": 0.5, ""sigma"": 0.5}, ""beehiiv"": {""dist"": ""LogNormal"", ""mu"": 0.5, ""sigma"": 0.5}, ""google"": {""dist"": ""LogNormal"", ""mu"": 0.5, ""sigma"": 0.5}, ""liveintent"": {""dist"": ""LogNormal"", ""mu"": 0.5, ""sigma"": 0.5}, ""meta"": {""dist"": ""LogNormal"", ""mu"": 1.0, ""sigma"": 1.0}, ""moloco"": {""dist"": ""LogNormal"", ""mu"": 0.5, ""sigma"": 0.5}, ""snapchat"": {""dist"": ""LogNormal"", ""mu"": 0.5, ""sigma"": 0.5}, ""tiktok"": {""dist"": ""LogNormal"", ""mu"": 0.5, ""sigma"": 0.5}}, ""run_mode"": ""roi_full"", ""structural_overrides"": {""adstock_decay_spec"": ""geometric"", ""alpha_m"": 0.51, ""ec_m"": 0.5, ""max_lag"": 4, ""slope_m"": 1.2}, ""sweep_type"": ""fixed_full_grid"", ""target_channel"": ""meta"", ""two_layer_enabled"": false}",moloco,REVIEW,REVIEW:PriorPosteriorShift,PriorPosteriorShift,liveintent,0.5193671595243117,0.5232235142200564,0.0038563546957447,0.0074251030798264,0.51,0.5,1.2,4,geometric,prior_sweep,roi_full,roi,non_revenue,revenue,__revenue_equiv__,100.0,meta,fixed_full_grid,False,roi,roi,Revenue-equivalent ROI,1.0,1.0,LogNormal,target_channels,meta,configured,,,,upload_1bc112d58beb_monthly_mocha,/Users/jasper/Documents/Intern/BlueAlpha/capstone-Blue_Alpha_1/backend/storage/uploads/upload_1bc112d58beb_monthly_mocha.csv,1.0,1.0,LogNormal,0.4986959806994451,0.0960079569369554,0.3689096570014953,1.4562236905097956,0.4963794455255851,0.099028155580163,0.3695633709430694,1.5325900137424464,0.944739305701486,0.5,0.5,LogNormal,0.0011312241348737,0.0184684917909162,842234.6095886,437428.9968350988,440676.9522267045,3247.955391605734,3247.955391605734,100.0,43742899.68350988,44067695.22267045,324795.539160572,324795.539160572,False,0.007425103079826573,0.007425103079826573,0.007425103079826558,0.007425103079826558,0.007425103079826566,0.007425103079826566,1.0,1.0,0,False,False,False,True,,,0.003712551539913283,,True,False,0.0
"multi|amazon,beehiiv,google,liveintent,meta,moloco,snapchat,tiktok|pmode=roi|rpk=100.0|target=meta|mu=1.000000|sigma=1.000000|dist=LogNormal|1.000000|1.000000|LogNormal|alpha=0p51|ec=0p5|slope=1p2|lag=4|decay=geometric",meta,"{""kpi_type"": ""non_revenue"", ""kpi_type_effective"": ""revenue"", ""prior_design_mode"": ""roi"", ""prior_grid_type"": ""roi"", ""revenue_per_kpi"": 100.0, ""roi_prior_overrides"": {""amazon"": {""dist"": ""LogNormal"", ""mu"": 0.5, ""sigma"": 0.5}, ""beehiiv"": {""dist"": ""LogNormal"", ""mu"": 0.5, ""sigma"": 0.5}, ""google"": {""dist"": ""LogNormal"", ""mu"": 0.5, ""sigma"": 0.5}, ""liveintent"": {""dist"": ""LogNormal"", ""mu"": 0.5, ""sigma"": 0.5}, ""meta"": {""dist"": ""LogNormal"", ""mu"": 1.0, ""sigma"": 1.0}, ""moloco"": {""dist"": ""LogNormal"", ""mu"": 0.5, ""sigma"": 0.5}, ""snapchat"": {""dist"": ""LogNormal"", ""mu"": 0.5, ""sigma"": 0.5}, ""tiktok"": {""dist"": ""LogNormal"", ""mu"": 0.5, ""sigma"": 0.5}}, ""run_mode"": ""roi_full"", ""structural_overrides"": {""adstock_decay_spec"": ""geometric"", ""alpha_m"": 0.51, ""ec_m"": 0.5, ""max_lag"": 4, ""slope_m"": 1.2}, ""sweep_type"": ""fixed_full_grid"", ""target_channel"": ""meta"", ""two_layer_enabled"": false}",snapchat,REVIEW,REVIEW:PriorPosteriorShift,PriorPosteriorShift,liveintent,0.5166618288556735,0.4974998135461161,0.0191620153095573,0.0370881188416769,0.51,0.5,1.2,4,geometric,prior_sweep,roi_full,roi,non_revenue,revenue,__revenue_equiv__,100.0,meta,fixed_full_grid,False,roi,roi,Revenue-equivalent ROI,1.0,1.0,LogNormal,target_channels,meta,configured,,,,upload_1bc112d58beb_monthly_mocha,/Users/jasper/Documents/Intern/BlueAlpha/capstone-Blue_Alpha_1/backend/storage/uploads/upload_1bc112d58beb_monthly_mocha.csv,1.0,1.0,LogNormal,0.4711478203533085,0.0951749168336391,0.3710568994283676,1.3794029116630553,0.4355470269311981,0.0887952886521816,0.3775641620159149,1.29139934182167,0.926869176704028,0.5,0.5,LogNormal,0.0174202513927441,0.0160627861536866,4342436.908989999,2243571.395089151,2160361.5525582973,-83209.84253085358,83209.84253085358,100.0,224357139.5089151,216036155.25582972,-8320984.253085375,8320984.253085375,False,0.03708811884167691,-0.03708811884167691,0.037088118841677044,-0.037088118841677044,0.03708811884167698,-0.03708811884167698,1.0,1.0,0,False,False,False,True,,,0.01854405942083849,,True,False,0.0
"multi|amazon,beehiiv,google,liveintent,meta,moloco,snapchat,tiktok|pmode=roi|rpk=100.0|target=meta|mu=1.000000|sigma=1.000000|dist=LogNormal|1.000000|1.000000|LogNormal|alpha=0p51|ec=0p5|slope=1p2|lag=4|decay=geometric",meta,"{""kpi_type"": ""non_revenue"", ""kpi_type_effective"": ""revenue"", ""prior_design_mode"": ""roi"", ""prior_grid_type"": ""roi"", ""revenue_per_kpi"": 100.0, ""roi_prior_overrides"": {""amazon"": {""dist"": ""LogNormal"", ""mu"": 0.5, ""sigma"": 0.5}, ""beehiiv"": {""dist"": ""LogNormal"", ""mu"": 0.5, ""sigma"": 0.5}, ""google"": {""dist"": ""LogNormal"", ""mu"": 0.5, ""sigma"": 0.5}, ""liveintent"": {""dist"": ""LogNormal"", ""mu"": 0.5, ""sigma"": 0.5}, ""meta"": {""dist"": ""LogNormal"", ""mu"": 1.0, ""sigma"": 1.0}, ""moloco"": {""dist"": ""LogNormal"", ""mu"": 0.5, ""sigma"": 0.5}, ""snapchat"": {""dist"": ""LogNormal"", ""mu"": 0.5, ""sigma"": 0.5}, ""tiktok"": {""dist"": ""LogNormal"", ""mu"": 0.5, ""sigma"": 0.5}}, ""run_mode"": ""roi_full"", ""structural_overrides"": {""adstock_decay_spec"": ""geometric"", ""alpha_m"": 0.51, ""ec_m"": 0.5, ""max_lag"": 4, ""slope_m"": 1.2}, ""sweep_type"": ""fixed_full_grid"", ""target_channel"": ""meta"", ""two_layer_enabled"": false}",tiktok,REVIEW,REVIEW:PriorPosteriorShift,PriorPosteriorShift,liveintent,0.4454225514084101,0.4460116398582855,0.0005890884498754,0.0013225384480708,0.51,0.5,1.2,4,geometric,prior_sweep,roi_full,roi,non_revenue,revenue,__revenue_equiv__,100.0,meta,fixed_full_grid,False,roi,roi,Revenue-equivalent ROI,1.0,1.0,LogNormal,target_channels,meta,configured,,,,upload_1bc112d58beb_monthly_mocha,/Users/jasper/Documents/Intern/BlueAlpha/capstone-Blue_Alpha_1/backend/storage/uploads/upload_1bc112d58beb_monthly_mocha.csv,1.0,1.0,LogNormal,0.389614058166092,0.0862870134413242,0.3261690884828567,1.226093351840973,0.3898774428105647,0.0895829681307077,0.3335609436035156,1.171748614311218,0.9494293984186216,0.5,0.5,LogNormal,0.0586139847754008,0.0719774451822511,1752685.00913,780685.4285819572,781717.9150771055,1032.486495148274,1032.486495148274,100.0,78068542.85819572,78171791.50771055,103248.64951482417,103248.64951482417,False,0.0013225384480708344,0.0013225384480708344,0.0013225384480708064,0.0013225384480708064,0.0013225384480708203,0.0013225384480708203,1.0,1.0,0,False,False,False,True,,,0.0006612692240354102,,True,False,0.0
"multi|amazon,beehiiv,google,liveintent,meta,moloco,snapchat,tiktok|pmode=roi|rpk=100.0|target=meta|mu=0.500000|sigma=1.000000|dist=LogNormal|0.500000|1.000000|LogNormal|alpha=0p51|ec=0p5|slope=1p2|lag=4|decay=geometric",meta,"{""kpi_type"": ""non_revenue"", ""kpi_type_effective"": ""revenue"", ""prior_design_mode"": ""roi"", ""prior_grid_type"": ""roi"", ""revenue_per_kpi"": 100.0, ""roi_prior_overrides"": {""amazon"": {""dist"": ""LogNormal"", ""mu"": 0.5, ""sigma"": 0.5}, ""beehiiv"": {""dist"": ""LogNormal"", ""mu"": 0.5, ""sigma"": 0.5}, ""google"": {""dist"": ""LogNormal"", ""mu"": 0.5, ""sigma"": 0.5}, ""liveintent"": {""dist"": ""LogNormal"", ""mu"": 0.5, ""sigma"": 0.5}, ""meta"": {""dist"": ""LogNormal"", ""mu"": 0.5, ""sigma"": 1.0}, ""moloco"": {""dist"": ""LogNormal"", ""mu"": 0.5, ""sigma"": 0.5}, ""snapchat"": {""dist"": ""LogNormal"", ""mu"": 0.5, ""sigma"": 0.5}, ""tiktok"": {""dist"": ""LogNormal"", ""mu"": 0.5, ""sigma"": 0.5}}, ""run_mode"": ""roi_full"", ""structural_overrides"": {""adstock_decay_spec"": ""geometric"", ""alpha_m"": 0.51, ""ec_m"": 0.5, ""max_lag"": 4, ""slope_m"": 1.2}, ""sweep_type"": ""fixed_full_grid"", ""target_channel"": ""meta"", ""two_layer_enabled"": false}",amazon,REVIEW,REVIEW:PriorPosteriorShift,PriorPosteriorShift,"liveintent,snapchat",0.5121372402909522,0.4920776340411976,0.0200596062497546,0.0391684194618584,0.51,0.5,1.2,4,geometric,prior_sweep,roi_full,roi,non_revenue,revenue,__revenue_equiv__,100.0,meta,fixed_full_grid,False,roi,roi,Revenue-equivalent ROI,0.5,1.0,LogNormal,target_channels,meta,configured,,,,upload_1bc112d58beb_monthly_mocha,/Users/jasper/Documents/Intern/BlueAlpha/capstone-Blue_Alpha_1/backend/storage/uploads/upload_1bc112d58beb_monthly_mocha.csv,0.5,1.0,LogNormal,0.4840694861381271,0.0989534243941307,0.3617888689041137,1.4659758150577542,0.501988656158424,0.0945161212235689,0.3462299704551697,1.4764032959938036,0.989243127530232,0.5,0.5,LogNormal,0.0001413258680126,0.0233768919979912,15740.258094,8061.172341728484,7745.428962093331,-315.74337963515336,315.74337963515336,100.0,806117.2341728484,774542.8962093331,-31574.33796351531,31574.33796351531,False,0.03916841946185846,-0.03916841946185846,0.03916841946185838,-0.03916841946185838,0.03916841946185842,-0.03916841946185842,0.0,1.0,0,False,True,False,True,,0.03916841946185842,0.03916841946185842,,True,False,0.0
"multi|amazon,beehiiv,google,liveintent,meta,moloco,snapchat,tiktok|pmode=roi|rpk=100.0|target=meta|mu=0.500000|sigma=1.000000|dist=LogNormal|0.500000|1.000000|LogNormal|alpha=0p51|ec=0p5|slope=1p2|lag=4|decay=geometric",meta,"{""kpi_type"": ""non_revenue"", ""kpi_type_effective"": ""revenue"", ""prior_design_mode"": ""roi"", ""prior_grid_type"": ""roi"", ""revenue_per_kpi"": 100.0, ""roi_prior_overrides"": {""amazon"": {""dist"": ""LogNormal"", ""mu"": 0.5, ""sigma"": 0.5}, ""beehiiv"": {""dist"": ""LogNormal"", ""mu"": 0.5, ""sigma"": 0.5}, ""google"": {""dist"": ""LogNormal"", ""mu"": 0.5, ""sigma"": 0.5}, ""liveintent"": {""dist"": ""LogNormal"", ""mu"": 0.5, ""sigma"": 0.5}, ""meta"": {""dist"": ""LogNormal"", ""mu"": 0.5, ""sigma"": 1.0}, ""moloco"": {""dist"": ""LogNormal"", ""mu"": 0.5, ""sigma"": 0.5}, ""snapchat"": {""dist"": ""LogNormal"", ""mu"": 0.5, ""sigma"": 0.5}, ""tiktok"": {""dist"": ""LogNormal"", ""mu"": 0.5, ""sigma"": 0.5}}, ""run_mode"": ""roi_full"", ""structural_overrides"": {""adstock_decay_spec"": ""geometric"", ""alpha_m"": 0.51, ""ec_m"": 0.5, ""max_lag"": 4, ""slope_m"": 1.2}, ""sweep_type"": ""fixed_full_grid"", ""target_channel"": ""meta"", ""two_layer_enabled"": false}",beehiiv,REVIEW,REVIEW:PriorPosteriorShift,PriorPosteriorShift,"liveintent,snapchat",0.5170952036961293,0.4900519228105743,0.0270432808855549,0.0522984562460705,0.51,0.5,1.2,4,geometric,prior_sweep,roi_full,roi,non_revenue,revenue,__revenue_equiv__,100.0,meta,fixed_full_grid,False,roi,roi,Revenue-equivalent ROI,0.5,1.0,LogNormal,target_channels,meta,configured,,,,upload_1bc112d58beb_monthly_mocha,/Users/jasper/Documents/Intern/BlueAlpha/capstone-Blue_Alpha_1/backend/storage/uploads/upload_1bc112d58beb_monthly_mocha.csv,0.5,1.0,LogNormal,0.5569061978983733,0.0888365499675273,0.3553869128227234,1.4882560491561885,0.5110209879978019,0.0890462014824152,0.3394312858581543,1.3227919518947595,0.8816125194251122,0.5,0.5,LogNormal,0.0006802654872246,0.0291409352168931,328172.2732613,169696.3084894737,160821.45352481728,-8874.854964656435,8874.854964656435,100.0,16969630.848947372,16082145.352481728,-887485.4964656439,887485.4964656439,False,0.05229845624607057,-0.05229845624607057,0.052298456246070574,-0.052298456246070574,0.052298456246070574,-0.052298456246070574,0.0,1.0,0,False,True,False,True,,0.052298456246070574,0.052298456246070574,,True,False,0.0
"multi|amazon,beehiiv,google,liveintent,meta,moloco,snapchat,tiktok|pmode=roi|rpk=100.0|target=meta|mu=0.500000|sigma=1.000000|dist=LogNormal|0.500000|1.000000|LogNormal|alpha=0p51|ec=0p5|slope=1p2|lag=4|decay=geometric",meta,"{""kpi_type"": ""non_revenue"", ""kpi_type_effective"": ""revenue"", ""prior_design_mode"": ""roi"", ""prior_grid_type"": ""roi"", ""revenue_per_kpi"": 100.0, ""roi_prior_overrides"": {""amazon"": {""dist"": ""LogNormal"", ""mu"": 0.5, ""sigma"": 0.5}, ""beehiiv"": {""dist"": ""LogNormal"", ""mu"": 0.5, ""sigma"": 0.5}, ""google"": {""dist"": ""LogNormal"", ""mu"": 0.5, ""sigma"": 0.5}, ""liveintent"": {""dist"": ""LogNormal"", ""mu"": 0.5, ""sigma"": 0.5}, ""meta"": {""dist"": ""LogNormal"", ""mu"": 0.5, ""sigma"": 1.0}, ""moloco"": {""dist"": ""LogNormal"", ""mu"": 0.5, ""sigma"": 0.5}, ""snapchat"": {""dist"": ""LogNormal"", ""mu"": 0.5, ""sigma"": 0.5}, ""tiktok"": {""dist"": ""LogNormal"", ""mu"": 0.5, ""sigma"": 0.5}}, ""run_mode"": ""roi_full"", ""structural_overrides"": {""adstock_decay_spec"": ""geometric"", ""alpha_m"": 0.51, ""ec_m"": 0.5, ""max_lag"": 4, ""slope_m"": 1.2}, ""sweep_type"": ""fixed_full_grid"", ""target_channel"": ""meta"", ""two_layer_enabled"": false}",google,REVIEW,REVIEW:PriorPosteriorShift,PriorPosteriorShift,"liveintent,snapchat",0.3639935120598723,0.3591958447856208,0.0047976672742515,0.0131806395314605,0.51,0.5,1.2,4,geometric,prior_sweep,roi_full,roi,non_revenue,revenue,__revenue_equiv__,100.0,meta,fixed_full_grid,False,roi,roi,Revenue-equivalent ROI,0.5,1.0,LogNormal,target_channels,meta,configured,,,,upload_1bc112d58beb_monthly_mocha,/Users/jasper/Documents/Intern/BlueAlpha/capstone-Blue_Alpha_1/backend/storage/uploads/upload_1bc112d58beb_monthly_mocha.csv,0.5,1.0,LogNormal,0.2538866235360484,0.0906866624951362,0.2933306694030761,0.9025721818208694,0.2628276926651546,0.0825450532138347,0.2854412347078323,0.9113071411848068,0.97963641328411,0.5,0.5,LogNormal,0.3209178542398021,0.1346519441750995,10298543.94665,3748603.180244072,3699194.192978788,-49408.98726528417,49408.98726528417,100.0,374860318.0244072,369919419.29787874,-4940898.726528466,4940898.726528466,False,0.013180639531460552,-0.013180639531460552,0.013180639531460538,-0.013180639531460538,0.013180639531460545,-0.013180639531460545,0.0,1.0,0,False,True,False,True,,0.013180639531460545,0.013180639531460545,,True,False,0.0
"multi|amazon,beehiiv,google,liveintent,meta,moloco,snapchat,tiktok|pmode=roi|rpk=100.0|target=meta|mu=0.500000|sigma=1.000000|dist=LogNormal|0.500000|1.000000|LogNormal|alpha=0p51|ec=0p5|slope=1p2|lag=4|decay=geometric",meta,"{""kpi_type"": ""non_revenue"", ""kpi_type_effective"": ""revenue"", ""prior_design_mode"": ""roi"", ""prior_grid_type"": ""roi"", ""revenue_per_kpi"": 100.0, ""roi_prior_overrides"": {""amazon"": {""dist"": ""LogNormal"", ""mu"": 0.5, ""sigma"": 0.5}, ""beehiiv"": {""dist"": ""LogNormal"", ""mu"": 0.5, ""sigma"": 0.5}, ""google"": {""dist"": ""LogNormal"", ""mu"": 0.5, ""sigma"": 0.5}, ""liveintent"": {""dist"": ""LogNormal"", ""mu"": 0.5, ""sigma"": 0.5}, ""meta"": {""dist"": ""LogNormal"", ""mu"": 0.5, ""sigma"": 1.0}, ""moloco"": {""dist"": ""LogNormal"", ""mu"": 0.5, ""sigma"": 0.5}, ""snapchat"": {""dist"": ""LogNormal"", ""mu"": 0.5, ""sigma"": 0.5}, ""tiktok"": {""dist"": ""LogNormal"", ""mu"": 0.5, ""sigma"": 0.5}}, ""run_mode"": ""roi_full"", ""structural_overrides"": {""adstock_decay_spec"": ""geometric"", ""alpha_m"": 0.51, ""ec_m"": 0.5, ""max_lag"": 4, ""slope_m"": 1.2}, ""sweep_type"": ""fixed_full_grid"", ""target_channel"": ""meta"", ""two_layer_enabled"": false}",liveintent,REVIEW,REVIEW:PriorPosteriorShift,PriorPosteriorShift,"liveintent,snapchat",0.5074958745824794,0.5187763537761445,0.0112804791936651,0.0222277258961871,0.51,0.5,1.2,4,geometric,prior_sweep,roi_full,roi,non_revenue,revenue,__revenue_equiv__,100.0,meta,fixed_full_grid,False,roi,roi,Revenue-equivalent ROI,0.5,1.0,LogNormal,target_channels,meta,configured,,,,upload_1bc112d58beb_monthly_mocha,/Users/jasper/Documents/Intern/BlueAlpha/capstone-Blue_Alpha_1/backend/storage/uploads/upload_1bc112d58beb_monthly_mocha.csv,0.5,1.0,LogNormal,0.4727192380468491,0.0905764039605856,0.3625864535570144,1.422901827096939,0.5346565160455173,0.0874245434999465,0.3679611831903457,1.4739501714706402,0.9609093378867672,0.5,0.5,LogNormal,0.0054038670184474,0.0200484066380085,797987.173079,404975.1983073274,413976.8760100568,9001.677702729357,9001.677702729357,100.0,40497519.83073274,41397687.60100567,900167.770272933,900167.770272933,False,0.022227725896187205,0.022227725896187205,0.022227725896187416,0.022227725896187416,0.02222772589618731,0.02222772589618731,0.0,1.0,0,False,True,False,True,,0.02222772589618731,0.02222772589618731,,True,True,0.0
"multi|amazon,beehiiv,google,liveintent,meta,moloco,snapchat,tiktok|pmode=roi|rpk=100.0|target=meta|mu=0.500000|sigma=1.000000|dist=LogNormal|0.500000|1.000000|LogNormal|alpha=0p51|ec=0p5|slope=1p2|lag=4|decay=geometric",meta,"{""kpi_type"": ""non_revenue"", ""kpi_type_effective"": ""revenue"", ""prior_design_mode"": ""roi"", ""prior_grid_type"": ""roi"", ""revenue_per_kpi"": 100.0, ""roi_prior_overrides"": {""amazon"": {""dist"": ""LogNormal"", ""mu"": 0.5, ""sigma"": 0.5}, ""beehiiv"": {""dist"": ""LogNormal"", ""mu"": 0.5, ""sigma"": 0.5}, ""google"": {""dist"": ""LogNormal"", ""mu"": 0.5, ""sigma"": 0.5}, ""liveintent"": {""dist"": ""LogNormal"", ""mu"": 0.5, ""sigma"": 0.5}, ""meta"": {""dist"": ""LogNormal"", ""mu"": 0.5, ""sigma"": 1.0}, ""moloco"": {""dist"": ""LogNormal"", ""mu"": 0.5, ""sigma"": 0.5}, ""snapchat"": {""dist"": ""LogNormal"", ""mu"": 0.5, ""sigma"": 0.5}, ""tiktok"": {""dist"": ""LogNormal"", ""mu"": 0.5, ""sigma"": 0.5}}, ""run_mode"": ""roi_full"", ""structural_overrides"": {""adstock_decay_spec"": ""geometric"", ""alpha_m"": 0.51, ""ec_m"": 0.5, ""max_lag"": 4, ""slope_m"": 1.2}, ""sweep_type"": ""fixed_full_grid"", ""target_channel"": ""meta"", ""two_layer_enabled"": false}",meta,REVIEW,REVIEW:PriorPosteriorShift,PriorPosteriorShift,"liveintent,snapchat",0.4922159127285704,0.4424221993796527,0.0497937133489176,0.1011623396588077,0.51,0.5,1.2,4,geometric,prior_sweep,roi_full,roi,non_revenue,revenue,__revenue_equiv__,100.0,meta,fixed_full_grid,False,roi,roi,Revenue-equivalent ROI,0.5,1.0,LogNormal,target_channels,meta,configured,,,,upload_1bc112d58beb_monthly_mocha,/Users/jasper/Documents/Intern/BlueAlpha/capstone-Blue_Alpha_1/backend/storage/uploads/upload_1bc112d58beb_monthly_mocha.csv,0.5,1.0,LogNormal,0.4128178986318089,0.1016733910888433,0.3566605746746063,1.3128194272518148,0.5342001710294052,0.0289397962391376,0.2366942837834358,1.5775215983390805,0.7821001347946914,0.5,1.0,LogNormal,0.2713271710725139,0.1091727454766566,840158.1265220001,413539.199082352,371704.6061625518,-41834.5929198002,41834.5929198002,100.0,41353919.9082352,37170460.61625518,-4183459.2919800207,4183459.2919800207,False,0.1011623396588077,-0.1011623396588077,0.10116233965880772,-0.10116233965880772,0.10116233965880772,-0.10116233965880772,0.0,1.0,0,False,True,False,True,,0.10116233965880772,0.10116233965880772,,True,False,0.0
"multi|amazon,beehiiv,google,liveintent,meta,moloco,snapchat,tiktok|pmode=roi|rpk=100.0|target=meta|mu=0.500000|sigma=1.000000|dist=LogNormal|0.500000|1.000000|LogNormal|alpha=0p51|ec=0p5|slope=1p2|lag=4|decay=geometric",meta,"{""kpi_type"": ""non_revenue"", ""kpi_type_effective"": ""revenue"", ""prior_design_mode"": ""roi"", ""prior_grid_type"": ""roi"", ""revenue_per_kpi"": 100.0, ""roi_prior_overrides"": {""amazon"": {""dist"": ""LogNormal"", ""mu"": 0.5, ""sigma"": 0.5}, ""beehiiv"": {""dist"": ""LogNormal"", ""mu"": 0.5, ""sigma"": 0.5}, ""google"": {""dist"": ""LogNormal"", ""mu"": 0.5, ""sigma"": 0.5}, ""liveintent"": {""dist"": ""LogNormal"", ""mu"": 0.5, ""sigma"": 0.5}, ""meta"": {""dist"": ""LogNormal"", ""mu"": 0.5, ""sigma"": 1.0}, ""moloco"": {""dist"": ""LogNormal"", ""mu"": 0.5, ""sigma"": 0.5}, ""snapchat"": {""dist"": ""LogNormal"", ""mu"": 0.5, ""sigma"": 0.5}, ""tiktok"": {""dist"": ""LogNormal"", ""mu"": 0.5, ""sigma"": 0.5}}, ""run_mode"": ""roi_full"", ""structural_overrides"": {""adstock_decay_spec"": ""geometric"", ""alpha_m"": 0.51, ""ec_m"": 0.5, ""max_lag"": 4, ""slope_m"": 1.2}, ""sweep_type"": ""fixed_full_grid"", ""target_channel"": ""meta"", ""two_layer_enabled"": false}",moloco,REVIEW,REVIEW:PriorPosteriorShift,PriorPosteriorShift,"liveintent,snapchat",0.5193671595243117,0.5432168094130854,0.0238496498887736,0.045920596732796,0.51,0.5,1.2,4,geometric,prior_sweep,roi_full,roi,non_revenue,revenue,__revenue_equiv__,100.0,meta,fixed_full_grid,False,roi,roi,Revenue-equivalent ROI,0.5,1.0,LogNormal,target_channels,meta,configured,,,,upload_1bc112d58beb_monthly_mocha,/Users/jasper/Documents/Intern/BlueAlpha/capstone-Blue_Alpha_1/backend/storage/uploads/upload_1bc112d58beb_monthly_mocha.csv,0.5,1.0,LogNormal,0.4986959806994451,0.0960079569369554,0.3689096570014953,1.4562236905097956,0.5430088372253342,0.1007774457335472,0.3768131881952286,1.5321607351303097,0.9438036574920442,0.5,0.5,LogNormal,0.0109350836455491,0.0350464333584764,842234.6095886,437428.9968350988,457515.9973979949,20087.000562896137,20087.000562896137,100.0,43742899.68350988,45751599.73979949,2008700.0562896132,2008700.0562896132,False,0.045920596732796096,0.045920596732796096,0.04592059673279616,0.04592059673279616,0.04592059673279612,0.04592059673279612,0.0,1.0,0,False,True,False,True,,0.04592059673279612,0.04592059673279612,,True,False,0.0
"multi|amazon,beehiiv,google,liveintent,meta,moloco,snapchat,tiktok|pmode=roi|rpk=100.0|target=meta|mu=0.500000|sigma=1.000000|dist=LogNormal|0.500000|1.000000|LogNormal|alpha=0p51|ec=0p5|slope=1p2|lag=4|decay=geometric",meta,"{""kpi_type"": ""non_revenue"", ""kpi_type_effective"": ""revenue"", ""prior_design_mode"": ""roi"", ""prior_grid_type"": ""roi"", ""revenue_per_kpi"": 100.0, ""roi_prior_overrides"": {""amazon"": {""dist"": ""LogNormal"", ""mu"": 0.5, ""sigma"": 0.5}, ""beehiiv"": {""dist"": ""LogNormal"", ""mu"": 0.5, ""sigma"": 0.5}, ""google"": {""dist"": ""LogNormal"", ""mu"": 0.5, ""sigma"": 0.5}, ""liveintent"": {""dist"": ""LogNormal"", ""mu"": 0.5, ""sigma"": 0.5}, ""meta"": {""dist"": ""LogNormal"", ""mu"": 0.5, ""sigma"": 1.0}, ""moloco"": {""dist"": ""LogNormal"", ""mu"": 0.5, ""sigma"": 0.5}, ""snapchat"": {""dist"": ""LogNormal"", ""mu"": 0.5, ""sigma"": 0.5}, ""tiktok"": {""dist"": ""LogNormal"", ""mu"": 0.5, ""sigma"": 0.5}}, ""run_mode"": ""roi_full"", ""structural_overrides"": {""adstock_decay_spec"": ""geometric"", ""alpha_m"": 0.51, ""ec_m"": 0.5, ""max_lag"": 4, ""slope_m"": 1.2}, ""sweep_type"": ""fixed_full_grid"", ""target_channel"": ""meta"", ""two_layer_enabled"": false}",snapchat,REVIEW,REVIEW:PriorPosteriorShift,PriorPosteriorShift,"liveintent,snapchat",0.5166618288556735,0.4897525732389962,0.0269092556166772,0.0520829179044969,0.51,0.5,1.2,4,geometric,prior_sweep,roi_full,roi,non_revenue,revenue,__revenue_equiv__,100.0,meta,fixed_full_grid,False,roi,roi,Revenue-equivalent ROI,0.5,1.0,LogNormal,target_channels,meta,configured,,,,upload_1bc112d58beb_monthly_mocha,/Users/jasper/Documents/Intern/BlueAlpha/capstone-Blue_Alpha_1/backend/storage/uploads/upload_1bc112d58beb_monthly_mocha.csv,0.5,1.0,LogNormal,0.4711478203533085,0.0951749168336391,0.3710568994283676,1.3794029116630553,0.4575718529028783,0.0857378963381052,0.3554141521453857,1.267258536815643,0.9060178686888224,0.5,0.5,LogNormal,0.0076281911615172,0.0147224924573178,4342436.908989999,2243571.395089151,2126719.650305845,-116851.74478330604,116851.74478330604,100.0,224357139.5089151,212671965.03058448,-11685174.478330612,11685174.478330612,False,0.052082917904496935,-0.052082917904496935,0.05208291790449699,-0.05208291790449699,0.05208291790449696,-0.05208291790449696,0.0,1.0,0,False,True,False,True,,0.05208291790449696,0.05208291790449696,,True,True,0.0
"multi|amazon,beehiiv,google,liveintent,meta,moloco,snapchat,tiktok|pmode=roi|rpk=100.0|target=meta|mu=0.500000|sigma=1.000000|dist=LogNormal|0.500000|1.000000|LogNormal|alpha=0p51|ec=0p5|slope=1p2|lag=4|decay=geometric",meta,"{""kpi_type"": ""non_revenue"", ""kpi_type_effective"": ""revenue"", ""prior_design_mode"": ""roi"", ""prior_grid_type"": ""roi"", ""revenue_per_kpi"": 100.0, ""roi_prior_overrides"": {""amazon"": {""dist"": ""LogNormal"", ""mu"": 0.5, ""sigma"": 0.5}, ""beehiiv"": {""dist"": ""LogNormal"", ""mu"": 0.5, ""sigma"": 0.5}, ""google"": {""dist"": ""LogNormal"", ""mu"": 0.5, ""sigma"": 0.5}, ""liveintent"": {""dist"": ""LogNormal"", ""mu"": 0.5, ""sigma"": 0.5}, ""meta"": {""dist"": ""LogNormal"", ""mu"": 0.5, ""sigma"": 1.0}, ""moloco"": {""dist"": ""LogNormal"", ""mu"": 0.5, ""sigma"": 0.5}, ""snapchat"": {""dist"": ""LogNormal"", ""mu"": 0.5, ""sigma"": 0.5}, ""tiktok"": {""dist"": ""LogNormal"", ""mu"": 0.5, ""sigma"": 0.5}}, ""run_mode"": ""roi_full"", ""structural_overrides"": {""adstock_decay_spec"": ""geometric"", ""alpha_m"": 0.51, ""ec_m"": 0.5, ""max_lag"": 4, ""slope_m"": 1.2}, ""sweep_type"": ""fixed_full_grid"", ""target_channel"": ""meta"", ""two_layer_enabled"": false}",tiktok,REVIEW,REVIEW:PriorPosteriorShift,PriorPosteriorShift,"liveintent,snapchat",0.4454225514084101,0.4506904097995721,0.005267858391162,0.0118266539817195,0.51,0.5,1.2,4,geometric,prior_sweep,roi_full,roi,non_revenue,revenue,__revenue_equiv__,100.0,meta,fixed_full_grid,False,roi,roi,Revenue-equivalent ROI,0.5,1.0,LogNormal,target_channels,meta,configured,,,,upload_1bc112d58beb_monthly_mocha,/Users/jasper/Documents/Intern/BlueAlpha/capstone-Blue_Alpha_1/backend/storage/uploads/upload_1bc112d58beb_monthly_mocha.csv,0.5,1.0,LogNormal,0.389614058166092,0.0862870134413242,0.3261690884828567,1.226093351840973,0.4061457902940608,0.0804503705352544,0.3404180556535721,1.249153155088424,0.975274769141096,0.5,0.5,LogNormal,0.0426675912020297,0.0668910874651908,1752685.00913,780685.4285819572,789918.3250143665,9232.896432409296,9232.896432409296,100.0,78068542.85819572,78991832.50143665,923289.6432409286,923289.6432409286,False,0.011826653981719667,0.011826653981719667,0.011826653981719623,0.011826653981719623,0.011826653981719646,0.011826653981719646,0.0,1.0,0,False,True,False,True,,0.011826653981719646,0.011826653981719646,,True,False,0.0
"multi|amazon,beehiiv,google,liveintent,meta,moloco,snapchat,tiktok|pmode=roi|rpk=100.0|target=moloco|mu=0.500000|sigma=1.000000|dist=LogNormal|0.500000|1.000000|LogNormal|alpha=0p51|ec=0p5|slope=1p2|lag=4|decay=geometric",moloco,"{""kpi_type"": ""non_revenue"", ""kpi_type_effective"": ""revenue"", ""prior_design_mode"": ""roi"", ""prior_grid_type"": ""roi"", ""revenue_per_kpi"": 100.0, ""roi_prior_overrides"": {""amazon"": {""dist"": ""LogNormal"", ""mu"": 0.5, ""sigma"": 0.5}, ""beehiiv"": {""dist"": ""LogNormal"", ""mu"": 0.5, ""sigma"": 0.5}, ""google"": {""dist"": ""LogNormal"", ""mu"": 0.5, ""sigma"": 0.5}, ""liveintent"": {""dist"": ""LogNormal"", ""mu"": 0.5, ""sigma"": 0.5}, ""meta"": {""dist"": ""LogNormal"", ""mu"": 0.5, ""sigma"": 0.5}, ""moloco"": {""dist"": ""LogNormal"", ""mu"": 0.5, ""sigma"": 1.0}, ""snapchat"": {""dist"": ""LogNormal"", ""mu"": 0.5, ""sigma"": 0.5}, ""tiktok"": {""dist"": ""LogNormal"", ""mu"": 0.5, ""sigma"": 0.5}}, ""run_mode"": ""roi_full"", ""structural_overrides"": {""adstock_decay_spec"": ""geometric"", ""alpha_m"": 0.51, ""ec_m"": 0.5, ""max_lag"": 4, ""slope_m"": 1.2}, ""sweep_type"": ""fixed_full_grid"", ""target_channel"": ""moloco"", ""two_layer_enabled"": false}",amazon,REVIEW,REVIEW:PriorPosteriorShift,PriorPosteriorShift,"amazon,beehiiv,liveintent",0.5121372402909522,0.5032035928374777,0.0089336474534744,0.0174438544019941,0.51,0.5,1.2,4,geometric,prior_sweep,roi_full,roi,non_revenue,revenue,__revenue_equiv__,100.0,moloco,fixed_full_grid,False,roi,roi,Revenue-equivalent ROI,0.5,1.0,LogNormal,target_channels,moloco,configured,,,,upload_1bc112d58beb_monthly_mocha,/Users/jasper/Documents/Intern/BlueAlpha/capstone-Blue_Alpha_1/backend/storage/uploads/upload_1bc112d58beb_monthly_mocha.csv,0.5,1.0,LogNormal,0.4840694861381271,0.0989534243941307,0.3617888689041137,1.4659758150577542,0.4826758321310855,0.0943733245134353,0.3574264198541641,1.419959032535553,0.96311111801582,0.5,0.5,LogNormal,0.0012352689640789,0.0294167274831244,15740.258094,8061.172341728484,7920.554425089989,-140.6179166384945,140.6179166384945,100.0,806117.2341728484,792055.4425089989,-14061.791663849492,14061.791663849492,False,0.017443854401994162,-0.017443854401994162,0.017443854401994228,-0.017443854401994228,0.017443854401994197,-0.017443854401994197,0.0,1.0,0,False,True,False,True,,0.017443854401994197,0.017443854401994197,,True,True,0.0
"multi|amazon,beehiiv,google,liveintent,meta,moloco,snapchat,tiktok|pmode=roi|rpk=100.0|target=moloco|mu=0.500000|sigma=1.000000|dist=LogNormal|0.500000|1.000000|LogNormal|alpha=0p51|ec=0p5|slope=1p2|lag=4|decay=geometric",moloco,"{""kpi_type"": ""non_revenue"", ""kpi_type_effective"": ""revenue"", ""prior_design_mode"": ""roi"", ""prior_grid_type"": ""roi"", ""revenue_per_kpi"": 100.0, ""roi_prior_overrides"": {""amazon"": {""dist"": ""LogNormal"", ""mu"": 0.5, ""sigma"": 0.5}, ""beehiiv"": {""dist"": ""LogNormal"", ""mu"": 0.5, ""sigma"": 0.5}, ""google"": {""dist"": ""LogNormal"", ""mu"": 0.5, ""sigma"": 0.5}, ""liveintent"": {""dist"": ""LogNormal"", ""mu"": 0.5, ""sigma"": 0.5}, ""meta"": {""dist"": ""LogNormal"", ""mu"": 0.5, ""sigma"": 0.5}, ""moloco"": {""dist"": ""LogNormal"", ""mu"": 0.5, ""sigma"": 1.0}, ""snapchat"": {""dist"": ""LogNormal"", ""mu"": 0.5, ""sigma"": 0.5}, ""tiktok"": {""dist"": ""LogNormal"", ""mu"": 0.5, ""sigma"": 0.5}}, ""run_mode"": ""roi_full"", ""structural_overrides"": {""adstock_decay_spec"": ""geometric"", ""alpha_m"": 0.51, ""ec_m"": 0.5, ""max_lag"": 4, ""slope_m"": 1.2}, ""sweep_type"": ""fixed_full_grid"", ""target_channel"": ""moloco"", ""two_layer_enabled"": false}",beehiiv,REVIEW,REVIEW:PriorPosteriorShift,PriorPosteriorShift,"amazon,beehiiv,liveintent",0.5170952036961293,0.5197269993570323,0.0026317956609029,0.0050895766235912,0.51,0.5,1.2,4,geometric,prior_sweep,roi_full,roi,non_revenue,revenue,__revenue_equiv__,100.0,moloco,fixed_full_grid,False,roi,roi,Revenue-equivalent ROI,0.5,1.0,LogNormal,target_channels,moloco,configured,,,,upload_1bc112d58beb_monthly_mocha,/Users/jasper/Documents/Intern/BlueAlpha/capstone-Blue_Alpha_1/backend/storage/uploads/upload_1bc112d58beb_monthly_mocha.csv,0.5,1.0,LogNormal,0.5569061978983733,0.0888365499675273,0.3553869128227234,1.4882560491561885,0.5432837667503613,0.0842036001384258,0.3686640709638595,1.4838968276977538,0.9935955588455212,0.5,0.5,LogNormal,0.0080691357269271,0.0250316438562014,328172.2732613,169696.3084894737,170559.99085427148,863.6823647977726,863.6823647977726,100.0,16969630.848947372,17055999.08542715,86368.23647977784,86368.23647977784,False,0.005089576623591281,0.005089576623591281,0.005089576623591355,0.005089576623591355,0.005089576623591318,0.005089576623591318,0.0,1.0,0,False,True,False,True,,0.005089576623591318,0.005089576623591318,,True,True,0.0
"multi|amazon,beehiiv,google,liveintent,meta,moloco,snapchat,tiktok|pmode=roi|rpk=100.0|target=moloco|mu=0.500000|sigma=1.000000|dist=LogNormal|0.500000|1.000000|LogNormal|alpha=0p51|ec=0p5|slope=1p2|lag=4|decay=geometric",moloco,"{""kpi_type"": ""non_revenue"", ""kpi_type_effective"": ""revenue"", ""prior_design_mode"": ""roi"", ""prior_grid_type"": ""roi"", ""revenue_per_kpi"": 100.0, ""roi_prior_overrides"": {""amazon"": {""dist"": ""LogNormal"", ""mu"": 0.5, ""sigma"": 0.5}, ""beehiiv"": {""dist"": ""LogNormal"", ""mu"": 0.5, ""sigma"": 0.5}, ""google"": {""dist"": ""LogNormal"", ""mu"": 0.5, ""sigma"": 0.5}, ""liveintent"": {""dist"": ""LogNormal"", ""mu"": 0.5, ""sigma"": 0.5}, ""meta"": {""dist"": ""LogNormal"", ""mu"": 0.5, ""sigma"": 0.5}, ""moloco"": {""dist"": ""LogNormal"", ""mu"": 0.5, ""sigma"": 1.0}, ""snapchat"": {""dist"": ""LogNormal"", ""mu"": 0.5, ""sigma"": 0.5}, ""tiktok"": {""dist"": ""LogNormal"", ""mu"": 0.5, ""sigma"": 0.5}}, ""run_mode"": ""roi_full"", ""structural_overrides"": {""adstock_decay_spec"": ""geometric"", ""alpha_m"": 0.51, ""ec_m"": 0.5, ""max_lag"": 4, ""slope_m"": 1.2}, ""sweep_type"": ""fixed_full_grid"", ""target_channel"": ""moloco"", ""two_layer_enabled"": false}",google,REVIEW,REVIEW:PriorPosteriorShift,PriorPosteriorShift,"amazon,beehiiv,liveintent",0.3639935120598723,0.3749706889657924,0.01097717690592,0.0301576169415747,0.51,0.5,1.2,4,geometric,prior_sweep,roi_full,roi,non_revenue,revenue,__revenue_equiv__,100.0,moloco,fixed_full_grid,False,roi,roi,Revenue-equivalent ROI,0.5,1.0,LogNormal,target_channels,moloco,configured,,,,upload_1bc112d58beb_monthly_mocha,/Users/jasper/Documents/Intern/BlueAlpha/capstone-Blue_Alpha_1/backend/storage/uploads/upload_1bc112d58beb_monthly_mocha.csv,0.5,1.0,LogNormal,0.2538866235360484,0.0906866624951362,0.2933306694030761,0.9025721818208694,0.2604913227411506,0.0884335573762655,0.295727401971817,0.914992356300354,0.9822477485964032,0.5,0.5,LogNormal,0.3190146634805837,0.1191499862978907,10298543.94665,3748603.180244072,3861652.119019842,113048.93877576943,113048.93877576943,100.0,374860318.0244072,386165211.90198416,11304893.877576947,11304893.877576947,False,0.03015761694157474,0.03015761694157474,0.030157616941574827,0.030157616941574827,0.03015761694157478,0.03015761694157478,0.0,1.0,0,False,True,False,True,,0.03015761694157478,0.03015761694157478,,True,False,0.0
"multi|amazon,beehiiv,google,liveintent,meta,moloco,snapchat,tiktok|pmode=roi|rpk=100.0|target=moloco|mu=0.500000|sigma=1.000000|dist=LogNormal|0.500000|1.000000|LogNormal|alpha=0p51|ec=0p5|slope=1p2|lag=4|decay=geometric",moloco,"{""kpi_type"": ""non_revenue"", ""kpi_type_effective"": ""revenue"", ""prior_design_mode"": ""roi"", ""prior_grid_type"": ""roi"", ""revenue_per_kpi"": 100.0, ""roi_prior_overrides"": {""amazon"": {""dist"": ""LogNormal"", ""mu"": 0.5, ""sigma"": 0.5}, ""beehiiv"": {""dist"": ""LogNormal"", ""mu"": 0.5, ""sigma"": 0.5}, ""google"": {""dist"": ""LogNormal"", ""mu"": 0.5, ""sigma"": 0.5}, ""liveintent"": {""dist"": ""LogNormal"", ""mu"": 0.5, ""sigma"": 0.5}, ""meta"": {""dist"": ""LogNormal"", ""mu"": 0.5, ""sigma"": 0.5}, ""moloco"": {""dist"": ""LogNormal"", ""mu"": 0.5, ""sigma"": 1.0}, ""snapchat"": {""dist"": ""LogNormal"", ""mu"": 0.5, ""sigma"": 0.5}, ""tiktok"": {""dist"": ""LogNormal"", ""mu"": 0.5, ""sigma"": 0.5}}, ""run_mode"": ""roi_full"", ""structural_overrides"": {""adstock_decay_spec"": ""geometric"", ""alpha_m"": 0.51, ""ec_m"": 0.5, ""max_lag"": 4, ""slope_m"": 1.2}, ""sweep_type"": ""fixed_full_grid"", ""target_channel"": ""moloco"", ""two_layer_enabled"": false}",liveintent,REVIEW,REVIEW:PriorPosteriorShift,PriorPosteriorShift,"amazon,beehiiv,liveintent",0.5074958745824794,0.5039851197693497,0.0035107548131296,0.0069177997082596,0.51,0.5,1.2,4,geometric,prior_sweep,roi_full,roi,non_revenue,revenue,__revenue_equiv__,100.0,moloco,fixed_full_grid,False,roi,roi,Revenue-equivalent ROI,0.5,1.0,LogNormal,target_channels,moloco,configured,,,,upload_1bc112d58beb_monthly_mocha,/Users/jasper/Documents/Intern/BlueAlpha/capstone-Blue_Alpha_1/backend/storage/uploads/upload_1bc112d58beb_monthly_mocha.csv,0.5,1.0,LogNormal,0.4727192380468491,0.0905764039605856,0.3625864535570144,1.422901827096939,0.4730669412843409,0.0909771356731653,0.3598542809486389,1.452921324968338,0.9776706844831364,0.5,0.5,LogNormal,0.0029876192613208,0.0173172227573339,797987.173079,404975.1983073274,402173.6609986246,-2801.537308702827,2801.537308702827,100.0,40497519.83073274,40217366.09986246,-280153.73087028414,280153.73087028414,False,0.006917799708259705,-0.006917799708259705,0.00691779970825966,-0.00691779970825966,0.006917799708259682,-0.006917799708259682,0.0,1.0,0,False,True,False,True,,0.006917799708259682,0.006917799708259682,,True,True,0.0
"multi|amazon,beehiiv,google,liveintent,meta,moloco,snapchat,tiktok|pmode=roi|rpk=100.0|target=moloco|mu=0.500000|sigma=1.000000|dist=LogNormal|0.500000|1.000000|LogNormal|alpha=0p51|ec=0p5|slope=1p2|lag=4|decay=geometric",moloco,"{""kpi_type"": ""non_revenue"", ""kpi_type_effective"": ""revenue"", ""prior_design_mode"": ""roi"", ""prior_grid_type"": ""roi"", ""revenue_per_kpi"": 100.0, ""roi_prior_overrides"": {""amazon"": {""dist"": ""LogNormal"", ""mu"": 0.5, ""sigma"": 0.5}, ""beehiiv"": {""dist"": ""LogNormal"", ""mu"": 0.5, ""sigma"": 0.5}, ""google"": {""dist"": ""LogNormal"", ""mu"": 0.5, ""sigma"": 0.5}, ""liveintent"": {""dist"": ""LogNormal"", ""mu"": 0.5, ""sigma"": 0.5}, ""meta"": {""dist"": ""LogNormal"", ""mu"": 0.5, ""sigma"": 0.5}, ""moloco"": {""dist"": ""LogNormal"", ""mu"": 0.5, ""sigma"": 1.0}, ""snapchat"": {""dist"": ""LogNormal"", ""mu"": 0.5, ""sigma"": 0.5}, ""tiktok"": {""dist"": ""LogNormal"", ""mu"": 0.5, ""sigma"": 0.5}}, ""run_mode"": ""roi_full"", ""structural_overrides"": {""adstock_decay_spec"": ""geometric"", ""alpha_m"": 0.51, ""ec_m"": 0.5, ""max_lag"": 4, ""slope_m"": 1.2}, ""sweep_type"": ""fixed_full_grid"", ""target_channel"": ""moloco"", ""two_layer_enabled"": false}",meta,REVIEW,REVIEW:PriorPosteriorShift,PriorPosteriorShift,"amazon,beehiiv,liveintent",0.4922159127285704,0.4933848197758197,0.0011689070472493,0.0023747851644404,0.51,0.5,1.2,4,geometric,prior_sweep,roi_full,roi,non_revenue,revenue,__revenue_equiv__,100.0,moloco,fixed_full_grid,False,roi,roi,Revenue-equivalent ROI,0.5,1.0,LogNormal,target_channels,moloco,configured,,,,upload_1bc112d58beb_monthly_mocha,/Users/jasper/Documents/Intern/BlueAlpha/capstone-Blue_Alpha_1/backend/storage/uploads/upload_1bc112d58beb_monthly_mocha.csv,0.5,1.0,LogNormal,0.4128178986318089,0.1016733910888433,0.3566605746746063,1.3128194272518148,0.4377262780370418,0.0985322061926126,0.3472802639007568,1.367317849397659,0.954571044091835,0.5,0.5,LogNormal,0.0163104295752428,0.0293016097715581,840158.1265220001,413539.199082352,414521.26583724737,982.0667548953788,982.0667548953788,100.0,41353919.9082352,41452126.58372474,98206.67548953742,98206.67548953742,False,0.002374785164440426,0.002374785164440426,0.002374785164440507,0.002374785164440507,0.0023747851644404664,0.0023747851644404664,0.0,1.0,0,False,True,False,True,,0.0023747851644404664,0.0023747851644404664,,True,False,0.0
"multi|amazon,beehiiv,google,liveintent,meta,moloco,snapchat,tiktok|pmode=roi|rpk=100.0|target=moloco|mu=0.500000|sigma=1.000000|dist=LogNormal|0.500000|1.000000|LogNormal|alpha=0p51|ec=0p5|slope=1p2|lag=4|decay=geometric",moloco,"{""kpi_type"": ""non_revenue"", ""kpi_type_effective"": ""revenue"", ""prior_design_mode"": ""roi"", ""prior_grid_type"": ""roi"", ""revenue_per_kpi"": 100.0, ""roi_prior_overrides"": {""amazon"": {""dist"": ""LogNormal"", ""mu"": 0.5, ""sigma"": 0.5}, ""beehiiv"": {""dist"": ""LogNormal"", ""mu"": 0.5, ""sigma"": 0.5}, ""google"": {""dist"": ""LogNormal"", ""mu"": 0.5, ""sigma"": 0.5}, ""liveintent"": {""dist"": ""LogNormal"", ""mu"": 0.5, ""sigma"": 0.5}, ""meta"": {""dist"": ""LogNormal"", ""mu"": 0.5, ""sigma"": 0.5}, ""moloco"": {""dist"": ""LogNormal"", ""mu"": 0.5, ""sigma"": 1.0}, ""snapchat"": {""dist"": ""LogNormal"", ""mu"": 0.5, ""sigma"": 0.5}, ""tiktok"": {""dist"": ""LogNormal"", ""mu"": 0.5, ""sigma"": 0.5}}, ""run_mode"": ""roi_full"", ""structural_overrides"": {""adstock_decay_spec"": ""geometric"", ""alpha_m"": 0.51, ""ec_m"": 0.5, ""max_lag"": 4, ""slope_m"": 1.2}, ""sweep_type"": ""fixed_full_grid"", ""target_channel"": ""moloco"", ""two_layer_enabled"": false}",moloco,REVIEW,REVIEW:PriorPosteriorShift,PriorPosteriorShift,"amazon,beehiiv,liveintent",0.5193671595243117,0.5617202737811021,0.0423531142567904,0.0815475400785479,0.51,0.5,1.2,4,geometric,prior_sweep,roi_full,roi,non_revenue,revenue,__revenue_equiv__,100.0,moloco,fixed_full_grid,False,roi,roi,Revenue-equivalent ROI,0.5,1.0,LogNormal,target_channels,moloco,configured,,,,upload_1bc112d58beb_monthly_mocha,/Users/jasper/Documents/Intern/BlueAlpha/capstone-Blue_Alpha_1/backend/storage/uploads/upload_1bc112d58beb_monthly_mocha.csv,0.5,1.0,LogNormal,0.4986959806994451,0.0960079569369554,0.3689096570014953,1.4562236905097956,0.9004392959406254,0.0337970696389675,0.2462070882320404,2.2585011839866613,0.6114142212442797,0.5,1.0,LogNormal,0.0121726870772406,0.0663096277620009,842234.6095886,437428.9968350988,473100.255486028,35671.25865092926,35671.25865092926,100.0,43742899.68350988,47310025.548602805,3567125.8650929257,3567125.8650929257,False,0.08154754007854802,0.08154754007854802,0.08154754007854786,0.08154754007854786,0.08154754007854795,0.08154754007854795,0.0,1.0,0,False,True,False,True,,0.08154754007854795,0.08154754007854795,,True,False,0.0
"multi|amazon,beehiiv,google,liveintent,meta,moloco,snapchat,tiktok|pmode=roi|rpk=100.0|target=moloco|mu=0.500000|sigma=1.000000|dist=LogNormal|0.500000|1.000000|LogNormal|alpha=0p51|ec=0p5|slope=1p2|lag=4|decay=geometric",moloco,"{""kpi_type"": ""non_revenue"", ""kpi_type_effective"": ""revenue"", ""prior_design_mode"": ""roi"", ""prior_grid_type"": ""roi"", ""revenue_per_kpi"": 100.0, ""roi_prior_overrides"": {""amazon"": {""dist"": ""LogNormal"", ""mu"": 0.5, ""sigma"": 0.5}, ""beehiiv"": {""dist"": ""LogNormal"", ""mu"": 0.5, ""sigma"": 0.5}, ""google"": {""dist"": ""LogNormal"", ""mu"": 0.5, ""sigma"": 0.5}, ""liveintent"": {""dist"": ""LogNormal"", ""mu"": 0.5, ""sigma"": 0.5}, ""meta"": {""dist"": ""LogNormal"", ""mu"": 0.5, ""sigma"": 0.5}, ""moloco"": {""dist"": ""LogNormal"", ""mu"": 0.5, ""sigma"": 1.0}, ""snapchat"": {""dist"": ""LogNormal"", ""mu"": 0.5, ""sigma"": 0.5}, ""tiktok"": {""dist"": ""LogNormal"", ""mu"": 0.5, ""sigma"": 0.5}}, ""run_mode"": ""roi_full"", ""structural_overrides"": {""adstock_decay_spec"": ""geometric"", ""alpha_m"": 0.51, ""ec_m"": 0.5, ""max_lag"": 4, ""slope_m"": 1.2}, ""sweep_type"": ""fixed_full_grid"", ""target_channel"": ""moloco"", ""two_layer_enabled"": false}",snapchat,REVIEW,REVIEW:PriorPosteriorShift,PriorPosteriorShift,"amazon,beehiiv,liveintent",0.5166618288556735,0.5386276413872838,0.0219658125316103,0.042514873955874,0.51,0.5,1.2,4,geometric,prior_sweep,roi_full,roi,non_revenue,revenue,__revenue_equiv__,100.0,moloco,fixed_full_grid,False,roi,roi,Revenue-equivalent ROI,0.5,1.0,LogNormal,target_channels,moloco,configured,,,,upload_1bc112d58beb_monthly_mocha,/Users/jasper/Documents/Intern/BlueAlpha/capstone-Blue_Alpha_1/backend/storage/uploads/upload_1bc112d58beb_monthly_mocha.csv,0.5,1.0,LogNormal,0.4711478203533085,0.0951749168336391,0.3710568994283676,1.3794029116630553,0.5217206728027213,0.0894685085862875,0.3851627707481384,1.382795393466949,0.992964740656354,0.5,0.5,LogNormal,0.0048448735528444,0.0424088994097757,4342436.908989999,2243571.395089151,2338956.550162371,95385.15507321992,95385.15507321992,100.0,224357139.5089151,233895655.01623708,9538515.507321984,9538515.507321984,False,0.042514873955874076,0.042514873955874076,0.042514873955874125,0.042514873955874125,0.0425148739558741,0.0425148739558741,0.0,1.0,0,False,True,False,True,,0.0425148739558741,0.0425148739558741,,True,False,0.0
"multi|amazon,beehiiv,google,liveintent,meta,moloco,snapchat,tiktok|pmode=roi|rpk=100.0|target=moloco|mu=0.500000|sigma=1.000000|dist=LogNormal|0.500000|1.000000|LogNormal|alpha=0p51|ec=0p5|slope=1p2|lag=4|decay=geometric",moloco,"{""kpi_type"": ""non_revenue"", ""kpi_type_effective"": ""revenue"", ""prior_design_mode"": ""roi"", ""prior_grid_type"": ""roi"", ""revenue_per_kpi"": 100.0, ""roi_prior_overrides"": {""amazon"": {""dist"": ""LogNormal"", ""mu"": 0.5, ""sigma"": 0.5}, ""beehiiv"": {""dist"": ""LogNormal"", ""mu"": 0.5, ""sigma"": 0.5}, ""google"": {""dist"": ""LogNormal"", ""mu"": 0.5, ""sigma"": 0.5}, ""liveintent"": {""dist"": ""LogNormal"", ""mu"": 0.5, ""sigma"": 0.5}, ""meta"": {""dist"": ""LogNormal"", ""mu"": 0.5, ""sigma"": 0.5}, ""moloco"": {""dist"": ""LogNormal"", ""mu"": 0.5, ""sigma"": 1.0}, ""snapchat"": {""dist"": ""LogNormal"", ""mu"": 0.5, ""sigma"": 0.5}, ""tiktok"": {""dist"": ""LogNormal"", ""mu"": 0.5, ""sigma"": 0.5}}, ""run_mode"": ""roi_full"", ""structural_overrides"": {""adstock_decay_spec"": ""geometric"", ""alpha_m"": 0.51, ""ec_m"": 0.5, ""max_lag"": 4, ""slope_m"": 1.2}, ""sweep_type"": ""fixed_full_grid"", ""target_channel"": ""moloco"", ""two_layer_enabled"": false}",tiktok,REVIEW,REVIEW:PriorPosteriorShift,PriorPosteriorShift,"amazon,beehiiv,liveintent",0.4454225514084101,0.441589234075509,0.003833317332901,0.008606024371196,0.51,0.5,1.2,4,geometric,prior_sweep,roi_full,roi,non_revenue,revenue,__revenue_equiv__,100.0,moloco,fixed_full_grid,False,roi,roi,Revenue-equivalent ROI,0.5,1.0,LogNormal,target_channels,moloco,configured,,,,upload_1bc112d58beb_monthly_mocha,/Users/jasper/Documents/Intern/BlueAlpha/capstone-Blue_Alpha_1/backend/storage/uploads/upload_1bc112d58beb_monthly_mocha.csv,0.5,1.0,LogNormal,0.389614058166092,0.0862870134413242,0.3261690884828567,1.226093351840973,0.3827069363426637,0.0919239990413189,0.3240854740142822,1.1787036061286926,0.9534774202197124,0.5,0.5,LogNormal,0.0670914148039416,0.0764142678558701,1752685.00913,780685.4285819572,773966.8307573432,-6718.597824614029,6718.597824614029,100.0,78068542.85819572,77396683.07573432,-671859.7824614048,671859.7824614048,False,0.00860602437119604,-0.00860602437119604,0.008606024371196142,-0.008606024371196142,0.008606024371196092,-0.008606024371196092,0.0,1.0,0,False,True,False,True,,0.008606024371196092,0.008606024371196092,,True,False,0.0
"multi|amazon,beehiiv,google,liveintent,meta,moloco,snapchat,tiktok|pmode=roi|rpk=100.0|target=moloco|mu=1.000000|sigma=0.500000|dist=LogNormal|1.000000|0.500000|LogNormal|alpha=0p51|ec=0p5|slope=1p2|lag=4|decay=geometric",moloco,"{""kpi_type"": ""non_revenue"", ""kpi_type_effective"": ""revenue"", ""prior_design_mode"": ""roi"", ""prior_grid_type"": ""roi"", ""revenue_per_kpi"": 100.0, ""roi_prior_overrides"": {""amazon"": {""dist"": ""LogNormal"", ""mu"": 0.5, ""sigma"": 0.5}, ""beehiiv"": {""dist"": ""LogNormal"", ""mu"": 0.5, ""sigma"": 0.5}, ""google"": {""dist"": ""LogNormal"", ""mu"": 0.5, ""sigma"": 0.5}, ""liveintent"": {""dist"": ""LogNormal"", ""mu"": 0.5, ""sigma"": 0.5}, ""meta"": {""dist"": ""LogNormal"", ""mu"": 0.5, ""sigma"": 0.5}, ""moloco"": {""dist"": ""LogNormal"", ""mu"": 1.0, ""sigma"": 0.5}, ""snapchat"": {""dist"": ""LogNormal"", ""mu"": 0.5, ""sigma"": 0.5}, ""tiktok"": {""dist"": ""LogNormal"", ""mu"": 0.5, ""sigma"": 0.5}}, ""run_mode"": ""roi_full"", ""structural_overrides"": {""adstock_decay_spec"": ""geometric"", ""alpha_m"": 0.51, ""ec_m"": 0.5, ""max_lag"": 4, ""slope_m"": 1.2}, ""sweep_type"": ""fixed_full_grid"", ""target_channel"": ""moloco"", ""two_layer_enabled"": false}",amazon,REVIEW,REVIEW:PriorPosteriorShift,PriorPosteriorShift,"amazon,beehiiv,liveintent,meta",0.5121372402909522,0.5058167652987564,0.0063204749921957,0.0123413696465521,0.51,0.5,1.2,4,geometric,prior_sweep,roi_full,roi,non_revenue,revenue,__revenue_equiv__,100.0,moloco,fixed_full_grid,False,roi,roi,Revenue-equivalent ROI,1.0,0.5,LogNormal,target_channels,moloco,configured,,,,upload_1bc112d58beb_monthly_mocha,/Users/jasper/Documents/Intern/BlueAlpha/capstone-Blue_Alpha_1/backend/storage/uploads/upload_1bc112d58beb_monthly_mocha.csv,1.0,0.5,LogNormal,0.4840694861381271,0.0989534243941307,0.3617888689041137,1.4659758150577542,0.4822866651813238,0.0975609868764877,0.360578328371048,1.417405307292937,0.9634884508311964,0.5,0.5,LogNormal,0.0013379444603872,0.0310221043617972,15740.258094,8061.172341728484,7961.68643407465,-99.48590765383416,99.48590765383416,100.0,806117.2341728484,796168.643407465,-9948.590765383444,9948.590765383444,False,0.012341369646552244,-0.012341369646552244,0.012341369646552214,-0.012341369646552214,0.01234136964655223,-0.01234136964655223,1.0,0.0,0,True,False,False,True,0.01234136964655223,,0.01234136964655223,,True,True,0.0
"multi|amazon,beehiiv,google,liveintent,meta,moloco,snapchat,tiktok|pmode=roi|rpk=100.0|target=moloco|mu=1.000000|sigma=0.500000|dist=LogNormal|1.000000|0.500000|LogNormal|alpha=0p51|ec=0p5|slope=1p2|lag=4|decay=geometric",moloco,"{""kpi_type"": ""non_revenue"", ""kpi_type_effective"": ""revenue"", ""prior_design_mode"": ""roi"", ""prior_grid_type"": ""roi"", ""revenue_per_kpi"": 100.0, ""roi_prior_overrides"": {""amazon"": {""dist"": ""LogNormal"", ""mu"": 0.5, ""sigma"": 0.5}, ""beehiiv"": {""dist"": ""LogNormal"", ""mu"": 0.5, ""sigma"": 0.5}, ""google"": {""dist"": ""LogNormal"", ""mu"": 0.5, ""sigma"": 0.5}, ""liveintent"": {""dist"": ""LogNormal"", ""mu"": 0.5, ""sigma"": 0.5}, ""meta"": {""dist"": ""LogNormal"", ""mu"": 0.5, ""sigma"": 0.5}, ""moloco"": {""dist"": ""LogNormal"", ""mu"": 1.0, ""sigma"": 0.5}, ""snapchat"": {""dist"": ""LogNormal"", ""mu"": 0.5, ""sigma"": 0.5}, ""tiktok"": {""dist"": ""LogNormal"", ""mu"": 0.5, ""sigma"": 0.5}}, ""run_mode"": ""roi_full"", ""structural_overrides"": {""adstock_decay_spec"": ""geometric"", ""alpha_m"": 0.51, ""ec_m"": 0.5, ""max_lag"": 4, ""slope_m"": 1.2}, ""sweep_type"": ""fixed_full_grid"", ""target_channel"": ""moloco"", ""two_layer_enabled"": false}",beehiiv,REVIEW,REVIEW:PriorPosteriorShift,PriorPosteriorShift,"amazon,beehiiv,liveintent,meta",0.5170952036961293,0.4998647166478137,0.0172304870483155,0.0333216918763784,0.51,0.5,1.2,4,geometric,prior_sweep,roi_full,roi,non_revenue,revenue,__revenue_equiv__,100.0,moloco,fixed_full_grid,False,roi,roi,Revenue-equivalent ROI,1.0,0.5,LogNormal,target_channels,moloco,configured,,,,upload_1bc112d58beb_monthly_mocha,/Users/jasper/Documents/Intern/BlueAlpha/capstone-Blue_Alpha_1/backend/storage/uploads/upload_1bc112d58beb_monthly_mocha.csv,1.0,0.5,LogNormal,0.5569061978983733,0.0888365499675273,0.3553869128227234,1.4882560491561885,0.5182534983738979,0.0924145437777042,0.3476201891899109,1.36548603773117,0.909713988329841,0.5,0.5,LogNormal,0.0013170105261567,0.0228876012795166,328172.2732613,169696.3084894737,164041.7403854286,-5654.568104045116,5654.568104045116,100.0,16969630.848947372,16404174.03854286,-565456.810404513,565456.810404513,False,0.03332169187637849,-0.03332169187637849,0.033321691876378505,-0.033321691876378505,0.0333216918763785,-0.0333216918763785,1.0,0.0,0,True,False,False,True,0.0333216918763785,,0.0333216918763785,,True,True,0.0
"multi|amazon,beehiiv,google,liveintent,meta,moloco,snapchat,tiktok|pmode=roi|rpk=100.0|target=moloco|mu=1.000000|sigma=0.500000|dist=LogNormal|1.000000|0.500000|LogNormal|alpha=0p51|ec=0p5|slope=1p2|lag=4|decay=geometric",moloco,"{""kpi_type"": ""non_revenue"", ""kpi_type_effective"": ""revenue"", ""prior_design_mode"": ""roi"", ""prior_grid_type"": ""roi"", ""revenue_per_kpi"": 100.0, ""roi_prior_overrides"": {""amazon"": {""dist"": ""LogNormal"", ""mu"": 0.5, ""sigma"": 0.5}, ""beehiiv"": {""dist"": ""LogNormal"", ""mu"": 0.5, ""sigma"": 0.5}, ""google"": {""dist"": ""LogNormal"", ""mu"": 0.5, ""sigma"": 0.5}, ""liveintent"": {""dist"": ""LogNormal"", ""mu"": 0.5, ""sigma"": 0.5}, ""meta"": {""dist"": ""LogNormal"", ""mu"": 0.5, ""sigma"": 0.5}, ""moloco"": {""dist"": ""LogNormal"", ""mu"": 1.0, ""sigma"": 0.5}, ""snapchat"": {""dist"": ""LogNormal"", ""mu"": 0.5, ""sigma"": 0.5}, ""tiktok"": {""dist"": ""LogNormal"", ""mu"": 0.5, ""sigma"": 0.5}}, ""run_mode"": ""roi_full"", ""structural_overrides"": {""adstock_decay_spec"": ""geometric"", ""alpha_m"": 0.51, ""ec_m"": 0.5, ""max_lag"": 4, ""slope_m"": 1.2}, ""sweep_type"": ""fixed_full_grid"", ""target_channel"": ""moloco"", ""two_layer_enabled"": false}",google,REVIEW,REVIEW:PriorPosteriorShift,PriorPosteriorShift,"amazon,beehiiv,liveintent,meta",0.3639935120598723,0.3633379283361136,0.0006555837237586,0.0018010862887326,0.51,0.5,1.2,4,geometric,prior_sweep,roi_full,roi,non_revenue,revenue,__revenue_equiv__,100.0,moloco,fixed_full_grid,False,roi,roi,Revenue-equivalent ROI,1.0,0.5,LogNormal,target_channels,moloco,configured,,,,upload_1bc112d58beb_monthly_mocha,/Users/jasper/Documents/Intern/BlueAlpha/capstone-Blue_Alpha_1/backend/storage/uploads/upload_1bc112d58beb_monthly_mocha.csv,1.0,0.5,LogNormal,0.2538866235360484,0.0906866624951362,0.2933306694030761,0.9025721818208694,0.2491996815548259,0.0858979064971208,0.2939294129610061,0.8671272456645962,0.9507347134959784,0.5,0.5,LogNormal,0.3579075956165736,0.1305636320938609,10298543.94665,3748603.180244072,3741851.6224542344,-6751.557789837476,6751.557789837476,100.0,374860318.0244072,374185162.24542344,-675155.7789837718,675155.7789837718,False,0.001801086288732652,-0.001801086288732652,0.0018010862887327223,-0.0018010862887327223,0.0018010862887326872,-0.0018010862887326872,1.0,0.0,0,True,False,False,True,0.0018010862887326872,,0.0018010862887326872,,True,False,0.0
"multi|amazon,beehiiv,google,liveintent,meta,moloco,snapchat,tiktok|pmode=roi|rpk=100.0|target=moloco|mu=1.000000|sigma=0.500000|dist=LogNormal|1.000000|0.500000|LogNormal|alpha=0p51|ec=0p5|slope=1p2|lag=4|decay=geometric",moloco,"{""kpi_type"": ""non_revenue"", ""kpi_type_effective"": ""revenue"", ""prior_design_mode"": ""roi"", ""prior_grid_type"": ""roi"", ""revenue_per_kpi"": 100.0, ""roi_prior_overrides"": {""amazon"": {""dist"": ""LogNormal"", ""mu"": 0.5, ""sigma"": 0.5}, ""beehiiv"": {""dist"": ""LogNormal"", ""mu"": 0.5, ""sigma"": 0.5}, ""google"": {""dist"": ""LogNormal"", ""mu"": 0.5, ""sigma"": 0.5}, ""liveintent"": {""dist"": ""LogNormal"", ""mu"": 0.5, ""sigma"": 0.5}, ""meta"": {""dist"": ""LogNormal"", ""mu"": 0.5, ""sigma"": 0.5}, ""moloco"": {""dist"": ""LogNormal"", ""mu"": 1.0, ""sigma"": 0.5}, ""snapchat"": {""dist"": ""LogNormal"", ""mu"": 0.5, ""sigma"": 0.5}, ""tiktok"": {""dist"": ""LogNormal"", ""mu"": 0.5, ""sigma"": 0.5}}, ""run_mode"": ""roi_full"", ""structural_overrides"": {""adstock_decay_spec"": ""geometric"", ""alpha_m"": 0.51, ""ec_m"": 0.5, ""max_lag"": 4, ""slope_m"": 1.2}, ""sweep_type"": ""fixed_full_grid"", ""target_channel"": ""moloco"", ""two_layer_enabled"": false}",liveintent,REVIEW,REVIEW:PriorPosteriorShift,PriorPosteriorShift,"amazon,beehiiv,liveintent,meta",0.5074958745824794,0.5104048861702905,0.002909011587811,0.0057320891331469,0.51,0.5,1.2,4,geometric,prior_sweep,roi_full,roi,non_revenue,revenue,__revenue_equiv__,100.0,moloco,fixed_full_grid,False,roi,roi,Revenue-equivalent ROI,1.0,0.5,LogNormal,target_channels,moloco,configured,,,,upload_1bc112d58beb_monthly_mocha,/Users/jasper/Documents/Intern/BlueAlpha/capstone-Blue_Alpha_1/backend/storage/uploads/upload_1bc112d58beb_monthly_mocha.csv,1.0,0.5,LogNormal,0.4727192380468491,0.0905764039605856,0.3625864535570144,1.422901827096939,0.4920037230092018,0.0854672566056251,0.3595049679279327,1.5054744482040403,0.938252588451074,0.5,0.5,LogNormal,0.0004736650889043,0.0191822759609376,797987.173079,404975.1983073274,407296.5522407388,2321.3539334114175,2321.3539334114175,100.0,40497519.83073274,40729655.22407388,232135.39334113896,232135.39334113896,False,0.005732089133146865,0.005732089133146865,0.005732089133146839,0.005732089133146839,0.005732089133146852,0.005732089133146852,1.0,0.0,0,True,False,False,True,0.005732089133146852,,0.005732089133146852,,True,True,0.0
"multi|amazon,beehiiv,google,liveintent,meta,moloco,snapchat,tiktok|pmode=roi|rpk=100.0|target=moloco|mu=1.000000|sigma=0.500000|dist=LogNormal|1.000000|0.500000|LogNormal|alpha=0p51|ec=0p5|slope=1p2|lag=4|decay=geometric",moloco,"{""kpi_type"": ""non_revenue"", ""kpi_type_effective"": ""revenue"", ""prior_design_mode"": ""roi"", ""prior_grid_type"": ""roi"", ""revenue_per_kpi"": 100.0, ""roi_prior_overrides"": {""amazon"": {""dist"": ""LogNormal"", ""mu"": 0.5, ""sigma"": 0.5}, ""beehiiv"": {""dist"": ""LogNormal"", ""mu"": 0.5, ""sigma"": 0.5}, ""google"": {""dist"": ""LogNormal"", ""mu"": 0.5, ""sigma"": 0.5}, ""liveintent"": {""dist"": ""LogNormal"", ""mu"": 0.5, ""sigma"": 0.5}, ""meta"": {""dist"": ""LogNormal"", ""mu"": 0.5, ""sigma"": 0.5}, ""moloco"": {""dist"": ""LogNormal"", ""mu"": 1.0, ""sigma"": 0.5}, ""snapchat"": {""dist"": ""LogNormal"", ""mu"": 0.5, ""sigma"": 0.5}, ""tiktok"": {""dist"": ""LogNormal"", ""mu"": 0.5, ""sigma"": 0.5}}, ""run_mode"": ""roi_full"", ""structural_overrides"": {""adstock_decay_spec"": ""geometric"", ""alpha_m"": 0.51, ""ec_m"": 0.5, ""max_lag"": 4, ""slope_m"": 1.2}, ""sweep_type"": ""fixed_full_grid"", ""target_channel"": ""moloco"", ""two_layer_enabled"": false}",meta,REVIEW,REVIEW:PriorPosteriorShift,PriorPosteriorShift,"amazon,beehiiv,liveintent,meta",0.4922159127285704,0.4800094431483497,0.0122064695802207,0.0247990145474062,0.51,0.5,1.2,4,geometric,prior_sweep,roi_full,roi,non_revenue,revenue,__revenue_equiv__,100.0,moloco,fixed_full_grid,False,roi,roi,Revenue-equivalent ROI,1.0,0.5,LogNormal,target_channels,moloco,configured,,,,upload_1bc112d58beb_monthly_mocha,/Users/jasper/Documents/Intern/BlueAlpha/capstone-Blue_Alpha_1/backend/storage/uploads/upload_1bc112d58beb_monthly_mocha.csv,1.0,0.5,LogNormal,0.4128178986318089,0.1016733910888433,0.3566605746746063,1.3128194272518148,0.4177925433732434,0.0985797300934791,0.3465713560581207,1.278457850217819,0.9691533408790574,0.5,0.5,LogNormal,0.0295235601414356,0.0327565233355978,840158.1265220001,413539.199082352,403283.8344683859,-10255.364613966029,10255.364613966029,100.0,41353919.9082352,40328383.446838595,-1025536.4613966048,1025536.4613966048,False,0.02479901454740633,-0.02479901454740633,0.024799014547406514,-0.024799014547406514,0.02479901454740642,-0.02479901454740642,1.0,0.0,0,True,False,False,True,0.02479901454740642,,0.02479901454740642,,True,True,0.0
"multi|amazon,beehiiv,google,liveintent,meta,moloco,snapchat,tiktok|pmode=roi|rpk=100.0|target=moloco|mu=1.000000|sigma=0.500000|dist=LogNormal|1.000000|0.500000|LogNormal|alpha=0p51|ec=0p5|slope=1p2|lag=4|decay=geometric",moloco,"{""kpi_type"": ""non_revenue"", ""kpi_type_effective"": ""revenue"", ""prior_design_mode"": ""roi"", ""prior_grid_type"": ""roi"", ""revenue_per_kpi"": 100.0, ""roi_prior_overrides"": {""amazon"": {""dist"": ""LogNormal"", ""mu"": 0.5, ""sigma"": 0.5}, ""beehiiv"": {""dist"": ""LogNormal"", ""mu"": 0.5, ""sigma"": 0.5}, ""google"": {""dist"": ""LogNormal"", ""mu"": 0.5, ""sigma"": 0.5}, ""liveintent"": {""dist"": ""LogNormal"", ""mu"": 0.5, ""sigma"": 0.5}, ""meta"": {""dist"": ""LogNormal"", ""mu"": 0.5, ""sigma"": 0.5}, ""moloco"": {""dist"": ""LogNormal"", ""mu"": 1.0, ""sigma"": 0.5}, ""snapchat"": {""dist"": ""LogNormal"", ""mu"": 0.5, ""sigma"": 0.5}, ""tiktok"": {""dist"": ""LogNormal"", ""mu"": 0.5, ""sigma"": 0.5}}, ""run_mode"": ""roi_full"", ""structural_overrides"": {""adstock_decay_spec"": ""geometric"", ""alpha_m"": 0.51, ""ec_m"": 0.5, ""max_lag"": 4, ""slope_m"": 1.2}, ""sweep_type"": ""fixed_full_grid"", ""target_channel"": ""moloco"", ""two_layer_enabled"": false}",moloco,REVIEW,REVIEW:PriorPosteriorShift,PriorPosteriorShift,"amazon,beehiiv,liveintent,meta",0.5193671595243117,1.0350344867010912,0.5156673271767795,0.9928762682050964,0.51,0.5,1.2,4,geometric,prior_sweep,roi_full,roi,non_revenue,revenue,__revenue_equiv__,100.0,moloco,fixed_full_grid,False,roi,roi,Revenue-equivalent ROI,1.0,0.5,LogNormal,target_channels,moloco,configured,,,,upload_1bc112d58beb_monthly_mocha,/Users/jasper/Documents/Intern/BlueAlpha/capstone-Blue_Alpha_1/backend/storage/uploads/upload_1bc112d58beb_monthly_mocha.csv,1.0,0.5,LogNormal,0.4986959806994451,0.0960079569369554,0.3689096570014953,1.4562236905097956,0.4935843511785952,0.436388985812664,0.9322331249713898,1.9481317460536955,0.5506298826729508,1.0,0.5,LogNormal,0.0026201837541163,0.0305356654830227,842234.6095886,437428.9968350988,871741.8668174306,434312.8699823318,434312.8699823318,100.0,43742899.68350988,87174186.68174306,43431286.99823318,43431286.99823318,False,0.9928762682050963,0.9928762682050963,0.9928762682050964,0.9928762682050964,0.9928762682050964,0.9928762682050964,1.0,0.0,0,True,False,False,True,0.9928762682050964,,0.9928762682050964,,True,False,0.0
"multi|amazon,beehiiv,google,liveintent,meta,moloco,snapchat,tiktok|pmode=roi|rpk=100.0|target=moloco|mu=1.000000|sigma=0.500000|dist=LogNormal|1.000000|0.500000|LogNormal|alpha=0p51|ec=0p5|slope=1p2|lag=4|decay=geometric",moloco,"{""kpi_type"": ""non_revenue"", ""kpi_type_effective"": ""revenue"", ""prior_design_mode"": ""roi"", ""prior_grid_type"": ""roi"", ""revenue_per_kpi"": 100.0, ""roi_prior_overrides"": {""amazon"": {""dist"": ""LogNormal"", ""mu"": 0.5, ""sigma"": 0.5}, ""beehiiv"": {""dist"": ""LogNormal"", ""mu"": 0.5, ""sigma"": 0.5}, ""google"": {""dist"": ""LogNormal"", ""mu"": 0.5, ""sigma"": 0.5}, ""liveintent"": {""dist"": ""LogNormal"", ""mu"": 0.5, ""sigma"": 0.5}, ""meta"": {""dist"": ""LogNormal"", ""mu"": 0.5, ""sigma"": 0.5}, ""moloco"": {""dist"": ""LogNormal"", ""mu"": 1.0, ""sigma"": 0.5}, ""snapchat"": {""dist"": ""LogNormal"", ""mu"": 0.5, ""sigma"": 0.5}, ""tiktok"": {""dist"": ""LogNormal"", ""mu"": 0.5, ""sigma"": 0.5}}, ""run_mode"": ""roi_full"", ""structural_overrides"": {""adstock_decay_spec"": ""geometric"", ""alpha_m"": 0.51, ""ec_m"": 0.5, ""max_lag"": 4, ""slope_m"": 1.2}, ""sweep_type"": ""fixed_full_grid"", ""target_channel"": ""moloco"", ""two_layer_enabled"": false}",snapchat,REVIEW,REVIEW:PriorPosteriorShift,PriorPosteriorShift,"amazon,beehiiv,liveintent,meta",0.5166618288556735,0.5046759121709814,0.011985916684692,0.0231987656437462,0.51,0.5,1.2,4,geometric,prior_sweep,roi_full,roi,non_revenue,revenue,__revenue_equiv__,100.0,moloco,fixed_full_grid,False,roi,roi,Revenue-equivalent ROI,1.0,0.5,LogNormal,target_channels,moloco,configured,,,,upload_1bc112d58beb_monthly_mocha,/Users/jasper/Documents/Intern/BlueAlpha/capstone-Blue_Alpha_1/backend/storage/uploads/upload_1bc112d58beb_monthly_mocha.csv,1.0,0.5,LogNormal,0.4711478203533085,0.0951749168336391,0.3710568994283676,1.3794029116630553,0.4493128630875614,0.0909669768065214,0.3744479417800903,1.310034239292145,0.942894628745184,0.5,0.5,LogNormal,0.0106964797637343,0.0212699022866153,4342436.908989999,2243571.395089151,2191523.308089465,-52048.08699968597,52048.08699968597,100.0,224357139.5089151,219152330.8089465,-5204808.699968606,5204808.699968606,False,0.02319876564374618,-0.02319876564374618,0.02319876564374622,-0.02319876564374622,0.0231987656437462,-0.0231987656437462,1.0,0.0,0,True,False,False,True,0.0231987656437462,,0.0231987656437462,,True,False,0.0
"multi|amazon,beehiiv,google,liveintent,meta,moloco,snapchat,tiktok|pmode=roi|rpk=100.0|target=moloco|mu=1.000000|sigma=0.500000|dist=LogNormal|1.000000|0.500000|LogNormal|alpha=0p51|ec=0p5|slope=1p2|lag=4|decay=geometric",moloco,"{""kpi_type"": ""non_revenue"", ""kpi_type_effective"": ""revenue"", ""prior_design_mode"": ""roi"", ""prior_grid_type"": ""roi"", ""revenue_per_kpi"": 100.0, ""roi_prior_overrides"": {""amazon"": {""dist"": ""LogNormal"", ""mu"": 0.5, ""sigma"": 0.5}, ""beehiiv"": {""dist"": ""LogNormal"", ""mu"": 0.5, ""sigma"": 0.5}, ""google"": {""dist"": ""LogNormal"", ""mu"": 0.5, ""sigma"": 0.5}, ""liveintent"": {""dist"": ""LogNormal"", ""mu"": 0.5, ""sigma"": 0.5}, ""meta"": {""dist"": ""LogNormal"", ""mu"": 0.5, ""sigma"": 0.5}, ""moloco"": {""dist"": ""LogNormal"", ""mu"": 1.0, ""sigma"": 0.5}, ""snapchat"": {""dist"": ""LogNormal"", ""mu"": 0.5, ""sigma"": 0.5}, ""tiktok"": {""dist"": ""LogNormal"", ""mu"": 0.5, ""sigma"": 0.5}}, ""run_mode"": ""roi_full"", ""structural_overrides"": {""adstock_decay_spec"": ""geometric"", ""alpha_m"": 0.51, ""ec_m"": 0.5, ""max_lag"": 4, ""slope_m"": 1.2}, ""sweep_type"": ""fixed_full_grid"", ""target_channel"": ""moloco"", ""two_layer_enabled"": false}",tiktok,REVIEW,REVIEW:PriorPosteriorShift,PriorPosteriorShift,"amazon,beehiiv,liveintent,meta",0.4454225514084101,0.446391178847601,0.0009686274391909,0.0021746259504107,0.51,0.5,1.2,4,geometric,prior_sweep,roi_full,roi,non_revenue,revenue,__revenue_equiv__,100.0,moloco,fixed_full_grid,False,roi,roi,Revenue-equivalent ROI,1.0,0.5,LogNormal,target_channels,moloco,configured,,,,upload_1bc112d58beb_monthly_mocha,/Users/jasper/Documents/Intern/BlueAlpha/capstone-Blue_Alpha_1/backend/storage/uploads/upload_1bc112d58beb_monthly_mocha.csv,1.0,0.5,LogNormal,0.389614058166092,0.0862870134413242,0.3261690884828567,1.226093351840973,0.4060209123214157,0.0903500027954578,0.3248837888240814,1.2263524174690243,0.9962089412002892,0.5,0.5,LogNormal,0.0436572058614623,0.0712946853650633,1752685.00913,780685.4285819572,782383.127374059,1697.6987921018151,1697.6987921018151,100.0,78068542.85819572,78238312.73740591,169769.87921018898,169769.87921018898,False,0.002174625950410774,0.002174625950410774,0.0021746259504106897,0.0021746259504106897,0.002174625950410732,0.002174625950410732,1.0,0.0,0,True,False,False,True,0.002174625950410732,,0.002174625950410732,,True,False,0.0
"multi|amazon,beehiiv,google,liveintent,meta,moloco,snapchat,tiktok|pmode=roi|rpk=100.0|target=moloco|mu=1.000000|sigma=1.000000|dist=LogNormal|1.000000|1.000000|LogNormal|alpha=0p51|ec=0p5|slope=1p2|lag=4|decay=geometric",moloco,"{""kpi_type"": ""non_revenue"", ""kpi_type_effective"": ""revenue"", ""prior_design_mode"": ""roi"", ""prior_grid_type"": ""roi"", ""revenue_per_kpi"": 100.0, ""roi_prior_overrides"": {""amazon"": {""dist"": ""LogNormal"", ""mu"": 0.5, ""sigma"": 0.5}, ""beehiiv"": {""dist"": ""LogNormal"", ""mu"": 0.5, ""sigma"": 0.5}, ""google"": {""dist"": ""LogNormal"", ""mu"": 0.5, ""sigma"": 0.5}, ""liveintent"": {""dist"": ""LogNormal"", ""mu"": 0.5, ""sigma"": 0.5}, ""meta"": {""dist"": ""LogNormal"", ""mu"": 0.5, ""sigma"": 0.5}, ""moloco"": {""dist"": ""LogNormal"", ""mu"": 1.0, ""sigma"": 1.0}, ""snapchat"": {""dist"": ""LogNormal"", ""mu"": 0.5, ""sigma"": 0.5}, ""tiktok"": {""dist"": ""LogNormal"", ""mu"": 0.5, ""sigma"": 0.5}}, ""run_mode"": ""roi_full"", ""structural_overrides"": {""adstock_decay_spec"": ""geometric"", ""alpha_m"": 0.51, ""ec_m"": 0.5, ""max_lag"": 4, ""slope_m"": 1.2}, ""sweep_type"": ""fixed_full_grid"", ""target_channel"": ""moloco"", ""two_layer_enabled"": false}",amazon,REVIEW,REVIEW:PriorPosteriorShift,PriorPosteriorShift,"amazon,liveintent,snapchat",0.5121372402909522,0.508822590126656,0.0033146501642962,0.0064721912478247,0.51,0.5,1.2,4,geometric,prior_sweep,roi_full,roi,non_revenue,revenue,__revenue_equiv__,100.0,moloco,fixed_full_grid,False,roi,roi,Revenue-equivalent ROI,1.0,1.0,LogNormal,target_channels,moloco,configured,,,,upload_1bc112d58beb_monthly_mocha,/Users/jasper/Documents/Intern/BlueAlpha/capstone-Blue_Alpha_1/backend/storage/uploads/upload_1bc112d58beb_monthly_mocha.csv,1.0,1.0,LogNormal,0.4840694861381271,0.0989534243941307,0.3617888689041137,1.4659758150577542,0.4825462216806852,0.0954917162656784,0.3631408512592315,1.4800247609615318,0.9873526644240718,0.5,0.5,LogNormal,0.0013887743116134,0.0348205618081739,15740.258094,8061.172341728484,8008.998892651141,-52.17344907734241,52.17344907734241,100.0,806117.2341728484,800899.8892651141,-5217.34490773431,5217.34490773431,False,0.006472191247824742,-0.006472191247824742,0.006472191247824797,-0.006472191247824797,0.00647219124782477,-0.00647219124782477,1.0,1.0,0,False,False,False,True,,,0.003236095623912385,,True,True,0.0
"multi|amazon,beehiiv,google,liveintent,meta,moloco,snapchat,tiktok|pmode=roi|rpk=100.0|target=moloco|mu=1.000000|sigma=1.000000|dist=LogNormal|1.000000|1.000000|LogNormal|alpha=0p51|ec=0p5|slope=1p2|lag=4|decay=geometric",moloco,"{""kpi_type"": ""non_revenue"", ""kpi_type_effective"": ""revenue"", ""prior_design_mode"": ""roi"", ""prior_grid_type"": ""roi"", ""revenue_per_kpi"": 100.0, ""roi_prior_overrides"": {""amazon"": {""dist"": ""LogNormal"", ""mu"": 0.5, ""sigma"": 0.5}, ""beehiiv"": {""dist"": ""LogNormal"", ""mu"": 0.5, ""sigma"": 0.5}, ""google"": {""dist"": ""LogNormal"", ""mu"": 0.5, ""sigma"": 0.5}, ""liveintent"": {""dist"": ""LogNormal"", ""mu"": 0.5, ""sigma"": 0.5}, ""meta"": {""dist"": ""LogNormal"", ""mu"": 0.5, ""sigma"": 0.5}, ""moloco"": {""dist"": ""LogNormal"", ""mu"": 1.0, ""sigma"": 1.0}, ""snapchat"": {""dist"": ""LogNormal"", ""mu"": 0.5, ""sigma"": 0.5}, ""tiktok"": {""dist"": ""LogNormal"", ""mu"": 0.5, ""sigma"": 0.5}}, ""run_mode"": ""roi_full"", ""structural_overrides"": {""adstock_decay_spec"": ""geometric"", ""alpha_m"": 0.51, ""ec_m"": 0.5, ""max_lag"": 4, ""slope_m"": 1.2}, ""sweep_type"": ""fixed_full_grid"", ""target_channel"": ""moloco"", ""two_layer_enabled"": false}",beehiiv,REVIEW,REVIEW:PriorPosteriorShift,PriorPosteriorShift,"amazon,liveintent,snapchat",0.5170952036961293,0.5254238284720729,0.0083286247759436,0.0161065597135918,0.51,0.5,1.2,4,geometric,prior_sweep,roi_full,roi,non_revenue,revenue,__revenue_equiv__,100.0,moloco,fixed_full_grid,False,roi,roi,Revenue-equivalent ROI,1.0,1.0,LogNormal,target_channels,moloco,configured,,,,upload_1bc112d58beb_monthly_mocha,/Users/jasper/Documents/Intern/BlueAlpha/capstone-Blue_Alpha_1/backend/storage/uploads/upload_1bc112d58beb_monthly_mocha.csv,1.0,1.0,LogNormal,0.5569061978983733,0.0888365499675273,0.3553869128227234,1.4882560491561885,0.5498726621263731,0.084749760851264,0.3602972030639648,1.5281840860843656,0.9695068731046476,0.5,0.5,LogNormal,0.0109340016241945,0.0283131596844363,328172.2732613,169696.3084894737,172429.53221533552,2733.2237258618115,2733.2237258618115,100.0,16969630.848947372,17242953.22153355,273322.3725861795,273322.3725861795,False,0.016106559713591855,0.016106559713591855,0.016106559713591848,0.016106559713591848,0.01610655971359185,0.01610655971359185,1.0,1.0,0,False,False,False,True,,,0.008053279856795926,,True,False,0.0
"multi|amazon,beehiiv,google,liveintent,meta,moloco,snapchat,tiktok|pmode=roi|rpk=100.0|target=moloco|mu=1.000000|sigma=1.000000|dist=LogNormal|1.000000|1.000000|LogNormal|alpha=0p51|ec=0p5|slope=1p2|lag=4|decay=geometric",moloco,"{""kpi_type"": ""non_revenue"", ""kpi_type_effective"": ""revenue"", ""prior_design_mode"": ""roi"", ""prior_grid_type"": ""roi"", ""revenue_per_kpi"": 100.0, ""roi_prior_overrides"": {""amazon"": {""dist"": ""LogNormal"", ""mu"": 0.5, ""sigma"": 0.5}, ""beehiiv"": {""dist"": ""LogNormal"", ""mu"": 0.5, ""sigma"": 0.5}, ""google"": {""dist"": ""LogNormal"", ""mu"": 0.5, ""sigma"": 0.5}, ""liveintent"": {""dist"": ""LogNormal"", ""mu"": 0.5, ""sigma"": 0.5}, ""meta"": {""dist"": ""LogNormal"", ""mu"": 0.5, ""sigma"": 0.5}, ""moloco"": {""dist"": ""LogNormal"", ""mu"": 1.0, ""sigma"": 1.0}, ""snapchat"": {""dist"": ""LogNormal"", ""mu"": 0.5, ""sigma"": 0.5}, ""tiktok"": {""dist"": ""LogNormal"", ""mu"": 0.5, ""sigma"": 0.5}}, ""run_mode"": ""roi_full"", ""structural_overrides"": {""adstock_decay_spec"": ""geometric"", ""alpha_m"": 0.51, ""ec_m"": 0.5, ""max_lag"": 4, ""slope_m"": 1.2}, ""sweep_type"": ""fixed_full_grid"", ""target_channel"": ""moloco"", ""two_layer_enabled"": false}",google,REVIEW,REVIEW:PriorPosteriorShift,PriorPosteriorShift,"amazon,liveintent,snapchat",0.3639935120598723,0.3627635893349846,0.0012299227248876,0.0033789688116346,0.51,0.5,1.2,4,geometric,prior_sweep,roi_full,roi,non_revenue,revenue,__revenue_equiv__,100.0,moloco,fixed_full_grid,False,roi,roi,Revenue-equivalent ROI,1.0,1.0,LogNormal,target_channels,moloco,configured,,,,upload_1bc112d58beb_monthly_mocha,/Users/jasper/Documents/Intern/BlueAlpha/capstone-Blue_Alpha_1/backend/storage/uploads/upload_1bc112d58beb_monthly_mocha.csv,1.0,1.0,LogNormal,0.2538866235360484,0.0906866624951362,0.2933306694030761,0.9025721818208694,0.2566323250568795,0.0905581124126911,0.2964982986450195,0.8933524399995804,0.9884875247167236,0.5,0.5,LogNormal,0.3363516450267104,0.1316415947386183,10298543.94665,3748603.180244072,3735936.767010832,-12666.41323323967,12666.41323323967,100.0,374860318.0244072,373593676.7010832,-1266641.323323965,1266641.323323965,False,0.003378968811634734,-0.003378968811634734,0.00337896881163478,-0.00337896881163478,0.0033789688116347572,-0.0033789688116347572,1.0,1.0,0,False,False,False,True,,,0.0016894844058173786,,True,False,0.0
"multi|amazon,beehiiv,google,liveintent,meta,moloco,snapchat,tiktok|pmode=roi|rpk=100.0|target=moloco|mu=1.000000|sigma=1.000000|dist=LogNormal|1.000000|1.000000|LogNormal|alpha=0p51|ec=0p5|slope=1p2|lag=4|decay=geometric",moloco,"{""kpi_type"": ""non_revenue"", ""kpi_type_effective"": ""revenue"", ""prior_design_mode"": ""roi"", ""prior_grid_type"": ""roi"", ""revenue_per_kpi"": 100.0, ""roi_prior_overrides"": {""amazon"": {""dist"": ""LogNormal"", ""mu"": 0.5, ""sigma"": 0.5}, ""beehiiv"": {""dist"": ""LogNormal"", ""mu"": 0.5, ""sigma"": 0.5}, ""google"": {""dist"": ""LogNormal"", ""mu"": 0.5, ""sigma"": 0.5}, ""liveintent"": {""dist"": ""LogNormal"", ""mu"": 0.5, ""sigma"": 0.5}, ""meta"": {""dist"": ""LogNormal"", ""mu"": 0.5, ""sigma"": 0.5}, ""moloco"": {""dist"": ""LogNormal"", ""mu"": 1.0, ""sigma"": 1.0}, ""snapchat"": {""dist"": ""LogNormal"", ""mu"": 0.5, ""sigma"": 0.5}, ""tiktok"": {""dist"": ""LogNormal"", ""mu"": 0.5, ""sigma"": 0.5}}, ""run_mode"": ""roi_full"", ""structural_overrides"": {""adstock_decay_spec"": ""geometric"", ""alpha_m"": 0.51, ""ec_m"": 0.5, ""max_lag"": 4, ""slope_m"": 1.2}, ""sweep_type"": ""fixed_full_grid"", ""target_channel"": ""moloco"", ""two_layer_enabled"": false}",liveintent,REVIEW,REVIEW:PriorPosteriorShift,PriorPosteriorShift,"amazon,liveintent,snapchat",0.5074958745824794,0.500294604380615,0.0072012702018643,0.0141898103266137,0.51,0.5,1.2,4,geometric,prior_sweep,roi_full,roi,non_revenue,revenue,__revenue_equiv__,100.0,moloco,fixed_full_grid,False,roi,roi,Revenue-equivalent ROI,1.0,1.0,LogNormal,target_channels,moloco,configured,,,,upload_1bc112d58beb_monthly_mocha,/Users/jasper/Documents/Intern/BlueAlpha/capstone-Blue_Alpha_1/backend/storage/uploads/upload_1bc112d58beb_monthly_mocha.csv,1.0,1.0,LogNormal,0.4727192380468491,0.0905764039605856,0.3625864535570144,1.422901827096939,0.4500113324495108,0.0900649853050708,0.3630796074867248,1.4008322715759272,0.9830579606831932,0.5,0.5,LogNormal,0.0103559050032334,0.0162159135452197,797987.173079,404975.1983073274,399228.67705636367,-5746.521250963735,5746.521250963735,100.0,40497519.83073274,39922867.70563637,-574652.1250963733,574652.1250963733,False,0.014189810326613747,-0.014189810326613747,0.014189810326613674,-0.014189810326613674,0.01418981032661371,-0.01418981032661371,1.0,1.0,0,False,False,False,True,,,0.007094905163306855,,True,True,0.0
"multi|amazon,beehiiv,google,liveintent,meta,moloco,snapchat,tiktok|pmode=roi|rpk=100.0|target=moloco|mu=1.000000|sigma=1.000000|dist=LogNormal|1.000000|1.000000|LogNormal|alpha=0p51|ec=0p5|slope=1p2|lag=4|decay=geometric",moloco,"{""kpi_type"": ""non_revenue"", ""kpi_type_effective"": ""revenue"", ""prior_design_mode"": ""roi"", ""prior_grid_type"": ""roi"", ""revenue_per_kpi"": 100.0, ""roi_prior_overrides"": {""amazon"": {""dist"": ""LogNormal"", ""mu"": 0.5, ""sigma"": 0.5}, ""beehiiv"": {""dist"": ""LogNormal"", ""mu"": 0.5, ""sigma"": 0.5}, ""google"": {""dist"": ""LogNormal"", ""mu"": 0.5, ""sigma"": 0.5}, ""liveintent"": {""dist"": ""LogNormal"", ""mu"": 0.5, ""sigma"": 0.5}, ""meta"": {""dist"": ""LogNormal"", ""mu"": 0.5, ""sigma"": 0.5}, ""moloco"": {""dist"": ""LogNormal"", ""mu"": 1.0, ""sigma"": 1.0}, ""snapchat"": {""dist"": ""LogNormal"", ""mu"": 0.5, ""sigma"": 0.5}, ""tiktok"": {""dist"": ""LogNormal"", ""mu"": 0.5, ""sigma"": 0.5}}, ""run_mode"": ""roi_full"", ""structural_overrides"": {""adstock_decay_spec"": ""geometric"", ""alpha_m"": 0.51, ""ec_m"": 0.5, ""max_lag"": 4, ""slope_m"": 1.2}, ""sweep_type"": ""fixed_full_grid"", ""target_channel"": ""moloco"", ""two_layer_enabled"": false}",meta,REVIEW,REVIEW:PriorPosteriorShift,PriorPosteriorShift,"amazon,liveintent,snapchat",0.4922159127285704,0.4867223215677465,0.0054935911608239,0.0111609377485797,0.51,0.5,1.2,4,geometric,prior_sweep,roi_full,roi,non_revenue,revenue,__revenue_equiv__,100.0,moloco,fixed_full_grid,False,roi,roi,Revenue-equivalent ROI,1.0,1.0,LogNormal,target_channels,moloco,configured,,,,upload_1bc112d58beb_monthly_mocha,/Users/jasper/Documents/Intern/BlueAlpha/capstone-Blue_Alpha_1/backend/storage/uploads/upload_1bc112d58beb_monthly_mocha.csv,1.0,1.0,LogNormal,0.4128178986318089,0.1016733910888433,0.3566605746746063,1.3128194272518148,0.4178318126179623,0.0983866482973098,0.3523077219724655,1.3619814991950985,0.958492380134699,0.5,0.5,LogNormal,0.029048549785118,0.0321590626725093,840158.1265220001,413539.199082352,408923.7138247963,-4615.485257555672,4615.485257555672,100.0,41353919.9082352,40892371.38247963,-461548.52575556934,461548.52575556934,False,0.011160937748579734,-0.011160937748579734,0.011160937748579784,-0.011160937748579784,0.01116093774857976,-0.01116093774857976,1.0,1.0,0,False,False,False,True,,,0.00558046887428988,,True,False,0.0
"multi|amazon,beehiiv,google,liveintent,meta,moloco,snapchat,tiktok|pmode=roi|rpk=100.0|target=moloco|mu=1.000000|sigma=1.000000|dist=LogNormal|1.000000|1.000000|LogNormal|alpha=0p51|ec=0p5|slope=1p2|lag=4|decay=geometric",moloco,"{""kpi_type"": ""non_revenue"", ""kpi_type_effective"": ""revenue"", ""prior_design_mode"": ""roi"", ""prior_grid_type"": ""roi"", ""revenue_per_kpi"": 100.0, ""roi_prior_overrides"": {""amazon"": {""dist"": ""LogNormal"", ""mu"": 0.5, ""sigma"": 0.5}, ""beehiiv"": {""dist"": ""LogNormal"", ""mu"": 0.5, ""sigma"": 0.5}, ""google"": {""dist"": ""LogNormal"", ""mu"": 0.5, ""sigma"": 0.5}, ""liveintent"": {""dist"": ""LogNormal"", ""mu"": 0.5, ""sigma"": 0.5}, ""meta"": {""dist"": ""LogNormal"", ""mu"": 0.5, ""sigma"": 0.5}, ""moloco"": {""dist"": ""LogNormal"", ""mu"": 1.0, ""sigma"": 1.0}, ""snapchat"": {""dist"": ""LogNormal"", ""mu"": 0.5, ""sigma"": 0.5}, ""tiktok"": {""dist"": ""LogNormal"", ""mu"": 0.5, ""sigma"": 0.5}}, ""run_mode"": ""roi_full"", ""structural_overrides"": {""adstock_decay_spec"": ""geometric"", ""alpha_m"": 0.51, ""ec_m"": 0.5, ""max_lag"": 4, ""slope_m"": 1.2}, ""sweep_type"": ""fixed_full_grid"", ""target_channel"": ""moloco"", ""two_layer_enabled"": false}",moloco,REVIEW,REVIEW:PriorPosteriorShift,PriorPosteriorShift,"amazon,liveintent,snapchat",0.5193671595243117,1.0860587173793466,0.5666915578550349,1.0911193506614234,0.51,0.5,1.2,4,geometric,prior_sweep,roi_full,roi,non_revenue,revenue,__revenue_equiv__,100.0,moloco,fixed_full_grid,False,roi,roi,Revenue-equivalent ROI,1.0,1.0,LogNormal,target_channels,moloco,configured,,,,upload_1bc112d58beb_monthly_mocha,/Users/jasper/Documents/Intern/BlueAlpha/capstone-Blue_Alpha_1/backend/storage/uploads/upload_1bc112d58beb_monthly_mocha.csv,1.0,1.0,LogNormal,0.4986959806994451,0.0960079569369554,0.3689096570014953,1.4562236905097956,1.0023127207569895,0.2089784383773803,0.7786335945129395,3.1188764333724968,0.4126032150770656,1.0,1.0,LogNormal,0.0037083959795953,0.0744832798828182,842234.6095886,437428.9968350988,914716.2398222896,477287.2429871908,477287.2429871908,100.0,43742899.68350988,91471623.98222896,47728724.29871907,47728724.29871907,False,1.0911193506614234,1.0911193506614234,1.0911193506614234,1.0911193506614234,1.0911193506614234,1.0911193506614234,1.0,1.0,0,False,False,False,True,,,0.5455596753307117,,True,False,0.0
"multi|amazon,beehiiv,google,liveintent,meta,moloco,snapchat,tiktok|pmode=roi|rpk=100.0|target=moloco|mu=1.000000|sigma=1.000000|dist=LogNormal|1.000000|1.000000|LogNormal|alpha=0p51|ec=0p5|slope=1p2|lag=4|decay=geometric",moloco,"{""kpi_type"": ""non_revenue"", ""kpi_type_effective"": ""revenue"", ""prior_design_mode"": ""roi"", ""prior_grid_type"": ""roi"", ""revenue_per_kpi"": 100.0, ""roi_prior_overrides"": {""amazon"": {""dist"": ""LogNormal"", ""mu"": 0.5, ""sigma"": 0.5}, ""beehiiv"": {""dist"": ""LogNormal"", ""mu"": 0.5, ""sigma"": 0.5}, ""google"": {""dist"": ""LogNormal"", ""mu"": 0.5, ""sigma"": 0.5}, ""liveintent"": {""dist"": ""LogNormal"", ""mu"": 0.5, ""sigma"": 0.5}, ""meta"": {""dist"": ""LogNormal"", ""mu"": 0.5, ""sigma"": 0.5}, ""moloco"": {""dist"": ""LogNormal"", ""mu"": 1.0, ""sigma"": 1.0}, ""snapchat"": {""dist"": ""LogNormal"", ""mu"": 0.5, ""sigma"": 0.5}, ""tiktok"": {""dist"": ""LogNormal"", ""mu"": 0.5, ""sigma"": 0.5}}, ""run_mode"": ""roi_full"", ""structural_overrides"": {""adstock_decay_spec"": ""geometric"", ""alpha_m"": 0.51, ""ec_m"": 0.5, ""max_lag"": 4, ""slope_m"": 1.2}, ""sweep_type"": ""fixed_full_grid"", ""target_channel"": ""moloco"", ""two_layer_enabled"": false}",snapchat,REVIEW,REVIEW:PriorPosteriorShift,PriorPosteriorShift,"amazon,liveintent,snapchat",0.5166618288556735,0.4851320942429205,0.0315297346127529,0.0610258642148705,0.51,0.5,1.2,4,geometric,prior_sweep,roi_full,roi,non_revenue,revenue,__revenue_equiv__,100.0,moloco,fixed_full_grid,False,roi,roi,Revenue-equivalent ROI,1.0,1.0,LogNormal,target_channels,moloco,configured,,,,upload_1bc112d58beb_monthly_mocha,/Users/jasper/Documents/Intern/BlueAlpha/capstone-Blue_Alpha_1/backend/storage/uploads/upload_1bc112d58beb_monthly_mocha.csv,1.0,1.0,LogNormal,0.4711478203533085,0.0951749168336391,0.3710568994283676,1.3794029116630553,0.4009021619586733,0.0912253390997648,0.3653109967708587,1.2358393967151642,0.8854869888875373,0.5,0.5,LogNormal,0.0427778821947841,0.0222590954745372,4342436.908989999,2243571.395089151,2106655.511776073,-136915.88331307797,136915.88331307797,100.0,224357139.5089151,210665551.1776073,-13691588.3313078,13691588.3313078,False,0.0610258642148705,-0.0610258642148705,0.06102586421487044,-0.06102586421487044,0.06102586421487047,-0.06102586421487047,1.0,1.0,0,False,False,False,True,,,0.030512932107435234,,True,True,0.0
"multi|amazon,beehiiv,google,liveintent,meta,moloco,snapchat,tiktok|pmode=roi|rpk=100.0|target=moloco|mu=1.000000|sigma=1.000000|dist=LogNormal|1.000000|1.000000|LogNormal|alpha=0p51|ec=0p5|slope=1p2|lag=4|decay=geometric",moloco,"{""kpi_type"": ""non_revenue"", ""kpi_type_effective"": ""revenue"", ""prior_design_mode"": ""roi"", ""prior_grid_type"": ""roi"", ""revenue_per_kpi"": 100.0, ""roi_prior_overrides"": {""amazon"": {""dist"": ""LogNormal"", ""mu"": 0.5, ""sigma"": 0.5}, ""beehiiv"": {""dist"": ""LogNormal"", ""mu"": 0.5, ""sigma"": 0.5}, ""google"": {""dist"": ""LogNormal"", ""mu"": 0.5, ""sigma"": 0.5}, ""liveintent"": {""dist"": ""LogNormal"", ""mu"": 0.5, ""sigma"": 0.5}, ""meta"": {""dist"": ""LogNormal"", ""mu"": 0.5, ""sigma"": 0.5}, ""moloco"": {""dist"": ""LogNormal"", ""mu"": 1.0, ""sigma"": 1.0}, ""snapchat"": {""dist"": ""LogNormal"", ""mu"": 0.5, ""sigma"": 0.5}, ""tiktok"": {""dist"": ""LogNormal"", ""mu"": 0.5, ""sigma"": 0.5}}, ""run_mode"": ""roi_full"", ""structural_overrides"": {""adstock_decay_spec"": ""geometric"", ""alpha_m"": 0.51, ""ec_m"": 0.5, ""max_lag"": 4, ""slope_m"": 1.2}, ""sweep_type"": ""fixed_full_grid"", ""target_channel"": ""moloco"", ""two_layer_enabled"": false}",tiktok,REVIEW,REVIEW:PriorPosteriorShift,PriorPosteriorShift,"amazon,liveintent,snapchat",0.4454225514084101,0.4504043495973261,0.004981798188916,0.0111844318909399,0.51,0.5,1.2,4,geometric,prior_sweep,roi_full,roi,non_revenue,revenue,__revenue_equiv__,100.0,moloco,fixed_full_grid,False,roi,roi,Revenue-equivalent ROI,1.0,1.0,LogNormal,target_channels,moloco,configured,,,,upload_1bc112d58beb_monthly_mocha,/Users/jasper/Documents/Intern/BlueAlpha/capstone-Blue_Alpha_1/backend/storage/uploads/upload_1bc112d58beb_monthly_mocha.csv,1.0,1.0,LogNormal,0.389614058166092,0.0862870134413242,0.3261690884828567,1.226093351840973,0.3991994592429821,0.090826217085123,0.3302591890096664,1.2581542670726775,0.9687676921066888,0.5,0.5,LogNormal,0.0487867821850556,0.0672253092480361,1752685.00913,780685.4285819572,789416.9515861813,8731.523004224058,8731.523004224058,100.0,78068542.85819572,78941695.15861812,873152.3004224002,873152.3004224002,False,0.011184431890939883,0.011184431890939883,0.011184431890939813,0.011184431890939813,0.011184431890939848,0.011184431890939848,1.0,1.0,0,False,False,False,True,,,0.005592215945469924,,True,False,0.0
"multi|amazon,beehiiv,google,liveintent,meta,moloco,snapchat,tiktok|pmode=roi|rpk=100.0|target=moloco|mu=1.500000|sigma=0.500000|dist=LogNormal|1.500000|0.500000|LogNormal|alpha=0p51|ec=0p5|slope=1p2|lag=4|decay=geometric",moloco,"{""kpi_type"": ""non_revenue"", ""kpi_type_effective"": ""revenue"", ""prior_design_mode"": ""roi"", ""prior_grid_type"": ""roi"", ""revenue_per_kpi"": 100.0, ""roi_prior_overrides"": {""amazon"": {""dist"": ""LogNormal"", ""mu"": 0.5, ""sigma"": 0.5}, ""beehiiv"": {""dist"": ""LogNormal"", ""mu"": 0.5, ""sigma"": 0.5}, ""google"": {""dist"": ""LogNormal"", ""mu"": 0.5, ""sigma"": 0.5}, ""liveintent"": {""dist"": ""LogNormal"", ""mu"": 0.5, ""sigma"": 0.5}, ""meta"": {""dist"": ""LogNormal"", ""mu"": 0.5, ""sigma"": 0.5}, ""moloco"": {""dist"": ""LogNormal"", ""mu"": 1.5, ""sigma"": 0.5}, ""snapchat"": {""dist"": ""LogNormal"", ""mu"": 0.5, ""sigma"": 0.5}, ""tiktok"": {""dist"": ""LogNormal"", ""mu"": 0.5, ""sigma"": 0.5}}, ""run_mode"": ""roi_full"", ""structural_overrides"": {""adstock_decay_spec"": ""geometric"", ""alpha_m"": 0.51, ""ec_m"": 0.5, ""max_lag"": 4, ""slope_m"": 1.2}, ""sweep_type"": ""fixed_full_grid"", ""target_channel"": ""moloco"", ""two_layer_enabled"": false}",amazon,REVIEW,REVIEW:PriorPosteriorShift,PriorPosteriorShift,"amazon,beehiiv,liveintent,meta",0.5121372402909522,0.5032932317132751,0.008844008577677,0.0172688253887819,0.51,0.5,1.2,4,geometric,prior_sweep,roi_full,roi,non_revenue,revenue,__revenue_equiv__,100.0,moloco,fixed_full_grid,False,roi,roi,Revenue-equivalent ROI,1.5,0.5,LogNormal,target_channels,moloco,configured,,,,upload_1bc112d58beb_monthly_mocha,/Users/jasper/Documents/Intern/BlueAlpha/capstone-Blue_Alpha_1/backend/storage/uploads/upload_1bc112d58beb_monthly_mocha.csv,1.5,0.5,LogNormal,0.4840694861381271,0.0989534243941307,0.3617888689041137,1.4659758150577542,0.480360876767982,0.0971241671591997,0.3568044155836105,1.444986641407013,0.983330238217777,0.5,0.5,LogNormal,0.0015852850091792,0.0287944487977712,15740.258094,8061.172341728484,7921.965364130297,-139.20697759818722,139.20697759818722,100.0,806117.2341728484,792196.5364130297,-13920.697759818751,13920.697759818751,False,0.01726882538878189,-0.01726882538878189,0.017268825388781894,-0.017268825388781894,0.01726882538878189,-0.01726882538878189,2.0,0.0,0,True,False,False,True,0.008634412694390945,,0.008634412694390945,,True,True,0.0
"multi|amazon,beehiiv,google,liveintent,meta,moloco,snapchat,tiktok|pmode=roi|rpk=100.0|target=moloco|mu=1.500000|sigma=0.500000|dist=LogNormal|1.500000|0.500000|LogNormal|alpha=0p51|ec=0p5|slope=1p2|lag=4|decay=geometric",moloco,"{""kpi_type"": ""non_revenue"", ""kpi_type_effective"": ""revenue"", ""prior_design_mode"": ""roi"", ""prior_grid_type"": ""roi"", ""revenue_per_kpi"": 100.0, ""roi_prior_overrides"": {""amazon"": {""dist"": ""LogNormal"", ""mu"": 0.5, ""sigma"": 0.5}, ""beehiiv"": {""dist"": ""LogNormal"", ""mu"": 0.5, ""sigma"": 0.5}, ""google"": {""dist"": ""LogNormal"", ""mu"": 0.5, ""sigma"": 0.5}, ""liveintent"": {""dist"": ""LogNormal"", ""mu"": 0.5, ""sigma"": 0.5}, ""meta"": {""dist"": ""LogNormal"", ""mu"": 0.5, ""sigma"": 0.5}, ""moloco"": {""dist"": ""LogNormal"", ""mu"": 1.5, ""sigma"": 0.5}, ""snapchat"": {""dist"": ""LogNormal"", ""mu"": 0.5, ""sigma"": 0.5}, ""tiktok"": {""dist"": ""LogNormal"", ""mu"": 0.5, ""sigma"": 0.5}}, ""run_mode"": ""roi_full"", ""structural_overrides"": {""adstock_decay_spec"": ""geometric"", ""alpha_m"": 0.51, ""ec_m"": 0.5, ""max_lag"": 4, ""slope_m"": 1.2}, ""sweep_type"": ""fixed_full_grid"", ""target_channel"": ""moloco"", ""two_layer_enabled"": false}",beehiiv,REVIEW,REVIEW:PriorPosteriorShift,PriorPosteriorShift,"amazon,beehiiv,liveintent,meta",0.5170952036961293,0.5158610218499476,0.0012341818461816,0.0023867594155967,0.51,0.5,1.2,4,geometric,prior_sweep,roi_full,roi,non_revenue,revenue,__revenue_equiv__,100.0,moloco,fixed_full_grid,False,roi,roi,Revenue-equivalent ROI,1.5,0.5,LogNormal,target_channels,moloco,configured,,,,upload_1bc112d58beb_monthly_mocha,/Users/jasper/Documents/Intern/BlueAlpha/capstone-Blue_Alpha_1/backend/storage/uploads/upload_1bc112d58beb_monthly_mocha.csv,1.5,0.5,LogNormal,0.5569061978983733,0.0888365499675273,0.3553869128227234,1.4882560491561885,0.5458771303632397,0.085195554792881,0.3700102418661117,1.4755996823310848,0.9883844195847412,0.5,0.5,LogNormal,0.0086810109019009,0.0202972669242433,328172.2732613,169696.3084894737,169291.28422739447,-405.02426207924145,405.02426207924145,100.0,16969630.848947372,16929128.422739446,-40502.42620792613,40502.42620792613,False,0.0023867594155966916,-0.0023867594155966916,0.0023867594155966283,-0.0023867594155966283,0.00238675941559666,-0.00238675941559666,2.0,0.0,0,True,False,False,True,0.00119337970779833,,0.00119337970779833,,True,True,0.0
"multi|amazon,beehiiv,google,liveintent,meta,moloco,snapchat,tiktok|pmode=roi|rpk=100.0|target=moloco|mu=1.500000|sigma=0.500000|dist=LogNormal|1.500000|0.500000|LogNormal|alpha=0p51|ec=0p5|slope=1p2|lag=4|decay=geometric",moloco,"{""kpi_type"": ""non_revenue"", ""kpi_type_effective"": ""revenue"", ""prior_design_mode"": ""roi"", ""prior_grid_type"": ""roi"", ""revenue_per_kpi"": 100.0, ""roi_prior_overrides"": {""amazon"": {""dist"": ""LogNormal"", ""mu"": 0.5, ""sigma"": 0.5}, ""beehiiv"": {""dist"": ""LogNormal"", ""mu"": 0.5, ""sigma"": 0.5}, ""google"": {""dist"": ""LogNormal"", ""mu"": 0.5, ""sigma"": 0.5}, ""liveintent"": {""dist"": ""LogNormal"", ""mu"": 0.5, ""sigma"": 0.5}, ""meta"": {""dist"": ""LogNormal"", ""mu"": 0.5, ""sigma"": 0.5}, ""moloco"": {""dist"": ""LogNormal"", ""mu"": 1.5, ""sigma"": 0.5}, ""snapchat"": {""dist"": ""LogNormal"", ""mu"": 0.5, ""sigma"": 0.5}, ""tiktok"": {""dist"": ""LogNormal"", ""mu"": 0.5, ""sigma"": 0.5}}, ""run_mode"": ""roi_full"", ""structural_overrides"": {""adstock_decay_spec"": ""geometric"", ""alpha_m"": 0.51, ""ec_m"": 0.5, ""max_lag"": 4, ""slope_m"": 1.2}, ""sweep_type"": ""fixed_full_grid"", ""target_channel"": ""moloco"", ""two_layer_enabled"": false}",google,REVIEW,REVIEW:PriorPosteriorShift,PriorPosteriorShift,"amazon,beehiiv,liveintent,meta",0.3639935120598723,0.3746082460523272,0.0106147339924548,0.0291618769037533,0.51,0.5,1.2,4,geometric,prior_sweep,roi_full,roi,non_revenue,revenue,__revenue_equiv__,100.0,moloco,fixed_full_grid,False,roi,roi,Revenue-equivalent ROI,1.5,0.5,LogNormal,target_channels,moloco,configured,,,,upload_1bc112d58beb_monthly_mocha,/Users/jasper/Documents/Intern/BlueAlpha/capstone-Blue_Alpha_1/backend/storage/uploads/upload_1bc112d58beb_monthly_mocha.csv,1.5,0.5,LogNormal,0.2538866235360484,0.0906866624951362,0.2933306694030761,0.9025721818208694,0.2638826577355871,0.0889502443373203,0.3012318909168243,0.931419831514358,0.9636971253125156,0.5,0.5,LogNormal,0.3098178703832565,0.119348464161495,10298543.94665,3748603.180244072,3857919.484747368,109316.30450329604,109316.30450329604,100.0,374860318.0244072,385791948.4747368,10931630.450329602,10931630.450329602,False,0.029161876903753426,0.029161876903753426,0.02916187690375337,0.02916187690375337,0.0291618769037534,0.0291618769037534,2.0,0.0,0,True,False,False,True,0.0145809384518767,,0.0145809384518767,,True,False,0.0
"multi|amazon,beehiiv,google,liveintent,meta,moloco,snapchat,tiktok|pmode=roi|rpk=100.0|target=moloco|mu=1.500000|sigma=0.500000|dist=LogNormal|1.500000|0.500000|LogNormal|alpha=0p51|ec=0p5|slope=1p2|lag=4|decay=geometric",moloco,"{""kpi_type"": ""non_revenue"", ""kpi_type_effective"": ""revenue"", ""prior_design_mode"": ""roi"", ""prior_grid_type"": ""roi"", ""revenue_per_kpi"": 100.0, ""roi_prior_overrides"": {""amazon"": {""dist"": ""LogNormal"", ""mu"": 0.5, ""sigma"": 0.5}, ""beehiiv"": {""dist"": ""LogNormal"", ""mu"": 0.5, ""sigma"": 0.5}, ""google"": {""dist"": ""LogNormal"", ""mu"": 0.5, ""sigma"": 0.5}, ""liveintent"": {""dist"": ""LogNormal"", ""mu"": 0.5, ""sigma"": 0.5}, ""meta"": {""dist"": ""LogNormal"", ""mu"": 0.5, ""sigma"": 0.5}, ""moloco"": {""dist"": ""LogNormal"", ""mu"": 1.5, ""sigma"": 0.5}, ""snapchat"": {""dist"": ""LogNormal"", ""mu"": 0.5, ""sigma"": 0.5}, ""tiktok"": {""dist"": ""LogNormal"", ""mu"": 0.5, ""sigma"": 0.5}}, ""run_mode"": ""roi_full"", ""structural_overrides"": {""adstock_decay_spec"": ""geometric"", ""alpha_m"": 0.51, ""ec_m"": 0.5, ""max_lag"": 4, ""slope_m"": 1.2}, ""sweep_type"": ""fixed_full_grid"", ""target_channel"": ""moloco"", ""two_layer_enabled"": false}",liveintent,REVIEW,REVIEW:PriorPosteriorShift,PriorPosteriorShift,"amazon,beehiiv,liveintent,meta",0.5074958745824794,0.505269936096544,0.0022259384859353,0.0043861213409205,0.51,0.5,1.2,4,geometric,prior_sweep,roi_full,roi,non_revenue,revenue,__revenue_equiv__,100.0,moloco,fixed_full_grid,False,roi,roi,Revenue-equivalent ROI,1.5,0.5,LogNormal,target_channels,moloco,configured,,,,upload_1bc112d58beb_monthly_mocha,/Users/jasper/Documents/Intern/BlueAlpha/capstone-Blue_Alpha_1/backend/storage/uploads/upload_1bc112d58beb_monthly_mocha.csv,1.5,0.5,LogNormal,0.4727192380468491,0.0905764039605856,0.3625864535570144,1.422901827096939,0.4723889678810666,0.0871348150074482,0.3629903197288513,1.4841297149658204,0.953708151100662,0.5,0.5,LogNormal,0.0031635861184454,0.0166229182580818,797987.173079,404975.1983073274,403198.92794748815,-1776.2703598392543,1776.2703598392543,100.0,40497519.83073274,40319892.79474881,-177627.03598392755,177627.03598392755,False,0.004386121340920508,-0.004386121340920508,0.004386121340920437,-0.004386121340920437,0.004386121340920472,-0.004386121340920472,2.0,0.0,0,True,False,False,True,0.002193060670460236,,0.002193060670460236,,True,True,0.0
"multi|amazon,beehiiv,google,liveintent,meta,moloco,snapchat,tiktok|pmode=roi|rpk=100.0|target=moloco|mu=1.500000|sigma=0.500000|dist=LogNormal|1.500000|0.500000|LogNormal|alpha=0p51|ec=0p5|slope=1p2|lag=4|decay=geometric",moloco,"{""kpi_type"": ""non_revenue"", ""kpi_type_effective"": ""revenue"", ""prior_design_mode"": ""roi"", ""prior_grid_type"": ""roi"", ""revenue_per_kpi"": 100.0, ""roi_prior_overrides"": {""amazon"": {""dist"": ""LogNormal"", ""mu"": 0.5, ""sigma"": 0.5}, ""beehiiv"": {""dist"": ""LogNormal"", ""mu"": 0.5, ""sigma"": 0.5}, ""google"": {""dist"": ""LogNormal"", ""mu"": 0.5, ""sigma"": 0.5}, ""liveintent"": {""dist"": ""LogNormal"", ""mu"": 0.5, ""sigma"": 0.5}, ""meta"": {""dist"": ""LogNormal"", ""mu"": 0.5, ""sigma"": 0.5}, ""moloco"": {""dist"": ""LogNormal"", ""mu"": 1.5, ""sigma"": 0.5}, ""snapchat"": {""dist"": ""LogNormal"", ""mu"": 0.5, ""sigma"": 0.5}, ""tiktok"": {""dist"": ""LogNormal"", ""mu"": 0.5, ""sigma"": 0.5}}, ""run_mode"": ""roi_full"", ""structural_overrides"": {""adstock_decay_spec"": ""geometric"", ""alpha_m"": 0.51, ""ec_m"": 0.5, ""max_lag"": 4, ""slope_m"": 1.2}, ""sweep_type"": ""fixed_full_grid"", ""target_channel"": ""moloco"", ""two_layer_enabled"": false}",meta,REVIEW,REVIEW:PriorPosteriorShift,PriorPosteriorShift,"amazon,beehiiv,liveintent,meta",0.4922159127285704,0.4827568403910846,0.0094590723374858,0.0192173233186428,0.51,0.5,1.2,4,geometric,prior_sweep,roi_full,roi,non_revenue,revenue,__revenue_equiv__,100.0,moloco,fixed_full_grid,False,roi,roi,Revenue-equivalent ROI,1.5,0.5,LogNormal,target_channels,moloco,configured,,,,upload_1bc112d58beb_monthly_mocha,/Users/jasper/Documents/Intern/BlueAlpha/capstone-Blue_Alpha_1/backend/storage/uploads/upload_1bc112d58beb_monthly_mocha.csv,1.5,0.5,LogNormal,0.4128178986318089,0.1016733910888433,0.3566605746746063,1.3128194272518148,0.4111291252050497,0.0957010116428136,0.3495851010084152,1.4314234018325804,0.9067348462960956,0.5,0.5,LogNormal,0.0343497283100775,0.0321513414204523,840158.1265220001,413539.199082352,405592.08258865384,-7947.116493698151,7947.116493698151,100.0,41353919.9082352,40559208.258865386,-794711.6493698135,794711.6493698135,False,0.01921732331864285,-0.01921732331864285,0.019217323318642805,-0.019217323318642805,0.01921732331864283,-0.01921732331864283,2.0,0.0,0,True,False,False,True,0.009608661659321414,,0.009608661659321414,,True,True,0.0
"multi|amazon,beehiiv,google,liveintent,meta,moloco,snapchat,tiktok|pmode=roi|rpk=100.0|target=moloco|mu=1.500000|sigma=0.500000|dist=LogNormal|1.500000|0.500000|LogNormal|alpha=0p51|ec=0p5|slope=1p2|lag=4|decay=geometric",moloco,"{""kpi_type"": ""non_revenue"", ""kpi_type_effective"": ""revenue"", ""prior_design_mode"": ""roi"", ""prior_grid_type"": ""roi"", ""revenue_per_kpi"": 100.0, ""roi_prior_overrides"": {""amazon"": {""dist"": ""LogNormal"", ""mu"": 0.5, ""sigma"": 0.5}, ""beehiiv"": {""dist"": ""LogNormal"", ""mu"": 0.5, ""sigma"": 0.5}, ""google"": {""dist"": ""LogNormal"", ""mu"": 0.5, ""sigma"": 0.5}, ""liveintent"": {""dist"": ""LogNormal"", ""mu"": 0.5, ""sigma"": 0.5}, ""meta"": {""dist"": ""LogNormal"", ""mu"": 0.5, ""sigma"": 0.5}, ""moloco"": {""dist"": ""LogNormal"", ""mu"": 1.5, ""sigma"": 0.5}, ""snapchat"": {""dist"": ""LogNormal"", ""mu"": 0.5, ""sigma"": 0.5}, ""tiktok"": {""dist"": ""LogNormal"", ""mu"": 0.5, ""sigma"": 0.5}}, ""run_mode"": ""roi_full"", ""structural_overrides"": {""adstock_decay_spec"": ""geometric"", ""alpha_m"": 0.51, ""ec_m"": 0.5, ""max_lag"": 4, ""slope_m"": 1.2}, ""sweep_type"": ""fixed_full_grid"", ""target_channel"": ""moloco"", ""two_layer_enabled"": false}",moloco,REVIEW,REVIEW:PriorPosteriorShift,PriorPosteriorShift,"amazon,beehiiv,liveintent,meta",0.5193671595243117,1.528440972889463,1.0090738133651511,1.9428910643664148,0.51,0.5,1.2,4,geometric,prior_sweep,roi_full,roi,non_revenue,revenue,__revenue_equiv__,100.0,moloco,fixed_full_grid,False,roi,roi,Revenue-equivalent ROI,1.5,0.5,LogNormal,target_channels,moloco,configured,,,,upload_1bc112d58beb_monthly_mocha,/Users/jasper/Documents/Intern/BlueAlpha/capstone-Blue_Alpha_1/backend/storage/uploads/upload_1bc112d58beb_monthly_mocha.csv,1.5,0.5,LogNormal,0.4986959806994451,0.0960079569369554,0.3689096570014953,1.4562236905097956,0.4922642778748979,0.8763110309839248,1.4508581161499023,2.3988285303115844,0.2518271142054492,1.5,0.5,LogNormal,0.0018583924123422,0.0276438666996125,842234.6095886,437428.9968350988,1287305.8860807768,849876.889245678,849876.889245678,100.0,43742899.68350988,128730588.60807768,84987688.92456779,84987688.92456779,False,1.9428910643664146,1.9428910643664146,1.9428910643664143,1.9428910643664143,1.9428910643664143,1.9428910643664143,2.0,0.0,0,True,False,False,True,0.9714455321832072,,0.9714455321832072,,True,False,0.0
"multi|amazon,beehiiv,google,liveintent,meta,moloco,snapchat,tiktok|pmode=roi|rpk=100.0|target=moloco|mu=1.500000|sigma=0.500000|dist=LogNormal|1.500000|0.500000|LogNormal|alpha=0p51|ec=0p5|slope=1p2|lag=4|decay=geometric",moloco,"{""kpi_type"": ""non_revenue"", ""kpi_type_effective"": ""revenue"", ""prior_design_mode"": ""roi"", ""prior_grid_type"": ""roi"", ""revenue_per_kpi"": 100.0, ""roi_prior_overrides"": {""amazon"": {""dist"": ""LogNormal"", ""mu"": 0.5, ""sigma"": 0.5}, ""beehiiv"": {""dist"": ""LogNormal"", ""mu"": 0.5, ""sigma"": 0.5}, ""google"": {""dist"": ""LogNormal"", ""mu"": 0.5, ""sigma"": 0.5}, ""liveintent"": {""dist"": ""LogNormal"", ""mu"": 0.5, ""sigma"": 0.5}, ""meta"": {""dist"": ""LogNormal"", ""mu"": 0.5, ""sigma"": 0.5}, ""moloco"": {""dist"": ""LogNormal"", ""mu"": 1.5, ""sigma"": 0.5}, ""snapchat"": {""dist"": ""LogNormal"", ""mu"": 0.5, ""sigma"": 0.5}, ""tiktok"": {""dist"": ""LogNormal"", ""mu"": 0.5, ""sigma"": 0.5}}, ""run_mode"": ""roi_full"", ""structural_overrides"": {""adstock_decay_spec"": ""geometric"", ""alpha_m"": 0.51, ""ec_m"": 0.5, ""max_lag"": 4, ""slope_m"": 1.2}, ""sweep_type"": ""fixed_full_grid"", ""target_channel"": ""moloco"", ""two_layer_enabled"": false}",snapchat,REVIEW,REVIEW:PriorPosteriorShift,PriorPosteriorShift,"amazon,beehiiv,liveintent,meta",0.5166618288556735,0.5067399318997438,0.0099218969559297,0.0192038513429667,0.51,0.5,1.2,4,geometric,prior_sweep,roi_full,roi,non_revenue,revenue,__revenue_equiv__,100.0,moloco,fixed_full_grid,False,roi,roi,Revenue-equivalent ROI,1.5,0.5,LogNormal,target_channels,moloco,configured,,,,upload_1bc112d58beb_monthly_mocha,/Users/jasper/Documents/Intern/BlueAlpha/capstone-Blue_Alpha_1/backend/storage/uploads/upload_1bc112d58beb_monthly_mocha.csv,1.5,0.5,LogNormal,0.4711478203533085,0.0951749168336391,0.3710568994283676,1.3794029116630553,0.4430223836407235,0.0969277944415807,0.3769569545984268,1.4263323724269867,0.9634285649925812,0.5,0.5,LogNormal,0.0136163204252691,0.0186327565202842,4342436.908989999,2243571.395089151,2200486.1835405263,-43085.21154862456,43085.21154862456,100.0,224357139.5089151,220048618.35405263,-4308521.1548624635,4308521.1548624635,False,0.019203851342966805,-0.019203851342966805,0.019203851342966743,-0.019203851342966743,0.019203851342966774,-0.019203851342966774,2.0,0.0,0,True,False,False,True,0.009601925671483387,,0.009601925671483387,,True,False,0.0
"multi|amazon,beehiiv,google,liveintent,meta,moloco,snapchat,tiktok|pmode=roi|rpk=100.0|target=moloco|mu=1.500000|sigma=0.500000|dist=LogNormal|1.500000|0.500000|LogNormal|alpha=0p51|ec=0p5|slope=1p2|lag=4|decay=geometric",moloco,"{""kpi_type"": ""non_revenue"", ""kpi_type_effective"": ""revenue"", ""prior_design_mode"": ""roi"", ""prior_grid_type"": ""roi"", ""revenue_per_kpi"": 100.0, ""roi_prior_overrides"": {""amazon"": {""dist"": ""LogNormal"", ""mu"": 0.5, ""sigma"": 0.5}, ""beehiiv"": {""dist"": ""LogNormal"", ""mu"": 0.5, ""sigma"": 0.5}, ""google"": {""dist"": ""LogNormal"", ""mu"": 0.5, ""sigma"": 0.5}, ""liveintent"": {""dist"": ""LogNormal"", ""mu"": 0.5, ""sigma"": 0.5}, ""meta"": {""dist"": ""LogNormal"", ""mu"": 0.5, ""sigma"": 0.5}, ""moloco"": {""dist"": ""LogNormal"", ""mu"": 1.5, ""sigma"": 0.5}, ""snapchat"": {""dist"": ""LogNormal"", ""mu"": 0.5, ""sigma"": 0.5}, ""tiktok"": {""dist"": ""LogNormal"", ""mu"": 0.5, ""sigma"": 0.5}}, ""run_mode"": ""roi_full"", ""structural_overrides"": {""adstock_decay_spec"": ""geometric"", ""alpha_m"": 0.51, ""ec_m"": 0.5, ""max_lag"": 4, ""slope_m"": 1.2}, ""sweep_type"": ""fixed_full_grid"", ""target_channel"": ""moloco"", ""two_layer_enabled"": false}",tiktok,REVIEW,REVIEW:PriorPosteriorShift,PriorPosteriorShift,"amazon,beehiiv,liveintent,meta",0.4454225514084101,0.4485377725043024,0.0031152210958922,0.0069938558028597,0.51,0.5,1.2,4,geometric,prior_sweep,roi_full,roi,non_revenue,revenue,__revenue_equiv__,100.0,moloco,fixed_full_grid,False,roi,roi,Revenue-equivalent ROI,1.5,0.5,LogNormal,target_channels,moloco,configured,,,,upload_1bc112d58beb_monthly_mocha,/Users/jasper/Documents/Intern/BlueAlpha/capstone-Blue_Alpha_1/backend/storage/uploads/upload_1bc112d58beb_monthly_mocha.csv,1.5,0.5,LogNormal,0.389614058166092,0.0862870134413242,0.3261690884828567,1.226093351840973,0.3874403164592516,0.0884913526475429,0.3377580195665359,1.181086122989654,0.9585793073200268,0.5,0.5,LogNormal,0.0605630028857715,0.0698944877255594,1752685.00913,780685.4285819572,786145.4298968532,5460.001314895926,5460.001314895926,100.0,78068542.85819572,78614542.98968531,546000.1314895898,546000.1314895898,False,0.00699385580285973,0.00699385580285973,0.00699385580285969,0.00699385580285969,0.00699385580285971,0.00699385580285971,2.0,0.0,0,True,False,False,True,0.003496927901429855,,0.003496927901429855,,True,False,0.0
"multi|amazon,beehiiv,google,liveintent,meta,moloco,snapchat,tiktok|pmode=roi|rpk=100.0|target=snapchat|mu=0.500000|sigma=1.000000|dist=LogNormal|0.500000|1.000000|LogNormal|alpha=0p51|ec=0p5|slope=1p2|lag=4|decay=geometric",snapchat,"{""kpi_type"": ""non_revenue"", ""kpi_type_effective"": ""revenue"", ""prior_design_mode"": ""roi"", ""prior_grid_type"": ""roi"", ""revenue_per_kpi"": 100.0, ""roi_prior_overrides"": {""amazon"": {""dist"": ""LogNormal"", ""mu"": 0.5, ""sigma"": 0.5}, ""beehiiv"": {""dist"": ""LogNormal"", ""mu"": 0.5, ""sigma"": 0.5}, ""google"": {""dist"": ""LogNormal"", ""mu"": 0.5, ""sigma"": 0.5}, ""liveintent"": {""dist"": ""LogNormal"", ""mu"": 0.5, ""sigma"": 0.5}, ""meta"": {""dist"": ""LogNormal"", ""mu"": 0.5, ""sigma"": 0.5}, ""moloco"": {""dist"": ""LogNormal"", ""mu"": 0.5, ""sigma"": 0.5}, ""snapchat"": {""dist"": ""LogNormal"", ""mu"": 0.5, ""sigma"": 1.0}, ""tiktok"": {""dist"": ""LogNormal"", ""mu"": 0.5, ""sigma"": 0.5}}, ""run_mode"": ""roi_full"", ""structural_overrides"": {""adstock_decay_spec"": ""geometric"", ""alpha_m"": 0.51, ""ec_m"": 0.5, ""max_lag"": 4, ""slope_m"": 1.2}, ""sweep_type"": ""fixed_full_grid"", ""target_channel"": ""snapchat"", ""two_layer_enabled"": false}",amazon,REVIEW,REVIEW:PriorPosteriorShift,PriorPosteriorShift,"beehiiv,liveintent",0.5121372402909522,0.5111621806056549,0.0009750596852973,0.001903903111485,0.51,0.5,1.2,4,geometric,prior_sweep,roi_full,roi,non_revenue,revenue,__revenue_equiv__,100.0,snapchat,fixed_full_grid,False,roi,roi,Revenue-equivalent ROI,0.5,1.0,LogNormal,target_channels,snapchat,configured,,,,upload_1bc112d58beb_monthly_mocha,/Users/jasper/Documents/Intern/BlueAlpha/capstone-Blue_Alpha_1/backend/storage/uploads/upload_1bc112d58beb_monthly_mocha.csv,0.5,1.0,LogNormal,0.4840694861381271,0.0989534243941307,0.3617888689041137,1.4659758150577542,0.4965128952003829,0.0967820607125759,0.3566894084215164,1.4633456051349636,0.9964931379586656,0.5,0.5,LogNormal,0.0002979418203065,0.0344268449900132,15740.258094,8061.172341728484,8045.82465062485,-15.347691103634132,15.347691103634132,100.0,806117.2341728484,804582.465062485,-1534.7691103634425,1534.7691103634425,False,0.0019039031114850668,-0.0019039031114850668,0.0019039031114850558,-0.0019039031114850558,0.0019039031114850614,-0.0019039031114850614,0.0,1.0,0,False,True,False,True,,0.0019039031114850614,0.0019039031114850614,,True,False,0.0
"multi|amazon,beehiiv,google,liveintent,meta,moloco,snapchat,tiktok|pmode=roi|rpk=100.0|target=snapchat|mu=0.500000|sigma=1.000000|dist=LogNormal|0.500000|1.000000|LogNormal|alpha=0p51|ec=0p5|slope=1p2|lag=4|decay=geometric",snapchat,"{""kpi_type"": ""non_revenue"", ""kpi_type_effective"": ""revenue"", ""prior_design_mode"": ""roi"", ""prior_grid_type"": ""roi"", ""revenue_per_kpi"": 100.0, ""roi_prior_overrides"": {""amazon"": {""dist"": ""LogNormal"", ""mu"": 0.5, ""sigma"": 0.5}, ""beehiiv"": {""dist"": ""LogNormal"", ""mu"": 0.5, ""sigma"": 0.5}, ""google"": {""dist"": ""LogNormal"", ""mu"": 0.5, ""sigma"": 0.5}, ""liveintent"": {""dist"": ""LogNormal"", ""mu"": 0.5, ""sigma"": 0.5}, ""meta"": {""dist"": ""LogNormal"", ""mu"": 0.5, ""sigma"": 0.5}, ""moloco"": {""dist"": ""LogNormal"", ""mu"": 0.5, ""sigma"": 0.5}, ""snapchat"": {""dist"": ""LogNormal"", ""mu"": 0.5, ""sigma"": 1.0}, ""tiktok"": {""dist"": ""LogNormal"", ""mu"": 0.5, ""sigma"": 0.5}}, ""run_mode"": ""roi_full"", ""structural_overrides"": {""adstock_decay_spec"": ""geometric"", ""alpha_m"": 0.51, ""ec_m"": 0.5, ""max_lag"": 4, ""slope_m"": 1.2}, ""sweep_type"": ""fixed_full_grid"", ""target_channel"": ""snapchat"", ""two_layer_enabled"": false}",beehiiv,REVIEW,REVIEW:PriorPosteriorShift,PriorPosteriorShift,"beehiiv,liveintent",0.5170952036961293,0.511758946616513,0.0053362570796162,0.0103196800927051,0.51,0.5,1.2,4,geometric,prior_sweep,roi_full,roi,non_revenue,revenue,__revenue_equiv__,100.0,snapchat,fixed_full_grid,False,roi,roi,Revenue-equivalent ROI,0.5,1.0,LogNormal,target_channels,snapchat,configured,,,,upload_1bc112d58beb_monthly_mocha,/Users/jasper/Documents/Intern/BlueAlpha/capstone-Blue_Alpha_1/backend/storage/uploads/upload_1bc112d58beb_monthly_mocha.csv,0.5,1.0,LogNormal,0.5569061978983733,0.0888365499675273,0.3553869128227234,1.4882560491561885,0.5213502786623103,0.0845728237181902,0.368253618478775,1.429655694961547,0.9552149093864376,0.5,0.5,LogNormal,0.0020747344589193,0.0218818421419361,328172.2732613,169696.3084894737,167945.09687294933,-1751.2116165243788,1751.2116165243788,100.0,16969630.848947372,16794509.687294934,-175121.16165243834,175121.16165243834,False,0.010319680092705168,-0.010319680092705168,0.01031968009270518,-0.01031968009270518,0.010319680092705175,-0.010319680092705175,0.0,1.0,0,False,True,False,True,,0.010319680092705175,0.010319680092705175,,True,True,0.0
"multi|amazon,beehiiv,google,liveintent,meta,moloco,snapchat,tiktok|pmode=roi|rpk=100.0|target=snapchat|mu=0.500000|sigma=1.000000|dist=LogNormal|0.500000|1.000000|LogNormal|alpha=0p51|ec=0p5|slope=1p2|lag=4|decay=geometric",snapchat,"{""kpi_type"": ""non_revenue"", ""kpi_type_effective"": ""revenue"", ""prior_design_mode"": ""roi"", ""prior_grid_type"": ""roi"", ""revenue_per_kpi"": 100.0, ""roi_prior_overrides"": {""amazon"": {""dist"": ""LogNormal"", ""mu"": 0.5, ""sigma"": 0.5}, ""beehiiv"": {""dist"": ""LogNormal"", ""mu"": 0.5, ""sigma"": 0.5}, ""google"": {""dist"": ""LogNormal"", ""mu"": 0.5, ""sigma"": 0.5}, ""liveintent"": {""dist"": ""LogNormal"", ""mu"": 0.5, ""sigma"": 0.5}, ""meta"": {""dist"": ""LogNormal"", ""mu"": 0.5, ""sigma"": 0.5}, ""moloco"": {""dist"": ""LogNormal"", ""mu"": 0.5, ""sigma"": 0.5}, ""snapchat"": {""dist"": ""LogNormal"", ""mu"": 0.5, ""sigma"": 1.0}, ""tiktok"": {""dist"": ""LogNormal"", ""mu"": 0.5, ""sigma"": 0.5}}, ""run_mode"": ""roi_full"", ""structural_overrides"": {""adstock_decay_spec"": ""geometric"", ""alpha_m"": 0.51, ""ec_m"": 0.5, ""max_lag"": 4, ""slope_m"": 1.2}, ""sweep_type"": ""fixed_full_grid"", ""target_channel"": ""snapchat"", ""two_layer_enabled"": false}",google,REVIEW,REVIEW:PriorPosteriorShift,PriorPosteriorShift,"beehiiv,liveintent",0.3639935120598723,0.3679706628620625,0.0039771508021901,0.010926433220425,0.51,0.5,1.2,4,geometric,prior_sweep,roi_full,roi,non_revenue,revenue,__revenue_equiv__,100.0,snapchat,fixed_full_grid,False,roi,roi,Revenue-equivalent ROI,0.5,1.0,LogNormal,target_channels,snapchat,configured,,,,upload_1bc112d58beb_monthly_mocha,/Users/jasper/Documents/Intern/BlueAlpha/capstone-Blue_Alpha_1/backend/storage/uploads/upload_1bc112d58beb_monthly_mocha.csv,0.5,1.0,LogNormal,0.2538866235360484,0.0906866624951362,0.2933306694030761,0.9025721818208694,0.2546978613276847,0.0878018338233232,0.3032535463571548,0.8856258571147918,0.9756604380281764,0.5,0.5,LogNormal,0.3391356061608717,0.1259806099021798,10298543.94665,3748603.180244072,3789562.0425628815,40958.86231880961,40958.86231880961,100.0,374860318.0244072,378956204.2562882,4095886.231880963,4095886.231880963,False,0.010926433220425087,0.010926433220425087,0.010926433220424994,0.010926433220424994,0.01092643322042504,0.01092643322042504,0.0,1.0,0,False,True,False,True,,0.01092643322042504,0.01092643322042504,,True,False,0.0
"multi|amazon,beehiiv,google,liveintent,meta,moloco,snapchat,tiktok|pmode=roi|rpk=100.0|target=snapchat|mu=0.500000|sigma=1.000000|dist=LogNormal|0.500000|1.000000|LogNormal|alpha=0p51|ec=0p5|slope=1p2|lag=4|decay=geometric",snapchat,"{""kpi_type"": ""non_revenue"", ""kpi_type_effective"": ""revenue"", ""prior_design_mode"": ""roi"", ""prior_grid_type"": ""roi"", ""revenue_per_kpi"": 100.0, ""roi_prior_overrides"": {""amazon"": {""dist"": ""LogNormal"", ""mu"": 0.5, ""sigma"": 0.5}, ""beehiiv"": {""dist"": ""LogNormal"", ""mu"": 0.5, ""sigma"": 0.5}, ""google"": {""dist"": ""LogNormal"", ""mu"": 0.5, ""sigma"": 0.5}, ""liveintent"": {""dist"": ""LogNormal"", ""mu"": 0.5, ""sigma"": 0.5}, ""meta"": {""dist"": ""LogNormal"", ""mu"": 0.5, ""sigma"": 0.5}, ""moloco"": {""dist"": ""LogNormal"", ""mu"": 0.5, ""sigma"": 0.5}, ""snapchat"": {""dist"": ""LogNormal"", ""mu"": 0.5, ""sigma"": 1.0}, ""tiktok"": {""dist"": ""LogNormal"", ""mu"": 0.5, ""sigma"": 0.5}}, ""run_mode"": ""roi_full"", ""structural_overrides"": {""adstock_decay_spec"": ""geometric"", ""alpha_m"": 0.51, ""ec_m"": 0.5, ""max_lag"": 4, ""slope_m"": 1.2}, ""sweep_type"": ""fixed_full_grid"", ""target_channel"": ""snapchat"", ""two_layer_enabled"": false}",liveintent,REVIEW,REVIEW:PriorPosteriorShift,PriorPosteriorShift,"beehiiv,liveintent",0.5074958745824794,0.5057118268497288,0.0017840477327505,0.0035153935669295,0.51,0.5,1.2,4,geometric,prior_sweep,roi_full,roi,non_revenue,revenue,__revenue_equiv__,100.0,snapchat,fixed_full_grid,False,roi,roi,Revenue-equivalent ROI,0.5,1.0,LogNormal,target_channels,snapchat,configured,,,,upload_1bc112d58beb_monthly_mocha,/Users/jasper/Documents/Intern/BlueAlpha/capstone-Blue_Alpha_1/backend/storage/uploads/upload_1bc112d58beb_monthly_mocha.csv,0.5,1.0,LogNormal,0.4727192380468491,0.0905764039605856,0.3625864535570144,1.422901827096939,0.4754934868410366,0.0870786532759666,0.362901359796524,1.4368953585624693,0.9870417353099532,0.5,0.5,LogNormal,0.002508276014166,0.0175747203398204,797987.173079,404975.1983073274,403551.5511004318,-1423.6472068955773,1423.6472068955773,100.0,40497519.83073274,40355155.11004318,-142364.7206895575,142364.7206895575,False,0.003515393566929558,-0.003515393566929558,0.0035153935669294998,-0.0035153935669294998,0.003515393566929529,-0.003515393566929529,0.0,1.0,0,False,True,False,True,,0.003515393566929529,0.003515393566929529,,True,True,0.0
"multi|amazon,beehiiv,google,liveintent,meta,moloco,snapchat,tiktok|pmode=roi|rpk=100.0|target=snapchat|mu=0.500000|sigma=1.000000|dist=LogNormal|0.500000|1.000000|LogNormal|alpha=0p51|ec=0p5|slope=1p2|lag=4|decay=geometric",snapchat,"{""kpi_type"": ""non_revenue"", ""kpi_type_effective"": ""revenue"", ""prior_design_mode"": ""roi"", ""prior_grid_type"": ""roi"", ""revenue_per_kpi"": 100.0, ""roi_prior_overrides"": {""amazon"": {""dist"": ""LogNormal"", ""mu"": 0.5, ""sigma"": 0.5}, ""beehiiv"": {""dist"": ""LogNormal"", ""mu"": 0.5, ""sigma"": 0.5}, ""google"": {""dist"": ""LogNormal"", ""mu"": 0.5, ""sigma"": 0.5}, ""liveintent"": {""dist"": ""LogNormal"", ""mu"": 0.5, ""sigma"": 0.5}, ""meta"": {""dist"": ""LogNormal"", ""mu"": 0.5, ""sigma"": 0.5}, ""moloco"": {""dist"": ""LogNormal"", ""mu"": 0.5, ""sigma"": 0.5}, ""snapchat"": {""dist"": ""LogNormal"", ""mu"": 0.5, ""sigma"": 1.0}, ""tiktok"": {""dist"": ""LogNormal"", ""mu"": 0.5, ""sigma"": 0.5}}, ""run_mode"": ""roi_full"", ""structural_overrides"": {""adstock_decay_spec"": ""geometric"", ""alpha_m"": 0.51, ""ec_m"": 0.5, ""max_lag"": 4, ""slope_m"": 1.2}, ""sweep_type"": ""fixed_full_grid"", ""target_channel"": ""snapchat"", ""two_layer_enabled"": false}",meta,REVIEW,REVIEW:PriorPosteriorShift,PriorPosteriorShift,"beehiiv,liveintent",0.4922159127285704,0.4835022539459169,0.0087136587826535,0.0177029197092589,0.51,0.5,1.2,4,geometric,prior_sweep,roi_full,roi,non_revenue,revenue,__revenue_equiv__,100.0,snapchat,fixed_full_grid,False,roi,roi,Revenue-equivalent ROI,0.5,1.0,LogNormal,target_channels,snapchat,configured,,,,upload_1bc112d58beb_monthly_mocha,/Users/jasper/Documents/Intern/BlueAlpha/capstone-Blue_Alpha_1/backend/storage/uploads/upload_1bc112d58beb_monthly_mocha.csv,0.5,1.0,LogNormal,0.4128178986318089,0.1016733910888433,0.3566605746746063,1.3128194272518148,0.4262067634173682,0.0985163997858762,0.3437883257865906,1.339649748802185,0.9758387663363454,0.5,0.5,LogNormal,0.0235322713824323,0.0292212843594763,840158.1265220001,413539.199082352,406218.34784436587,-7320.85123798612,7320.85123798612,100.0,41353919.9082352,40621834.78443658,-732085.1237986162,732085.1237986162,False,0.017702919709258986,-0.017702919709258986,0.017702919709258927,-0.017702919709258927,0.017702919709258955,-0.017702919709258955,0.0,1.0,0,False,True,False,True,,0.017702919709258955,0.017702919709258955,,True,False,0.0
"multi|amazon,beehiiv,google,liveintent,meta,moloco,snapchat,tiktok|pmode=roi|rpk=100.0|target=snapchat|mu=0.500000|sigma=1.000000|dist=LogNormal|0.500000|1.000000|LogNormal|alpha=0p51|ec=0p5|slope=1p2|lag=4|decay=geometric",snapchat,"{""kpi_type"": ""non_revenue"", ""kpi_type_effective"": ""revenue"", ""prior_design_mode"": ""roi"", ""prior_grid_type"": ""roi"", ""revenue_per_kpi"": 100.0, ""roi_prior_overrides"": {""amazon"": {""dist"": ""LogNormal"", ""mu"": 0.5, ""sigma"": 0.5}, ""beehiiv"": {""dist"": ""LogNormal"", ""mu"": 0.5, ""sigma"": 0.5}, ""google"": {""dist"": ""LogNormal"", ""mu"": 0.5, ""sigma"": 0.5}, ""liveintent"": {""dist"": ""LogNormal"", ""mu"": 0.5, ""sigma"": 0.5}, ""meta"": {""dist"": ""LogNormal"", ""mu"": 0.5, ""sigma"": 0.5}, ""moloco"": {""dist"": ""LogNormal"", ""mu"": 0.5, ""sigma"": 0.5}, ""snapchat"": {""dist"": ""LogNormal"", ""mu"": 0.5, ""sigma"": 1.0}, ""tiktok"": {""dist"": ""LogNormal"", ""mu"": 0.5, ""sigma"": 0.5}}, ""run_mode"": ""roi_full"", ""structural_overrides"": {""adstock_decay_spec"": ""geometric"", ""alpha_m"": 0.51, ""ec_m"": 0.5, ""max_lag"": 4, ""slope_m"": 1.2}, ""sweep_type"": ""fixed_full_grid"", ""target_channel"": ""snapchat"", ""two_layer_enabled"": false}",moloco,REVIEW,REVIEW:PriorPosteriorShift,PriorPosteriorShift,"beehiiv,liveintent",0.5193671595243117,0.5246027841729423,0.0052356246486305,0.010080777254815,0.51,0.5,1.2,4,geometric,prior_sweep,roi_full,roi,non_revenue,revenue,__revenue_equiv__,100.0,snapchat,fixed_full_grid,False,roi,roi,Revenue-equivalent ROI,0.5,1.0,LogNormal,target_channels,snapchat,configured,,,,upload_1bc112d58beb_monthly_mocha,/Users/jasper/Documents/Intern/BlueAlpha/capstone-Blue_Alpha_1/backend/storage/uploads/upload_1bc112d58beb_monthly_mocha.csv,0.5,1.0,LogNormal,0.4986959806994451,0.0960079569369554,0.3689096570014953,1.4562236905097956,0.5109232992866928,0.1003925781697034,0.3720731735229492,1.4477456629276266,0.9905436700242166,0.5,0.5,LogNormal,0.0016844482138883,0.0212123994036252,842234.6095886,437428.9968350988,441838.62111699063,4409.6242818918545,4409.6242818918545,100.0,43742899.68350988,44183862.11169906,440962.4281891808,440962.4281891808,False,0.010080777254815064,0.010080777254815064,0.01008077725481511,0.01008077725481511,0.010080777254815088,0.010080777254815088,0.0,1.0,0,False,True,False,True,,0.010080777254815088,0.010080777254815088,,True,False,0.0
"multi|amazon,beehiiv,google,liveintent,meta,moloco,snapchat,tiktok|pmode=roi|rpk=100.0|target=snapchat|mu=0.500000|sigma=1.000000|dist=LogNormal|0.500000|1.000000|LogNormal|alpha=0p51|ec=0p5|slope=1p2|lag=4|decay=geometric",snapchat,"{""kpi_type"": ""non_revenue"", ""kpi_type_effective"": ""revenue"", ""prior_design_mode"": ""roi"", ""prior_grid_type"": ""roi"", ""revenue_per_kpi"": 100.0, ""roi_prior_overrides"": {""amazon"": {""dist"": ""LogNormal"", ""mu"": 0.5, ""sigma"": 0.5}, ""beehiiv"": {""dist"": ""LogNormal"", ""mu"": 0.5, ""sigma"": 0.5}, ""google"": {""dist"": ""LogNormal"", ""mu"": 0.5, ""sigma"": 0.5}, ""liveintent"": {""dist"": ""LogNormal"", ""mu"": 0.5, ""sigma"": 0.5}, ""meta"": {""dist"": ""LogNormal"", ""mu"": 0.5, ""sigma"": 0.5}, ""moloco"": {""dist"": ""LogNormal"", ""mu"": 0.5, ""sigma"": 0.5}, ""snapchat"": {""dist"": ""LogNormal"", ""mu"": 0.5, ""sigma"": 1.0}, ""tiktok"": {""dist"": ""LogNormal"", ""mu"": 0.5, ""sigma"": 0.5}}, ""run_mode"": ""roi_full"", ""structural_overrides"": {""adstock_decay_spec"": ""geometric"", ""alpha_m"": 0.51, ""ec_m"": 0.5, ""max_lag"": 4, ""slope_m"": 1.2}, ""sweep_type"": ""fixed_full_grid"", ""target_channel"": ""snapchat"", ""two_layer_enabled"": false}",snapchat,REVIEW,REVIEW:PriorPosteriorShift,PriorPosteriorShift,"beehiiv,liveintent",0.5166618288556735,0.386316566664027,0.1303452621916465,0.2522835148869836,0.51,0.5,1.2,4,geometric,prior_sweep,roi_full,roi,non_revenue,revenue,__revenue_equiv__,100.0,snapchat,fixed_full_grid,False,roi,roi,Revenue-equivalent ROI,0.5,1.0,LogNormal,target_channels,snapchat,configured,,,,upload_1bc112d58beb_monthly_mocha,/Users/jasper/Documents/Intern/BlueAlpha/capstone-Blue_Alpha_1/backend/storage/uploads/upload_1bc112d58beb_monthly_mocha.csv,0.5,1.0,LogNormal,0.4711478203533085,0.0951749168336391,0.3710568994283676,1.3794029116630553,0.4376095148366662,0.0268825855106115,0.2320312187075615,1.2321165740489952,0.8406096642182443,0.5,1.0,LogNormal,0.4286412901278511,0.1017993186768661,4342436.908989999,2243571.395089151,1677555.3176361662,-566016.0774529846,566016.0774529846,100.0,224357139.5089151,167755531.76361662,-56601607.745298475,56601607.745298475,False,0.25228351488698364,-0.25228351488698364,0.25228351488698375,-0.25228351488698375,0.2522835148869837,-0.2522835148869837,0.0,1.0,0,False,True,False,True,,0.2522835148869837,0.2522835148869837,,True,False,0.0
"multi|amazon,beehiiv,google,liveintent,meta,moloco,snapchat,tiktok|pmode=roi|rpk=100.0|target=snapchat|mu=0.500000|sigma=1.000000|dist=LogNormal|0.500000|1.000000|LogNormal|alpha=0p51|ec=0p5|slope=1p2|lag=4|decay=geometric",snapchat,"{""kpi_type"": ""non_revenue"", ""kpi_type_effective"": ""revenue"", ""prior_design_mode"": ""roi"", ""prior_grid_type"": ""roi"", ""revenue_per_kpi"": 100.0, ""roi_prior_overrides"": {""amazon"": {""dist"": ""LogNormal"", ""mu"": 0.5, ""sigma"": 0.5}, ""beehiiv"": {""dist"": ""LogNormal"", ""mu"": 0.5, ""sigma"": 0.5}, ""google"": {""dist"": ""LogNormal"", ""mu"": 0.5, ""sigma"": 0.5}, ""liveintent"": {""dist"": ""LogNormal"", ""mu"": 0.5, ""sigma"": 0.5}, ""meta"": {""dist"": ""LogNormal"", ""mu"": 0.5, ""sigma"": 0.5}, ""moloco"": {""dist"": ""LogNormal"", ""mu"": 0.5, ""sigma"": 0.5}, ""snapchat"": {""dist"": ""LogNormal"", ""mu"": 0.5, ""sigma"": 1.0}, ""tiktok"": {""dist"": ""LogNormal"", ""mu"": 0.5, ""sigma"": 0.5}}, ""run_mode"": ""roi_full"", ""structural_overrides"": {""adstock_decay_spec"": ""geometric"", ""alpha_m"": 0.51, ""ec_m"": 0.5, ""max_lag"": 4, ""slope_m"": 1.2}, ""sweep_type"": ""fixed_full_grid"", ""target_channel"": ""snapchat"", ""two_layer_enabled"": false}",tiktok,REVIEW,REVIEW:PriorPosteriorShift,PriorPosteriorShift,"beehiiv,liveintent",0.4454225514084101,0.449212438405181,0.0037898869967709,0.0085085206952082,0.51,0.5,1.2,4,geometric,prior_sweep,roi_full,roi,non_revenue,revenue,__revenue_equiv__,100.0,snapchat,fixed_full_grid,False,roi,roi,Revenue-equivalent ROI,0.5,1.0,LogNormal,target_channels,snapchat,configured,,,,upload_1bc112d58beb_monthly_mocha,/Users/jasper/Documents/Intern/BlueAlpha/capstone-Blue_Alpha_1/backend/storage/uploads/upload_1bc112d58beb_monthly_mocha.csv,0.5,1.0,LogNormal,0.389614058166092,0.0862870134413242,0.3261690884828567,1.226093351840973,0.3950080271332306,0.0867574427276849,0.3338781744241714,1.2270422160625458,0.9987558299057744,0.5,0.5,LogNormal,0.0529234476961453,0.0690404983114548,1752685.00913,780685.4285819572,787327.9067074943,6642.478125537047,6642.478125537047,100.0,78068542.85819572,78732790.67074943,664247.8125537038,664247.8125537038,False,0.008508520695208228,0.008508520695208228,0.008508520695208176,0.008508520695208176,0.008508520695208202,0.008508520695208202,0.0,1.0,0,False,True,False,True,,0.008508520695208202,0.008508520695208202,,True,False,0.0
"multi|amazon,beehiiv,google,liveintent,meta,moloco,snapchat,tiktok|pmode=roi|rpk=100.0|target=moloco|mu=1.500000|sigma=1.000000|dist=LogNormal|1.500000|1.000000|LogNormal|alpha=0p51|ec=0p5|slope=1p2|lag=4|decay=geometric",moloco,"{""kpi_type"": ""non_revenue"", ""kpi_type_effective"": ""revenue"", ""prior_design_mode"": ""roi"", ""prior_grid_type"": ""roi"", ""revenue_per_kpi"": 100.0, ""roi_prior_overrides"": {""amazon"": {""dist"": ""LogNormal"", ""mu"": 0.5, ""sigma"": 0.5}, ""beehiiv"": {""dist"": ""LogNormal"", ""mu"": 0.5, ""sigma"": 0.5}, ""google"": {""dist"": ""LogNormal"", ""mu"": 0.5, ""sigma"": 0.5}, ""liveintent"": {""dist"": ""LogNormal"", ""mu"": 0.5, ""sigma"": 0.5}, ""meta"": {""dist"": ""LogNormal"", ""mu"": 0.5, ""sigma"": 0.5}, ""moloco"": {""dist"": ""LogNormal"", ""mu"": 1.5, ""sigma"": 1.0}, ""snapchat"": {""dist"": ""LogNormal"", ""mu"": 0.5, ""sigma"": 0.5}, ""tiktok"": {""dist"": ""LogNormal"", ""mu"": 0.5, ""sigma"": 0.5}}, ""run_mode"": ""roi_full"", ""structural_overrides"": {""adstock_decay_spec"": ""geometric"", ""alpha_m"": 0.51, ""ec_m"": 0.5, ""max_lag"": 4, ""slope_m"": 1.2}, ""sweep_type"": ""fixed_full_grid"", ""target_channel"": ""moloco"", ""two_layer_enabled"": false}",amazon,REVIEW,REVIEW:PriorPosteriorShift,PriorPosteriorShift,"beehiiv,liveintent",0.5121372402909522,0.5107472113349164,0.0013900289560357,0.0027141727776838,0.51,0.5,1.2,4,geometric,prior_sweep,roi_full,roi,non_revenue,revenue,__revenue_equiv__,100.0,moloco,fixed_full_grid,False,roi,roi,Revenue-equivalent ROI,1.5,1.0,LogNormal,target_channels,moloco,configured,,,,upload_1bc112d58beb_monthly_mocha,/Users/jasper/Documents/Intern/BlueAlpha/capstone-Blue_Alpha_1/backend/storage/uploads/upload_1bc112d58beb_monthly_mocha.csv,1.5,1.0,LogNormal,0.4840694861381271,0.0989534243941307,0.3617888689041137,1.4659758150577542,0.5274802559268572,0.097072734311223,0.3599394708871841,1.4373942255973802,0.9777469420795888,0.5,0.5,LogNormal,0.0031985091832981,0.0337968831888944,15740.258094,8061.172341728484,8039.292927202347,-21.879414526137225,21.879414526137225,100.0,806117.2341728484,803929.2927202347,-2187.9414526136825,2187.9414526136825,False,0.0027141727776837693,-0.0027141727776837693,0.0027141727776838253,-0.0027141727776838253,0.0027141727776837975,-0.0027141727776837975,2.0,1.0,0,False,False,False,True,,,0.0009047242592279325,,True,False,0.0
"multi|amazon,beehiiv,google,liveintent,meta,moloco,snapchat,tiktok|pmode=roi|rpk=100.0|target=moloco|mu=1.500000|sigma=1.000000|dist=LogNormal|1.500000|1.000000|LogNormal|alpha=0p51|ec=0p5|slope=1p2|lag=4|decay=geometric",moloco,"{""kpi_type"": ""non_revenue"", ""kpi_type_effective"": ""revenue"", ""prior_design_mode"": ""roi"", ""prior_grid_type"": ""roi"", ""revenue_per_kpi"": 100.0, ""roi_prior_overrides"": {""amazon"": {""dist"": ""LogNormal"", ""mu"": 0.5, ""sigma"": 0.5}, ""beehiiv"": {""dist"": ""LogNormal"", ""mu"": 0.5, ""sigma"": 0.5}, ""google"": {""dist"": ""LogNormal"", ""mu"": 0.5, ""sigma"": 0.5}, ""liveintent"": {""dist"": ""LogNormal"", ""mu"": 0.5, ""sigma"": 0.5}, ""meta"": {""dist"": ""LogNormal"", ""mu"": 0.5, ""sigma"": 0.5}, ""moloco"": {""dist"": ""LogNormal"", ""mu"": 1.5, ""sigma"": 1.0}, ""snapchat"": {""dist"": ""LogNormal"", ""mu"": 0.5, ""sigma"": 0.5}, ""tiktok"": {""dist"": ""LogNormal"", ""mu"": 0.5, ""sigma"": 0.5}}, ""run_mode"": ""roi_full"", ""structural_overrides"": {""adstock_decay_spec"": ""geometric"", ""alpha_m"": 0.51, ""ec_m"": 0.5, ""max_lag"": 4, ""slope_m"": 1.2}, ""sweep_type"": ""fixed_full_grid"", ""target_channel"": ""moloco"", ""two_layer_enabled"": false}",beehiiv,REVIEW,REVIEW:PriorPosteriorShift,PriorPosteriorShift,"beehiiv,liveintent",0.5170952036961293,0.5151508663470546,0.0019443373490746,0.0037601148399303,0.51,0.5,1.2,4,geometric,prior_sweep,roi_full,roi,non_revenue,revenue,__revenue_equiv__,100.0,moloco,fixed_full_grid,False,roi,roi,Revenue-equivalent ROI,1.5,1.0,LogNormal,target_channels,moloco,configured,,,,upload_1bc112d58beb_monthly_mocha,/Users/jasper/Documents/Intern/BlueAlpha/capstone-Blue_Alpha_1/backend/storage/uploads/upload_1bc112d58beb_monthly_mocha.csv,1.5,1.0,LogNormal,0.5569061978983733,0.0888365499675273,0.3553869128227234,1.4882560491561885,0.5414701661379551,0.0862601097673177,0.3560286164283752,1.4770389318466175,0.9901614854064462,0.5,0.5,LogNormal,0.0071591074874073,0.0191089767404208,328172.2732613,169696.3084894737,169058.23088164104,-638.0776078326744,638.0776078326744,100.0,16969630.848947372,16905823.088164102,-63807.76078327,63807.76078327,False,0.003760114839930346,-0.003760114839930346,0.0037601148399303832,-0.0037601148399303832,0.0037601148399303646,-0.0037601148399303646,2.0,1.0,0,False,False,False,True,,,0.0012533716133101215,,True,True,0.0
"multi|amazon,beehiiv,google,liveintent,meta,moloco,snapchat,tiktok|pmode=roi|rpk=100.0|target=moloco|mu=1.500000|sigma=1.000000|dist=LogNormal|1.500000|1.000000|LogNormal|alpha=0p51|ec=0p5|slope=1p2|lag=4|decay=geometric",moloco,"{""kpi_type"": ""non_revenue"", ""kpi_type_effective"": ""revenue"", ""prior_design_mode"": ""roi"", ""prior_grid_type"": ""roi"", ""revenue_per_kpi"": 100.0, ""roi_prior_overrides"": {""amazon"": {""dist"": ""LogNormal"", ""mu"": 0.5, ""sigma"": 0.5}, ""beehiiv"": {""dist"": ""LogNormal"", ""mu"": 0.5, ""sigma"": 0.5}, ""google"": {""dist"": ""LogNormal"", ""mu"": 0.5, ""sigma"": 0.5}, ""liveintent"": {""dist"": ""LogNormal"", ""mu"": 0.5, ""sigma"": 0.5}, ""meta"": {""dist"": ""LogNormal"", ""mu"": 0.5, ""sigma"": 0.5}, ""moloco"": {""dist"": ""LogNormal"", ""mu"": 1.5, ""sigma"": 1.0}, ""snapchat"": {""dist"": ""LogNormal"", ""mu"": 0.5, ""sigma"": 0.5}, ""tiktok"": {""dist"": ""LogNormal"", ""mu"": 0.5, ""sigma"": 0.5}}, ""run_mode"": ""roi_full"", ""structural_overrides"": {""adstock_decay_spec"": ""geometric"", ""alpha_m"": 0.51, ""ec_m"": 0.5, ""max_lag"": 4, ""slope_m"": 1.2}, ""sweep_type"": ""fixed_full_grid"", ""target_channel"": ""moloco"", ""two_layer_enabled"": false}",google,REVIEW,REVIEW:PriorPosteriorShift,PriorPosteriorShift,"beehiiv,liveintent",0.3639935120598723,0.3737877643837904,0.0097942523239181,0.0269077662085006,0.51,0.5,1.2,4,geometric,prior_sweep,roi_full,roi,non_revenue,revenue,__revenue_equiv__,100.0,moloco,fixed_full_grid,False,roi,roi,Revenue-equivalent ROI,1.5,1.0,LogNormal,target_channels,moloco,configured,,,,upload_1bc112d58beb_monthly_mocha,/Users/jasper/Documents/Intern/BlueAlpha/capstone-Blue_Alpha_1/backend/storage/uploads/upload_1bc112d58beb_monthly_mocha.csv,1.5,1.0,LogNormal,0.2538866235360484,0.0906866624951362,0.2933306694030761,0.9025721818208694,0.2742286889598119,0.0872707165777683,0.2918014228343963,0.9252896398305892,0.9688152579828992,0.5,0.5,LogNormal,0.2829075134406205,0.1203731647200198,10298543.94665,3748603.180244072,3849469.7182265217,100866.5379824494,100866.5379824494,100.0,374860318.0244072,384946971.8226521,10086653.798244894,10086653.798244894,False,0.026907766208500685,0.026907766208500685,0.026907766208500744,0.026907766208500744,0.026907766208500716,0.026907766208500716,2.0,1.0,0,False,False,False,True,,,0.008969255402833573,,True,False,0.0
"multi|amazon,beehiiv,google,liveintent,meta,moloco,snapchat,tiktok|pmode=roi|rpk=100.0|target=moloco|mu=1.500000|sigma=1.000000|dist=LogNormal|1.500000|1.000000|LogNormal|alpha=0p51|ec=0p5|slope=1p2|lag=4|decay=geometric",moloco,"{""kpi_type"": ""non_revenue"", ""kpi_type_effective"": ""revenue"", ""prior_design_mode"": ""roi"", ""prior_grid_type"": ""roi"", ""revenue_per_kpi"": 100.0, ""roi_prior_overrides"": {""amazon"": {""dist"": ""LogNormal"", ""mu"": 0.5, ""sigma"": 0.5}, ""beehiiv"": {""dist"": ""LogNormal"", ""mu"": 0.5, ""sigma"": 0.5}, ""google"": {""dist"": ""LogNormal"", ""mu"": 0.5, ""sigma"": 0.5}, ""liveintent"": {""dist"": ""LogNormal"", ""mu"": 0.5, ""sigma"": 0.5}, ""meta"": {""dist"": ""LogNormal"", ""mu"": 0.5, ""sigma"": 0.5}, ""moloco"": {""dist"": ""LogNormal"", ""mu"": 1.5, ""sigma"": 1.0}, ""snapchat"": {""dist"": ""LogNormal"", ""mu"": 0.5, ""sigma"": 0.5}, ""tiktok"": {""dist"": ""LogNormal"", ""mu"": 0.5, ""sigma"": 0.5}}, ""run_mode"": ""roi_full"", ""structural_overrides"": {""adstock_decay_spec"": ""geometric"", ""alpha_m"": 0.51, ""ec_m"": 0.5, ""max_lag"": 4, ""slope_m"": 1.2}, ""sweep_type"": ""fixed_full_grid"", ""target_channel"": ""moloco"", ""two_layer_enabled"": false}",liveintent,REVIEW,REVIEW:PriorPosteriorShift,PriorPosteriorShift,"beehiiv,liveintent",0.5074958745824794,0.488520511786143,0.0189753627963363,0.0373901813723068,0.51,0.5,1.2,4,geometric,prior_sweep,roi_full,roi,non_revenue,revenue,__revenue_equiv__,100.0,moloco,fixed_full_grid,False,roi,roi,Revenue-equivalent ROI,1.5,1.0,LogNormal,target_channels,moloco,configured,,,,upload_1bc112d58beb_monthly_mocha,/Users/jasper/Documents/Intern/BlueAlpha/capstone-Blue_Alpha_1/backend/storage/uploads/upload_1bc112d58beb_monthly_mocha.csv,1.5,1.0,LogNormal,0.4727192380468491,0.0905764039605856,0.3625864535570144,1.422901827096939,0.4629968425507887,0.086673567444086,0.354744553565979,1.4348704040050506,0.9882276734418864,0.5,0.5,LogNormal,0.0058835736272473,0.0294667271001921,797987.173079,404975.1983073274,389833.1021913305,-15142.096115996888,15142.096115996888,100.0,40497519.83073274,38983310.21913305,-1514209.6115996912,1514209.6115996912,False,0.037390181372306826,-0.037390181372306826,0.037390181372306805,-0.037390181372306805,0.03739018137230682,-0.03739018137230682,2.0,1.0,0,False,False,False,True,,,0.01246339379076894,,True,True,0.0
"multi|amazon,beehiiv,google,liveintent,meta,moloco,snapchat,tiktok|pmode=roi|rpk=100.0|target=moloco|mu=1.500000|sigma=1.000000|dist=LogNormal|1.500000|1.000000|LogNormal|alpha=0p51|ec=0p5|slope=1p2|lag=4|decay=geometric",moloco,"{""kpi_type"": ""non_revenue"", ""kpi_type_effective"": ""revenue"", ""prior_design_mode"": ""roi"", ""prior_grid_type"": ""roi"", ""revenue_per_kpi"": 100.0, ""roi_prior_overrides"": {""amazon"": {""dist"": ""LogNormal"", ""mu"": 0.5, ""sigma"": 0.5}, ""beehiiv"": {""dist"": ""LogNormal"", ""mu"": 0.5, ""sigma"": 0.5}, ""google"": {""dist"": ""LogNormal"", ""mu"": 0.5, ""sigma"": 0.5}, ""liveintent"": {""dist"": ""LogNormal"", ""mu"": 0.5, ""sigma"": 0.5}, ""meta"": {""dist"": ""LogNormal"", ""mu"": 0.5, ""sigma"": 0.5}, ""moloco"": {""dist"": ""LogNormal"", ""mu"": 1.5, ""sigma"": 1.0}, ""snapchat"": {""dist"": ""LogNormal"", ""mu"": 0.5, ""sigma"": 0.5}, ""tiktok"": {""dist"": ""LogNormal"", ""mu"": 0.5, ""sigma"": 0.5}}, ""run_mode"": ""roi_full"", ""structural_overrides"": {""adstock_decay_spec"": ""geometric"", ""alpha_m"": 0.51, ""ec_m"": 0.5, ""max_lag"": 4, ""slope_m"": 1.2}, ""sweep_type"": ""fixed_full_grid"", ""target_channel"": ""moloco"", ""two_layer_enabled"": false}",meta,REVIEW,REVIEW:PriorPosteriorShift,PriorPosteriorShift,"beehiiv,liveintent",0.4922159127285704,0.4858094710018485,0.0064064417267218,0.0130155112036264,0.51,0.5,1.2,4,geometric,prior_sweep,roi_full,roi,non_revenue,revenue,__revenue_equiv__,100.0,moloco,fixed_full_grid,False,roi,roi,Revenue-equivalent ROI,1.5,1.0,LogNormal,target_channels,moloco,configured,,,,upload_1bc112d58beb_monthly_mocha,/Users/jasper/Documents/Intern/BlueAlpha/capstone-Blue_Alpha_1/backend/storage/uploads/upload_1bc112d58beb_monthly_mocha.csv,1.5,1.0,LogNormal,0.4128178986318089,0.1016733910888433,0.3566605746746063,1.3128194272518148,0.4237436853330321,0.092789214476943,0.3507228493690491,1.3142800271511077,0.991531023889942,0.5,0.5,LogNormal,0.0249995056532507,0.0283149590146602,840158.1265220001,413539.199082352,408156.775003557,-5382.424078795011,5382.424078795011,100.0,41353919.9082352,40815677.5003557,-538242.4078795016,538242.4078795016,False,0.013015511203626375,-0.013015511203626375,0.013015511203626328,-0.013015511203626328,0.013015511203626352,-0.013015511203626352,2.0,1.0,0,False,False,False,True,,,0.004338503734542118,,True,False,0.0
"multi|amazon,beehiiv,google,liveintent,meta,moloco,snapchat,tiktok|pmode=roi|rpk=100.0|target=moloco|mu=1.500000|sigma=1.000000|dist=LogNormal|1.500000|1.000000|LogNormal|alpha=0p51|ec=0p5|slope=1p2|lag=4|decay=geometric",moloco,"{""kpi_type"": ""non_revenue"", ""kpi_type_effective"": ""revenue"", ""prior_design_mode"": ""roi"", ""prior_grid_type"": ""roi"", ""revenue_per_kpi"": 100.0, ""roi_prior_overrides"": {""amazon"": {""dist"": ""LogNormal"", ""mu"": 0.5, ""sigma"": 0.5}, ""beehiiv"": {""dist"": ""LogNormal"", ""mu"": 0.5, ""sigma"": 0.5}, ""google"": {""dist"": ""LogNormal"", ""mu"": 0.5, ""sigma"": 0.5}, ""liveintent"": {""dist"": ""LogNormal"", ""mu"": 0.5, ""sigma"": 0.5}, ""meta"": {""dist"": ""LogNormal"", ""mu"": 0.5, ""sigma"": 0.5}, ""moloco"": {""dist"": ""LogNormal"", ""mu"": 1.5, ""sigma"": 1.0}, ""snapchat"": {""dist"": ""LogNormal"", ""mu"": 0.5, ""sigma"": 0.5}, ""tiktok"": {""dist"": ""LogNormal"", ""mu"": 0.5, ""sigma"": 0.5}}, ""run_mode"": ""roi_full"", ""structural_overrides"": {""adstock_decay_spec"": ""geometric"", ""alpha_m"": 0.51, ""ec_m"": 0.5, ""max_lag"": 4, ""slope_m"": 1.2}, ""sweep_type"": ""fixed_full_grid"", ""target_channel"": ""moloco"", ""two_layer_enabled"": false}",moloco,REVIEW,REVIEW:PriorPosteriorShift,PriorPosteriorShift,"beehiiv,liveintent",0.5193671595243117,1.582576823818187,1.063209664293875,2.0471253231869126,0.51,0.5,1.2,4,geometric,prior_sweep,roi_full,roi,non_revenue,revenue,__revenue_equiv__,100.0,moloco,fixed_full_grid,False,roi,roi,Revenue-equivalent ROI,1.5,1.0,LogNormal,target_channels,moloco,configured,,,,upload_1bc112d58beb_monthly_mocha,/Users/jasper/Documents/Intern/BlueAlpha/capstone-Blue_Alpha_1/backend/storage/uploads/upload_1bc112d58beb_monthly_mocha.csv,1.5,1.0,LogNormal,0.4986959806994451,0.0960079569369554,0.3689096570014953,1.4562236905097956,0.9955150032153532,0.4959639608860016,1.3514768481254578,3.57876567840576,0.2757182113772811,1.5,1.0,LogNormal,0.0034296112858245,0.070023793575362,842234.6095886,437428.9968350988,1332900.9733524774,895471.9765173786,895471.9765173786,100.0,43742899.68350988,133290097.33524774,89547197.65173787,89547197.65173787,False,2.0471253231869126,2.0471253231869126,2.0471253231869126,2.0471253231869126,2.0471253231869126,2.0471253231869126,2.0,1.0,0,False,False,False,True,,,0.6823751077289709,,True,False,0.0
"multi|amazon,beehiiv,google,liveintent,meta,moloco,snapchat,tiktok|pmode=roi|rpk=100.0|target=moloco|mu=1.500000|sigma=1.000000|dist=LogNormal|1.500000|1.000000|LogNormal|alpha=0p51|ec=0p5|slope=1p2|lag=4|decay=geometric",moloco,"{""kpi_type"": ""non_revenue"", ""kpi_type_effective"": ""revenue"", ""prior_design_mode"": ""roi"", ""prior_grid_type"": ""roi"", ""revenue_per_kpi"": 100.0, ""roi_prior_overrides"": {""amazon"": {""dist"": ""LogNormal"", ""mu"": 0.5, ""sigma"": 0.5}, ""beehiiv"": {""dist"": ""LogNormal"", ""mu"": 0.5, ""sigma"": 0.5}, ""google"": {""dist"": ""LogNormal"", ""mu"": 0.5, ""sigma"": 0.5}, ""liveintent"": {""dist"": ""LogNormal"", ""mu"": 0.5, ""sigma"": 0.5}, ""meta"": {""dist"": ""LogNormal"", ""mu"": 0.5, ""sigma"": 0.5}, ""moloco"": {""dist"": ""LogNormal"", ""mu"": 1.5, ""sigma"": 1.0}, ""snapchat"": {""dist"": ""LogNormal"", ""mu"": 0.5, ""sigma"": 0.5}, ""tiktok"": {""dist"": ""LogNormal"", ""mu"": 0.5, ""sigma"": 0.5}}, ""run_mode"": ""roi_full"", ""structural_overrides"": {""adstock_decay_spec"": ""geometric"", ""alpha_m"": 0.51, ""ec_m"": 0.5, ""max_lag"": 4, ""slope_m"": 1.2}, ""sweep_type"": ""fixed_full_grid"", ""target_channel"": ""moloco"", ""two_layer_enabled"": false}",snapchat,REVIEW,REVIEW:PriorPosteriorShift,PriorPosteriorShift,"beehiiv,liveintent",0.5166618288556735,0.5077098739271363,0.0089519549285371,0.017326526614835,0.51,0.5,1.2,4,geometric,prior_sweep,roi_full,roi,non_revenue,revenue,__revenue_equiv__,100.0,moloco,fixed_full_grid,False,roi,roi,Revenue-equivalent ROI,1.5,1.0,LogNormal,target_channels,moloco,configured,,,,upload_1bc112d58beb_monthly_mocha,/Users/jasper/Documents/Intern/BlueAlpha/capstone-Blue_Alpha_1/backend/storage/uploads/upload_1bc112d58beb_monthly_mocha.csv,1.5,1.0,LogNormal,0.4711478203533085,0.0951749168336391,0.3710568994283676,1.3794029116630553,0.4678426840188657,0.0892384983599186,0.3749704509973526,1.2920916497707364,0.9277241881697058,0.5,0.5,LogNormal,0.0043484425647575,0.018003998063348,4342436.908989999,2243571.395089151,2204698.095599856,-38873.29948929464,38873.29948929464,100.0,224357139.5089151,220469809.55998564,-3887329.948929459,3887329.948929459,False,0.017326526614835046,-0.017326526614835046,0.01732652661483499,-0.01732652661483499,0.017326526614835018,-0.017326526614835018,2.0,1.0,0,False,False,False,True,,,0.005775508871611673,,True,False,0.0
"multi|amazon,beehiiv,google,liveintent,meta,moloco,snapchat,tiktok|pmode=roi|rpk=100.0|target=moloco|mu=1.500000|sigma=1.000000|dist=LogNormal|1.500000|1.000000|LogNormal|alpha=0p51|ec=0p5|slope=1p2|lag=4|decay=geometric",moloco,"{""kpi_type"": ""non_revenue"", ""kpi_type_effective"": ""revenue"", ""prior_design_mode"": ""roi"", ""prior_grid_type"": ""roi"", ""revenue_per_kpi"": 100.0, ""roi_prior_overrides"": {""amazon"": {""dist"": ""LogNormal"", ""mu"": 0.5, ""sigma"": 0.5}, ""beehiiv"": {""dist"": ""LogNormal"", ""mu"": 0.5, ""sigma"": 0.5}, ""google"": {""dist"": ""LogNormal"", ""mu"": 0.5, ""sigma"": 0.5}, ""liveintent"": {""dist"": ""LogNormal"", ""mu"": 0.5, ""sigma"": 0.5}, ""meta"": {""dist"": ""LogNormal"", ""mu"": 0.5, ""sigma"": 0.5}, ""moloco"": {""dist"": ""LogNormal"", ""mu"": 1.5, ""sigma"": 1.0}, ""snapchat"": {""dist"": ""LogNormal"", ""mu"": 0.5, ""sigma"": 0.5}, ""tiktok"": {""dist"": ""LogNormal"", ""mu"": 0.5, ""sigma"": 0.5}}, ""run_mode"": ""roi_full"", ""structural_overrides"": {""adstock_decay_spec"": ""geometric"", ""alpha_m"": 0.51, ""ec_m"": 0.5, ""max_lag"": 4, ""slope_m"": 1.2}, ""sweep_type"": ""fixed_full_grid"", ""target_channel"": ""moloco"", ""two_layer_enabled"": false}",tiktok,REVIEW,REVIEW:PriorPosteriorShift,PriorPosteriorShift,"beehiiv,liveintent",0.4454225514084101,0.4430673365822682,0.0023552148261418,0.0052875967296553,0.51,0.5,1.2,4,geometric,prior_sweep,roi_full,roi,non_revenue,revenue,__revenue_equiv__,100.0,moloco,fixed_full_grid,False,roi,roi,Revenue-equivalent ROI,1.5,1.0,LogNormal,target_channels,moloco,configured,,,,upload_1bc112d58beb_monthly_mocha,/Users/jasper/Documents/Intern/BlueAlpha/capstone-Blue_Alpha_1/backend/storage/uploads/upload_1bc112d58beb_monthly_mocha.csv,1.5,1.0,LogNormal,0.389614058166092,0.0862870134413242,0.3261690884828567,1.226093351840973,0.3731818315492359,0.0871668521314859,0.3311611711978912,1.1944365441799163,0.9714542328331832,0.5,0.5,LogNormal,0.0775543286384717,0.0753687850416822,1752685.00913,780685.4285819572,776557.4788628976,-4127.94971905963,4127.94971905963,100.0,78068542.85819572,77655747.88628976,-412794.9719059616,412794.9719059616,False,0.0052875967296553954,-0.0052875967296553954,0.005287596729655462,-0.005287596729655462,0.005287596729655428,-0.005287596729655428,2.0,1.0,0,False,False,False,True,,,0.0017625322432184762,,True,False,0.0
"multi|amazon,beehiiv,google,liveintent,meta,moloco,snapchat,tiktok|pmode=roi|rpk=100.0|target=snapchat|mu=0.500000|sigma=1.500000|dist=LogNormal|0.500000|1.500000|LogNormal|alpha=0p51|ec=0p5|slope=1p2|lag=4|decay=geometric",snapchat,"{""kpi_type"": ""non_revenue"", ""kpi_type_effective"": ""revenue"", ""prior_design_mode"": ""roi"", ""prior_grid_type"": ""roi"", ""revenue_per_kpi"": 100.0, ""roi_prior_overrides"": {""amazon"": {""dist"": ""LogNormal"", ""mu"": 0.5, ""sigma"": 0.5}, ""beehiiv"": {""dist"": ""LogNormal"", ""mu"": 0.5, ""sigma"": 0.5}, ""google"": {""dist"": ""LogNormal"", ""mu"": 0.5, ""sigma"": 0.5}, ""liveintent"": {""dist"": ""LogNormal"", ""mu"": 0.5, ""sigma"": 0.5}, ""meta"": {""dist"": ""LogNormal"", ""mu"": 0.5, ""sigma"": 0.5}, ""moloco"": {""dist"": ""LogNormal"", ""mu"": 0.5, ""sigma"": 0.5}, ""snapchat"": {""dist"": ""LogNormal"", ""mu"": 0.5, ""sigma"": 1.5}, ""tiktok"": {""dist"": ""LogNormal"", ""mu"": 0.5, ""sigma"": 0.5}}, ""run_mode"": ""roi_full"", ""structural_overrides"": {""adstock_decay_spec"": ""geometric"", ""alpha_m"": 0.51, ""ec_m"": 0.5, ""max_lag"": 4, ""slope_m"": 1.2}, ""sweep_type"": ""fixed_full_grid"", ""target_channel"": ""snapchat"", ""two_layer_enabled"": false}",amazon,REVIEW,REVIEW:PriorPosteriorShift,PriorPosteriorShift,"amazon,liveintent,meta",0.5121372402909522,0.5101554504952704,0.0019817897956817,0.0038696459459887,0.51,0.5,1.2,4,geometric,prior_sweep,roi_full,roi,non_revenue,revenue,__revenue_equiv__,100.0,snapchat,fixed_full_grid,False,roi,roi,Revenue-equivalent ROI,0.5,1.5,LogNormal,target_channels,snapchat,configured,,,,upload_1bc112d58beb_monthly_mocha,/Users/jasper/Documents/Intern/BlueAlpha/capstone-Blue_Alpha_1/backend/storage/uploads/upload_1bc112d58beb_monthly_mocha.csv,0.5,1.5,LogNormal,0.4840694861381271,0.0989534243941307,0.3617888689041137,1.4659758150577542,0.4877287577441889,0.0980607599020004,0.3593269288539886,1.4407664537429803,0.9809183869213778,0.5,0.5,LogNormal,0.0008136200022286,0.0346695253570155,15740.258094,8061.172341728484,8029.978458856397,-31.19388287208676,31.19388287208676,100.0,806117.2341728484,802997.8458856397,-3119.3882872087415,3119.3882872087415,False,0.0038696459459887592,-0.0038696459459887592,0.0038696459459888113,-0.0038696459459888113,0.0038696459459887853,-0.0038696459459887853,0.0,2.0,0,False,True,False,True,,0.0019348229729943926,0.0019348229729943926,,True,True,0.0
"multi|amazon,beehiiv,google,liveintent,meta,moloco,snapchat,tiktok|pmode=roi|rpk=100.0|target=snapchat|mu=0.500000|sigma=1.500000|dist=LogNormal|0.500000|1.500000|LogNormal|alpha=0p51|ec=0p5|slope=1p2|lag=4|decay=geometric",snapchat,"{""kpi_type"": ""non_revenue"", ""kpi_type_effective"": ""revenue"", ""prior_design_mode"": ""roi"", ""prior_grid_type"": ""roi"", ""revenue_per_kpi"": 100.0, ""roi_prior_overrides"": {""amazon"": {""dist"": ""LogNormal"", ""mu"": 0.5, ""sigma"": 0.5}, ""beehiiv"": {""dist"": ""LogNormal"", ""mu"": 0.5, ""sigma"": 0.5}, ""google"": {""dist"": ""LogNormal"", ""mu"": 0.5, ""sigma"": 0.5}, ""liveintent"": {""dist"": ""LogNormal"", ""mu"": 0.5, ""sigma"": 0.5}, ""meta"": {""dist"": ""LogNormal"", ""mu"": 0.5, ""sigma"": 0.5}, ""moloco"": {""dist"": ""LogNormal"", ""mu"": 0.5, ""sigma"": 0.5}, ""snapchat"": {""dist"": ""LogNormal"", ""mu"": 0.5, ""sigma"": 1.5}, ""tiktok"": {""dist"": ""LogNormal"", ""mu"": 0.5, ""sigma"": 0.5}}, ""run_mode"": ""roi_full"", ""structural_overrides"": {""adstock_decay_spec"": ""geometric"", ""alpha_m"": 0.51, ""ec_m"": 0.5, ""max_lag"": 4, ""slope_m"": 1.2}, ""sweep_type"": ""fixed_full_grid"", ""target_channel"": ""snapchat"", ""two_layer_enabled"": false}",beehiiv,REVIEW,REVIEW:PriorPosteriorShift,PriorPosteriorShift,"amazon,liveintent,meta",0.5170952036961293,0.5193418266065418,0.0022466229104125,0.0043446987988942,0.51,0.5,1.2,4,geometric,prior_sweep,roi_full,roi,non_revenue,revenue,__revenue_equiv__,100.0,snapchat,fixed_full_grid,False,roi,roi,Revenue-equivalent ROI,0.5,1.5,LogNormal,target_channels,snapchat,configured,,,,upload_1bc112d58beb_monthly_mocha,/Users/jasper/Documents/Intern/BlueAlpha/capstone-Blue_Alpha_1/backend/storage/uploads/upload_1bc112d58beb_monthly_mocha.csv,0.5,1.5,LogNormal,0.5569061978983733,0.0888365499675273,0.3553869128227234,1.4882560491561885,0.5946685687391469,0.0835582420229911,0.3546880930662155,1.444196462631225,0.9648765063781284,0.5,0.5,LogNormal,0.0346135012085709,0.0243073475057722,328172.2732613,169696.3084894737,170433.58783714473,737.2793476710212,737.2793476710212,100.0,16969630.848947372,17043358.783714473,73727.93476710096,73727.93476710096,False,0.004344698798894258,0.004344698798894258,0.004344698798894348,0.004344698798894348,0.004344698798894303,0.004344698798894303,0.0,2.0,0,False,True,False,True,,0.0021723493994471516,0.0021723493994471516,,True,False,0.0
"multi|amazon,beehiiv,google,liveintent,meta,moloco,snapchat,tiktok|pmode=roi|rpk=100.0|target=snapchat|mu=0.500000|sigma=1.500000|dist=LogNormal|0.500000|1.500000|LogNormal|alpha=0p51|ec=0p5|slope=1p2|lag=4|decay=geometric",snapchat,"{""kpi_type"": ""non_revenue"", ""kpi_type_effective"": ""revenue"", ""prior_design_mode"": ""roi"", ""prior_grid_type"": ""roi"", ""revenue_per_kpi"": 100.0, ""roi_prior_overrides"": {""amazon"": {""dist"": ""LogNormal"", ""mu"": 0.5, ""sigma"": 0.5}, ""beehiiv"": {""dist"": ""LogNormal"", ""mu"": 0.5, ""sigma"": 0.5}, ""google"": {""dist"": ""LogNormal"", ""mu"": 0.5, ""sigma"": 0.5}, ""liveintent"": {""dist"": ""LogNormal"", ""mu"": 0.5, ""sigma"": 0.5}, ""meta"": {""dist"": ""LogNormal"", ""mu"": 0.5, ""sigma"": 0.5}, ""moloco"": {""dist"": ""LogNormal"", ""mu"": 0.5, ""sigma"": 0.5}, ""snapchat"": {""dist"": ""LogNormal"", ""mu"": 0.5, ""sigma"": 1.5}, ""tiktok"": {""dist"": ""LogNormal"", ""mu"": 0.5, ""sigma"": 0.5}}, ""run_mode"": ""roi_full"", ""structural_overrides"": {""adstock_decay_spec"": ""geometric"", ""alpha_m"": 0.51, ""ec_m"": 0.5, ""max_lag"": 4, ""slope_m"": 1.2}, ""sweep_type"": ""fixed_full_grid"", ""target_channel"": ""snapchat"", ""two_layer_enabled"": false}",google,REVIEW,REVIEW:PriorPosteriorShift,PriorPosteriorShift,"amazon,liveintent,meta",0.3639935120598723,0.3602111739882578,0.0037823380716144,0.0103912238715736,0.51,0.5,1.2,4,geometric,prior_sweep,roi_full,roi,non_revenue,revenue,__revenue_equiv__,100.0,snapchat,fixed_full_grid,False,roi,roi,Revenue-equivalent ROI,0.5,1.5,LogNormal,target_channels,snapchat,configured,,,,upload_1bc112d58beb_monthly_mocha,/Users/jasper/Documents/Intern/BlueAlpha/capstone-Blue_Alpha_1/backend/storage/uploads/upload_1bc112d58beb_monthly_mocha.csv,0.5,1.5,LogNormal,0.2538866235360484,0.0906866624951362,0.2933306694030761,0.9025721818208694,0.2573066188397445,0.0848658911883831,0.2862787991762161,0.9096663147211074,0.9843417827652476,0.5,0.5,LogNormal,0.3358348792063326,0.1337010712110829,10298543.94665,3748603.180244072,3709650.6053924626,-38952.5748516093,38952.5748516093,100.0,374860318.0244072,370965060.53924626,-3895257.485160947,3895257.485160947,False,0.010391223871573683,-0.010391223871573683,0.010391223871573704,-0.010391223871573704,0.010391223871573693,-0.010391223871573693,0.0,2.0,0,False,True,False,True,,0.005195611935786847,0.005195611935786847,,True,False,0.0
"multi|amazon,beehiiv,google,liveintent,meta,moloco,snapchat,tiktok|pmode=roi|rpk=100.0|target=snapchat|mu=0.500000|sigma=1.500000|dist=LogNormal|0.500000|1.500000|LogNormal|alpha=0p51|ec=0p5|slope=1p2|lag=4|decay=geometric",snapchat,"{""kpi_type"": ""non_revenue"", ""kpi_type_effective"": ""revenue"", ""prior_design_mode"": ""roi"", ""prior_grid_type"": ""roi"", ""revenue_per_kpi"": 100.0, ""roi_prior_overrides"": {""amazon"": {""dist"": ""LogNormal"", ""mu"": 0.5, ""sigma"": 0.5}, ""beehiiv"": {""dist"": ""LogNormal"", ""mu"": 0.5, ""sigma"": 0.5}, ""google"": {""dist"": ""LogNormal"", ""mu"": 0.5, ""sigma"": 0.5}, ""liveintent"": {""dist"": ""LogNormal"", ""mu"": 0.5, ""sigma"": 0.5}, ""meta"": {""dist"": ""LogNormal"", ""mu"": 0.5, ""sigma"": 0.5}, ""moloco"": {""dist"": ""LogNormal"", ""mu"": 0.5, ""sigma"": 0.5}, ""snapchat"": {""dist"": ""LogNormal"", ""mu"": 0.5, ""sigma"": 1.5}, ""tiktok"": {""dist"": ""LogNormal"", ""mu"": 0.5, ""sigma"": 0.5}}, ""run_mode"": ""roi_full"", ""structural_overrides"": {""adstock_decay_spec"": ""geometric"", ""alpha_m"": 0.51, ""ec_m"": 0.5, ""max_lag"": 4, ""slope_m"": 1.2}, ""sweep_type"": ""fixed_full_grid"", ""target_channel"": ""snapchat"", ""two_layer_enabled"": false}",liveintent,REVIEW,REVIEW:PriorPosteriorShift,PriorPosteriorShift,"amazon,liveintent,meta",0.5074958745824794,0.5093485217603544,0.001852647177875,0.0036505659861751,0.51,0.5,1.2,4,geometric,prior_sweep,roi_full,roi,non_revenue,revenue,__revenue_equiv__,100.0,snapchat,fixed_full_grid,False,roi,roi,Revenue-equivalent ROI,0.5,1.5,LogNormal,target_channels,snapchat,configured,,,,upload_1bc112d58beb_monthly_mocha,/Users/jasper/Documents/Intern/BlueAlpha/capstone-Blue_Alpha_1/backend/storage/uploads/upload_1bc112d58beb_monthly_mocha.csv,0.5,1.5,LogNormal,0.4727192380468491,0.0905764039605856,0.3625864535570144,1.422901827096939,0.5018890755093255,0.0862620703876018,0.3608941733837127,1.4355273604392975,0.9874451176946132,0.5,0.5,LogNormal,0.0001890462171356,0.0162206057332382,797987.173079,404975.1983073274,406453.5869915127,1478.38868418528,1478.38868418528,100.0,40497519.83073274,40645358.69915127,147838.86841852963,147838.86841852963,False,0.0036505659861751976,0.0036505659861751976,0.0036505659861751855,0.0036505659861751855,0.0036505659861751916,0.0036505659861751916,0.0,2.0,0,False,True,False,True,,0.0018252829930875958,0.0018252829930875958,,True,True,0.0
"multi|amazon,beehiiv,google,liveintent,meta,moloco,snapchat,tiktok|pmode=roi|rpk=100.0|target=snapchat|mu=0.500000|sigma=1.500000|dist=LogNormal|0.500000|1.500000|LogNormal|alpha=0p51|ec=0p5|slope=1p2|lag=4|decay=geometric",snapchat,"{""kpi_type"": ""non_revenue"", ""kpi_type_effective"": ""revenue"", ""prior_design_mode"": ""roi"", ""prior_grid_type"": ""roi"", ""revenue_per_kpi"": 100.0, ""roi_prior_overrides"": {""amazon"": {""dist"": ""LogNormal"", ""mu"": 0.5, ""sigma"": 0.5}, ""beehiiv"": {""dist"": ""LogNormal"", ""mu"": 0.5, ""sigma"": 0.5}, ""google"": {""dist"": ""LogNormal"", ""mu"": 0.5, ""sigma"": 0.5}, ""liveintent"": {""dist"": ""LogNormal"", ""mu"": 0.5, ""sigma"": 0.5}, ""meta"": {""dist"": ""LogNormal"", ""mu"": 0.5, ""sigma"": 0.5}, ""moloco"": {""dist"": ""LogNormal"", ""mu"": 0.5, ""sigma"": 0.5}, ""snapchat"": {""dist"": ""LogNormal"", ""mu"": 0.5, ""sigma"": 1.5}, ""tiktok"": {""dist"": ""LogNormal"", ""mu"": 0.5, ""sigma"": 0.5}}, ""run_mode"": ""roi_full"", ""structural_overrides"": {""adstock_decay_spec"": ""geometric"", ""alpha_m"": 0.51, ""ec_m"": 0.5, ""max_lag"": 4, ""slope_m"": 1.2}, ""sweep_type"": ""fixed_full_grid"", ""target_channel"": ""snapchat"", ""two_layer_enabled"": false}",meta,REVIEW,REVIEW:PriorPosteriorShift,PriorPosteriorShift,"amazon,liveintent,meta",0.4922159127285704,0.4843961260157327,0.0078197867128377,0.0158869035125036,0.51,0.5,1.2,4,geometric,prior_sweep,roi_full,roi,non_revenue,revenue,__revenue_equiv__,100.0,snapchat,fixed_full_grid,False,roi,roi,Revenue-equivalent ROI,0.5,1.5,LogNormal,target_channels,snapchat,configured,,,,upload_1bc112d58beb_monthly_mocha,/Users/jasper/Documents/Intern/BlueAlpha/capstone-Blue_Alpha_1/backend/storage/uploads/upload_1bc112d58beb_monthly_mocha.csv,0.5,1.5,LogNormal,0.4128178986318089,0.1016733910888433,0.3566605746746063,1.3128194272518148,0.4318679060321549,0.1008726932108402,0.3444939851760864,1.3652499616146083,0.957899249242278,0.5,0.5,LogNormal,0.0199950682977452,0.0270038211592398,840158.1265220001,413539.199082352,406969.34172789264,-6569.857354459353,6569.857354459353,100.0,41353919.9082352,40696934.17278926,-656985.735445939,656985.735445939,False,0.015886903512503676,-0.015886903512503676,0.015886903512503624,-0.015886903512503624,0.01588690351250365,-0.01588690351250365,0.0,2.0,0,False,True,False,True,,0.007943451756251826,0.007943451756251826,,True,True,0.0
"multi|amazon,beehiiv,google,liveintent,meta,moloco,snapchat,tiktok|pmode=roi|rpk=100.0|target=snapchat|mu=0.500000|sigma=1.500000|dist=LogNormal|0.500000|1.500000|LogNormal|alpha=0p51|ec=0p5|slope=1p2|lag=4|decay=geometric",snapchat,"{""kpi_type"": ""non_revenue"", ""kpi_type_effective"": ""revenue"", ""prior_design_mode"": ""roi"", ""prior_grid_type"": ""roi"", ""revenue_per_kpi"": 100.0, ""roi_prior_overrides"": {""amazon"": {""dist"": ""LogNormal"", ""mu"": 0.5, ""sigma"": 0.5}, ""beehiiv"": {""dist"": ""LogNormal"", ""mu"": 0.5, ""sigma"": 0.5}, ""google"": {""dist"": ""LogNormal"", ""mu"": 0.5, ""sigma"": 0.5}, ""liveintent"": {""dist"": ""LogNormal"", ""mu"": 0.5, ""sigma"": 0.5}, ""meta"": {""dist"": ""LogNormal"", ""mu"": 0.5, ""sigma"": 0.5}, ""moloco"": {""dist"": ""LogNormal"", ""mu"": 0.5, ""sigma"": 0.5}, ""snapchat"": {""dist"": ""LogNormal"", ""mu"": 0.5, ""sigma"": 1.5}, ""tiktok"": {""dist"": ""LogNormal"", ""mu"": 0.5, ""sigma"": 0.5}}, ""run_mode"": ""roi_full"", ""structural_overrides"": {""adstock_decay_spec"": ""geometric"", ""alpha_m"": 0.51, ""ec_m"": 0.5, ""max_lag"": 4, ""slope_m"": 1.2}, ""sweep_type"": ""fixed_full_grid"", ""target_channel"": ""snapchat"", ""two_layer_enabled"": false}",moloco,REVIEW,REVIEW:PriorPosteriorShift,PriorPosteriorShift,"amazon,liveintent,meta",0.5193671595243117,0.5254533304677655,0.0060861709434538,0.01171843623888,0.51,0.5,1.2,4,geometric,prior_sweep,roi_full,roi,non_revenue,revenue,__revenue_equiv__,100.0,snapchat,fixed_full_grid,False,roi,roi,Revenue-equivalent ROI,0.5,1.5,LogNormal,target_channels,snapchat,configured,,,,upload_1bc112d58beb_monthly_mocha,/Users/jasper/Documents/Intern/BlueAlpha/capstone-Blue_Alpha_1/backend/storage/uploads/upload_1bc112d58beb_monthly_mocha.csv,0.5,1.5,LogNormal,0.4986959806994451,0.0960079569369554,0.3689096570014953,1.4562236905097956,0.5135156781052097,0.1009964689612388,0.3659939467906952,1.4359534323215484,0.9814303205079212,0.5,0.5,LogNormal,0.0020199850527184,0.0174400739022434,842234.6095886,437428.9968350988,442554.9806435482,5125.983808449353,5125.983808449353,100.0,43742899.68350988,44255498.064354815,512598.3808449358,512598.3808449358,False,0.011718436238880017,0.011718436238880017,0.011718436238880149,0.011718436238880149,0.011718436238880083,0.011718436238880083,0.0,2.0,0,False,True,False,True,,0.005859218119440041,0.005859218119440041,,True,False,0.0
"multi|amazon,beehiiv,google,liveintent,meta,moloco,snapchat,tiktok|pmode=roi|rpk=100.0|target=snapchat|mu=0.500000|sigma=1.500000|dist=LogNormal|0.500000|1.500000|LogNormal|alpha=0p51|ec=0p5|slope=1p2|lag=4|decay=geometric",snapchat,"{""kpi_type"": ""non_revenue"", ""kpi_type_effective"": ""revenue"", ""prior_design_mode"": ""roi"", ""prior_grid_type"": ""roi"", ""revenue_per_kpi"": 100.0, ""roi_prior_overrides"": {""amazon"": {""dist"": ""LogNormal"", ""mu"": 0.5, ""sigma"": 0.5}, ""beehiiv"": {""dist"": ""LogNormal"", ""mu"": 0.5, ""sigma"": 0.5}, ""google"": {""dist"": ""LogNormal"", ""mu"": 0.5, ""sigma"": 0.5}, ""liveintent"": {""dist"": ""LogNormal"", ""mu"": 0.5, ""sigma"": 0.5}, ""meta"": {""dist"": ""LogNormal"", ""mu"": 0.5, ""sigma"": 0.5}, ""moloco"": {""dist"": ""LogNormal"", ""mu"": 0.5, ""sigma"": 0.5}, ""snapchat"": {""dist"": ""LogNormal"", ""mu"": 0.5, ""sigma"": 1.5}, ""tiktok"": {""dist"": ""LogNormal"", ""mu"": 0.5, ""sigma"": 0.5}}, ""run_mode"": ""roi_full"", ""structural_overrides"": {""adstock_decay_spec"": ""geometric"", ""alpha_m"": 0.51, ""ec_m"": 0.5, ""max_lag"": 4, ""slope_m"": 1.2}, ""sweep_type"": ""fixed_full_grid"", ""target_channel"": ""snapchat"", ""two_layer_enabled"": false}",snapchat,REVIEW,REVIEW:PriorPosteriorShift,PriorPosteriorShift,"amazon,liveintent,meta",0.5166618288556735,0.2949401041979824,0.221721724657691,0.4291428401993052,0.51,0.5,1.2,4,geometric,prior_sweep,roi_full,roi,non_revenue,revenue,__revenue_equiv__,100.0,snapchat,fixed_full_grid,False,roi,roi,Revenue-equivalent ROI,0.5,1.5,LogNormal,target_channels,snapchat,configured,,,,upload_1bc112d58beb_monthly_mocha,/Users/jasper/Documents/Intern/BlueAlpha/capstone-Blue_Alpha_1/backend/storage/uploads/upload_1bc112d58beb_monthly_mocha.csv,0.5,1.5,LogNormal,0.4711478203533085,0.0951749168336391,0.3710568994283676,1.3794029116630553,0.3545989548925138,0.0144110098481178,0.1513480544090271,1.053032249212265,0.7017311466134178,0.5,1.5,LogNormal,0.9795196028906604,0.1713587206035211,4342436.908989999,2243571.395089151,1280758.794410675,-962812.6006784758,962812.6006784758,100.0,224357139.5089151,128075879.4410675,-96281260.0678476,96281260.0678476,False,0.42914284019930526,-0.42914284019930526,0.42914284019930526,-0.42914284019930526,0.42914284019930526,-0.42914284019930526,0.0,2.0,0,False,True,False,True,,0.21457142009965263,0.21457142009965263,,True,False,0.0
"multi|amazon,beehiiv,google,liveintent,meta,moloco,snapchat,tiktok|pmode=roi|rpk=100.0|target=snapchat|mu=0.500000|sigma=1.500000|dist=LogNormal|0.500000|1.500000|LogNormal|alpha=0p51|ec=0p5|slope=1p2|lag=4|decay=geometric",snapchat,"{""kpi_type"": ""non_revenue"", ""kpi_type_effective"": ""revenue"", ""prior_design_mode"": ""roi"", ""prior_grid_type"": ""roi"", ""revenue_per_kpi"": 100.0, ""roi_prior_overrides"": {""amazon"": {""dist"": ""LogNormal"", ""mu"": 0.5, ""sigma"": 0.5}, ""beehiiv"": {""dist"": ""LogNormal"", ""mu"": 0.5, ""sigma"": 0.5}, ""google"": {""dist"": ""LogNormal"", ""mu"": 0.5, ""sigma"": 0.5}, ""liveintent"": {""dist"": ""LogNormal"", ""mu"": 0.5, ""sigma"": 0.5}, ""meta"": {""dist"": ""LogNormal"", ""mu"": 0.5, ""sigma"": 0.5}, ""moloco"": {""dist"": ""LogNormal"", ""mu"": 0.5, ""sigma"": 0.5}, ""snapchat"": {""dist"": ""LogNormal"", ""mu"": 0.5, ""sigma"": 1.5}, ""tiktok"": {""dist"": ""LogNormal"", ""mu"": 0.5, ""sigma"": 0.5}}, ""run_mode"": ""roi_full"", ""structural_overrides"": {""adstock_decay_spec"": ""geometric"", ""alpha_m"": 0.51, ""ec_m"": 0.5, ""max_lag"": 4, ""slope_m"": 1.2}, ""sweep_type"": ""fixed_full_grid"", ""target_channel"": ""snapchat"", ""two_layer_enabled"": false}",tiktok,REVIEW,REVIEW:PriorPosteriorShift,PriorPosteriorShift,"amazon,liveintent,meta",0.4454225514084101,0.4403508084158724,0.0050717429925377,0.0113863633004234,0.51,0.5,1.2,4,geometric,prior_sweep,roi_full,roi,non_revenue,revenue,__revenue_equiv__,100.0,snapchat,fixed_full_grid,False,roi,roi,Revenue-equivalent ROI,0.5,1.5,LogNormal,target_channels,snapchat,configured,,,,upload_1bc112d58beb_monthly_mocha,/Users/jasper/Documents/Intern/BlueAlpha/capstone-Blue_Alpha_1/backend/storage/uploads/upload_1bc112d58beb_monthly_mocha.csv,0.5,1.5,LogNormal,0.389614058166092,0.0862870134413242,0.3261690884828567,1.226093351840973,0.3868888854339115,0.0866158850491047,0.3301126509904861,1.1399271845817565,0.9241142675268496,0.5,0.5,LogNormal,0.0629526358182994,0.0778399459836842,1752685.00913,780685.4285819572,771796.2606687762,-8889.167913181009,8889.167913181009,100.0,78068542.85819572,77179626.06687762,-888916.7913181037,888916.7913181037,False,0.011386363300423474,-0.011386363300423474,0.011386363300423525,-0.011386363300423525,0.011386363300423499,-0.011386363300423499,0.0,2.0,0,False,True,False,True,,0.005693181650211749,0.005693181650211749,,True,False,0.0
"multi|amazon,beehiiv,google,liveintent,meta,moloco,snapchat,tiktok|pmode=roi|rpk=100.0|target=snapchat|mu=1.000000|sigma=0.500000|dist=LogNormal|1.000000|0.500000|LogNormal|alpha=0p51|ec=0p5|slope=1p2|lag=4|decay=geometric",snapchat,"{""kpi_type"": ""non_revenue"", ""kpi_type_effective"": ""revenue"", ""prior_design_mode"": ""roi"", ""prior_grid_type"": ""roi"", ""revenue_per_kpi"": 100.0, ""roi_prior_overrides"": {""amazon"": {""dist"": ""LogNormal"", ""mu"": 0.5, ""sigma"": 0.5}, ""beehiiv"": {""dist"": ""LogNormal"", ""mu"": 0.5, ""sigma"": 0.5}, ""google"": {""dist"": ""LogNormal"", ""mu"": 0.5, ""sigma"": 0.5}, ""liveintent"": {""dist"": ""LogNormal"", ""mu"": 0.5, ""sigma"": 0.5}, ""meta"": {""dist"": ""LogNormal"", ""mu"": 0.5, ""sigma"": 0.5}, ""moloco"": {""dist"": ""LogNormal"", ""mu"": 0.5, ""sigma"": 0.5}, ""snapchat"": {""dist"": ""LogNormal"", ""mu"": 1.0, ""sigma"": 0.5}, ""tiktok"": {""dist"": ""LogNormal"", ""mu"": 0.5, ""sigma"": 0.5}}, ""run_mode"": ""roi_full"", ""structural_overrides"": {""adstock_decay_spec"": ""geometric"", ""alpha_m"": 0.51, ""ec_m"": 0.5, ""max_lag"": 4, ""slope_m"": 1.2}, ""sweep_type"": ""fixed_full_grid"", ""target_channel"": ""snapchat"", ""two_layer_enabled"": false}",amazon,REVIEW,REVIEW:PriorPosteriorShift,PriorPosteriorShift,"amazon,beehiiv,liveintent,snapchat",0.5121372402909522,0.5115914895292372,0.000545750761715,0.0010656338160548,0.51,0.5,1.2,4,geometric,prior_sweep,roi_full,roi,non_revenue,revenue,__revenue_equiv__,100.0,snapchat,fixed_full_grid,False,roi,roi,Revenue-equivalent ROI,1.0,0.5,LogNormal,target_channels,snapchat,configured,,,,upload_1bc112d58beb_monthly_mocha,/Users/jasper/Documents/Intern/BlueAlpha/capstone-Blue_Alpha_1/backend/storage/uploads/upload_1bc112d58beb_monthly_mocha.csv,1.0,0.5,LogNormal,0.4840694861381271,0.0989534243941307,0.3617888689041137,1.4659758150577542,0.4947127149104225,0.0921981215476989,0.3573279231786728,1.5111031532287598,0.9634347332210323,0.5,0.5,LogNormal,0.0003809441010687,0.0366932510445668,15740.258094,8061.172341728484,8052.582083884092,-8.590257844392,8.590257844392,100.0,806117.2341728484,805258.2083884092,-859.0257844391745,859.0257844391745,False,0.0010656338160548282,-0.0010656338160548282,0.0010656338160548579,-0.0010656338160548579,0.001065633816054843,-0.001065633816054843,1.0,0.0,0,True,False,False,True,0.001065633816054843,,0.001065633816054843,,True,True,0.0
"multi|amazon,beehiiv,google,liveintent,meta,moloco,snapchat,tiktok|pmode=roi|rpk=100.0|target=snapchat|mu=1.000000|sigma=0.500000|dist=LogNormal|1.000000|0.500000|LogNormal|alpha=0p51|ec=0p5|slope=1p2|lag=4|decay=geometric",snapchat,"{""kpi_type"": ""non_revenue"", ""kpi_type_effective"": ""revenue"", ""prior_design_mode"": ""roi"", ""prior_grid_type"": ""roi"", ""revenue_per_kpi"": 100.0, ""roi_prior_overrides"": {""amazon"": {""dist"": ""LogNormal"", ""mu"": 0.5, ""sigma"": 0.5}, ""beehiiv"": {""dist"": ""LogNormal"", ""mu"": 0.5, ""sigma"": 0.5}, ""google"": {""dist"": ""LogNormal"", ""mu"": 0.5, ""sigma"": 0.5}, ""liveintent"": {""dist"": ""LogNormal"", ""mu"": 0.5, ""sigma"": 0.5}, ""meta"": {""dist"": ""LogNormal"", ""mu"": 0.5, ""sigma"": 0.5}, ""moloco"": {""dist"": ""LogNormal"", ""mu"": 0.5, ""sigma"": 0.5}, ""snapchat"": {""dist"": ""LogNormal"", ""mu"": 1.0, ""sigma"": 0.5}, ""tiktok"": {""dist"": ""LogNormal"", ""mu"": 0.5, ""sigma"": 0.5}}, ""run_mode"": ""roi_full"", ""structural_overrides"": {""adstock_decay_spec"": ""geometric"", ""alpha_m"": 0.51, ""ec_m"": 0.5, ""max_lag"": 4, ""slope_m"": 1.2}, ""sweep_type"": ""fixed_full_grid"", ""target_channel"": ""snapchat"", ""two_layer_enabled"": false}",beehiiv,REVIEW,REVIEW:PriorPosteriorShift,PriorPosteriorShift,"amazon,beehiiv,liveintent,snapchat",0.5170952036961293,0.5146096824388952,0.0024855212572341,0.0048066995003394,0.51,0.5,1.2,4,geometric,prior_sweep,roi_full,roi,non_revenue,revenue,__revenue_equiv__,100.0,snapchat,fixed_full_grid,False,roi,roi,Revenue-equivalent ROI,1.0,0.5,LogNormal,target_channels,snapchat,configured,,,,upload_1bc112d58beb_monthly_mocha,/Users/jasper/Documents/Intern/BlueAlpha/capstone-Blue_Alpha_1/backend/storage/uploads/upload_1bc112d58beb_monthly_mocha.csv,1.0,0.5,LogNormal,0.5569061978983733,0.0888365499675273,0.3553869128227234,1.4882560491561885,0.546923345088417,0.087874562293291,0.3538743853569031,1.4929535627365107,0.9959721117084712,0.5,0.5,LogNormal,0.0089766192175259,0.0195671355170427,328172.2732613,169696.3084894737,168880.62932824792,-815.6791612257948,815.6791612257948,100.0,16969630.848947372,16888062.93282479,-81567.91612258181,81567.91612258181,False,0.004806699500339455,-0.004806699500339455,0.004806699500339405,-0.004806699500339405,0.00480669950033943,-0.00480669950033943,1.0,0.0,0,True,False,False,True,0.00480669950033943,,0.00480669950033943,,True,True,0.0
"multi|amazon,beehiiv,google,liveintent,meta,moloco,snapchat,tiktok|pmode=roi|rpk=100.0|target=snapchat|mu=1.000000|sigma=0.500000|dist=LogNormal|1.000000|0.500000|LogNormal|alpha=0p51|ec=0p5|slope=1p2|lag=4|decay=geometric",snapchat,"{""kpi_type"": ""non_revenue"", ""kpi_type_effective"": ""revenue"", ""prior_design_mode"": ""roi"", ""prior_grid_type"": ""roi"", ""revenue_per_kpi"": 100.0, ""roi_prior_overrides"": {""amazon"": {""dist"": ""LogNormal"", ""mu"": 0.5, ""sigma"": 0.5}, ""beehiiv"": {""dist"": ""LogNormal"", ""mu"": 0.5, ""sigma"": 0.5}, ""google"": {""dist"": ""LogNormal"", ""mu"": 0.5, ""sigma"": 0.5}, ""liveintent"": {""dist"": ""LogNormal"", ""mu"": 0.5, ""sigma"": 0.5}, ""meta"": {""dist"": ""LogNormal"", ""mu"": 0.5, ""sigma"": 0.5}, ""moloco"": {""dist"": ""LogNormal"", ""mu"": 0.5, ""sigma"": 0.5}, ""snapchat"": {""dist"": ""LogNormal"", ""mu"": 1.0, ""sigma"": 0.5}, ""tiktok"": {""dist"": ""LogNormal"", ""mu"": 0.5, ""sigma"": 0.5}}, ""run_mode"": ""roi_full"", ""structural_overrides"": {""adstock_decay_spec"": ""geometric"", ""alpha_m"": 0.51, ""ec_m"": 0.5, ""max_lag"": 4, ""slope_m"": 1.2}, ""sweep_type"": ""fixed_full_grid"", ""target_channel"": ""snapchat"", ""two_layer_enabled"": false}",google,REVIEW,REVIEW:PriorPosteriorShift,PriorPosteriorShift,"amazon,beehiiv,liveintent,snapchat",0.3639935120598723,0.3529510469998543,0.0110424650600179,0.0303369831993094,0.51,0.5,1.2,4,geometric,prior_sweep,roi_full,roi,non_revenue,revenue,__revenue_equiv__,100.0,snapchat,fixed_full_grid,False,roi,roi,Revenue-equivalent ROI,1.0,0.5,LogNormal,target_channels,snapchat,configured,,,,upload_1bc112d58beb_monthly_mocha,/Users/jasper/Documents/Intern/BlueAlpha/capstone-Blue_Alpha_1/backend/storage/uploads/upload_1bc112d58beb_monthly_mocha.csv,1.0,0.5,LogNormal,0.2538866235360484,0.0906866624951362,0.2933306694030761,0.9025721818208694,0.2384661659374712,0.0897439807653427,0.300260454416275,0.8314058482646941,0.9112862777247036,0.5,0.5,LogNormal,0.3973596738052551,0.1409706743166605,10298543.94665,3748603.180244072,3634881.868544129,-113721.31169994269,113721.31169994269,100.0,374860318.0244072,363488186.8544129,-11372131.169994297,11372131.169994297,False,0.030336983199309463,-0.030336983199309463,0.030336983199309532,-0.030336983199309532,0.030336983199309497,-0.030336983199309497,1.0,0.0,0,True,False,False,True,0.030336983199309497,,0.030336983199309497,,True,False,0.0
"multi|amazon,beehiiv,google,liveintent,meta,moloco,snapchat,tiktok|pmode=roi|rpk=100.0|target=snapchat|mu=1.000000|sigma=0.500000|dist=LogNormal|1.000000|0.500000|LogNormal|alpha=0p51|ec=0p5|slope=1p2|lag=4|decay=geometric",snapchat,"{""kpi_type"": ""non_revenue"", ""kpi_type_effective"": ""revenue"", ""prior_design_mode"": ""roi"", ""prior_grid_type"": ""roi"", ""revenue_per_kpi"": 100.0, ""roi_prior_overrides"": {""amazon"": {""dist"": ""LogNormal"", ""mu"": 0.5, ""sigma"": 0.5}, ""beehiiv"": {""dist"": ""LogNormal"", ""mu"": 0.5, ""sigma"": 0.5}, ""google"": {""dist"": ""LogNormal"", ""mu"": 0.5, ""sigma"": 0.5}, ""liveintent"": {""dist"": ""LogNormal"", ""mu"": 0.5, ""sigma"": 0.5}, ""meta"": {""dist"": ""LogNormal"", ""mu"": 0.5, ""sigma"": 0.5}, ""moloco"": {""dist"": ""LogNormal"", ""mu"": 0.5, ""sigma"": 0.5}, ""snapchat"": {""dist"": ""LogNormal"", ""mu"": 1.0, ""sigma"": 0.5}, ""tiktok"": {""dist"": ""LogNormal"", ""mu"": 0.5, ""sigma"": 0.5}}, ""run_mode"": ""roi_full"", ""structural_overrides"": {""adstock_decay_spec"": ""geometric"", ""alpha_m"": 0.51, ""ec_m"": 0.5, ""max_lag"": 4, ""slope_m"": 1.2}, ""sweep_type"": ""fixed_full_grid"", ""target_channel"": ""snapchat"", ""two_layer_enabled"": false}",liveintent,REVIEW,REVIEW:PriorPosteriorShift,PriorPosteriorShift,"amazon,beehiiv,liveintent,snapchat",0.5074958745824794,0.5130206942216804,0.005524819639201,0.0108864326113908,0.51,0.5,1.2,4,geometric,prior_sweep,roi_full,roi,non_revenue,revenue,__revenue_equiv__,100.0,snapchat,fixed_full_grid,False,roi,roi,Revenue-equivalent ROI,1.0,0.5,LogNormal,target_channels,snapchat,configured,,,,upload_1bc112d58beb_monthly_mocha,/Users/jasper/Documents/Intern/BlueAlpha/capstone-Blue_Alpha_1/backend/storage/uploads/upload_1bc112d58beb_monthly_mocha.csv,1.0,0.5,LogNormal,0.4727192380468491,0.0905764039605856,0.3625864535570144,1.422901827096939,0.5039446986870673,0.0820991188287734,0.3533061891794204,1.5164800405502314,0.9288504908008508,0.5,0.5,LogNormal,0.0004011568239067,0.0225125042268147,797987.173079,404975.1983073274,409383.9335129848,4408.735205657373,4408.735205657373,100.0,40497519.83073274,40938393.35129848,440873.5205657408,440873.5205657408,False,0.01088643261139088,0.01088643261139088,0.010886432611390868,0.010886432611390868,0.010886432611390873,0.010886432611390873,1.0,0.0,0,True,False,False,True,0.010886432611390873,,0.010886432611390873,,True,True,0.0
"multi|amazon,beehiiv,google,liveintent,meta,moloco,snapchat,tiktok|pmode=roi|rpk=100.0|target=snapchat|mu=1.000000|sigma=0.500000|dist=LogNormal|1.000000|0.500000|LogNormal|alpha=0p51|ec=0p5|slope=1p2|lag=4|decay=geometric",snapchat,"{""kpi_type"": ""non_revenue"", ""kpi_type_effective"": ""revenue"", ""prior_design_mode"": ""roi"", ""prior_grid_type"": ""roi"", ""revenue_per_kpi"": 100.0, ""roi_prior_overrides"": {""amazon"": {""dist"": ""LogNormal"", ""mu"": 0.5, ""sigma"": 0.5}, ""beehiiv"": {""dist"": ""LogNormal"", ""mu"": 0.5, ""sigma"": 0.5}, ""google"": {""dist"": ""LogNormal"", ""mu"": 0.5, ""sigma"": 0.5}, ""liveintent"": {""dist"": ""LogNormal"", ""mu"": 0.5, ""sigma"": 0.5}, ""meta"": {""dist"": ""LogNormal"", ""mu"": 0.5, ""sigma"": 0.5}, ""moloco"": {""dist"": ""LogNormal"", ""mu"": 0.5, ""sigma"": 0.5}, ""snapchat"": {""dist"": ""LogNormal"", ""mu"": 1.0, ""sigma"": 0.5}, ""tiktok"": {""dist"": ""LogNormal"", ""mu"": 0.5, ""sigma"": 0.5}}, ""run_mode"": ""roi_full"", ""structural_overrides"": {""adstock_decay_spec"": ""geometric"", ""alpha_m"": 0.51, ""ec_m"": 0.5, ""max_lag"": 4, ""slope_m"": 1.2}, ""sweep_type"": ""fixed_full_grid"", ""target_channel"": ""snapchat"", ""two_layer_enabled"": false}",meta,REVIEW,REVIEW:PriorPosteriorShift,PriorPosteriorShift,"amazon,beehiiv,liveintent,snapchat",0.4922159127285704,0.4870072030943508,0.0052087096342195,0.0105821642485011,0.51,0.5,1.2,4,geometric,prior_sweep,roi_full,roi,non_revenue,revenue,__revenue_equiv__,100.0,snapchat,fixed_full_grid,False,roi,roi,Revenue-equivalent ROI,1.0,0.5,LogNormal,target_channels,snapchat,configured,,,,upload_1bc112d58beb_monthly_mocha,/Users/jasper/Documents/Intern/BlueAlpha/capstone-Blue_Alpha_1/backend/storage/uploads/upload_1bc112d58beb_monthly_mocha.csv,1.0,0.5,LogNormal,0.4128178986318089,0.1016733910888433,0.3566605746746063,1.3128194272518148,0.4375149297332815,0.1004264626652002,0.352827176451683,1.3330111443996429,0.9826067564450798,0.5,0.5,LogNormal,0.0166735211240267,0.0290080392771086,840158.1265220001,413539.199082352,409163.05935446895,-4376.139727883041,4376.139727883041,100.0,41353919.9082352,40916305.935446896,-437613.9727883041,437613.9727883041,False,0.010582164248501068,-0.010582164248501068,0.010582164248501093,-0.010582164248501093,0.01058216424850108,-0.01058216424850108,1.0,0.0,0,True,False,False,True,0.01058216424850108,,0.01058216424850108,,True,False,0.0
"multi|amazon,beehiiv,google,liveintent,meta,moloco,snapchat,tiktok|pmode=roi|rpk=100.0|target=snapchat|mu=1.000000|sigma=0.500000|dist=LogNormal|1.000000|0.500000|LogNormal|alpha=0p51|ec=0p5|slope=1p2|lag=4|decay=geometric",snapchat,"{""kpi_type"": ""non_revenue"", ""kpi_type_effective"": ""revenue"", ""prior_design_mode"": ""roi"", ""prior_grid_type"": ""roi"", ""revenue_per_kpi"": 100.0, ""roi_prior_overrides"": {""amazon"": {""dist"": ""LogNormal"", ""mu"": 0.5, ""sigma"": 0.5}, ""beehiiv"": {""dist"": ""LogNormal"", ""mu"": 0.5, ""sigma"": 0.5}, ""google"": {""dist"": ""LogNormal"", ""mu"": 0.5, ""sigma"": 0.5}, ""liveintent"": {""dist"": ""LogNormal"", ""mu"": 0.5, ""sigma"": 0.5}, ""meta"": {""dist"": ""LogNormal"", ""mu"": 0.5, ""sigma"": 0.5}, ""moloco"": {""dist"": ""LogNormal"", ""mu"": 0.5, ""sigma"": 0.5}, ""snapchat"": {""dist"": ""LogNormal"", ""mu"": 1.0, ""sigma"": 0.5}, ""tiktok"": {""dist"": ""LogNormal"", ""mu"": 0.5, ""sigma"": 0.5}}, ""run_mode"": ""roi_full"", ""structural_overrides"": {""adstock_decay_spec"": ""geometric"", ""alpha_m"": 0.51, ""ec_m"": 0.5, ""max_lag"": 4, ""slope_m"": 1.2}, ""sweep_type"": ""fixed_full_grid"", ""target_channel"": ""snapchat"", ""two_layer_enabled"": false}",moloco,REVIEW,REVIEW:PriorPosteriorShift,PriorPosteriorShift,"amazon,beehiiv,liveintent,snapchat",0.5193671595243117,0.5050634871873384,0.0143036723369732,0.0275405790964411,0.51,0.5,1.2,4,geometric,prior_sweep,roi_full,roi,non_revenue,revenue,__revenue_equiv__,100.0,snapchat,fixed_full_grid,False,roi,roi,Revenue-equivalent ROI,1.0,0.5,LogNormal,target_channels,snapchat,configured,,,,upload_1bc112d58beb_monthly_mocha,/Users/jasper/Documents/Intern/BlueAlpha/capstone-Blue_Alpha_1/backend/storage/uploads/upload_1bc112d58beb_monthly_mocha.csv,1.0,0.5,LogNormal,0.4986959806994451,0.0960079569369554,0.3689096570014953,1.4562236905097956,0.4635126799063716,0.1030331008136272,0.3639920502901077,1.377239257097244,0.9367676941485564,0.5,0.5,LogNormal,0.005513643599639,0.0230654294806663,842234.6095886,437428.9968350988,425381.9489486849,-12047.04788641393,12047.04788641393,100.0,43742899.68350988,42538194.894868486,-1204704.7886413932,1204704.7886413932,False,0.027540579096441146,-0.027540579096441146,0.027540579096440986,-0.027540579096440986,0.027540579096441066,-0.027540579096441066,1.0,0.0,0,True,False,False,True,0.027540579096441066,,0.027540579096441066,,True,False,0.0
"multi|amazon,beehiiv,google,liveintent,meta,moloco,snapchat,tiktok|pmode=roi|rpk=100.0|target=snapchat|mu=1.000000|sigma=0.500000|dist=LogNormal|1.000000|0.500000|LogNormal|alpha=0p51|ec=0p5|slope=1p2|lag=4|decay=geometric",snapchat,"{""kpi_type"": ""non_revenue"", ""kpi_type_effective"": ""revenue"", ""prior_design_mode"": ""roi"", ""prior_grid_type"": ""roi"", ""revenue_per_kpi"": 100.0, ""roi_prior_overrides"": {""amazon"": {""dist"": ""LogNormal"", ""mu"": 0.5, ""sigma"": 0.5}, ""beehiiv"": {""dist"": ""LogNormal"", ""mu"": 0.5, ""sigma"": 0.5}, ""google"": {""dist"": ""LogNormal"", ""mu"": 0.5, ""sigma"": 0.5}, ""liveintent"": {""dist"": ""LogNormal"", ""mu"": 0.5, ""sigma"": 0.5}, ""meta"": {""dist"": ""LogNormal"", ""mu"": 0.5, ""sigma"": 0.5}, ""moloco"": {""dist"": ""LogNormal"", ""mu"": 0.5, ""sigma"": 0.5}, ""snapchat"": {""dist"": ""LogNormal"", ""mu"": 1.0, ""sigma"": 0.5}, ""tiktok"": {""dist"": ""LogNormal"", ""mu"": 0.5, ""sigma"": 0.5}}, ""run_mode"": ""roi_full"", ""structural_overrides"": {""adstock_decay_spec"": ""geometric"", ""alpha_m"": 0.51, ""ec_m"": 0.5, ""max_lag"": 4, ""slope_m"": 1.2}, ""sweep_type"": ""fixed_full_grid"", ""target_channel"": ""snapchat"", ""two_layer_enabled"": false}",snapchat,REVIEW,REVIEW:PriorPosteriorShift,PriorPosteriorShift,"amazon,beehiiv,liveintent,snapchat",0.5166618288556735,1.0022563921784362,0.4855945633227627,0.9398692456113508,0.51,0.5,1.2,4,geometric,prior_sweep,roi_full,roi,non_revenue,revenue,__revenue_equiv__,100.0,snapchat,fixed_full_grid,False,roi,roi,Revenue-equivalent ROI,1.0,0.5,LogNormal,target_channels,snapchat,configured,,,,upload_1bc112d58beb_monthly_mocha,/Users/jasper/Documents/Intern/BlueAlpha/capstone-Blue_Alpha_1/backend/storage/uploads/upload_1bc112d58beb_monthly_mocha.csv,1.0,0.5,LogNormal,0.4711478203533085,0.0951749168336391,0.3710568994283676,1.3794029116630553,0.4958554551680573,0.4145711943507194,0.9104494154453278,1.8835850059986117,0.5394913186621677,1.0,0.5,LogNormal,7.90826519356802e-05,0.0220369336153398,4342436.908989999,2243571.395089151,4352235.149666797,2108663.7545776465,2108663.7545776465,100.0,224357139.5089151,435223514.96667975,210866375.45776463,210866375.45776463,False,0.939869245611351,0.939869245611351,0.939869245611351,0.939869245611351,0.939869245611351,0.939869245611351,1.0,0.0,0,True,False,False,True,0.939869245611351,,0.939869245611351,,True,True,0.0
"multi|amazon,beehiiv,google,liveintent,meta,moloco,snapchat,tiktok|pmode=roi|rpk=100.0|target=snapchat|mu=1.000000|sigma=0.500000|dist=LogNormal|1.000000|0.500000|LogNormal|alpha=0p51|ec=0p5|slope=1p2|lag=4|decay=geometric",snapchat,"{""kpi_type"": ""non_revenue"", ""kpi_type_effective"": ""revenue"", ""prior_design_mode"": ""roi"", ""prior_grid_type"": ""roi"", ""revenue_per_kpi"": 100.0, ""roi_prior_overrides"": {""amazon"": {""dist"": ""LogNormal"", ""mu"": 0.5, ""sigma"": 0.5}, ""beehiiv"": {""dist"": ""LogNormal"", ""mu"": 0.5, ""sigma"": 0.5}, ""google"": {""dist"": ""LogNormal"", ""mu"": 0.5, ""sigma"": 0.5}, ""liveintent"": {""dist"": ""LogNormal"", ""mu"": 0.5, ""sigma"": 0.5}, ""meta"": {""dist"": ""LogNormal"", ""mu"": 0.5, ""sigma"": 0.5}, ""moloco"": {""dist"": ""LogNormal"", ""mu"": 0.5, ""sigma"": 0.5}, ""snapchat"": {""dist"": ""LogNormal"", ""mu"": 1.0, ""sigma"": 0.5}, ""tiktok"": {""dist"": ""LogNormal"", ""mu"": 0.5, ""sigma"": 0.5}}, ""run_mode"": ""roi_full"", ""structural_overrides"": {""adstock_decay_spec"": ""geometric"", ""alpha_m"": 0.51, ""ec_m"": 0.5, ""max_lag"": 4, ""slope_m"": 1.2}, ""sweep_type"": ""fixed_full_grid"", ""target_channel"": ""snapchat"", ""two_layer_enabled"": false}",tiktok,REVIEW,REVIEW:PriorPosteriorShift,PriorPosteriorShift,"amazon,beehiiv,liveintent,snapchat",0.4454225514084101,0.4419274986861273,0.0034950527222827,0.0078466002927591,0.51,0.5,1.2,4,geometric,prior_sweep,roi_full,roi,non_revenue,revenue,__revenue_equiv__,100.0,snapchat,fixed_full_grid,False,roi,roi,Revenue-equivalent ROI,1.0,0.5,LogNormal,target_channels,snapchat,configured,,,,upload_1bc112d58beb_monthly_mocha,/Users/jasper/Documents/Intern/BlueAlpha/capstone-Blue_Alpha_1/backend/storage/uploads/upload_1bc112d58beb_monthly_mocha.csv,1.0,0.5,LogNormal,0.389614058166092,0.0862870134413242,0.3261690884828567,1.226093351840973,0.3858510168113052,0.0788685388863086,0.3192685693502426,1.145226031541824,0.923044032994034,0.5,0.5,LogNormal,0.0636636154381474,0.0758128369085097,1752685.00913,780685.4285819572,774559.7020694931,-6125.726512464113,6125.726512464113,100.0,78068542.85819572,77455970.20694931,-612572.6512464136,612572.6512464136,False,0.007846600292759217,-0.007846600292759217,0.007846600292759309,-0.007846600292759309,0.007846600292759263,-0.007846600292759263,1.0,0.0,0,True,False,False,True,0.007846600292759263,,0.007846600292759263,,True,False,0.0
"multi|amazon,beehiiv,google,liveintent,meta,moloco,snapchat,tiktok|pmode=roi|rpk=100.0|target=snapchat|mu=1.000000|sigma=1.500000|dist=LogNormal|1.000000|1.500000|LogNormal|alpha=0p51|ec=0p5|slope=1p2|lag=4|decay=geometric",snapchat,"{""kpi_type"": ""non_revenue"", ""kpi_type_effective"": ""revenue"", ""prior_design_mode"": ""roi"", ""prior_grid_type"": ""roi"", ""revenue_per_kpi"": 100.0, ""roi_prior_overrides"": {""amazon"": {""dist"": ""LogNormal"", ""mu"": 0.5, ""sigma"": 0.5}, ""beehiiv"": {""dist"": ""LogNormal"", ""mu"": 0.5, ""sigma"": 0.5}, ""google"": {""dist"": ""LogNormal"", ""mu"": 0.5, ""sigma"": 0.5}, ""liveintent"": {""dist"": ""LogNormal"", ""mu"": 0.5, ""sigma"": 0.5}, ""meta"": {""dist"": ""LogNormal"", ""mu"": 0.5, ""sigma"": 0.5}, ""moloco"": {""dist"": ""LogNormal"", ""mu"": 0.5, ""sigma"": 0.5}, ""snapchat"": {""dist"": ""LogNormal"", ""mu"": 1.0, ""sigma"": 1.5}, ""tiktok"": {""dist"": ""LogNormal"", ""mu"": 0.5, ""sigma"": 0.5}}, ""run_mode"": ""roi_full"", ""structural_overrides"": {""adstock_decay_spec"": ""geometric"", ""alpha_m"": 0.51, ""ec_m"": 0.5, ""max_lag"": 4, ""slope_m"": 1.2}, ""sweep_type"": ""fixed_full_grid"", ""target_channel"": ""snapchat"", ""two_layer_enabled"": false}",amazon,REVIEW,REVIEW:PriorPosteriorShift,PriorPosteriorShift,liveintent,0.5121372402909522,0.5017117804040512,0.010425459886901,0.0203567697615157,0.51,0.5,1.2,4,geometric,prior_sweep,roi_full,roi,non_revenue,revenue,__revenue_equiv__,100.0,snapchat,fixed_full_grid,False,roi,roi,Revenue-equivalent ROI,1.0,1.5,LogNormal,target_channels,snapchat,configured,,,,upload_1bc112d58beb_monthly_mocha,/Users/jasper/Documents/Intern/BlueAlpha/capstone-Blue_Alpha_1/backend/storage/uploads/upload_1bc112d58beb_monthly_mocha.csv,1.0,1.5,LogNormal,0.4840694861381271,0.0989534243941307,0.3617888689041137,1.4659758150577542,0.5097353602214032,0.0994926273822784,0.3543800115585327,1.535782492160797,0.9510408846331788,0.5,0.5,LogNormal,0.0003825442108597,0.0317294881335361,15740.258094,8061.172341728484,7897.072912360018,-164.0994293684662,164.0994293684662,100.0,806117.2341728484,789707.2912360018,-16409.942936846637,16409.942936846637,False,0.02035676976151583,-0.02035676976151583,0.020356769761515833,-0.020356769761515833,0.020356769761515833,-0.020356769761515833,1.0,2.0,0,False,False,False,True,,,0.006785589920505278,,True,False,0.0
"multi|amazon,beehiiv,google,liveintent,meta,moloco,snapchat,tiktok|pmode=roi|rpk=100.0|target=snapchat|mu=1.000000|sigma=1.500000|dist=LogNormal|1.000000|1.500000|LogNormal|alpha=0p51|ec=0p5|slope=1p2|lag=4|decay=geometric",snapchat,"{""kpi_type"": ""non_revenue"", ""kpi_type_effective"": ""revenue"", ""prior_design_mode"": ""roi"", ""prior_grid_type"": ""roi"", ""revenue_per_kpi"": 100.0, ""roi_prior_overrides"": {""amazon"": {""dist"": ""LogNormal"", ""mu"": 0.5, ""sigma"": 0.5}, ""beehiiv"": {""dist"": ""LogNormal"", ""mu"": 0.5, ""sigma"": 0.5}, ""google"": {""dist"": ""LogNormal"", ""mu"": 0.5, ""sigma"": 0.5}, ""liveintent"": {""dist"": ""LogNormal"", ""mu"": 0.5, ""sigma"": 0.5}, ""meta"": {""dist"": ""LogNormal"", ""mu"": 0.5, ""sigma"": 0.5}, ""moloco"": {""dist"": ""LogNormal"", ""mu"": 0.5, ""sigma"": 0.5}, ""snapchat"": {""dist"": ""LogNormal"", ""mu"": 1.0, ""sigma"": 1.5}, ""tiktok"": {""dist"": ""LogNormal"", ""mu"": 0.5, ""sigma"": 0.5}}, ""run_mode"": ""roi_full"", ""structural_overrides"": {""adstock_decay_spec"": ""geometric"", ""alpha_m"": 0.51, ""ec_m"": 0.5, ""max_lag"": 4, ""slope_m"": 1.2}, ""sweep_type"": ""fixed_full_grid"", ""target_channel"": ""snapchat"", ""two_layer_enabled"": false}",beehiiv,REVIEW,REVIEW:PriorPosteriorShift,PriorPosteriorShift,liveintent,0.5170952036961293,0.5231680255724738,0.0060728218763445,0.011744107918497,0.51,0.5,1.2,4,geometric,prior_sweep,roi_full,roi,non_revenue,revenue,__revenue_equiv__,100.0,snapchat,fixed_full_grid,False,roi,roi,Revenue-equivalent ROI,1.0,1.5,LogNormal,target_channels,snapchat,configured,,,,upload_1bc112d58beb_monthly_mocha,/Users/jasper/Documents/Intern/BlueAlpha/capstone-Blue_Alpha_1/backend/storage/uploads/upload_1bc112d58beb_monthly_mocha.csv,1.0,1.5,LogNormal,0.5569061978983733,0.0888365499675273,0.3553869128227234,1.4882560491561885,0.5380824381445067,0.08070869743824,0.3800830245018005,1.4763998508453369,0.9858022177259276,0.5,0.5,LogNormal,0.0067352545440959,0.0282998529971062,328172.2732613,169696.3084894737,171689.24024974465,1992.9317602709343,1992.9317602709343,100.0,16969630.848947372,17168924.024974465,199293.17602709308,199293.17602709308,False,0.011744107918496945,0.011744107918496945,0.011744107918496978,0.011744107918496978,0.011744107918496963,0.011744107918496963,1.0,2.0,0,False,False,False,True,,,0.0039147026394989876,,True,False,0.0
"multi|amazon,beehiiv,google,liveintent,meta,moloco,snapchat,tiktok|pmode=roi|rpk=100.0|target=snapchat|mu=1.000000|sigma=1.500000|dist=LogNormal|1.000000|1.500000|LogNormal|alpha=0p51|ec=0p5|slope=1p2|lag=4|decay=geometric",snapchat,"{""kpi_type"": ""non_revenue"", ""kpi_type_effective"": ""revenue"", ""prior_design_mode"": ""roi"", ""prior_grid_type"": ""roi"", ""revenue_per_kpi"": 100.0, ""roi_prior_overrides"": {""amazon"": {""dist"": ""LogNormal"", ""mu"": 0.5, ""sigma"": 0.5}, ""beehiiv"": {""dist"": ""LogNormal"", ""mu"": 0.5, ""sigma"": 0.5}, ""google"": {""dist"": ""LogNormal"", ""mu"": 0.5, ""sigma"": 0.5}, ""liveintent"": {""dist"": ""LogNormal"", ""mu"": 0.5, ""sigma"": 0.5}, ""meta"": {""dist"": ""LogNormal"", ""mu"": 0.5, ""sigma"": 0.5}, ""moloco"": {""dist"": ""LogNormal"", ""mu"": 0.5, ""sigma"": 0.5}, ""snapchat"": {""dist"": ""LogNormal"", ""mu"": 1.0, ""sigma"": 1.5}, ""tiktok"": {""dist"": ""LogNormal"", ""mu"": 0.5, ""sigma"": 0.5}}, ""run_mode"": ""roi_full"", ""structural_overrides"": {""adstock_decay_spec"": ""geometric"", ""alpha_m"": 0.51, ""ec_m"": 0.5, ""max_lag"": 4, ""slope_m"": 1.2}, ""sweep_type"": ""fixed_full_grid"", ""target_channel"": ""snapchat"", ""two_layer_enabled"": false}",google,REVIEW,REVIEW:PriorPosteriorShift,PriorPosteriorShift,liveintent,0.3639935120598723,0.3813505777344108,0.0173570656745384,0.0476850962983192,0.51,0.5,1.2,4,geometric,prior_sweep,roi_full,roi,non_revenue,revenue,__revenue_equiv__,100.0,snapchat,fixed_full_grid,False,roi,roi,Revenue-equivalent ROI,1.0,1.5,LogNormal,target_channels,snapchat,configured,,,,upload_1bc112d58beb_monthly_mocha,/Users/jasper/Documents/Intern/BlueAlpha/capstone-Blue_Alpha_1/backend/storage/uploads/upload_1bc112d58beb_monthly_mocha.csv,1.0,1.5,LogNormal,0.2538866235360484,0.0906866624951362,0.2933306694030761,0.9025721818208694,0.2945977630826208,0.0935895048081875,0.2977447956800461,0.9837549895048135,0.9058463418151383,0.5,0.5,LogNormal,0.2307282423234338,0.1131694741246077,10298543.94665,3748603.180244072,3927355.683878197,178752.50363412453,178752.50363412453,100.0,374860318.0244072,392735568.3878197,17875250.36341244,17875250.36341244,False,0.04768509629831938,0.04768509629831938,0.04768509629831942,0.04768509629831942,0.0476850962983194,0.0476850962983194,1.0,2.0,0,False,False,False,True,,,0.0158950320994398,,True,False,0.0
"multi|amazon,beehiiv,google,liveintent,meta,moloco,snapchat,tiktok|pmode=roi|rpk=100.0|target=snapchat|mu=1.000000|sigma=1.500000|dist=LogNormal|1.000000|1.500000|LogNormal|alpha=0p51|ec=0p5|slope=1p2|lag=4|decay=geometric",snapchat,"{""kpi_type"": ""non_revenue"", ""kpi_type_effective"": ""revenue"", ""prior_design_mode"": ""roi"", ""prior_grid_type"": ""roi"", ""revenue_per_kpi"": 100.0, ""roi_prior_overrides"": {""amazon"": {""dist"": ""LogNormal"", ""mu"": 0.5, ""sigma"": 0.5}, ""beehiiv"": {""dist"": ""LogNormal"", ""mu"": 0.5, ""sigma"": 0.5}, ""google"": {""dist"": ""LogNormal"", ""mu"": 0.5, ""sigma"": 0.5}, ""liveintent"": {""dist"": ""LogNormal"", ""mu"": 0.5, ""sigma"": 0.5}, ""meta"": {""dist"": ""LogNormal"", ""mu"": 0.5, ""sigma"": 0.5}, ""moloco"": {""dist"": ""LogNormal"", ""mu"": 0.5, ""sigma"": 0.5}, ""snapchat"": {""dist"": ""LogNormal"", ""mu"": 1.0, ""sigma"": 1.5}, ""tiktok"": {""dist"": ""LogNormal"", ""mu"": 0.5, ""sigma"": 0.5}}, ""run_mode"": ""roi_full"", ""structural_overrides"": {""adstock_decay_spec"": ""geometric"", ""alpha_m"": 0.51, ""ec_m"": 0.5, ""max_lag"": 4, ""slope_m"": 1.2}, ""sweep_type"": ""fixed_full_grid"", ""target_channel"": ""snapchat"", ""two_layer_enabled"": false}",liveintent,REVIEW,REVIEW:PriorPosteriorShift,PriorPosteriorShift,liveintent,0.5074958745824794,0.5096749022432292,0.0021790276607498,0.0042936854660002,0.51,0.5,1.2,4,geometric,prior_sweep,roi_full,roi,non_revenue,revenue,__revenue_equiv__,100.0,snapchat,fixed_full_grid,False,roi,roi,Revenue-equivalent ROI,1.0,1.5,LogNormal,target_channels,snapchat,configured,,,,upload_1bc112d58beb_monthly_mocha,/Users/jasper/Documents/Intern/BlueAlpha/capstone-Blue_Alpha_1/backend/storage/uploads/upload_1bc112d58beb_monthly_mocha.csv,1.0,1.5,LogNormal,0.4727192380468491,0.0905764039605856,0.3625864535570144,1.422901827096939,0.506599099546797,0.0930812317878008,0.3657240271568298,1.4742595553398128,0.9610730563450168,0.5,0.5,LogNormal,0.0003606410904229,0.0197650859227293,797987.173079,404975.1983073274,406714.0344303901,1738.8361230627052,1738.8361230627052,100.0,40497519.83073274,40671403.44303901,173883.61230626702,173883.61230626702,False,0.004293685466000184,0.004293685466000184,0.004293685466000162,0.004293685466000162,0.004293685466000173,0.004293685466000173,1.0,2.0,0,False,False,False,True,,,0.0014312284886667242,,True,True,0.0
"multi|amazon,beehiiv,google,liveintent,meta,moloco,snapchat,tiktok|pmode=roi|rpk=100.0|target=snapchat|mu=1.000000|sigma=1.500000|dist=LogNormal|1.000000|1.500000|LogNormal|alpha=0p51|ec=0p5|slope=1p2|lag=4|decay=geometric",snapchat,"{""kpi_type"": ""non_revenue"", ""kpi_type_effective"": ""revenue"", ""prior_design_mode"": ""roi"", ""prior_grid_type"": ""roi"", ""revenue_per_kpi"": 100.0, ""roi_prior_overrides"": {""amazon"": {""dist"": ""LogNormal"", ""mu"": 0.5, ""sigma"": 0.5}, ""beehiiv"": {""dist"": ""LogNormal"", ""mu"": 0.5, ""sigma"": 0.5}, ""google"": {""dist"": ""LogNormal"", ""mu"": 0.5, ""sigma"": 0.5}, ""liveintent"": {""dist"": ""LogNormal"", ""mu"": 0.5, ""sigma"": 0.5}, ""meta"": {""dist"": ""LogNormal"", ""mu"": 0.5, ""sigma"": 0.5}, ""moloco"": {""dist"": ""LogNormal"", ""mu"": 0.5, ""sigma"": 0.5}, ""snapchat"": {""dist"": ""LogNormal"", ""mu"": 1.0, ""sigma"": 1.5}, ""tiktok"": {""dist"": ""LogNormal"", ""mu"": 0.5, ""sigma"": 0.5}}, ""run_mode"": ""roi_full"", ""structural_overrides"": {""adstock_decay_spec"": ""geometric"", ""alpha_m"": 0.51, ""ec_m"": 0.5, ""max_lag"": 4, ""slope_m"": 1.2}, ""sweep_type"": ""fixed_full_grid"", ""target_channel"": ""snapchat"", ""two_layer_enabled"": false}",meta,REVIEW,REVIEW:PriorPosteriorShift,PriorPosteriorShift,liveintent,0.4922159127285704,0.5055434369963283,0.0133275242677579,0.0270765814820523,0.51,0.5,1.2,4,geometric,prior_sweep,roi_full,roi,non_revenue,revenue,__revenue_equiv__,100.0,snapchat,fixed_full_grid,False,roi,roi,Revenue-equivalent ROI,1.0,1.5,LogNormal,target_channels,snapchat,configured,,,,upload_1bc112d58beb_monthly_mocha,/Users/jasper/Documents/Intern/BlueAlpha/capstone-Blue_Alpha_1/backend/storage/uploads/upload_1bc112d58beb_monthly_mocha.csv,1.0,1.5,LogNormal,0.4128178986318089,0.1016733910888433,0.3566605746746063,1.3128194272518148,0.4460264452652821,0.0931807473301887,0.3542284071445465,1.418202644586563,0.9140573741994776,0.5,0.5,LogNormal,0.012170492982622,0.0338882711044412,840158.1265220001,413539.199082352,424736.426902328,11197.22781997599,11197.22781997599,100.0,41353919.9082352,42473642.6902328,1119722.7819975987,1119722.7819975987,False,0.027076581482052352,0.027076581482052352,0.027076581482052393,0.027076581482052393,0.027076581482052373,0.027076581482052373,1.0,2.0,0,False,False,False,True,,,0.009025527160684124,,True,False,0.0
"multi|amazon,beehiiv,google,liveintent,meta,moloco,snapchat,tiktok|pmode=roi|rpk=100.0|target=snapchat|mu=1.000000|sigma=1.500000|dist=LogNormal|1.000000|1.500000|LogNormal|alpha=0p51|ec=0p5|slope=1p2|lag=4|decay=geometric",snapchat,"{""kpi_type"": ""non_revenue"", ""kpi_type_effective"": ""revenue"", ""prior_design_mode"": ""roi"", ""prior_grid_type"": ""roi"", ""revenue_per_kpi"": 100.0, ""roi_prior_overrides"": {""amazon"": {""dist"": ""LogNormal"", ""mu"": 0.5, ""sigma"": 0.5}, ""beehiiv"": {""dist"": ""LogNormal"", ""mu"": 0.5, ""sigma"": 0.5}, ""google"": {""dist"": ""LogNormal"", ""mu"": 0.5, ""sigma"": 0.5}, ""liveintent"": {""dist"": ""LogNormal"", ""mu"": 0.5, ""sigma"": 0.5}, ""meta"": {""dist"": ""LogNormal"", ""mu"": 0.5, ""sigma"": 0.5}, ""moloco"": {""dist"": ""LogNormal"", ""mu"": 0.5, ""sigma"": 0.5}, ""snapchat"": {""dist"": ""LogNormal"", ""mu"": 1.0, ""sigma"": 1.5}, ""tiktok"": {""dist"": ""LogNormal"", ""mu"": 0.5, ""sigma"": 0.5}}, ""run_mode"": ""roi_full"", ""structural_overrides"": {""adstock_decay_spec"": ""geometric"", ""alpha_m"": 0.51, ""ec_m"": 0.5, ""max_lag"": 4, ""slope_m"": 1.2}, ""sweep_type"": ""fixed_full_grid"", ""target_channel"": ""snapchat"", ""two_layer_enabled"": false}",moloco,REVIEW,REVIEW:PriorPosteriorShift,PriorPosteriorShift,liveintent,0.5193671595243117,0.5599251746945083,0.0405580151701966,0.0780912201059145,0.51,0.5,1.2,4,geometric,prior_sweep,roi_full,roi,non_revenue,revenue,__revenue_equiv__,100.0,snapchat,fixed_full_grid,False,roi,roi,Revenue-equivalent ROI,1.0,1.5,LogNormal,target_channels,snapchat,configured,,,,upload_1bc112d58beb_monthly_mocha,/Users/jasper/Documents/Intern/BlueAlpha/capstone-Blue_Alpha_1/backend/storage/uploads/upload_1bc112d58beb_monthly_mocha.csv,1.0,1.5,LogNormal,0.4986959806994451,0.0960079569369554,0.3689096570014953,1.4562236905097956,0.5819968544023745,0.1054836623370647,0.3796752393245697,1.6161550045013424,0.8885587945830085,0.5,0.5,LogNormal,0.0327657857051286,0.0503918123960645,842234.6095886,437428.9968350988,471588.3609076578,34159.36407255905,34159.36407255905,100.0,43742899.68350988,47158836.09076578,3415936.407255903,3415936.407255903,False,0.07809122010591452,0.07809122010591452,0.07809122010591445,0.07809122010591445,0.07809122010591449,0.07809122010591449,1.0,2.0,0,False,False,False,True,,,0.026030406701971497,,True,False,0.0
"multi|amazon,beehiiv,google,liveintent,meta,moloco,snapchat,tiktok|pmode=roi|rpk=100.0|target=snapchat|mu=1.000000|sigma=1.500000|dist=LogNormal|1.000000|1.500000|LogNormal|alpha=0p51|ec=0p5|slope=1p2|lag=4|decay=geometric",snapchat,"{""kpi_type"": ""non_revenue"", ""kpi_type_effective"": ""revenue"", ""prior_design_mode"": ""roi"", ""prior_grid_type"": ""roi"", ""revenue_per_kpi"": 100.0, ""roi_prior_overrides"": {""amazon"": {""dist"": ""LogNormal"", ""mu"": 0.5, ""sigma"": 0.5}, ""beehiiv"": {""dist"": ""LogNormal"", ""mu"": 0.5, ""sigma"": 0.5}, ""google"": {""dist"": ""LogNormal"", ""mu"": 0.5, ""sigma"": 0.5}, ""liveintent"": {""dist"": ""LogNormal"", ""mu"": 0.5, ""sigma"": 0.5}, ""meta"": {""dist"": ""LogNormal"", ""mu"": 0.5, ""sigma"": 0.5}, ""moloco"": {""dist"": ""LogNormal"", ""mu"": 0.5, ""sigma"": 0.5}, ""snapchat"": {""dist"": ""LogNormal"", ""mu"": 1.0, ""sigma"": 1.5}, ""tiktok"": {""dist"": ""LogNormal"", ""mu"": 0.5, ""sigma"": 0.5}}, ""run_mode"": ""roi_full"", ""structural_overrides"": {""adstock_decay_spec"": ""geometric"", ""alpha_m"": 0.51, ""ec_m"": 0.5, ""max_lag"": 4, ""slope_m"": 1.2}, ""sweep_type"": ""fixed_full_grid"", ""target_channel"": ""snapchat"", ""two_layer_enabled"": false}",snapchat,REVIEW,REVIEW:PriorPosteriorShift,PriorPosteriorShift,liveintent,0.5166618288556735,0.7518334843606378,0.2351716555049643,0.4551752081740456,0.51,0.5,1.2,4,geometric,prior_sweep,roi_full,roi,non_revenue,revenue,__revenue_equiv__,100.0,snapchat,fixed_full_grid,False,roi,roi,Revenue-equivalent ROI,1.0,1.5,LogNormal,target_channels,snapchat,configured,,,,upload_1bc112d58beb_monthly_mocha,/Users/jasper/Documents/Intern/BlueAlpha/capstone-Blue_Alpha_1/backend/storage/uploads/upload_1bc112d58beb_monthly_mocha.csv,1.0,1.5,LogNormal,0.4711478203533085,0.0951749168336391,0.3710568994283676,1.3794029116630553,0.6549671239989886,0.094600760191679,0.5636065900325775,2.1017560362815852,0.6398249353837695,1.0,1.5,LogNormal,0.4376505790835934,0.2400661178554364,4342436.908989999,2243571.395089151,3264789.471902189,1021218.076813038,1021218.076813038,100.0,224357139.5089151,326478947.19021887,102121807.68130375,102121807.68130375,False,0.45517520817404566,0.45517520817404566,0.4551752081740455,0.4551752081740455,0.45517520817404555,0.45517520817404555,1.0,2.0,0,False,False,False,True,,,0.15172506939134853,,True,False,0.0
"multi|amazon,beehiiv,google,liveintent,meta,moloco,snapchat,tiktok|pmode=roi|rpk=100.0|target=snapchat|mu=1.000000|sigma=1.500000|dist=LogNormal|1.000000|1.500000|LogNormal|alpha=0p51|ec=0p5|slope=1p2|lag=4|decay=geometric",snapchat,"{""kpi_type"": ""non_revenue"", ""kpi_type_effective"": ""revenue"", ""prior_design_mode"": ""roi"", ""prior_grid_type"": ""roi"", ""revenue_per_kpi"": 100.0, ""roi_prior_overrides"": {""amazon"": {""dist"": ""LogNormal"", ""mu"": 0.5, ""sigma"": 0.5}, ""beehiiv"": {""dist"": ""LogNormal"", ""mu"": 0.5, ""sigma"": 0.5}, ""google"": {""dist"": ""LogNormal"", ""mu"": 0.5, ""sigma"": 0.5}, ""liveintent"": {""dist"": ""LogNormal"", ""mu"": 0.5, ""sigma"": 0.5}, ""meta"": {""dist"": ""LogNormal"", ""mu"": 0.5, ""sigma"": 0.5}, ""moloco"": {""dist"": ""LogNormal"", ""mu"": 0.5, ""sigma"": 0.5}, ""snapchat"": {""dist"": ""LogNormal"", ""mu"": 1.0, ""sigma"": 1.5}, ""tiktok"": {""dist"": ""LogNormal"", ""mu"": 0.5, ""sigma"": 0.5}}, ""run_mode"": ""roi_full"", ""structural_overrides"": {""adstock_decay_spec"": ""geometric"", ""alpha_m"": 0.51, ""ec_m"": 0.5, ""max_lag"": 4, ""slope_m"": 1.2}, ""sweep_type"": ""fixed_full_grid"", ""target_channel"": ""snapchat"", ""two_layer_enabled"": false}",tiktok,REVIEW,REVIEW:PriorPosteriorShift,PriorPosteriorShift,liveintent,0.4454225514084101,0.4471165441597501,0.00169399275134,0.0038031140228165,0.51,0.5,1.2,4,geometric,prior_sweep,roi_full,roi,non_revenue,revenue,__revenue_equiv__,100.0,snapchat,fixed_full_grid,False,roi,roi,Revenue-equivalent ROI,1.0,1.5,LogNormal,target_channels,snapchat,configured,,,,upload_1bc112d58beb_monthly_mocha,/Users/jasper/Documents/Intern/BlueAlpha/capstone-Blue_Alpha_1/backend/storage/uploads/upload_1bc112d58beb_monthly_mocha.csv,1.0,1.5,LogNormal,0.389614058166092,0.0862870134413242,0.3261690884828567,1.226093351840973,0.4013524876488232,0.0924850393086671,0.3212382048368454,1.1965341687202449,0.9686286978906644,0.5,0.5,LogNormal,0.047528994147705,0.070805656353598,1752685.00913,780685.4285819572,783654.4642828057,2969.0357008484425,2969.0357008484425,100.0,78068542.85819572,78365446.42828056,296903.57008484006,296903.57008484006,False,0.00380311402281649,0.00380311402281649,0.0038031140228163614,0.0038031140228163614,0.0038031140228164256,0.0038031140228164256,1.0,2.0,0,False,False,False,True,,,0.001267704674272142,,True,False,0.0
"multi|amazon,beehiiv,google,liveintent,meta,moloco,snapchat,tiktok|pmode=roi|rpk=100.0|target=snapchat|mu=1.000000|sigma=1.000000|dist=LogNormal|1.000000|1.000000|LogNormal|alpha=0p51|ec=0p5|slope=1p2|lag=4|decay=geometric",snapchat,"{""kpi_type"": ""non_revenue"", ""kpi_type_effective"": ""revenue"", ""prior_design_mode"": ""roi"", ""prior_grid_type"": ""roi"", ""revenue_per_kpi"": 100.0, ""roi_prior_overrides"": {""amazon"": {""dist"": ""LogNormal"", ""mu"": 0.5, ""sigma"": 0.5}, ""beehiiv"": {""dist"": ""LogNormal"", ""mu"": 0.5, ""sigma"": 0.5}, ""google"": {""dist"": ""LogNormal"", ""mu"": 0.5, ""sigma"": 0.5}, ""liveintent"": {""dist"": ""LogNormal"", ""mu"": 0.5, ""sigma"": 0.5}, ""meta"": {""dist"": ""LogNormal"", ""mu"": 0.5, ""sigma"": 0.5}, ""moloco"": {""dist"": ""LogNormal"", ""mu"": 0.5, ""sigma"": 0.5}, ""snapchat"": {""dist"": ""LogNormal"", ""mu"": 1.0, ""sigma"": 1.0}, ""tiktok"": {""dist"": ""LogNormal"", ""mu"": 0.5, ""sigma"": 0.5}}, ""run_mode"": ""roi_full"", ""structural_overrides"": {""adstock_decay_spec"": ""geometric"", ""alpha_m"": 0.51, ""ec_m"": 0.5, ""max_lag"": 4, ""slope_m"": 1.2}, ""sweep_type"": ""fixed_full_grid"", ""target_channel"": ""snapchat"", ""two_layer_enabled"": false}",amazon,REVIEW,REVIEW:PriorPosteriorShift,PriorPosteriorShift,"amazon,liveintent",0.5121372402909522,0.5057272841936599,0.0064099560972923,0.0125160905964399,0.51,0.5,1.2,4,geometric,prior_sweep,roi_full,roi,non_revenue,revenue,__revenue_equiv__,100.0,snapchat,fixed_full_grid,False,roi,roi,Revenue-equivalent ROI,1.0,1.0,LogNormal,target_channels,snapchat,configured,,,,upload_1bc112d58beb_monthly_mocha,/Users/jasper/Documents/Intern/BlueAlpha/capstone-Blue_Alpha_1/backend/storage/uploads/upload_1bc112d58beb_monthly_mocha.csv,1.0,1.0,LogNormal,0.4840694861381271,0.0989534243941307,0.3617888689041137,1.4659758150577542,0.5124129882341075,0.1015275124460458,0.3609361201524734,1.3335977196693418,0.9012801952901338,0.5,0.5,LogNormal,0.0006769254696089,0.0279030373351673,15740.258094,8061.172341728484,7960.277978385893,-100.89436334259062,100.89436334259062,100.0,806117.2341728484,796027.7978385893,-10089.43633425911,10089.43633425911,False,0.012516090596440032,-0.012516090596440032,0.012516090596440066,-0.012516090596440066,0.012516090596440049,-0.012516090596440049,1.0,1.0,0,False,False,False,True,,,0.0062580452982200245,,True,True,0.0
"multi|amazon,beehiiv,google,liveintent,meta,moloco,snapchat,tiktok|pmode=roi|rpk=100.0|target=snapchat|mu=1.000000|sigma=1.000000|dist=LogNormal|1.000000|1.000000|LogNormal|alpha=0p51|ec=0p5|slope=1p2|lag=4|decay=geometric",snapchat,"{""kpi_type"": ""non_revenue"", ""kpi_type_effective"": ""revenue"", ""prior_design_mode"": ""roi"", ""prior_grid_type"": ""roi"", ""revenue_per_kpi"": 100.0, ""roi_prior_overrides"": {""amazon"": {""dist"": ""LogNormal"", ""mu"": 0.5, ""sigma"": 0.5}, ""beehiiv"": {""dist"": ""LogNormal"", ""mu"": 0.5, ""sigma"": 0.5}, ""google"": {""dist"": ""LogNormal"", ""mu"": 0.5, ""sigma"": 0.5}, ""liveintent"": {""dist"": ""LogNormal"", ""mu"": 0.5, ""sigma"": 0.5}, ""meta"": {""dist"": ""LogNormal"", ""mu"": 0.5, ""sigma"": 0.5}, ""moloco"": {""dist"": ""LogNormal"", ""mu"": 0.5, ""sigma"": 0.5}, ""snapchat"": {""dist"": ""LogNormal"", ""mu"": 1.0, ""sigma"": 1.0}, ""tiktok"": {""dist"": ""LogNormal"", ""mu"": 0.5, ""sigma"": 0.5}}, ""run_mode"": ""roi_full"", ""structural_overrides"": {""adstock_decay_spec"": ""geometric"", ""alpha_m"": 0.51, ""ec_m"": 0.5, ""max_lag"": 4, ""slope_m"": 1.2}, ""sweep_type"": ""fixed_full_grid"", ""target_channel"": ""snapchat"", ""two_layer_enabled"": false}",beehiiv,REVIEW,REVIEW:PriorPosteriorShift,PriorPosteriorShift,"amazon,liveintent",0.5170952036961293,0.5145737389987335,0.0025214646973957,0.0048762097953581,0.51,0.5,1.2,4,geometric,prior_sweep,roi_full,roi,non_revenue,revenue,__revenue_equiv__,100.0,snapchat,fixed_full_grid,False,roi,roi,Revenue-equivalent ROI,1.0,1.0,LogNormal,target_channels,snapchat,configured,,,,upload_1bc112d58beb_monthly_mocha,/Users/jasper/Documents/Intern/BlueAlpha/capstone-Blue_Alpha_1/backend/storage/uploads/upload_1bc112d58beb_monthly_mocha.csv,1.0,1.0,LogNormal,0.5569061978983733,0.0888365499675273,0.3553869128227234,1.4882560491561885,0.5007089410388555,0.0888188935816288,0.375143826007843,1.4208473980426788,0.951818981487793,0.5,0.5,LogNormal,0.0004267971772369,0.0217091545648619,328172.2732613,169696.3084894737,168868.83368778124,-827.4748016924714,827.4748016924714,100.0,16969630.848947372,16886883.368778124,-82747.48016924784,82747.48016924784,False,0.004876209795358145,-0.004876209795358145,0.004876209795358039,-0.004876209795358039,0.004876209795358092,-0.004876209795358092,1.0,1.0,0,False,False,False,True,,,0.002438104897679046,,True,False,0.0
"multi|amazon,beehiiv,google,liveintent,meta,moloco,snapchat,tiktok|pmode=roi|rpk=100.0|target=snapchat|mu=1.000000|sigma=1.000000|dist=LogNormal|1.000000|1.000000|LogNormal|alpha=0p51|ec=0p5|slope=1p2|lag=4|decay=geometric",snapchat,"{""kpi_type"": ""non_revenue"", ""kpi_type_effective"": ""revenue"", ""prior_design_mode"": ""roi"", ""prior_grid_type"": ""roi"", ""revenue_per_kpi"": 100.0, ""roi_prior_overrides"": {""amazon"": {""dist"": ""LogNormal"", ""mu"": 0.5, ""sigma"": 0.5}, ""beehiiv"": {""dist"": ""LogNormal"", ""mu"": 0.5, ""sigma"": 0.5}, ""google"": {""dist"": ""LogNormal"", ""mu"": 0.5, ""sigma"": 0.5}, ""liveintent"": {""dist"": ""LogNormal"", ""mu"": 0.5, ""sigma"": 0.5}, ""meta"": {""dist"": ""LogNormal"", ""mu"": 0.5, ""sigma"": 0.5}, ""moloco"": {""dist"": ""LogNormal"", ""mu"": 0.5, ""sigma"": 0.5}, ""snapchat"": {""dist"": ""LogNormal"", ""mu"": 1.0, ""sigma"": 1.0}, ""tiktok"": {""dist"": ""LogNormal"", ""mu"": 0.5, ""sigma"": 0.5}}, ""run_mode"": ""roi_full"", ""structural_overrides"": {""adstock_decay_spec"": ""geometric"", ""alpha_m"": 0.51, ""ec_m"": 0.5, ""max_lag"": 4, ""slope_m"": 1.2}, ""sweep_type"": ""fixed_full_grid"", ""target_channel"": ""snapchat"", ""two_layer_enabled"": false}",google,REVIEW,REVIEW:PriorPosteriorShift,PriorPosteriorShift,"amazon,liveintent",0.3639935120598723,0.3865972126663352,0.0226037006064628,0.0620991854457693,0.51,0.5,1.2,4,geometric,prior_sweep,roi_full,roi,non_revenue,revenue,__revenue_equiv__,100.0,snapchat,fixed_full_grid,False,roi,roi,Revenue-equivalent ROI,1.0,1.0,LogNormal,target_channels,snapchat,configured,,,,upload_1bc112d58beb_monthly_mocha,/Users/jasper/Documents/Intern/BlueAlpha/capstone-Blue_Alpha_1/backend/storage/uploads/upload_1bc112d58beb_monthly_mocha.csv,1.0,1.0,LogNormal,0.2538866235360484,0.0906866624951362,0.2933306694030761,0.9025721818208694,0.2922762718191775,0.0765054572373628,0.3095698952674866,0.9432876527309416,0.936666123908342,0.5,0.5,LogNormal,0.2334798295788819,0.1072648751450016,10298543.94665,3748603.180244072,3981388.384296649,232785.2040525773,232785.2040525773,100.0,374860318.0244072,398138838.4296649,23278520.405257706,23278520.405257706,False,0.06209918544576933,0.06209918544576933,0.06209918544576932,0.06209918544576932,0.062099185445769325,0.062099185445769325,1.0,1.0,0,False,False,False,True,,,0.031049592722884663,,True,False,0.0
"multi|amazon,beehiiv,google,liveintent,meta,moloco,snapchat,tiktok|pmode=roi|rpk=100.0|target=snapchat|mu=1.000000|sigma=1.000000|dist=LogNormal|1.000000|1.000000|LogNormal|alpha=0p51|ec=0p5|slope=1p2|lag=4|decay=geometric",snapchat,"{""kpi_type"": ""non_revenue"", ""kpi_type_effective"": ""revenue"", ""prior_design_mode"": ""roi"", ""prior_grid_type"": ""roi"", ""revenue_per_kpi"": 100.0, ""roi_prior_overrides"": {""amazon"": {""dist"": ""LogNormal"", ""mu"": 0.5, ""sigma"": 0.5}, ""beehiiv"": {""dist"": ""LogNormal"", ""mu"": 0.5, ""sigma"": 0.5}, ""google"": {""dist"": ""LogNormal"", ""mu"": 0.5, ""sigma"": 0.5}, ""liveintent"": {""dist"": ""LogNormal"", ""mu"": 0.5, ""sigma"": 0.5}, ""meta"": {""dist"": ""LogNormal"", ""mu"": 0.5, ""sigma"": 0.5}, ""moloco"": {""dist"": ""LogNormal"", ""mu"": 0.5, ""sigma"": 0.5}, ""snapchat"": {""dist"": ""LogNormal"", ""mu"": 1.0, ""sigma"": 1.0}, ""tiktok"": {""dist"": ""LogNormal"", ""mu"": 0.5, ""sigma"": 0.5}}, ""run_mode"": ""roi_full"", ""structural_overrides"": {""adstock_decay_spec"": ""geometric"", ""alpha_m"": 0.51, ""ec_m"": 0.5, ""max_lag"": 4, ""slope_m"": 1.2}, ""sweep_type"": ""fixed_full_grid"", ""target_channel"": ""snapchat"", ""two_layer_enabled"": false}",liveintent,REVIEW,REVIEW:PriorPosteriorShift,PriorPosteriorShift,"amazon,liveintent",0.5074958745824794,0.5132036648605329,0.0057077902780535,0.0112469688206813,0.51,0.5,1.2,4,geometric,prior_sweep,roi_full,roi,non_revenue,revenue,__revenue_equiv__,100.0,snapchat,fixed_full_grid,False,roi,roi,Revenue-equivalent ROI,1.0,1.0,LogNormal,target_channels,snapchat,configured,,,,upload_1bc112d58beb_monthly_mocha,/Users/jasper/Documents/Intern/BlueAlpha/capstone-Blue_Alpha_1/backend/storage/uploads/upload_1bc112d58beb_monthly_mocha.csv,1.0,1.0,LogNormal,0.4727192380468491,0.0905764039605856,0.3625864535570144,1.422901827096939,0.5983842544177878,0.0977731235325336,0.3494804501533508,1.4165028691291806,0.989795527951646,0.5,0.5,LogNormal,0.0368510903143732,0.0190146756358666,797987.173079,404975.1983073274,409529.9417358392,4554.743428511778,4554.743428511778,100.0,40497519.83073274,40952994.17358392,455474.34285117686,455474.34285117686,False,0.011246968820681375,0.011246968820681375,0.011246968820681399,0.011246968820681399,0.011246968820681387,0.011246968820681387,1.0,1.0,0,False,False,False,True,,,0.0056234844103406935,,True,True,0.0
"multi|amazon,beehiiv,google,liveintent,meta,moloco,snapchat,tiktok|pmode=roi|rpk=100.0|target=snapchat|mu=1.000000|sigma=1.000000|dist=LogNormal|1.000000|1.000000|LogNormal|alpha=0p51|ec=0p5|slope=1p2|lag=4|decay=geometric",snapchat,"{""kpi_type"": ""non_revenue"", ""kpi_type_effective"": ""revenue"", ""prior_design_mode"": ""roi"", ""prior_grid_type"": ""roi"", ""revenue_per_kpi"": 100.0, ""roi_prior_overrides"": {""amazon"": {""dist"": ""LogNormal"", ""mu"": 0.5, ""sigma"": 0.5}, ""beehiiv"": {""dist"": ""LogNormal"", ""mu"": 0.5, ""sigma"": 0.5}, ""google"": {""dist"": ""LogNormal"", ""mu"": 0.5, ""sigma"": 0.5}, ""liveintent"": {""dist"": ""LogNormal"", ""mu"": 0.5, ""sigma"": 0.5}, ""meta"": {""dist"": ""LogNormal"", ""mu"": 0.5, ""sigma"": 0.5}, ""moloco"": {""dist"": ""LogNormal"", ""mu"": 0.5, ""sigma"": 0.5}, ""snapchat"": {""dist"": ""LogNormal"", ""mu"": 1.0, ""sigma"": 1.0}, ""tiktok"": {""dist"": ""LogNormal"", ""mu"": 0.5, ""sigma"": 0.5}}, ""run_mode"": ""roi_full"", ""structural_overrides"": {""adstock_decay_spec"": ""geometric"", ""alpha_m"": 0.51, ""ec_m"": 0.5, ""max_lag"": 4, ""slope_m"": 1.2}, ""sweep_type"": ""fixed_full_grid"", ""target_channel"": ""snapchat"", ""two_layer_enabled"": false}",meta,REVIEW,REVIEW:PriorPosteriorShift,PriorPosteriorShift,"amazon,liveintent",0.4922159127285704,0.5101441764521102,0.0179282637235397,0.0364235760362876,0.51,0.5,1.2,4,geometric,prior_sweep,roi_full,roi,non_revenue,revenue,__revenue_equiv__,100.0,snapchat,fixed_full_grid,False,roi,roi,Revenue-equivalent ROI,1.0,1.0,LogNormal,target_channels,snapchat,configured,,,,upload_1bc112d58beb_monthly_mocha,/Users/jasper/Documents/Intern/BlueAlpha/capstone-Blue_Alpha_1/backend/storage/uploads/upload_1bc112d58beb_monthly_mocha.csv,1.0,1.0,LogNormal,0.4128178986318089,0.1016733910888433,0.3566605746746063,1.3128194272518148,0.466018531589302,0.0887787826359272,0.3554622083902359,1.4572284340858452,0.8850497604202844,0.5,0.5,LogNormal,0.0049350499293107,0.027518197813841,840158.1265220001,413539.199082352,428601.77554411354,15062.57646176155,15062.57646176155,100.0,41353919.9082352,42860177.55441135,1506257.646176152,1506257.646176152,False,0.0364235760362876,0.0364235760362876,0.036423576036287666,0.036423576036287666,0.03642357603628763,0.03642357603628763,1.0,1.0,0,False,False,False,True,,,0.018211788018143816,,True,False,0.0
"multi|amazon,beehiiv,google,liveintent,meta,moloco,snapchat,tiktok|pmode=roi|rpk=100.0|target=snapchat|mu=1.000000|sigma=1.000000|dist=LogNormal|1.000000|1.000000|LogNormal|alpha=0p51|ec=0p5|slope=1p2|lag=4|decay=geometric",snapchat,"{""kpi_type"": ""non_revenue"", ""kpi_type_effective"": ""revenue"", ""prior_design_mode"": ""roi"", ""prior_grid_type"": ""roi"", ""revenue_per_kpi"": 100.0, ""roi_prior_overrides"": {""amazon"": {""dist"": ""LogNormal"", ""mu"": 0.5, ""sigma"": 0.5}, ""beehiiv"": {""dist"": ""LogNormal"", ""mu"": 0.5, ""sigma"": 0.5}, ""google"": {""dist"": ""LogNormal"", ""mu"": 0.5, ""sigma"": 0.5}, ""liveintent"": {""dist"": ""LogNormal"", ""mu"": 0.5, ""sigma"": 0.5}, ""meta"": {""dist"": ""LogNormal"", ""mu"": 0.5, ""sigma"": 0.5}, ""moloco"": {""dist"": ""LogNormal"", ""mu"": 0.5, ""sigma"": 0.5}, ""snapchat"": {""dist"": ""LogNormal"", ""mu"": 1.0, ""sigma"": 1.0}, ""tiktok"": {""dist"": ""LogNormal"", ""mu"": 0.5, ""sigma"": 0.5}}, ""run_mode"": ""roi_full"", ""structural_overrides"": {""adstock_decay_spec"": ""geometric"", ""alpha_m"": 0.51, ""ec_m"": 0.5, ""max_lag"": 4, ""slope_m"": 1.2}, ""sweep_type"": ""fixed_full_grid"", ""target_channel"": ""snapchat"", ""two_layer_enabled"": false}",moloco,REVIEW,REVIEW:PriorPosteriorShift,PriorPosteriorShift,"amazon,liveintent",0.5193671595243117,0.5350017021720608,0.0156345426477491,0.0301030636247174,0.51,0.5,1.2,4,geometric,prior_sweep,roi_full,roi,non_revenue,revenue,__revenue_equiv__,100.0,snapchat,fixed_full_grid,False,roi,roi,Revenue-equivalent ROI,1.0,1.0,LogNormal,target_channels,snapchat,configured,,,,upload_1bc112d58beb_monthly_mocha,/Users/jasper/Documents/Intern/BlueAlpha/capstone-Blue_Alpha_1/backend/storage/uploads/upload_1bc112d58beb_monthly_mocha.csv,1.0,1.0,LogNormal,0.4986959806994451,0.0960079569369554,0.3689096570014953,1.4562236905097956,0.510217887084363,0.0936118587851524,0.3806695193052292,1.4916848957538602,0.972921798507788,0.5,0.5,LogNormal,0.0028650572747557,0.0286310214855669,842234.6095886,437428.9968350988,450596.949758122,13167.952923023258,13167.952923023258,100.0,43742899.68350988,45059694.97581221,1316795.2923023254,1316795.2923023254,False,0.0301030636247174,0.0301030636247174,0.030103063624717208,0.030103063624717208,0.030103063624717305,0.030103063624717305,1.0,1.0,0,False,False,False,True,,,0.015051531812358653,,True,False,0.0
"multi|amazon,beehiiv,google,liveintent,meta,moloco,snapchat,tiktok|pmode=roi|rpk=100.0|target=snapchat|mu=1.000000|sigma=1.000000|dist=LogNormal|1.000000|1.000000|LogNormal|alpha=0p51|ec=0p5|slope=1p2|lag=4|decay=geometric",snapchat,"{""kpi_type"": ""non_revenue"", ""kpi_type_effective"": ""revenue"", ""prior_design_mode"": ""roi"", ""prior_grid_type"": ""roi"", ""revenue_per_kpi"": 100.0, ""roi_prior_overrides"": {""amazon"": {""dist"": ""LogNormal"", ""mu"": 0.5, ""sigma"": 0.5}, ""beehiiv"": {""dist"": ""LogNormal"", ""mu"": 0.5, ""sigma"": 0.5}, ""google"": {""dist"": ""LogNormal"", ""mu"": 0.5, ""sigma"": 0.5}, ""liveintent"": {""dist"": ""LogNormal"", ""mu"": 0.5, ""sigma"": 0.5}, ""meta"": {""dist"": ""LogNormal"", ""mu"": 0.5, ""sigma"": 0.5}, ""moloco"": {""dist"": ""LogNormal"", ""mu"": 0.5, ""sigma"": 0.5}, ""snapchat"": {""dist"": ""LogNormal"", ""mu"": 1.0, ""sigma"": 1.0}, ""tiktok"": {""dist"": ""LogNormal"", ""mu"": 0.5, ""sigma"": 0.5}}, ""run_mode"": ""roi_full"", ""structural_overrides"": {""adstock_decay_spec"": ""geometric"", ""alpha_m"": 0.51, ""ec_m"": 0.5, ""max_lag"": 4, ""slope_m"": 1.2}, ""sweep_type"": ""fixed_full_grid"", ""target_channel"": ""snapchat"", ""two_layer_enabled"": false}",snapchat,REVIEW,REVIEW:PriorPosteriorShift,PriorPosteriorShift,"amazon,liveintent",0.5166618288556735,0.9535872226580976,0.4369253938024241,0.8456699709559476,0.51,0.5,1.2,4,geometric,prior_sweep,roi_full,roi,non_revenue,revenue,__revenue_equiv__,100.0,snapchat,fixed_full_grid,False,roi,roi,Revenue-equivalent ROI,1.0,1.0,LogNormal,target_channels,snapchat,configured,,,,upload_1bc112d58beb_monthly_mocha,/Users/jasper/Documents/Intern/BlueAlpha/capstone-Blue_Alpha_1/backend/storage/uploads/upload_1bc112d58beb_monthly_mocha.csv,1.0,1.0,LogNormal,0.4711478203533085,0.0951749168336391,0.3710568994283676,1.3794029116630553,0.7629508314421936,0.1888880029320717,0.7307382225990295,2.4782771229743954,0.4995651909780771,1.0,1.0,LogNormal,0.0626857494216009,0.0621622576522207,4342436.908989999,2243571.395089151,4140892.351611787,1897320.9565226368,1897320.9565226368,100.0,224357139.5089151,414089235.1611788,189732095.65226367,189732095.65226367,False,0.8456699709559475,0.8456699709559475,0.8456699709559472,0.8456699709559472,0.8456699709559474,0.8456699709559474,1.0,1.0,0,False,False,False,True,,,0.4228349854779737,,True,False,0.0
"multi|amazon,beehiiv,google,liveintent,meta,moloco,snapchat,tiktok|pmode=roi|rpk=100.0|target=snapchat|mu=1.000000|sigma=1.000000|dist=LogNormal|1.000000|1.000000|LogNormal|alpha=0p51|ec=0p5|slope=1p2|lag=4|decay=geometric",snapchat,"{""kpi_type"": ""non_revenue"", ""kpi_type_effective"": ""revenue"", ""prior_design_mode"": ""roi"", ""prior_grid_type"": ""roi"", ""revenue_per_kpi"": 100.0, ""roi_prior_overrides"": {""amazon"": {""dist"": ""LogNormal"", ""mu"": 0.5, ""sigma"": 0.5}, ""beehiiv"": {""dist"": ""LogNormal"", ""mu"": 0.5, ""sigma"": 0.5}, ""google"": {""dist"": ""LogNormal"", ""mu"": 0.5, ""sigma"": 0.5}, ""liveintent"": {""dist"": ""LogNormal"", ""mu"": 0.5, ""sigma"": 0.5}, ""meta"": {""dist"": ""LogNormal"", ""mu"": 0.5, ""sigma"": 0.5}, ""moloco"": {""dist"": ""LogNormal"", ""mu"": 0.5, ""sigma"": 0.5}, ""snapchat"": {""dist"": ""LogNormal"", ""mu"": 1.0, ""sigma"": 1.0}, ""tiktok"": {""dist"": ""LogNormal"", ""mu"": 0.5, ""sigma"": 0.5}}, ""run_mode"": ""roi_full"", ""structural_overrides"": {""adstock_decay_spec"": ""geometric"", ""alpha_m"": 0.51, ""ec_m"": 0.5, ""max_lag"": 4, ""slope_m"": 1.2}, ""sweep_type"": ""fixed_full_grid"", ""target_channel"": ""snapchat"", ""two_layer_enabled"": false}",tiktok,REVIEW,REVIEW:PriorPosteriorShift,PriorPosteriorShift,"amazon,liveintent",0.4454225514084101,0.450893637239933,0.0054710858315228,0.0122829116177964,0.51,0.5,1.2,4,geometric,prior_sweep,roi_full,roi,non_revenue,revenue,__revenue_equiv__,100.0,snapchat,fixed_full_grid,False,roi,roi,Revenue-equivalent ROI,1.0,1.0,LogNormal,target_channels,snapchat,configured,,,,upload_1bc112d58beb_monthly_mocha,/Users/jasper/Documents/Intern/BlueAlpha/capstone-Blue_Alpha_1/backend/storage/uploads/upload_1bc112d58beb_monthly_mocha.csv,1.0,1.0,LogNormal,0.389614058166092,0.0862870134413242,0.3261690884828567,1.226093351840973,0.391681294162447,0.0818231739103794,0.3340636193752289,1.2038128793239593,0.9766276246958342,0.5,0.5,LogNormal,0.0558109565322646,0.0670748380828053,1752685.00913,780685.4285819572,790274.5187025309,9589.090120573645,9589.090120573645,100.0,78068542.85819572,79027451.87025309,958909.012057364,958909.012057364,False,0.012282911617796441,0.012282911617796441,0.01228291161779635,0.01228291161779635,0.012282911617796394,0.012282911617796394,1.0,1.0,0,False,False,False,True,,,0.006141455808898197,,True,False,0.0
"multi|amazon,beehiiv,google,liveintent,meta,moloco,snapchat,tiktok|pmode=roi|rpk=100.0|target=tiktok|mu=1.000000|sigma=1.000000|dist=LogNormal|1.000000|1.000000|LogNormal|alpha=0p51|ec=0p5|slope=1p2|lag=4|decay=geometric",tiktok,"{""kpi_type"": ""non_revenue"", ""kpi_type_effective"": ""revenue"", ""prior_design_mode"": ""roi"", ""prior_grid_type"": ""roi"", ""revenue_per_kpi"": 100.0, ""roi_prior_overrides"": {""amazon"": {""dist"": ""LogNormal"", ""mu"": 0.5, ""sigma"": 1.0}, ""beehiiv"": {""dist"": ""LogNormal"", ""mu"": 0.5, ""sigma"": 1.0}, ""google"": {""dist"": ""LogNormal"", ""mu"": 0.5, ""sigma"": 1.0}, ""liveintent"": {""dist"": ""LogNormal"", ""mu"": 0.5, ""sigma"": 1.0}, ""meta"": {""dist"": ""LogNormal"", ""mu"": 0.5, ""sigma"": 1.0}, ""moloco"": {""dist"": ""LogNormal"", ""mu"": 0.5, ""sigma"": 1.0}, ""snapchat"": {""dist"": ""LogNormal"", ""mu"": 0.5, ""sigma"": 1.0}, ""tiktok"": {""dist"": ""LogNormal"", ""mu"": 1.0, ""sigma"": 1.0}}, ""run_mode"": ""roi_full"", ""structural_overrides"": {""adstock_decay_spec"": ""geometric"", ""alpha_m"": 0.51, ""ec_m"": 0.5, ""max_lag"": 4, ""slope_m"": 1.2}, ""sweep_type"": ""fixed_full_grid"", ""target_channel"": ""tiktok"", ""two_layer_enabled"": false}",amazon,REVIEW,REVIEW:PriorPosteriorShift,PriorPosteriorShift,beehiiv,,0.511740046609193,,,0.51,0.5,1.2,4,geometric,prior_sweep,roi_full,roi,non_revenue,revenue,__revenue_equiv__,100.0,tiktok,fixed_full_grid,False,roi,roi,Revenue-equivalent ROI,1.0,1.0,LogNormal,target_channels,tiktok,configured,,,,upload_1bc112d58beb_monthly_mocha,/Users/jasper/Documents/Intern/BlueAlpha/capstone-Blue_Alpha_1/backend/storage/uploads/upload_1bc112d58beb_monthly_mocha.csv,1.0,1.0,LogNormal,,,,,0.8375332365200753,0.0326432021334767,0.2323316484689712,1.8906438291072831,,0.5,1.0,LogNormal,0.0280942061583444,0.0655675627559818,15740.258094,,8054.920410664288,,,100.0,,805492.0410664289,,,False,,,,,,,1.0,1.0,0,False,False,False,True,,,,,True,False,
"multi|amazon,beehiiv,google,liveintent,meta,moloco,snapchat,tiktok|pmode=roi|rpk=100.0|target=tiktok|mu=1.000000|sigma=1.000000|dist=LogNormal|1.000000|1.000000|LogNormal|alpha=0p51|ec=0p5|slope=1p2|lag=4|decay=geometric",tiktok,"{""kpi_type"": ""non_revenue"", ""kpi_type_effective"": ""revenue"", ""prior_design_mode"": ""roi"", ""prior_grid_type"": ""roi"", ""revenue_per_kpi"": 100.0, ""roi_prior_overrides"": {""amazon"": {""dist"": ""LogNormal"", ""mu"": 0.5, ""sigma"": 1.0}, ""beehiiv"": {""dist"": ""LogNormal"", ""mu"": 0.5, ""sigma"": 1.0}, ""google"": {""dist"": ""LogNormal"", ""mu"": 0.5, ""sigma"": 1.0}, ""liveintent"": {""dist"": ""LogNormal"", ""mu"": 0.5, ""sigma"": 1.0}, ""meta"": {""dist"": ""LogNormal"", ""mu"": 0.5, ""sigma"": 1.0}, ""moloco"": {""dist"": ""LogNormal"", ""mu"": 0.5, ""sigma"": 1.0}, ""snapchat"": {""dist"": ""LogNormal"", ""mu"": 0.5, ""sigma"": 1.0}, ""tiktok"": {""dist"": ""LogNormal"", ""mu"": 1.0, ""sigma"": 1.0}}, ""run_mode"": ""roi_full"", ""structural_overrides"": {""adstock_decay_spec"": ""geometric"", ""alpha_m"": 0.51, ""ec_m"": 0.5, ""max_lag"": 4, ""slope_m"": 1.2}, ""sweep_type"": ""fixed_full_grid"", ""target_channel"": ""tiktok"", ""two_layer_enabled"": false}",beehiiv,REVIEW,REVIEW:PriorPosteriorShift,PriorPosteriorShift,beehiiv,,0.5130700747994706,,,0.51,0.5,1.2,4,geometric,prior_sweep,roi_full,roi,non_revenue,revenue,__revenue_equiv__,100.0,tiktok,fixed_full_grid,False,roi,roi,Revenue-equivalent ROI,1.0,1.0,LogNormal,target_channels,tiktok,configured,,,,upload_1bc112d58beb_monthly_mocha,/Users/jasper/Documents/Intern/BlueAlpha/capstone-Blue_Alpha_1/backend/storage/uploads/upload_1bc112d58beb_monthly_mocha.csv,1.0,1.0,LogNormal,,,,,0.8042762481089233,0.0263101837597787,0.2244793847203254,2.0738019347190852,,0.5,1.0,LogNormal,0.0413280317058819,0.0245497735700461,328172.2732613,,168375.3727892875,,,100.0,,16837537.27892875,,,False,,,,,,,1.0,1.0,0,False,False,False,True,,,,,True,True,
"multi|amazon,beehiiv,google,liveintent,meta,moloco,snapchat,tiktok|pmode=roi|rpk=100.0|target=tiktok|mu=1.000000|sigma=1.000000|dist=LogNormal|1.000000|1.000000|LogNormal|alpha=0p51|ec=0p5|slope=1p2|lag=4|decay=geometric",tiktok,"{""kpi_type"": ""non_revenue"", ""kpi_type_effective"": ""revenue"", ""prior_design_mode"": ""roi"", ""prior_grid_type"": ""roi"", ""revenue_per_kpi"": 100.0, ""roi_prior_overrides"": {""amazon"": {""dist"": ""LogNormal"", ""mu"": 0.5, ""sigma"": 1.0}, ""beehiiv"": {""dist"": ""LogNormal"", ""mu"": 0.5, ""sigma"": 1.0}, ""google"": {""dist"": ""LogNormal"", ""mu"": 0.5, ""sigma"": 1.0}, ""liveintent"": {""dist"": ""LogNormal"", ""mu"": 0.5, ""sigma"": 1.0}, ""meta"": {""dist"": ""LogNormal"", ""mu"": 0.5, ""sigma"": 1.0}, ""moloco"": {""dist"": ""LogNormal"", ""mu"": 0.5, ""sigma"": 1.0}, ""snapchat"": {""dist"": ""LogNormal"", ""mu"": 0.5, ""sigma"": 1.0}, ""tiktok"": {""dist"": ""LogNormal"", ""mu"": 1.0, ""sigma"": 1.0}}, ""run_mode"": ""roi_full"", ""structural_overrides"": {""adstock_decay_spec"": ""geometric"", ""alpha_m"": 0.51, ""ec_m"": 0.5, ""max_lag"": 4, ""slope_m"": 1.2}, ""sweep_type"": ""fixed_full_grid"", ""target_channel"": ""tiktok"", ""two_layer_enabled"": false}",google,REVIEW,REVIEW:PriorPosteriorShift,PriorPosteriorShift,beehiiv,,0.2402920621755765,,,0.51,0.5,1.2,4,geometric,prior_sweep,roi_full,roi,non_revenue,revenue,__revenue_equiv__,100.0,tiktok,fixed_full_grid,False,roi,roi,Revenue-equivalent ROI,1.0,1.0,LogNormal,target_channels,tiktok,configured,,,,upload_1bc112d58beb_monthly_mocha,/Users/jasper/Documents/Intern/BlueAlpha/capstone-Blue_Alpha_1/backend/storage/uploads/upload_1bc112d58beb_monthly_mocha.csv,1.0,1.0,LogNormal,,,,,0.2275121759233438,0.025855141505599,0.1683066710829734,0.7260389089584349,,0.5,1.0,LogNormal,1.0401565230623289,0.2488986192077852,10298543.94665,,2474658.362346329,,,100.0,,247465836.23463288,,,False,,,,,,,1.0,1.0,0,False,False,False,True,,,,,True,False,
"multi|amazon,beehiiv,google,liveintent,meta,moloco,snapchat,tiktok|pmode=roi|rpk=100.0|target=tiktok|mu=1.000000|sigma=1.000000|dist=LogNormal|1.000000|1.000000|LogNormal|alpha=0p51|ec=0p5|slope=1p2|lag=4|decay=geometric",tiktok,"{""kpi_type"": ""non_revenue"", ""kpi_type_effective"": ""revenue"", ""prior_design_mode"": ""roi"", ""prior_grid_type"": ""roi"", ""revenue_per_kpi"": 100.0, ""roi_prior_overrides"": {""amazon"": {""dist"": ""LogNormal"", ""mu"": 0.5, ""sigma"": 1.0}, ""beehiiv"": {""dist"": ""LogNormal"", ""mu"": 0.5, ""sigma"": 1.0}, ""google"": {""dist"": ""LogNormal"", ""mu"": 0.5, ""sigma"": 1.0}, ""liveintent"": {""dist"": ""LogNormal"", ""mu"": 0.5, ""sigma"": 1.0}, ""meta"": {""dist"": ""LogNormal"", ""mu"": 0.5, ""sigma"": 1.0}, ""moloco"": {""dist"": ""LogNormal"", ""mu"": 0.5, ""sigma"": 1.0}, ""snapchat"": {""dist"": ""LogNormal"", ""mu"": 0.5, ""sigma"": 1.0}, ""tiktok"": {""dist"": ""LogNormal"", ""mu"": 1.0, ""sigma"": 1.0}}, ""run_mode"": ""roi_full"", ""structural_overrides"": {""adstock_decay_spec"": ""geometric"", ""alpha_m"": 0.51, ""ec_m"": 0.5, ""max_lag"": 4, ""slope_m"": 1.2}, ""sweep_type"": ""fixed_full_grid"", ""target_channel"": ""tiktok"", ""two_layer_enabled"": false}",liveintent,REVIEW,REVIEW:PriorPosteriorShift,PriorPosteriorShift,beehiiv,,0.4791620143452504,,,0.51,0.5,1.2,4,geometric,prior_sweep,roi_full,roi,non_revenue,revenue,__revenue_equiv__,100.0,tiktok,fixed_full_grid,False,roi,roi,Revenue-equivalent ROI,1.0,1.0,LogNormal,target_channels,tiktok,configured,,,,upload_1bc112d58beb_monthly_mocha,/Users/jasper/Documents/Intern/BlueAlpha/capstone-Blue_Alpha_1/backend/storage/uploads/upload_1bc112d58beb_monthly_mocha.csv,1.0,1.0,LogNormal,,,,,0.719034013669254,0.029453560616821,0.2306234166026115,1.743245822191238,,0.5,1.0,LogNormal,0.0885686826984185,0.0354771640981887,797987.173079,,382365.1412742056,,,100.0,,38236514.12742056,,,False,,,,,,,1.0,1.0,0,False,False,False,True,,,,,True,False,
"multi|amazon,beehiiv,google,liveintent,meta,moloco,snapchat,tiktok|pmode=roi|rpk=100.0|target=tiktok|mu=1.000000|sigma=1.000000|dist=LogNormal|1.000000|1.000000|LogNormal|alpha=0p51|ec=0p5|slope=1p2|lag=4|decay=geometric",tiktok,"{""kpi_type"": ""non_revenue"", ""kpi_type_effective"": ""revenue"", ""prior_design_mode"": ""roi"", ""prior_grid_type"": ""roi"", ""revenue_per_kpi"": 100.0, ""roi_prior_overrides"": {""amazon"": {""dist"": ""LogNormal"", ""mu"": 0.5, ""sigma"": 1.0}, ""beehiiv"": {""dist"": ""LogNormal"", ""mu"": 0.5, ""sigma"": 1.0}, ""google"": {""dist"": ""LogNormal"", ""mu"": 0.5, ""sigma"": 1.0}, ""liveintent"": {""dist"": ""LogNormal"", ""mu"": 0.5, ""sigma"": 1.0}, ""meta"": {""dist"": ""LogNormal"", ""mu"": 0.5, ""sigma"": 1.0}, ""moloco"": {""dist"": ""LogNormal"", ""mu"": 0.5, ""sigma"": 1.0}, ""snapchat"": {""dist"": ""LogNormal"", ""mu"": 0.5, ""sigma"": 1.0}, ""tiktok"": {""dist"": ""LogNormal"", ""mu"": 1.0, ""sigma"": 1.0}}, ""run_mode"": ""roi_full"", ""structural_overrides"": {""adstock_decay_spec"": ""geometric"", ""alpha_m"": 0.51, ""ec_m"": 0.5, ""max_lag"": 4, ""slope_m"": 1.2}, ""sweep_type"": ""fixed_full_grid"", ""target_channel"": ""tiktok"", ""two_layer_enabled"": false}",meta,REVIEW,REVIEW:PriorPosteriorShift,PriorPosteriorShift,beehiiv,,0.3914868206340664,,,0.51,0.5,1.2,4,geometric,prior_sweep,roi_full,roi,non_revenue,revenue,__revenue_equiv__,100.0,tiktok,fixed_full_grid,False,roi,roi,Revenue-equivalent ROI,1.0,1.0,LogNormal,target_channels,tiktok,configured,,,,upload_1bc112d58beb_monthly_mocha,/Users/jasper/Documents/Intern/BlueAlpha/capstone-Blue_Alpha_1/backend/storage/uploads/upload_1bc112d58beb_monthly_mocha.csv,1.0,1.0,LogNormal,,,,,0.4679277928945174,0.0305530736222863,0.2219936773180961,1.3831485152244565,,0.5,1.0,LogNormal,0.3748070483847614,0.1227793282158899,840158.1265220001,,328910.83378197154,,,100.0,,32891083.378197152,,,False,,,,,,,1.0,1.0,0,False,False,False,True,,,,,True,False,
"multi|amazon,beehiiv,google,liveintent,meta,moloco,snapchat,tiktok|pmode=roi|rpk=100.0|target=tiktok|mu=1.000000|sigma=1.000000|dist=LogNormal|1.000000|1.000000|LogNormal|alpha=0p51|ec=0p5|slope=1p2|lag=4|decay=geometric",tiktok,"{""kpi_type"": ""non_revenue"", ""kpi_type_effective"": ""revenue"", ""prior_design_mode"": ""roi"", ""prior_grid_type"": ""roi"", ""revenue_per_kpi"": 100.0, ""roi_prior_overrides"": {""amazon"": {""dist"": ""LogNormal"", ""mu"": 0.5, ""sigma"": 1.0}, ""beehiiv"": {""dist"": ""LogNormal"", ""mu"": 0.5, ""sigma"": 1.0}, ""google"": {""dist"": ""LogNormal"", ""mu"": 0.5, ""sigma"": 1.0}, ""liveintent"": {""dist"": ""LogNormal"", ""mu"": 0.5, ""sigma"": 1.0}, ""meta"": {""dist"": ""LogNormal"", ""mu"": 0.5, ""sigma"": 1.0}, ""moloco"": {""dist"": ""LogNormal"", ""mu"": 0.5, ""sigma"": 1.0}, ""snapchat"": {""dist"": ""LogNormal"", ""mu"": 0.5, ""sigma"": 1.0}, ""tiktok"": {""dist"": ""LogNormal"", ""mu"": 1.0, ""sigma"": 1.0}}, ""run_mode"": ""roi_full"", ""structural_overrides"": {""adstock_decay_spec"": ""geometric"", ""alpha_m"": 0.51, ""ec_m"": 0.5, ""max_lag"": 4, ""slope_m"": 1.2}, ""sweep_type"": ""fixed_full_grid"", ""target_channel"": ""tiktok"", ""two_layer_enabled"": false}",moloco,REVIEW,REVIEW:PriorPosteriorShift,PriorPosteriorShift,beehiiv,,0.6029391337186099,,,0.51,0.5,1.2,4,geometric,prior_sweep,roi_full,roi,non_revenue,revenue,__revenue_equiv__,100.0,tiktok,fixed_full_grid,False,roi,roi,Revenue-equivalent ROI,1.0,1.0,LogNormal,target_channels,tiktok,configured,,,,upload_1bc112d58beb_monthly_mocha,/Users/jasper/Documents/Intern/BlueAlpha/capstone-Blue_Alpha_1/backend/storage/uploads/upload_1bc112d58beb_monthly_mocha.csv,1.0,1.0,LogNormal,,,,,0.9624634540119656,0.0325025947764515,0.2605644464492798,2.445702290534973,,0.5,1.0,LogNormal,0.0067253661784595,0.1016360043094153,842234.6095886,,507816.2058931821,,,100.0,,50781620.58931821,,,False,,,,,,,1.0,1.0,0,False,False,False,True,,,,,True,False,
"multi|amazon,beehiiv,google,liveintent,meta,moloco,snapchat,tiktok|pmode=roi|rpk=100.0|target=tiktok|mu=1.000000|sigma=1.000000|dist=LogNormal|1.000000|1.000000|LogNormal|alpha=0p51|ec=0p5|slope=1p2|lag=4|decay=geometric",tiktok,"{""kpi_type"": ""non_revenue"", ""kpi_type_effective"": ""revenue"", ""prior_design_mode"": ""roi"", ""prior_grid_type"": ""roi"", ""revenue_per_kpi"": 100.0, ""roi_prior_overrides"": {""amazon"": {""dist"": ""LogNormal"", ""mu"": 0.5, ""sigma"": 1.0}, ""beehiiv"": {""dist"": ""LogNormal"", ""mu"": 0.5, ""sigma"": 1.0}, ""google"": {""dist"": ""LogNormal"", ""mu"": 0.5, ""sigma"": 1.0}, ""liveintent"": {""dist"": ""LogNormal"", ""mu"": 0.5, ""sigma"": 1.0}, ""meta"": {""dist"": ""LogNormal"", ""mu"": 0.5, ""sigma"": 1.0}, ""moloco"": {""dist"": ""LogNormal"", ""mu"": 0.5, ""sigma"": 1.0}, ""snapchat"": {""dist"": ""LogNormal"", ""mu"": 0.5, ""sigma"": 1.0}, ""tiktok"": {""dist"": ""LogNormal"", ""mu"": 1.0, ""sigma"": 1.0}}, ""run_mode"": ""roi_full"", ""structural_overrides"": {""adstock_decay_spec"": ""geometric"", ""alpha_m"": 0.51, ""ec_m"": 0.5, ""max_lag"": 4, ""slope_m"": 1.2}, ""sweep_type"": ""fixed_full_grid"", ""target_channel"": ""tiktok"", ""two_layer_enabled"": false}",snapchat,REVIEW,REVIEW:PriorPosteriorShift,PriorPosteriorShift,beehiiv,,0.4263540054765569,,,0.51,0.5,1.2,4,geometric,prior_sweep,roi_full,roi,non_revenue,revenue,__revenue_equiv__,100.0,tiktok,fixed_full_grid,False,roi,roi,Revenue-equivalent ROI,1.0,1.0,LogNormal,target_channels,tiktok,configured,,,,upload_1bc112d58beb_monthly_mocha,/Users/jasper/Documents/Intern/BlueAlpha/capstone-Blue_Alpha_1/backend/storage/uploads/upload_1bc112d58beb_monthly_mocha.csv,1.0,1.0,LogNormal,,,,,0.4858524569121065,0.0290422435849905,0.2520139068365097,1.4559359669685357,,0.5,1.0,LogNormal,0.3425884589724265,0.0754043446246786,4342436.908989999,,1851415.369677125,,,100.0,,185141536.9677125,,,False,,,,,,,1.0,1.0,0,False,False,False,True,,,,,True,False,
"multi|amazon,beehiiv,google,liveintent,meta,moloco,snapchat,tiktok|pmode=roi|rpk=100.0|target=tiktok|mu=1.000000|sigma=1.000000|dist=LogNormal|1.000000|1.000000|LogNormal|alpha=0p51|ec=0p5|slope=1p2|lag=4|decay=geometric",tiktok,"{""kpi_type"": ""non_revenue"", ""kpi_type_effective"": ""revenue"", ""prior_design_mode"": ""roi"", ""prior_grid_type"": ""roi"", ""revenue_per_kpi"": 100.0, ""roi_prior_overrides"": {""amazon"": {""dist"": ""LogNormal"", ""mu"": 0.5, ""sigma"": 1.0}, ""beehiiv"": {""dist"": ""LogNormal"", ""mu"": 0.5, ""sigma"": 1.0}, ""google"": {""dist"": ""LogNormal"", ""mu"": 0.5, ""sigma"": 1.0}, ""liveintent"": {""dist"": ""LogNormal"", ""mu"": 0.5, ""sigma"": 1.0}, ""meta"": {""dist"": ""LogNormal"", ""mu"": 0.5, ""sigma"": 1.0}, ""moloco"": {""dist"": ""LogNormal"", ""mu"": 0.5, ""sigma"": 1.0}, ""snapchat"": {""dist"": ""LogNormal"", ""mu"": 0.5, ""sigma"": 1.0}, ""tiktok"": {""dist"": ""LogNormal"", ""mu"": 1.0, ""sigma"": 1.0}}, ""run_mode"": ""roi_full"", ""structural_overrides"": {""adstock_decay_spec"": ""geometric"", ""alpha_m"": 0.51, ""ec_m"": 0.5, ""max_lag"": 4, ""slope_m"": 1.2}, ""sweep_type"": ""fixed_full_grid"", ""target_channel"": ""tiktok"", ""two_layer_enabled"": false}",tiktok,REVIEW,REVIEW:PriorPosteriorShift,PriorPosteriorShift,beehiiv,,0.7728531565455099,,,0.51,0.5,1.2,4,geometric,prior_sweep,roi_full,roi,non_revenue,revenue,__revenue_equiv__,100.0,tiktok,fixed_full_grid,False,roi,roi,Revenue-equivalent ROI,1.0,1.0,LogNormal,target_channels,tiktok,configured,,,,upload_1bc112d58beb_monthly_mocha,/Users/jasper/Documents/Intern/BlueAlpha/capstone-Blue_Alpha_1/backend/storage/uploads/upload_1bc112d58beb_monthly_mocha.csv,1.0,1.0,LogNormal,,,,,0.5896747845334914,0.1702386409044265,0.6099303960800171,1.8400844633579243,,1.0,1.0,LogNormal,0.227840126713995,0.2623923555869148,1752685.00913,,1354568.1417361165,,,100.0,,135456814.17361164,,,False,,,,,,,1.0,1.0,0,False,False,False,True,,,,,True,False,
"multi|amazon,beehiiv,google,liveintent,meta,moloco,snapchat,tiktok|pmode=roi|rpk=100.0|target=tiktok|mu=0.500000|sigma=1.000000|dist=LogNormal|0.500000|1.000000|LogNormal|alpha=0p51|ec=0p5|slope=1p2|lag=4|decay=geometric",tiktok,"{""kpi_type"": ""non_revenue"", ""kpi_type_effective"": ""revenue"", ""prior_design_mode"": ""roi"", ""prior_grid_type"": ""roi"", ""revenue_per_kpi"": 100.0, ""roi_prior_overrides"": {""amazon"": {""dist"": ""LogNormal"", ""mu"": 0.5, ""sigma"": 1.0}, ""beehiiv"": {""dist"": ""LogNormal"", ""mu"": 0.5, ""sigma"": 1.0}, ""google"": {""dist"": ""LogNormal"", ""mu"": 0.5, ""sigma"": 1.0}, ""liveintent"": {""dist"": ""LogNormal"", ""mu"": 0.5, ""sigma"": 1.0}, ""meta"": {""dist"": ""LogNormal"", ""mu"": 0.5, ""sigma"": 1.0}, ""moloco"": {""dist"": ""LogNormal"", ""mu"": 0.5, ""sigma"": 1.0}, ""snapchat"": {""dist"": ""LogNormal"", ""mu"": 0.5, ""sigma"": 1.0}, ""tiktok"": {""dist"": ""LogNormal"", ""mu"": 0.5, ""sigma"": 1.0}}, ""run_mode"": ""roi_full"", ""structural_overrides"": {""adstock_decay_spec"": ""geometric"", ""alpha_m"": 0.51, ""ec_m"": 0.5, ""max_lag"": 4, ""slope_m"": 1.2}, ""sweep_type"": ""fixed_full_grid"", ""target_channel"": ""tiktok"", ""two_layer_enabled"": false}",amazon,REVIEW,REVIEW:PriorPosteriorShift,PriorPosteriorShift,"amazon,liveintent",,0.5466597333509707,,,0.51,0.5,1.2,4,geometric,prior_sweep,roi_full,roi,non_revenue,revenue,__revenue_equiv__,100.0,tiktok,fixed_full_grid,False,roi,roi,Revenue-equivalent ROI,0.5,1.0,LogNormal,target_channels,tiktok,configured,,,,upload_1bc112d58beb_monthly_mocha,/Users/jasper/Documents/Intern/BlueAlpha/capstone-Blue_Alpha_1/backend/storage/uploads/upload_1bc112d58beb_monthly_mocha.csv,0.5,1.0,LogNormal,,,,,1.109550655196638,0.0282608624547719,0.2272619009017944,1.9482481896877288,,0.5,1.0,LogNormal,0.0126847753555251,0.0888787398550157,15740.258094,,8604.5652925415,,,100.0,,860456.52925415,,,False,,,,,,,0.0,1.0,0,False,True,False,True,,,,,True,True,
"multi|amazon,beehiiv,google,liveintent,meta,moloco,snapchat,tiktok|pmode=roi|rpk=100.0|target=tiktok|mu=0.500000|sigma=1.000000|dist=LogNormal|0.500000|1.000000|LogNormal|alpha=0p51|ec=0p5|slope=1p2|lag=4|decay=geometric",tiktok,"{""kpi_type"": ""non_revenue"", ""kpi_type_effective"": ""revenue"", ""prior_design_mode"": ""roi"", ""prior_grid_type"": ""roi"", ""revenue_per_kpi"": 100.0, ""roi_prior_overrides"": {""amazon"": {""dist"": ""LogNormal"", ""mu"": 0.5, ""sigma"": 1.0}, ""beehiiv"": {""dist"": ""LogNormal"", ""mu"": 0.5, ""sigma"": 1.0}, ""google"": {""dist"": ""LogNormal"", ""mu"": 0.5, ""sigma"": 1.0}, ""liveintent"": {""dist"": ""LogNormal"", ""mu"": 0.5, ""sigma"": 1.0}, ""meta"": {""dist"": ""LogNormal"", ""mu"": 0.5, ""sigma"": 1.0}, ""moloco"": {""dist"": ""LogNormal"", ""mu"": 0.5, ""sigma"": 1.0}, ""snapchat"": {""dist"": ""LogNormal"", ""mu"": 0.5, ""sigma"": 1.0}, ""tiktok"": {""dist"": ""LogNormal"", ""mu"": 0.5, ""sigma"": 1.0}}, ""run_mode"": ""roi_full"", ""structural_overrides"": {""adstock_decay_spec"": ""geometric"", ""alpha_m"": 0.51, ""ec_m"": 0.5, ""max_lag"": 4, ""slope_m"": 1.2}, ""sweep_type"": ""fixed_full_grid"", ""target_channel"": ""tiktok"", ""two_layer_enabled"": false}",beehiiv,REVIEW,REVIEW:PriorPosteriorShift,PriorPosteriorShift,"amazon,liveintent",,0.514395741657548,,,0.51,0.5,1.2,4,geometric,prior_sweep,roi_full,roi,non_revenue,revenue,__revenue_equiv__,100.0,tiktok,fixed_full_grid,False,roi,roi,Revenue-equivalent ROI,0.5,1.0,LogNormal,target_channels,tiktok,configured,,,,upload_1bc112d58beb_monthly_mocha,/Users/jasper/Documents/Intern/BlueAlpha/capstone-Blue_Alpha_1/backend/storage/uploads/upload_1bc112d58beb_monthly_mocha.csv,0.5,1.0,LogNormal,,,,,0.808877270563715,0.0233515158295631,0.24089165776968,1.8201416194438924,,0.5,1.0,LogNormal,0.0393529166511049,0.0424896084853738,328172.2732613,,168810.4198956899,,,100.0,,16881041.98956899,,,False,,,,,,,0.0,1.0,0,False,True,False,True,,,,,True,False,
"multi|amazon,beehiiv,google,liveintent,meta,moloco,snapchat,tiktok|pmode=roi|rpk=100.0|target=tiktok|mu=0.500000|sigma=1.000000|dist=LogNormal|0.500000|1.000000|LogNormal|alpha=0p51|ec=0p5|slope=1p2|lag=4|decay=geometric",tiktok,"{""kpi_type"": ""non_revenue"", ""kpi_type_effective"": ""revenue"", ""prior_design_mode"": ""roi"", ""prior_grid_type"": ""roi"", ""revenue_per_kpi"": 100.0, ""roi_prior_overrides"": {""amazon"": {""dist"": ""LogNormal"", ""mu"": 0.5, ""sigma"": 1.0}, ""beehiiv"": {""dist"": ""LogNormal"", ""mu"": 0.5, ""sigma"": 1.0}, ""google"": {""dist"": ""LogNormal"", ""mu"": 0.5, ""sigma"": 1.0}, ""liveintent"": {""dist"": ""LogNormal"", ""mu"": 0.5, ""sigma"": 1.0}, ""meta"": {""dist"": ""LogNormal"", ""mu"": 0.5, ""sigma"": 1.0}, ""moloco"": {""dist"": ""LogNormal"", ""mu"": 0.5, ""sigma"": 1.0}, ""snapchat"": {""dist"": ""LogNormal"", ""mu"": 0.5, ""sigma"": 1.0}, ""tiktok"": {""dist"": ""LogNormal"", ""mu"": 0.5, ""sigma"": 1.0}}, ""run_mode"": ""roi_full"", ""structural_overrides"": {""adstock_decay_spec"": ""geometric"", ""alpha_m"": 0.51, ""ec_m"": 0.5, ""max_lag"": 4, ""slope_m"": 1.2}, ""sweep_type"": ""fixed_full_grid"", ""target_channel"": ""tiktok"", ""two_layer_enabled"": false}",google,REVIEW,REVIEW:PriorPosteriorShift,PriorPosteriorShift,"amazon,liveintent",,0.2535260545477892,,,0.51,0.5,1.2,4,geometric,prior_sweep,roi_full,roi,non_revenue,revenue,__revenue_equiv__,100.0,tiktok,fixed_full_grid,False,roi,roi,Revenue-equivalent ROI,0.5,1.0,LogNormal,target_channels,tiktok,configured,,,,upload_1bc112d58beb_monthly_mocha,/Users/jasper/Documents/Intern/BlueAlpha/capstone-Blue_Alpha_1/backend/storage/uploads/upload_1bc112d58beb_monthly_mocha.csv,0.5,1.0,LogNormal,,,,,0.2465172946366925,0.022042912710458,0.1731949299573898,0.7812414675951004,,0.5,1.0,LogNormal,0.9610832183334912,0.2355812227234819,10298543.94665,,2610949.2143811923,,,100.0,,261094921.43811923,,,False,,,,,,,0.0,1.0,0,False,True,False,True,,,,,True,False,
"multi|amazon,beehiiv,google,liveintent,meta,moloco,snapchat,tiktok|pmode=roi|rpk=100.0|target=tiktok|mu=0.500000|sigma=1.000000|dist=LogNormal|0.500000|1.000000|LogNormal|alpha=0p51|ec=0p5|slope=1p2|lag=4|decay=geometric",tiktok,"{""kpi_type"": ""non_revenue"", ""kpi_type_effective"": ""revenue"", ""prior_design_mode"": ""roi"", ""prior_grid_type"": ""roi"", ""revenue_per_kpi"": 100.0, ""roi_prior_overrides"": {""amazon"": {""dist"": ""LogNormal"", ""mu"": 0.5, ""sigma"": 1.0}, ""beehiiv"": {""dist"": ""LogNormal"", ""mu"": 0.5, ""sigma"": 1.0}, ""google"": {""dist"": ""LogNormal"", ""mu"": 0.5, ""sigma"": 1.0}, ""liveintent"": {""dist"": ""LogNormal"", ""mu"": 0.5, ""sigma"": 1.0}, ""meta"": {""dist"": ""LogNormal"", ""mu"": 0.5, ""sigma"": 1.0}, ""moloco"": {""dist"": ""LogNormal"", ""mu"": 0.5, ""sigma"": 1.0}, ""snapchat"": {""dist"": ""LogNormal"", ""mu"": 0.5, ""sigma"": 1.0}, ""tiktok"": {""dist"": ""LogNormal"", ""mu"": 0.5, ""sigma"": 1.0}}, ""run_mode"": ""roi_full"", ""structural_overrides"": {""adstock_decay_spec"": ""geometric"", ""alpha_m"": 0.51, ""ec_m"": 0.5, ""max_lag"": 4, ""slope_m"": 1.2}, ""sweep_type"": ""fixed_full_grid"", ""target_channel"": ""tiktok"", ""two_layer_enabled"": false}",liveintent,REVIEW,REVIEW:PriorPosteriorShift,PriorPosteriorShift,"amazon,liveintent",,0.4778696576102326,,,0.51,0.5,1.2,4,geometric,prior_sweep,roi_full,roi,non_revenue,revenue,__revenue_equiv__,100.0,tiktok,fixed_full_grid,False,roi,roi,Revenue-equivalent ROI,0.5,1.0,LogNormal,target_channels,tiktok,configured,,,,upload_1bc112d58beb_monthly_mocha,/Users/jasper/Documents/Intern/BlueAlpha/capstone-Blue_Alpha_1/backend/storage/uploads/upload_1bc112d58beb_monthly_mocha.csv,0.5,1.0,LogNormal,,,,,0.832689813928159,0.0278711374849081,0.2083722501993179,1.8667731285095213,,0.5,1.0,LogNormal,0.0300251175351545,0.0484641007883122,797987.173079,,381333.8571766191,,,100.0,,38133385.71766191,,,False,,,,,,,0.0,1.0,0,False,True,False,True,,,,,True,True,
"multi|amazon,beehiiv,google,liveintent,meta,moloco,snapchat,tiktok|pmode=roi|rpk=100.0|target=tiktok|mu=0.500000|sigma=1.000000|dist=LogNormal|0.500000|1.000000|LogNormal|alpha=0p51|ec=0p5|slope=1p2|lag=4|decay=geometric",tiktok,"{""kpi_type"": ""non_revenue"", ""kpi_type_effective"": ""revenue"", ""prior_design_mode"": ""roi"", ""prior_grid_type"": ""roi"", ""revenue_per_kpi"": 100.0, ""roi_prior_overrides"": {""amazon"": {""dist"": ""LogNormal"", ""mu"": 0.5, ""sigma"": 1.0}, ""beehiiv"": {""dist"": ""LogNormal"", ""mu"": 0.5, ""sigma"": 1.0}, ""google"": {""dist"": ""LogNormal"", ""mu"": 0.5, ""sigma"": 1.0}, ""liveintent"": {""dist"": ""LogNormal"", ""mu"": 0.5, ""sigma"": 1.0}, ""meta"": {""dist"": ""LogNormal"", ""mu"": 0.5, ""sigma"": 1.0}, ""moloco"": {""dist"": ""LogNormal"", ""mu"": 0.5, ""sigma"": 1.0}, ""snapchat"": {""dist"": ""LogNormal"", ""mu"": 0.5, ""sigma"": 1.0}, ""tiktok"": {""dist"": ""LogNormal"", ""mu"": 0.5, ""sigma"": 1.0}}, ""run_mode"": ""roi_full"", ""structural_overrides"": {""adstock_decay_spec"": ""geometric"", ""alpha_m"": 0.51, ""ec_m"": 0.5, ""max_lag"": 4, ""slope_m"": 1.2}, ""sweep_type"": ""fixed_full_grid"", ""target_channel"": ""tiktok"", ""two_layer_enabled"": false}",meta,REVIEW,REVIEW:PriorPosteriorShift,PriorPosteriorShift,"amazon,liveintent",,0.434991448240277,,,0.51,0.5,1.2,4,geometric,prior_sweep,roi_full,roi,non_revenue,revenue,__revenue_equiv__,100.0,tiktok,fixed_full_grid,False,roi,roi,Revenue-equivalent ROI,0.5,1.0,LogNormal,target_channels,tiktok,configured,,,,upload_1bc112d58beb_monthly_mocha,/Users/jasper/Documents/Intern/BlueAlpha/capstone-Blue_Alpha_1/backend/storage/uploads/upload_1bc112d58beb_monthly_mocha.csv,0.5,1.0,LogNormal,,,,,0.5453544258409134,0.0282258258201181,0.2408273667097091,1.4336693167686458,,0.5,1.0,LogNormal,0.2571381538362369,0.1068519571868176,840158.1265220001,,365461.6002066427,,,100.0,,36546160.02066427,,,False,,,,,,,0.0,1.0,0,False,True,False,True,,,,,True,False,
"multi|amazon,beehiiv,google,liveintent,meta,moloco,snapchat,tiktok|pmode=roi|rpk=100.0|target=tiktok|mu=0.500000|sigma=1.000000|dist=LogNormal|0.500000|1.000000|LogNormal|alpha=0p51|ec=0p5|slope=1p2|lag=4|decay=geometric",tiktok,"{""kpi_type"": ""non_revenue"", ""kpi_type_effective"": ""revenue"", ""prior_design_mode"": ""roi"", ""prior_grid_type"": ""roi"", ""revenue_per_kpi"": 100.0, ""roi_prior_overrides"": {""amazon"": {""dist"": ""LogNormal"", ""mu"": 0.5, ""sigma"": 1.0}, ""beehiiv"": {""dist"": ""LogNormal"", ""mu"": 0.5, ""sigma"": 1.0}, ""google"": {""dist"": ""LogNormal"", ""mu"": 0.5, ""sigma"": 1.0}, ""liveintent"": {""dist"": ""LogNormal"", ""mu"": 0.5, ""sigma"": 1.0}, ""meta"": {""dist"": ""LogNormal"", ""mu"": 0.5, ""sigma"": 1.0}, ""moloco"": {""dist"": ""LogNormal"", ""mu"": 0.5, ""sigma"": 1.0}, ""snapchat"": {""dist"": ""LogNormal"", ""mu"": 0.5, ""sigma"": 1.0}, ""tiktok"": {""dist"": ""LogNormal"", ""mu"": 0.5, ""sigma"": 1.0}}, ""run_mode"": ""roi_full"", ""structural_overrides"": {""adstock_decay_spec"": ""geometric"", ""alpha_m"": 0.51, ""ec_m"": 0.5, ""max_lag"": 4, ""slope_m"": 1.2}, ""sweep_type"": ""fixed_full_grid"", ""target_channel"": ""tiktok"", ""two_layer_enabled"": false}",moloco,REVIEW,REVIEW:PriorPosteriorShift,PriorPosteriorShift,"amazon,liveintent",,0.5824671582803906,,,0.51,0.5,1.2,4,geometric,prior_sweep,roi_full,roi,non_revenue,revenue,__revenue_equiv__,100.0,tiktok,fixed_full_grid,False,roi,roi,Revenue-equivalent ROI,0.5,1.0,LogNormal,target_channels,tiktok,configured,,,,upload_1bc112d58beb_monthly_mocha,/Users/jasper/Documents/Intern/BlueAlpha/capstone-Blue_Alpha_1/backend/storage/uploads/upload_1bc112d58beb_monthly_mocha.csv,0.5,1.0,LogNormal,,,,,0.996534289033691,0.0313361812382936,0.2488539740443229,2.3793632268905633,,0.5,1.0,LogNormal,0.0034124411618183,0.0728647779149458,842234.6095886,,490573.9996524661,,,100.0,,49057399.96524661,,,False,,,,,,,0.0,1.0,0,False,True,False,True,,,,,True,False,
"multi|amazon,beehiiv,google,liveintent,meta,moloco,snapchat,tiktok|pmode=roi|rpk=100.0|target=tiktok|mu=0.500000|sigma=1.000000|dist=LogNormal|0.500000|1.000000|LogNormal|alpha=0p51|ec=0p5|slope=1p2|lag=4|decay=geometric",tiktok,"{""kpi_type"": ""non_revenue"", ""kpi_type_effective"": ""revenue"", ""prior_design_mode"": ""roi"", ""prior_grid_type"": ""roi"", ""revenue_per_kpi"": 100.0, ""roi_prior_overrides"": {""amazon"": {""dist"": ""LogNormal"", ""mu"": 0.5, ""sigma"": 1.0}, ""beehiiv"": {""dist"": ""LogNormal"", ""mu"": 0.5, ""sigma"": 1.0}, ""google"": {""dist"": ""LogNormal"", ""mu"": 0.5, ""sigma"": 1.0}, ""liveintent"": {""dist"": ""LogNormal"", ""mu"": 0.5, ""sigma"": 1.0}, ""meta"": {""dist"": ""LogNormal"", ""mu"": 0.5, ""sigma"": 1.0}, ""moloco"": {""dist"": ""LogNormal"", ""mu"": 0.5, ""sigma"": 1.0}, ""snapchat"": {""dist"": ""LogNormal"", ""mu"": 0.5, ""sigma"": 1.0}, ""tiktok"": {""dist"": ""LogNormal"", ""mu"": 0.5, ""sigma"": 1.0}}, ""run_mode"": ""roi_full"", ""structural_overrides"": {""adstock_decay_spec"": ""geometric"", ""alpha_m"": 0.51, ""ec_m"": 0.5, ""max_lag"": 4, ""slope_m"": 1.2}, ""sweep_type"": ""fixed_full_grid"", ""target_channel"": ""tiktok"", ""two_layer_enabled"": false}",snapchat,REVIEW,REVIEW:PriorPosteriorShift,PriorPosteriorShift,"amazon,liveintent",,0.4383741513340889,,,0.51,0.5,1.2,4,geometric,prior_sweep,roi_full,roi,non_revenue,revenue,__revenue_equiv__,100.0,tiktok,fixed_full_grid,False,roi,roi,Revenue-equivalent ROI,0.5,1.0,LogNormal,target_channels,tiktok,configured,,,,upload_1bc112d58beb_monthly_mocha,/Users/jasper/Documents/Intern/BlueAlpha/capstone-Blue_Alpha_1/backend/storage/uploads/upload_1bc112d58beb_monthly_mocha.csv,0.5,1.0,LogNormal,,,,,0.5414168583546195,0.0261924657970666,0.2360543757677078,1.651962602138519,,0.5,1.0,LogNormal,0.2620307437080005,0.0559761291713405,4342436.908989999,,1903612.0947003153,,,100.0,,190361209.47003153,,,False,,,,,,,0.0,1.0,0,False,True,False,True,,,,,True,False,
"multi|amazon,beehiiv,google,liveintent,meta,moloco,snapchat,tiktok|pmode=roi|rpk=100.0|target=tiktok|mu=0.500000|sigma=1.000000|dist=LogNormal|0.500000|1.000000|LogNormal|alpha=0p51|ec=0p5|slope=1p2|lag=4|decay=geometric",tiktok,"{""kpi_type"": ""non_revenue"", ""kpi_type_effective"": ""revenue"", ""prior_design_mode"": ""roi"", ""prior_grid_type"": ""roi"", ""revenue_per_kpi"": 100.0, ""roi_prior_overrides"": {""amazon"": {""dist"": ""LogNormal"", ""mu"": 0.5, ""sigma"": 1.0}, ""beehiiv"": {""dist"": ""LogNormal"", ""mu"": 0.5, ""sigma"": 1.0}, ""google"": {""dist"": ""LogNormal"", ""mu"": 0.5, ""sigma"": 1.0}, ""liveintent"": {""dist"": ""LogNormal"", ""mu"": 0.5, ""sigma"": 1.0}, ""meta"": {""dist"": ""LogNormal"", ""mu"": 0.5, ""sigma"": 1.0}, ""moloco"": {""dist"": ""LogNormal"", ""mu"": 0.5, ""sigma"": 1.0}, ""snapchat"": {""dist"": ""LogNormal"", ""mu"": 0.5, ""sigma"": 1.0}, ""tiktok"": {""dist"": ""LogNormal"", ""mu"": 0.5, ""sigma"": 1.0}}, ""run_mode"": ""roi_full"", ""structural_overrides"": {""adstock_decay_spec"": ""geometric"", ""alpha_m"": 0.51, ""ec_m"": 0.5, ""max_lag"": 4, ""slope_m"": 1.2}, ""sweep_type"": ""fixed_full_grid"", ""target_channel"": ""tiktok"", ""two_layer_enabled"": false}",tiktok,REVIEW,REVIEW:PriorPosteriorShift,PriorPosteriorShift,"amazon,liveintent",,0.3612344704001831,,,0.51,0.5,1.2,4,geometric,prior_sweep,roi_full,roi,non_revenue,revenue,__revenue_equiv__,100.0,tiktok,fixed_full_grid,False,roi,roi,Revenue-equivalent ROI,0.5,1.0,LogNormal,target_channels,tiktok,configured,,,,upload_1bc112d58beb_monthly_mocha,/Users/jasper/Documents/Intern/BlueAlpha/capstone-Blue_Alpha_1/backend/storage/uploads/upload_1bc112d58beb_monthly_mocha.csv,0.5,1.0,LogNormal,,,,,0.4660963431051405,0.0269523620605468,0.2066569477319717,1.2090278446674336,,0.5,1.0,LogNormal,0.3816137579949993,0.1541943249264823,1752685.00913,,633130.2410514157,,,100.0,,63313024.105141565,,,False,,,,,,,0.0,1.0,0,False,True,False,True,,,,,True,False,
"multi|amazon,beehiiv,google,liveintent,meta,moloco,snapchat,tiktok|pmode=roi|rpk=100.0|target=tiktok|mu=2.000000|sigma=1.000000|dist=LogNormal|2.000000|1.000000|LogNormal|alpha=0p51|ec=0p5|slope=1p2|lag=4|decay=geometric",tiktok,"{""kpi_type"": ""non_revenue"", ""kpi_type_effective"": ""revenue"", ""prior_design_mode"": ""roi"", ""prior_grid_type"": ""roi"", ""revenue_per_kpi"": 100.0, ""roi_prior_overrides"": {""amazon"": {""dist"": ""LogNormal"", ""mu"": 0.5, ""sigma"": 1.0}, ""beehiiv"": {""dist"": ""LogNormal"", ""mu"": 0.5, ""sigma"": 1.0}, ""google"": {""dist"": ""LogNormal"", ""mu"": 0.5, ""sigma"": 1.0}, ""liveintent"": {""dist"": ""LogNormal"", ""mu"": 0.5, ""sigma"": 1.0}, ""meta"": {""dist"": ""LogNormal"", ""mu"": 0.5, ""sigma"": 1.0}, ""moloco"": {""dist"": ""LogNormal"", ""mu"": 0.5, ""sigma"": 1.0}, ""snapchat"": {""dist"": ""LogNormal"", ""mu"": 0.5, ""sigma"": 1.0}, ""tiktok"": {""dist"": ""LogNormal"", ""mu"": 2.0, ""sigma"": 1.0}}, ""run_mode"": ""roi_full"", ""structural_overrides"": {""adstock_decay_spec"": ""geometric"", ""alpha_m"": 0.51, ""ec_m"": 0.5, ""max_lag"": 4, ""slope_m"": 1.2}, ""sweep_type"": ""fixed_full_grid"", ""target_channel"": ""tiktok"", ""two_layer_enabled"": false}",amazon,REVIEW,REVIEW:PriorPosteriorShift,PriorPosteriorShift,liveintent,,0.4960590357345063,,,0.51,0.5,1.2,4,geometric,prior_sweep,roi_full,roi,non_revenue,revenue,__revenue_equiv__,100.0,tiktok,fixed_full_grid,False,roi,roi,Revenue-equivalent ROI,2.0,1.0,LogNormal,target_channels,tiktok,configured,,,,upload_1bc112d58beb_monthly_mocha,/Users/jasper/Documents/Intern/BlueAlpha/capstone-Blue_Alpha_1/backend/storage/uploads/upload_1bc112d58beb_monthly_mocha.csv,2.0,1.0,LogNormal,,,,,0.8374394262957995,0.0315919373184442,0.2274375632405281,2.0767332434654224,,0.5,1.0,LogNormal,0.0280665066666009,0.0502098166123626,15740.258094,,7808.097252321899,,,100.0,,780809.7252321899,,,False,,,,,,,3.0,1.0,0,False,False,False,True,,,,,True,False,
"multi|amazon,beehiiv,google,liveintent,meta,moloco,snapchat,tiktok|pmode=roi|rpk=100.0|target=tiktok|mu=2.000000|sigma=1.000000|dist=LogNormal|2.000000|1.000000|LogNormal|alpha=0p51|ec=0p5|slope=1p2|lag=4|decay=geometric",tiktok,"{""kpi_type"": ""non_revenue"", ""kpi_type_effective"": ""revenue"", ""prior_design_mode"": ""roi"", ""prior_grid_type"": ""roi"", ""revenue_per_kpi"": 100.0, ""roi_prior_overrides"": {""amazon"": {""dist"": ""LogNormal"", ""mu"": 0.5, ""sigma"": 1.0}, ""beehiiv"": {""dist"": ""LogNormal"", ""mu"": 0.5, ""sigma"": 1.0}, ""google"": {""dist"": ""LogNormal"", ""mu"": 0.5, ""sigma"": 1.0}, ""liveintent"": {""dist"": ""LogNormal"", ""mu"": 0.5, ""sigma"": 1.0}, ""meta"": {""dist"": ""LogNormal"", ""mu"": 0.5, ""sigma"": 1.0}, ""moloco"": {""dist"": ""LogNormal"", ""mu"": 0.5, ""sigma"": 1.0}, ""snapchat"": {""dist"": ""LogNormal"", ""mu"": 0.5, ""sigma"": 1.0}, ""tiktok"": {""dist"": ""LogNormal"", ""mu"": 2.0, ""sigma"": 1.0}}, ""run_mode"": ""roi_full"", ""structural_overrides"": {""adstock_decay_spec"": ""geometric"", ""alpha_m"": 0.51, ""ec_m"": 0.5, ""max_lag"": 4, ""slope_m"": 1.2}, ""sweep_type"": ""fixed_full_grid"", ""target_channel"": ""tiktok"", ""two_layer_enabled"": false}",beehiiv,REVIEW,REVIEW:PriorPosteriorShift,PriorPosteriorShift,liveintent,,0.4768255601495427,,,0.51,0.5,1.2,4,geometric,prior_sweep,roi_full,roi,non_revenue,revenue,__revenue_equiv__,100.0,tiktok,fixed_full_grid,False,roi,roi,Revenue-equivalent ROI,2.0,1.0,LogNormal,target_channels,tiktok,configured,,,,upload_1bc112d58beb_monthly_mocha,/Users/jasper/Documents/Intern/BlueAlpha/capstone-Blue_Alpha_1/backend/storage/uploads/upload_1bc112d58beb_monthly_mocha.csv,2.0,1.0,LogNormal,,,,,0.7246576603788593,0.0278631569817662,0.2249656766653061,1.8276718258857727,,0.5,1.0,LogNormal,0.0848888179304419,0.0209294185509669,328172.2732613,,156480.92802336815,,,100.0,,15648092.802336816,,,False,,,,,,,3.0,1.0,0,False,False,False,True,,,,,True,False,
"multi|amazon,beehiiv,google,liveintent,meta,moloco,snapchat,tiktok|pmode=roi|rpk=100.0|target=tiktok|mu=2.000000|sigma=1.000000|dist=LogNormal|2.000000|1.000000|LogNormal|alpha=0p51|ec=0p5|slope=1p2|lag=4|decay=geometric",tiktok,"{""kpi_type"": ""non_revenue"", ""kpi_type_effective"": ""revenue"", ""prior_design_mode"": ""roi"", ""prior_grid_type"": ""roi"", ""revenue_per_kpi"": 100.0, ""roi_prior_overrides"": {""amazon"": {""dist"": ""LogNormal"", ""mu"": 0.5, ""sigma"": 1.0}, ""beehiiv"": {""dist"": ""LogNormal"", ""mu"": 0.5, ""sigma"": 1.0}, ""google"": {""dist"": ""LogNormal"", ""mu"": 0.5, ""sigma"": 1.0}, ""liveintent"": {""dist"": ""LogNormal"", ""mu"": 0.5, ""sigma"": 1.0}, ""meta"": {""dist"": ""LogNormal"", ""mu"": 0.5, ""sigma"": 1.0}, ""moloco"": {""dist"": ""LogNormal"", ""mu"": 0.5, ""sigma"": 1.0}, ""snapchat"": {""dist"": ""LogNormal"", ""mu"": 0.5, ""sigma"": 1.0}, ""tiktok"": {""dist"": ""LogNormal"", ""mu"": 2.0, ""sigma"": 1.0}}, ""run_mode"": ""roi_full"", ""structural_overrides"": {""adstock_decay_spec"": ""geometric"", ""alpha_m"": 0.51, ""ec_m"": 0.5, ""max_lag"": 4, ""slope_m"": 1.2}, ""sweep_type"": ""fixed_full_grid"", ""target_channel"": ""tiktok"", ""two_layer_enabled"": false}",google,REVIEW,REVIEW:PriorPosteriorShift,PriorPosteriorShift,liveintent,,0.2344847210710092,,,0.51,0.5,1.2,4,geometric,prior_sweep,roi_full,roi,non_revenue,revenue,__revenue_equiv__,100.0,tiktok,fixed_full_grid,False,roi,roi,Revenue-equivalent ROI,2.0,1.0,LogNormal,target_channels,tiktok,configured,,,,upload_1bc112d58beb_monthly_mocha,/Users/jasper/Documents/Intern/BlueAlpha/capstone-Blue_Alpha_1/backend/storage/uploads/upload_1bc112d58beb_monthly_mocha.csv,2.0,1.0,LogNormal,,,,,0.2131419141608209,0.0259441680274903,0.1622076705098152,0.6937888145446777,,0.5,1.0,LogNormal,1.1037609909204245,0.2549696049636072,10298543.94665,,2414851.2047677557,,,100.0,,241485120.47677556,,,False,,,,,,,3.0,1.0,0,False,False,False,True,,,,,True,False,
"multi|amazon,beehiiv,google,liveintent,meta,moloco,snapchat,tiktok|pmode=roi|rpk=100.0|target=tiktok|mu=2.000000|sigma=1.000000|dist=LogNormal|2.000000|1.000000|LogNormal|alpha=0p51|ec=0p5|slope=1p2|lag=4|decay=geometric",tiktok,"{""kpi_type"": ""non_revenue"", ""kpi_type_effective"": ""revenue"", ""prior_design_mode"": ""roi"", ""prior_grid_type"": ""roi"", ""revenue_per_kpi"": 100.0, ""roi_prior_overrides"": {""amazon"": {""dist"": ""LogNormal"", ""mu"": 0.5, ""sigma"": 1.0}, ""beehiiv"": {""dist"": ""LogNormal"", ""mu"": 0.5, ""sigma"": 1.0}, ""google"": {""dist"": ""LogNormal"", ""mu"": 0.5, ""sigma"": 1.0}, ""liveintent"": {""dist"": ""LogNormal"", ""mu"": 0.5, ""sigma"": 1.0}, ""meta"": {""dist"": ""LogNormal"", ""mu"": 0.5, ""sigma"": 1.0}, ""moloco"": {""dist"": ""LogNormal"", ""mu"": 0.5, ""sigma"": 1.0}, ""snapchat"": {""dist"": ""LogNormal"", ""mu"": 0.5, ""sigma"": 1.0}, ""tiktok"": {""dist"": ""LogNormal"", ""mu"": 2.0, ""sigma"": 1.0}}, ""run_mode"": ""roi_full"", ""structural_overrides"": {""adstock_decay_spec"": ""geometric"", ""alpha_m"": 0.51, ""ec_m"": 0.5, ""max_lag"": 4, ""slope_m"": 1.2}, ""sweep_type"": ""fixed_full_grid"", ""target_channel"": ""tiktok"", ""two_layer_enabled"": false}",liveintent,REVIEW,REVIEW:PriorPosteriorShift,PriorPosteriorShift,liveintent,,0.4693722212784147,,,0.51,0.5,1.2,4,geometric,prior_sweep,roi_full,roi,non_revenue,revenue,__revenue_equiv__,100.0,tiktok,fixed_full_grid,False,roi,roi,Revenue-equivalent ROI,2.0,1.0,LogNormal,target_channels,tiktok,configured,,,,upload_1bc112d58beb_monthly_mocha,/Users/jasper/Documents/Intern/BlueAlpha/capstone-Blue_Alpha_1/backend/storage/uploads/upload_1bc112d58beb_monthly_mocha.csv,2.0,1.0,LogNormal,,,,,0.7114177466684232,0.0268363910727202,0.227745272219181,1.7198200047016112,,0.5,1.0,LogNormal,0.0940221092129194,0.0449185600677227,797987.173079,,374553.011979773,,,100.0,,37455301.1979773,,,False,,,,,,,3.0,1.0,0,False,False,False,True,,,,,True,True,
"multi|amazon,beehiiv,google,liveintent,meta,moloco,snapchat,tiktok|pmode=roi|rpk=100.0|target=tiktok|mu=2.000000|sigma=1.000000|dist=LogNormal|2.000000|1.000000|LogNormal|alpha=0p51|ec=0p5|slope=1p2|lag=4|decay=geometric",tiktok,"{""kpi_type"": ""non_revenue"", ""kpi_type_effective"": ""revenue"", ""prior_design_mode"": ""roi"", ""prior_grid_type"": ""roi"", ""revenue_per_kpi"": 100.0, ""roi_prior_overrides"": {""amazon"": {""dist"": ""LogNormal"", ""mu"": 0.5, ""sigma"": 1.0}, ""beehiiv"": {""dist"": ""LogNormal"", ""mu"": 0.5, ""sigma"": 1.0}, ""google"": {""dist"": ""LogNormal"", ""mu"": 0.5, ""sigma"": 1.0}, ""liveintent"": {""dist"": ""LogNormal"", ""mu"": 0.5, ""sigma"": 1.0}, ""meta"": {""dist"": ""LogNormal"", ""mu"": 0.5, ""sigma"": 1.0}, ""moloco"": {""dist"": ""LogNormal"", ""mu"": 0.5, ""sigma"": 1.0}, ""snapchat"": {""dist"": ""LogNormal"", ""mu"": 0.5, ""sigma"": 1.0}, ""tiktok"": {""dist"": ""LogNormal"", ""mu"": 2.0, ""sigma"": 1.0}}, ""run_mode"": ""roi_full"", ""structural_overrides"": {""adstock_decay_spec"": ""geometric"", ""alpha_m"": 0.51, ""ec_m"": 0.5, ""max_lag"": 4, ""slope_m"": 1.2}, ""sweep_type"": ""fixed_full_grid"", ""target_channel"": ""tiktok"", ""two_layer_enabled"": false}",meta,REVIEW,REVIEW:PriorPosteriorShift,PriorPosteriorShift,liveintent,,0.4351716141068997,,,0.51,0.5,1.2,4,geometric,prior_sweep,roi_full,roi,non_revenue,revenue,__revenue_equiv__,100.0,tiktok,fixed_full_grid,False,roi,roi,Revenue-equivalent ROI,2.0,1.0,LogNormal,target_channels,tiktok,configured,,,,upload_1bc112d58beb_monthly_mocha,/Users/jasper/Documents/Intern/BlueAlpha/capstone-Blue_Alpha_1/backend/storage/uploads/upload_1bc112d58beb_monthly_mocha.csv,2.0,1.0,LogNormal,,,,,0.5309455326932669,0.0299035590142011,0.2277344018220901,1.5598599851131425,,0.5,1.0,LogNormal,0.2761487771191895,0.0996184931555373,840158.1265220001,,365612.9680236076,,,100.0,,36561296.802360766,,,False,,,,,,,3.0,1.0,0,False,False,False,True,,,,,True,False,
"multi|amazon,beehiiv,google,liveintent,meta,moloco,snapchat,tiktok|pmode=roi|rpk=100.0|target=tiktok|mu=2.000000|sigma=1.000000|dist=LogNormal|2.000000|1.000000|LogNormal|alpha=0p51|ec=0p5|slope=1p2|lag=4|decay=geometric",tiktok,"{""kpi_type"": ""non_revenue"", ""kpi_type_effective"": ""revenue"", ""prior_design_mode"": ""roi"", ""prior_grid_type"": ""roi"", ""revenue_per_kpi"": 100.0, ""roi_prior_overrides"": {""amazon"": {""dist"": ""LogNormal"", ""mu"": 0.5, ""sigma"": 1.0}, ""beehiiv"": {""dist"": ""LogNormal"", ""mu"": 0.5, ""sigma"": 1.0}, ""google"": {""dist"": ""LogNormal"", ""mu"": 0.5, ""sigma"": 1.0}, ""liveintent"": {""dist"": ""LogNormal"", ""mu"": 0.5, ""sigma"": 1.0}, ""meta"": {""dist"": ""LogNormal"", ""mu"": 0.5, ""sigma"": 1.0}, ""moloco"": {""dist"": ""LogNormal"", ""mu"": 0.5, ""sigma"": 1.0}, ""snapchat"": {""dist"": ""LogNormal"", ""mu"": 0.5, ""sigma"": 1.0}, ""tiktok"": {""dist"": ""LogNormal"", ""mu"": 2.0, ""sigma"": 1.0}}, ""run_mode"": ""roi_full"", ""structural_overrides"": {""adstock_decay_spec"": ""geometric"", ""alpha_m"": 0.51, ""ec_m"": 0.5, ""max_lag"": 4, ""slope_m"": 1.2}, ""sweep_type"": ""fixed_full_grid"", ""target_channel"": ""tiktok"", ""two_layer_enabled"": false}",moloco,REVIEW,REVIEW:PriorPosteriorShift,PriorPosteriorShift,liveintent,,0.5737432567389139,,,0.51,0.5,1.2,4,geometric,prior_sweep,roi_full,roi,non_revenue,revenue,__revenue_equiv__,100.0,tiktok,fixed_full_grid,False,roi,roi,Revenue-equivalent ROI,2.0,1.0,LogNormal,target_channels,tiktok,configured,,,,upload_1bc112d58beb_monthly_mocha,/Users/jasper/Documents/Intern/BlueAlpha/capstone-Blue_Alpha_1/backend/storage/uploads/upload_1bc112d58beb_monthly_mocha.csv,2.0,1.0,LogNormal,,,,,0.89937106392491,0.0326312832534313,0.2521121352910995,2.3520446300506577,,0.5,1.0,LogNormal,0.0132127670759966,0.0795774107729428,842234.6095886,,483226.427843591,,,100.0,,48322642.784359105,,,False,,,,,,,3.0,1.0,0,False,False,False,True,,,,,True,False,
"multi|amazon,beehiiv,google,liveintent,meta,moloco,snapchat,tiktok|pmode=roi|rpk=100.0|target=tiktok|mu=2.000000|sigma=1.000000|dist=LogNormal|2.000000|1.000000|LogNormal|alpha=0p51|ec=0p5|slope=1p2|lag=4|decay=geometric",tiktok,"{""kpi_type"": ""non_revenue"", ""kpi_type_effective"": ""revenue"", ""prior_design_mode"": ""roi"", ""prior_grid_type"": ""roi"", ""revenue_per_kpi"": 100.0, ""roi_prior_overrides"": {""amazon"": {""dist"": ""LogNormal"", ""mu"": 0.5, ""sigma"": 1.0}, ""beehiiv"": {""dist"": ""LogNormal"", ""mu"": 0.5, ""sigma"": 1.0}, ""google"": {""dist"": ""LogNormal"", ""mu"": 0.5, ""sigma"": 1.0}, ""liveintent"": {""dist"": ""LogNormal"", ""mu"": 0.5, ""sigma"": 1.0}, ""meta"": {""dist"": ""LogNormal"", ""mu"": 0.5, ""sigma"": 1.0}, ""moloco"": {""dist"": ""LogNormal"", ""mu"": 0.5, ""sigma"": 1.0}, ""snapchat"": {""dist"": ""LogNormal"", ""mu"": 0.5, ""sigma"": 1.0}, ""tiktok"": {""dist"": ""LogNormal"", ""mu"": 2.0, ""sigma"": 1.0}}, ""run_mode"": ""roi_full"", ""structural_overrides"": {""adstock_decay_spec"": ""geometric"", ""alpha_m"": 0.51, ""ec_m"": 0.5, ""max_lag"": 4, ""slope_m"": 1.2}, ""sweep_type"": ""fixed_full_grid"", ""target_channel"": ""tiktok"", ""two_layer_enabled"": false}",snapchat,REVIEW,REVIEW:PriorPosteriorShift,PriorPosteriorShift,liveintent,,0.4169378377357498,,,0.51,0.5,1.2,4,geometric,prior_sweep,roi_full,roi,non_revenue,revenue,__revenue_equiv__,100.0,tiktok,fixed_full_grid,False,roi,roi,Revenue-equivalent ROI,2.0,1.0,LogNormal,target_channels,tiktok,configured,,,,upload_1bc112d58beb_monthly_mocha,/Users/jasper/Documents/Intern/BlueAlpha/capstone-Blue_Alpha_1/backend/storage/uploads/upload_1bc112d58beb_monthly_mocha.csv,2.0,1.0,LogNormal,,,,,0.4798812545678623,0.0275424658320844,0.246826633810997,1.4485137462615962,,0.5,1.0,LogNormal,0.3528092626450155,0.0796124285726412,4342436.908989999,,1810526.2553382032,,,100.0,,181052625.53382033,,,False,,,,,,,3.0,1.0,0,False,False,False,True,,,,,True,False,
"multi|amazon,beehiiv,google,liveintent,meta,moloco,snapchat,tiktok|pmode=roi|rpk=100.0|target=tiktok|mu=2.000000|sigma=1.000000|dist=LogNormal|2.000000|1.000000|LogNormal|alpha=0p51|ec=0p5|slope=1p2|lag=4|decay=geometric",tiktok,"{""kpi_type"": ""non_revenue"", ""kpi_type_effective"": ""revenue"", ""prior_design_mode"": ""roi"", ""prior_grid_type"": ""roi"", ""revenue_per_kpi"": 100.0, ""roi_prior_overrides"": {""amazon"": {""dist"": ""LogNormal"", ""mu"": 0.5, ""sigma"": 1.0}, ""beehiiv"": {""dist"": ""LogNormal"", ""mu"": 0.5, ""sigma"": 1.0}, ""google"": {""dist"": ""LogNormal"", ""mu"": 0.5, ""sigma"": 1.0}, ""liveintent"": {""dist"": ""LogNormal"", ""mu"": 0.5, ""sigma"": 1.0}, ""meta"": {""dist"": ""LogNormal"", ""mu"": 0.5, ""sigma"": 1.0}, ""moloco"": {""dist"": ""LogNormal"", ""mu"": 0.5, ""sigma"": 1.0}, ""snapchat"": {""dist"": ""LogNormal"", ""mu"": 0.5, ""sigma"": 1.0}, ""tiktok"": {""dist"": ""LogNormal"", ""mu"": 2.0, ""sigma"": 1.0}}, ""run_mode"": ""roi_full"", ""structural_overrides"": {""adstock_decay_spec"": ""geometric"", ""alpha_m"": 0.51, ""ec_m"": 0.5, ""max_lag"": 4, ""slope_m"": 1.2}, ""sweep_type"": ""fixed_full_grid"", ""target_channel"": ""tiktok"", ""two_layer_enabled"": false}",tiktok,REVIEW,REVIEW:PriorPosteriorShift,PriorPosteriorShift,liveintent,,1.723833612029751,,,0.51,0.5,1.2,4,geometric,prior_sweep,roi_full,roi,non_revenue,revenue,__revenue_equiv__,100.0,tiktok,fixed_full_grid,False,roi,roi,Revenue-equivalent ROI,2.0,1.0,LogNormal,target_channels,tiktok,configured,,,,upload_1bc112d58beb_monthly_mocha,/Users/jasper/Documents/Intern/BlueAlpha/capstone-Blue_Alpha_1/backend/storage/uploads/upload_1bc112d58beb_monthly_mocha.csv,2.0,1.0,LogNormal,,,,,0.7395645875441516,0.7374425172805786,1.5932874083518982,3.1729331493377684,,2.0,1.0,LogNormal,0.1133054876638646,0.3284042632445423,1752685.00913,,3021337.330038965,,,100.0,,302133733.00389653,,,False,,,,,,,3.0,1.0,0,False,False,False,True,,,,,True,False,
"multi|amazon,beehiiv,google,liveintent,meta,moloco,snapchat,tiktok|pmode=roi|rpk=100.0|target=tiktok|mu=1.500000|sigma=1.000000|dist=LogNormal|1.500000|1.000000|LogNormal|alpha=0p51|ec=0p5|slope=1p2|lag=4|decay=geometric",tiktok,"{""kpi_type"": ""non_revenue"", ""kpi_type_effective"": ""revenue"", ""prior_design_mode"": ""roi"", ""prior_grid_type"": ""roi"", ""revenue_per_kpi"": 100.0, ""roi_prior_overrides"": {""amazon"": {""dist"": ""LogNormal"", ""mu"": 0.5, ""sigma"": 1.0}, ""beehiiv"": {""dist"": ""LogNormal"", ""mu"": 0.5, ""sigma"": 1.0}, ""google"": {""dist"": ""LogNormal"", ""mu"": 0.5, ""sigma"": 1.0}, ""liveintent"": {""dist"": ""LogNormal"", ""mu"": 0.5, ""sigma"": 1.0}, ""meta"": {""dist"": ""LogNormal"", ""mu"": 0.5, ""sigma"": 1.0}, ""moloco"": {""dist"": ""LogNormal"", ""mu"": 0.5, ""sigma"": 1.0}, ""snapchat"": {""dist"": ""LogNormal"", ""mu"": 0.5, ""sigma"": 1.0}, ""tiktok"": {""dist"": ""LogNormal"", ""mu"": 1.5, ""sigma"": 1.0}}, ""run_mode"": ""roi_full"", ""structural_overrides"": {""adstock_decay_spec"": ""geometric"", ""alpha_m"": 0.51, ""ec_m"": 0.5, ""max_lag"": 4, ""slope_m"": 1.2}, ""sweep_type"": ""fixed_full_grid"", ""target_channel"": ""tiktok"", ""two_layer_enabled"": false}",amazon,REVIEW,REVIEW:PriorPosteriorShift,PriorPosteriorShift,amazon,,0.5223329462390393,,,0.51,0.5,1.2,4,geometric,prior_sweep,roi_full,roi,non_revenue,revenue,__revenue_equiv__,100.0,tiktok,fixed_full_grid,False,roi,roi,Revenue-equivalent ROI,1.5,1.0,LogNormal,target_channels,tiktok,configured,,,,upload_1bc112d58beb_monthly_mocha,/Users/jasper/Documents/Intern/BlueAlpha/capstone-Blue_Alpha_1/backend/storage/uploads/upload_1bc112d58beb_monthly_mocha.csv,1.5,1.0,LogNormal,,,,,1.0875898662209584,0.0315610818564891,0.2270093113183975,1.7842570722103115,,0.5,1.0,LogNormal,0.0077111226250714,0.067765644063093,15740.258094,,8221.655384801905,,,100.0,,822165.5384801904,,,False,,,,,,,2.0,1.0,0,False,False,False,True,,,,,True,True,
"multi|amazon,beehiiv,google,liveintent,meta,moloco,snapchat,tiktok|pmode=roi|rpk=100.0|target=tiktok|mu=1.500000|sigma=1.000000|dist=LogNormal|1.500000|1.000000|LogNormal|alpha=0p51|ec=0p5|slope=1p2|lag=4|decay=geometric",tiktok,"{""kpi_type"": ""non_revenue"", ""kpi_type_effective"": ""revenue"", ""prior_design_mode"": ""roi"", ""prior_grid_type"": ""roi"", ""revenue_per_kpi"": 100.0, ""roi_prior_overrides"": {""amazon"": {""dist"": ""LogNormal"", ""mu"": 0.5, ""sigma"": 1.0}, ""beehiiv"": {""dist"": ""LogNormal"", ""mu"": 0.5, ""sigma"": 1.0}, ""google"": {""dist"": ""LogNormal"", ""mu"": 0.5, ""sigma"": 1.0}, ""liveintent"": {""dist"": ""LogNormal"", ""mu"": 0.5, ""sigma"": 1.0}, ""meta"": {""dist"": ""LogNormal"", ""mu"": 0.5, ""sigma"": 1.0}, ""moloco"": {""dist"": ""LogNormal"", ""mu"": 0.5, ""sigma"": 1.0}, ""snapchat"": {""dist"": ""LogNormal"", ""mu"": 0.5, ""sigma"": 1.0}, ""tiktok"": {""dist"": ""LogNormal"", ""mu"": 1.5, ""sigma"": 1.0}}, ""run_mode"": ""roi_full"", ""structural_overrides"": {""adstock_decay_spec"": ""geometric"", ""alpha_m"": 0.51, ""ec_m"": 0.5, ""max_lag"": 4, ""slope_m"": 1.2}, ""sweep_type"": ""fixed_full_grid"", ""target_channel"": ""tiktok"", ""two_layer_enabled"": false}",beehiiv,REVIEW,REVIEW:PriorPosteriorShift,PriorPosteriorShift,amazon,,0.4887136701508037,,,0.51,0.5,1.2,4,geometric,prior_sweep,roi_full,roi,non_revenue,revenue,__revenue_equiv__,100.0,tiktok,fixed_full_grid,False,roi,roi,Revenue-equivalent ROI,1.5,1.0,LogNormal,target_channels,tiktok,configured,,,,upload_1bc112d58beb_monthly_mocha,/Users/jasper/Documents/Intern/BlueAlpha/capstone-Blue_Alpha_1/backend/storage/uploads/upload_1bc112d58beb_monthly_mocha.csv,1.5,1.0,LogNormal,,,,,0.7405687831158797,0.0280057532712817,0.236308142542839,1.6616420865058896,,0.5,1.0,LogNormal,0.0746215140768095,0.0422681101782926,328172.2732613,,160382.27610726238,,,100.0,,16038227.61072624,,,False,,,,,,,2.0,1.0,0,False,False,False,True,,,,,True,False,
"multi|amazon,beehiiv,google,liveintent,meta,moloco,snapchat,tiktok|pmode=roi|rpk=100.0|target=tiktok|mu=1.500000|sigma=1.000000|dist=LogNormal|1.500000|1.000000|LogNormal|alpha=0p51|ec=0p5|slope=1p2|lag=4|decay=geometric",tiktok,"{""kpi_type"": ""non_revenue"", ""kpi_type_effective"": ""revenue"", ""prior_design_mode"": ""roi"", ""prior_grid_type"": ""roi"", ""revenue_per_kpi"": 100.0, ""roi_prior_overrides"": {""amazon"": {""dist"": ""LogNormal"", ""mu"": 0.5, ""sigma"": 1.0}, ""beehiiv"": {""dist"": ""LogNormal"", ""mu"": 0.5, ""sigma"": 1.0}, ""google"": {""dist"": ""LogNormal"", ""mu"": 0.5, ""sigma"": 1.0}, ""liveintent"": {""dist"": ""LogNormal"", ""mu"": 0.5, ""sigma"": 1.0}, ""meta"": {""dist"": ""LogNormal"", ""mu"": 0.5, ""sigma"": 1.0}, ""moloco"": {""dist"": ""LogNormal"", ""mu"": 0.5, ""sigma"": 1.0}, ""snapchat"": {""dist"": ""LogNormal"", ""mu"": 0.5, ""sigma"": 1.0}, ""tiktok"": {""dist"": ""LogNormal"", ""mu"": 1.5, ""sigma"": 1.0}}, ""run_mode"": ""roi_full"", ""structural_overrides"": {""adstock_decay_spec"": ""geometric"", ""alpha_m"": 0.51, ""ec_m"": 0.5, ""max_lag"": 4, ""slope_m"": 1.2}, ""sweep_type"": ""fixed_full_grid"", ""target_channel"": ""tiktok"", ""two_layer_enabled"": false}",google,REVIEW,REVIEW:PriorPosteriorShift,PriorPosteriorShift,amazon,,0.2496982129323684,,,0.51,0.5,1.2,4,geometric,prior_sweep,roi_full,roi,non_revenue,revenue,__revenue_equiv__,100.0,tiktok,fixed_full_grid,False,roi,roi,Revenue-equivalent ROI,1.5,1.0,LogNormal,target_channels,tiktok,configured,,,,upload_1bc112d58beb_monthly_mocha,/Users/jasper/Documents/Intern/BlueAlpha/capstone-Blue_Alpha_1/backend/storage/uploads/upload_1bc112d58beb_monthly_mocha.csv,1.5,1.0,LogNormal,,,,,0.2492339288561596,0.0259838717989623,0.1676149442791938,0.7728440850973128,,0.5,1.0,LogNormal,0.951747618179539,0.2395126984061462,10298543.94665,,2571528.0192839657,,,100.0,,257152801.92839655,,,False,,,,,,,2.0,1.0,0,False,False,False,True,,,,,True,False,
"multi|amazon,beehiiv,google,liveintent,meta,moloco,snapchat,tiktok|pmode=roi|rpk=100.0|target=tiktok|mu=1.500000|sigma=1.000000|dist=LogNormal|1.500000|1.000000|LogNormal|alpha=0p51|ec=0p5|slope=1p2|lag=4|decay=geometric",tiktok,"{""kpi_type"": ""non_revenue"", ""kpi_type_effective"": ""revenue"", ""prior_design_mode"": ""roi"", ""prior_grid_type"": ""roi"", ""revenue_per_kpi"": 100.0, ""roi_prior_overrides"": {""amazon"": {""dist"": ""LogNormal"", ""mu"": 0.5, ""sigma"": 1.0}, ""beehiiv"": {""dist"": ""LogNormal"", ""mu"": 0.5, ""sigma"": 1.0}, ""google"": {""dist"": ""LogNormal"", ""mu"": 0.5, ""sigma"": 1.0}, ""liveintent"": {""dist"": ""LogNormal"", ""mu"": 0.5, ""sigma"": 1.0}, ""meta"": {""dist"": ""LogNormal"", ""mu"": 0.5, ""sigma"": 1.0}, ""moloco"": {""dist"": ""LogNormal"", ""mu"": 0.5, ""sigma"": 1.0}, ""snapchat"": {""dist"": ""LogNormal"", ""mu"": 0.5, ""sigma"": 1.0}, ""tiktok"": {""dist"": ""LogNormal"", ""mu"": 1.5, ""sigma"": 1.0}}, ""run_mode"": ""roi_full"", ""structural_overrides"": {""adstock_decay_spec"": ""geometric"", ""alpha_m"": 0.51, ""ec_m"": 0.5, ""max_lag"": 4, ""slope_m"": 1.2}, ""sweep_type"": ""fixed_full_grid"", ""target_channel"": ""tiktok"", ""two_layer_enabled"": false}",liveintent,REVIEW,REVIEW:PriorPosteriorShift,PriorPosteriorShift,amazon,,0.4639152360296187,,,0.51,0.5,1.2,4,geometric,prior_sweep,roi_full,roi,non_revenue,revenue,__revenue_equiv__,100.0,tiktok,fixed_full_grid,False,roi,roi,Revenue-equivalent ROI,1.5,1.0,LogNormal,target_channels,tiktok,configured,,,,upload_1bc112d58beb_monthly_mocha,/Users/jasper/Documents/Intern/BlueAlpha/capstone-Blue_Alpha_1/backend/storage/uploads/upload_1bc112d58beb_monthly_mocha.csv,1.5,1.0,LogNormal,,,,,0.78482016109757,0.0283159033395349,0.2131326869130134,1.6643270254135127,,0.5,1.0,LogNormal,0.0509230793170303,0.0529219527108622,797987.173079,,370198.4077475525,,,100.0,,37019840.77475525,,,False,,,,,,,2.0,1.0,0,False,False,False,True,,,,,True,False,
"multi|amazon,beehiiv,google,liveintent,meta,moloco,snapchat,tiktok|pmode=roi|rpk=100.0|target=tiktok|mu=1.500000|sigma=1.000000|dist=LogNormal|1.500000|1.000000|LogNormal|alpha=0p51|ec=0p5|slope=1p2|lag=4|decay=geometric",tiktok,"{""kpi_type"": ""non_revenue"", ""kpi_type_effective"": ""revenue"", ""prior_design_mode"": ""roi"", ""prior_grid_type"": ""roi"", ""revenue_per_kpi"": 100.0, ""roi_prior_overrides"": {""amazon"": {""dist"": ""LogNormal"", ""mu"": 0.5, ""sigma"": 1.0}, ""beehiiv"": {""dist"": ""LogNormal"", ""mu"": 0.5, ""sigma"": 1.0}, ""google"": {""dist"": ""LogNormal"", ""mu"": 0.5, ""sigma"": 1.0}, ""liveintent"": {""dist"": ""LogNormal"", ""mu"": 0.5, ""sigma"": 1.0}, ""meta"": {""dist"": ""LogNormal"", ""mu"": 0.5, ""sigma"": 1.0}, ""moloco"": {""dist"": ""LogNormal"", ""mu"": 0.5, ""sigma"": 1.0}, ""snapchat"": {""dist"": ""LogNormal"", ""mu"": 0.5, ""sigma"": 1.0}, ""tiktok"": {""dist"": ""LogNormal"", ""mu"": 1.5, ""sigma"": 1.0}}, ""run_mode"": ""roi_full"", ""structural_overrides"": {""adstock_decay_spec"": ""geometric"", ""alpha_m"": 0.51, ""ec_m"": 0.5, ""max_lag"": 4, ""slope_m"": 1.2}, ""sweep_type"": ""fixed_full_grid"", ""target_channel"": ""tiktok"", ""two_layer_enabled"": false}",meta,REVIEW,REVIEW:PriorPosteriorShift,PriorPosteriorShift,amazon,,0.4419225950496426,,,0.51,0.5,1.2,4,geometric,prior_sweep,roi_full,roi,non_revenue,revenue,__revenue_equiv__,100.0,tiktok,fixed_full_grid,False,roi,roi,Revenue-equivalent ROI,1.5,1.0,LogNormal,target_channels,tiktok,configured,,,,upload_1bc112d58beb_monthly_mocha,/Users/jasper/Documents/Intern/BlueAlpha/capstone-Blue_Alpha_1/backend/storage/uploads/upload_1bc112d58beb_monthly_mocha.csv,1.5,1.0,LogNormal,,,,,0.5512285629236309,0.0281513340771198,0.2400018647313118,1.4979282617568968,,0.5,1.0,LogNormal,0.2492186978719509,0.1041716595049967,840158.1265220001,,371284.85952464823,,,100.0,,37128485.95246483,,,False,,,,,,,2.0,1.0,0,False,False,False,True,,,,,True,False,
"multi|amazon,beehiiv,google,liveintent,meta,moloco,snapchat,tiktok|pmode=roi|rpk=100.0|target=tiktok|mu=1.500000|sigma=1.000000|dist=LogNormal|1.500000|1.000000|LogNormal|alpha=0p51|ec=0p5|slope=1p2|lag=4|decay=geometric",tiktok,"{""kpi_type"": ""non_revenue"", ""kpi_type_effective"": ""revenue"", ""prior_design_mode"": ""roi"", ""prior_grid_type"": ""roi"", ""revenue_per_kpi"": 100.0, ""roi_prior_overrides"": {""amazon"": {""dist"": ""LogNormal"", ""mu"": 0.5, ""sigma"": 1.0}, ""beehiiv"": {""dist"": ""LogNormal"", ""mu"": 0.5, ""sigma"": 1.0}, ""google"": {""dist"": ""LogNormal"", ""mu"": 0.5, ""sigma"": 1.0}, ""liveintent"": {""dist"": ""LogNormal"", ""mu"": 0.5, ""sigma"": 1.0}, ""meta"": {""dist"": ""LogNormal"", ""mu"": 0.5, ""sigma"": 1.0}, ""moloco"": {""dist"": ""LogNormal"", ""mu"": 0.5, ""sigma"": 1.0}, ""snapchat"": {""dist"": ""LogNormal"", ""mu"": 0.5, ""sigma"": 1.0}, ""tiktok"": {""dist"": ""LogNormal"", ""mu"": 1.5, ""sigma"": 1.0}}, ""run_mode"": ""roi_full"", ""structural_overrides"": {""adstock_decay_spec"": ""geometric"", ""alpha_m"": 0.51, ""ec_m"": 0.5, ""max_lag"": 4, ""slope_m"": 1.2}, ""sweep_type"": ""fixed_full_grid"", ""target_channel"": ""tiktok"", ""two_layer_enabled"": false}",moloco,REVIEW,REVIEW:PriorPosteriorShift,PriorPosteriorShift,amazon,,0.5510076996874219,,,0.51,0.5,1.2,4,geometric,prior_sweep,roi_full,roi,non_revenue,revenue,__revenue_equiv__,100.0,tiktok,fixed_full_grid,False,roi,roi,Revenue-equivalent ROI,1.5,1.0,LogNormal,target_channels,tiktok,configured,,,,upload_1bc112d58beb_monthly_mocha,/Users/jasper/Documents/Intern/BlueAlpha/capstone-Blue_Alpha_1/backend/storage/uploads/upload_1bc112d58beb_monthly_mocha.csv,1.5,1.0,LogNormal,,,,,0.9573171785875664,0.0298828234896063,0.252721831202507,2.021254992485043,,0.5,1.0,LogNormal,0.0031494952820783,0.045639623222325,842234.6095886,,464077.75482654833,,,100.0,,46407775.48265483,,,False,,,,,,,2.0,1.0,0,False,False,False,True,,,,,True,False,
"multi|amazon,beehiiv,google,liveintent,meta,moloco,snapchat,tiktok|pmode=roi|rpk=100.0|target=tiktok|mu=1.500000|sigma=1.000000|dist=LogNormal|1.500000|1.000000|LogNormal|alpha=0p51|ec=0p5|slope=1p2|lag=4|decay=geometric",tiktok,"{""kpi_type"": ""non_revenue"", ""kpi_type_effective"": ""revenue"", ""prior_design_mode"": ""roi"", ""prior_grid_type"": ""roi"", ""revenue_per_kpi"": 100.0, ""roi_prior_overrides"": {""amazon"": {""dist"": ""LogNormal"", ""mu"": 0.5, ""sigma"": 1.0}, ""beehiiv"": {""dist"": ""LogNormal"", ""mu"": 0.5, ""sigma"": 1.0}, ""google"": {""dist"": ""LogNormal"", ""mu"": 0.5, ""sigma"": 1.0}, ""liveintent"": {""dist"": ""LogNormal"", ""mu"": 0.5, ""sigma"": 1.0}, ""meta"": {""dist"": ""LogNormal"", ""mu"": 0.5, ""sigma"": 1.0}, ""moloco"": {""dist"": ""LogNormal"", ""mu"": 0.5, ""sigma"": 1.0}, ""snapchat"": {""dist"": ""LogNormal"", ""mu"": 0.5, ""sigma"": 1.0}, ""tiktok"": {""dist"": ""LogNormal"", ""mu"": 1.5, ""sigma"": 1.0}}, ""run_mode"": ""roi_full"", ""structural_overrides"": {""adstock_decay_spec"": ""geometric"", ""alpha_m"": 0.51, ""ec_m"": 0.5, ""max_lag"": 4, ""slope_m"": 1.2}, ""sweep_type"": ""fixed_full_grid"", ""target_channel"": ""tiktok"", ""two_layer_enabled"": false}",snapchat,REVIEW,REVIEW:PriorPosteriorShift,PriorPosteriorShift,amazon,,0.4250553649110952,,,0.51,0.5,1.2,4,geometric,prior_sweep,roi_full,roi,non_revenue,revenue,__revenue_equiv__,100.0,tiktok,fixed_full_grid,False,roi,roi,Revenue-equivalent ROI,1.5,1.0,LogNormal,target_channels,tiktok,configured,,,,upload_1bc112d58beb_monthly_mocha,/Users/jasper/Documents/Intern/BlueAlpha/capstone-Blue_Alpha_1/backend/storage/uploads/upload_1bc112d58beb_monthly_mocha.csv,1.5,1.0,LogNormal,,,,,0.5751405104993378,0.0279855305328965,0.223894789814949,1.5385744690895071,,0.5,1.0,LogNormal,0.2213425545245344,0.0615093131497311,4342436.908989999,,1845776.1049541524,,,100.0,,184577610.49541524,,,False,,,,,,,2.0,1.0,0,False,False,False,True,,,,,True,False,
"multi|amazon,beehiiv,google,liveintent,meta,moloco,snapchat,tiktok|pmode=roi|rpk=100.0|target=tiktok|mu=1.500000|sigma=1.000000|dist=LogNormal|1.500000|1.000000|LogNormal|alpha=0p51|ec=0p5|slope=1p2|lag=4|decay=geometric",tiktok,"{""kpi_type"": ""non_revenue"", ""kpi_type_effective"": ""revenue"", ""prior_design_mode"": ""roi"", ""prior_grid_type"": ""roi"", ""revenue_per_kpi"": 100.0, ""roi_prior_overrides"": {""amazon"": {""dist"": ""LogNormal"", ""mu"": 0.5, ""sigma"": 1.0}, ""beehiiv"": {""dist"": ""LogNormal"", ""mu"": 0.5, ""sigma"": 1.0}, ""google"": {""dist"": ""LogNormal"", ""mu"": 0.5, ""sigma"": 1.0}, ""liveintent"": {""dist"": ""LogNormal"", ""mu"": 0.5, ""sigma"": 1.0}, ""meta"": {""dist"": ""LogNormal"", ""mu"": 0.5, ""sigma"": 1.0}, ""moloco"": {""dist"": ""LogNormal"", ""mu"": 0.5, ""sigma"": 1.0}, ""snapchat"": {""dist"": ""LogNormal"", ""mu"": 0.5, ""sigma"": 1.0}, ""tiktok"": {""dist"": ""LogNormal"", ""mu"": 1.5, ""sigma"": 1.0}}, ""run_mode"": ""roi_full"", ""structural_overrides"": {""adstock_decay_spec"": ""geometric"", ""alpha_m"": 0.51, ""ec_m"": 0.5, ""max_lag"": 4, ""slope_m"": 1.2}, ""sweep_type"": ""fixed_full_grid"", ""target_channel"": ""tiktok"", ""two_layer_enabled"": false}",tiktok,REVIEW,REVIEW:PriorPosteriorShift,PriorPosteriorShift,amazon,,1.2224148830523094,,,0.51,0.5,1.2,4,geometric,prior_sweep,roi_full,roi,non_revenue,revenue,__revenue_equiv__,100.0,tiktok,fixed_full_grid,False,roi,roi,Revenue-equivalent ROI,1.5,1.0,LogNormal,target_channels,tiktok,configured,,,,upload_1bc112d58beb_monthly_mocha,/Users/jasper/Documents/Intern/BlueAlpha/capstone-Blue_Alpha_1/backend/storage/uploads/upload_1bc112d58beb_monthly_mocha.csv,1.5,1.0,LogNormal,,,,,0.693096162878398,0.4100189283490181,1.0817741751670835,2.6075818896293637,,1.5,1.0,LogNormal,0.1453044203204717,0.323381615169736,1752685.00913,,2142508.240463185,,,100.0,,214250824.0463185,,,False,,,,,,,2.0,1.0,0,False,False,False,True,,,,,True,False,
