channel,estimated_roi,target_channel,roi_prior_mu,roi_prior_sigma,roi_prior_dist,baseline_mu,baseline_sigma,baseline_roi,pct_change,baseline_roi_for_rank,pct_source_row,abs_pct_change,prior_neg_prob,prior_guardrail_pass,abs_delta_roi
meta,0.017757207,meta,0.020759,0.006689,Normal,0.051898,0.016722,0.034541406,-48.591533882552426,0.034541406,fallback_baseline,48.591533882552426,0.0009563816753886956,1.0,0.016784198999999996
meta,0.06272099,meta,0.020759,0.006689,Normal,0.051898,0.016722,0.034541406,81.5820409858244,0.034541406,fallback_baseline,81.5820409858244,0.0009563816753886956,1.0,0.028179584000000008
meta,-0.106932364,meta,0.020759,0.006689,Normal,0.051898,0.016722,0.034541406,-409.5773345184617,0.034541406,fallback_baseline,409.5773345184617,0.0009563816753886956,1.0,0.14147377
meta,-0.08385612,meta,0.020759,0.006689,Normal,0.051898,0.016722,0.034541406,-342.76985134884205,0.034541406,fallback_baseline,342.76985134884205,0.0009563816753886956,1.0,0.118397526
meta,0.08320617,meta,0.020759,0.006689,Normal,0.051898,0.016722,0.034541406,140.88819661828475,0.034541406,fallback_baseline,140.88819661828475,0.0009563816753886956,1.0,0.048664764
meta,0.1726658,meta,0.020759,0.006689,Normal,0.051898,0.016722,0.034541406,399.8806360111688,0.034541406,fallback_baseline,399.8806360111688,0.0009563816753886956,1.0,0.138124394
meta,0.2697974,meta,0.020759,0.006689,Normal,0.051898,0.016722,0.034541406,681.0840126195211,0.034541406,fallback_baseline,681.0840126195211,0.0009563816753886956,1.0,0.23525599400000002
meta,0.23031549,meta,0.020759,0.006689,Normal,0.051898,0.016722,0.034541406,566.7808774199871,0.034541406,fallback_baseline,566.7808774199871,0.0009563816753886956,1.0,0.19577408400000001
meta,1.0179904,meta,0.020759,0.006689,LogNormal,0.051898,0.016722,1.0271761,-0.8942673023642163,1.0271761,fallback_baseline,0.8942673023642163,0.0,1.0,0.009185699999999963
meta,0.03654341,meta,0.020759,0.006689,LogNormal,0.051898,0.016722,1.0271761,-96.44234226244166,1.0271761,fallback_baseline,96.44234226244166,0.0,1.0,0.99063269
meta,0.07123177,meta,0.020759,0.006689,LogNormal,0.051898,0.016722,1.0271761,-93.06528160069145,1.0271761,fallback_baseline,93.06528160069145,0.0,1.0,0.9559443299999999
meta,0.13687484,meta,0.020759,0.006689,LogNormal,0.051898,0.016722,1.0271761,-86.67464712233861,1.0271761,fallback_baseline,86.67464712233861,0.0,1.0,0.89030126
meta,0.22223337,meta,0.020759,0.006689,LogNormal,0.051898,0.016722,1.0271761,-78.36462803213587,1.0271761,fallback_baseline,78.36462803213587,0.0,1.0,0.8049427299999999
meta,0.23517728,meta,0.020759,0.006689,LogNormal,0.051898,0.016722,1.0271761,-77.10448286325976,1.0271761,fallback_baseline,77.10448286325976,0.0,1.0,0.7919988199999999
meta,0.35670286,meta,0.020759,0.006689,LogNormal,0.051898,0.016722,1.0271761,-65.27344629611223,1.0271761,fallback_baseline,65.27344629611223,0.0,1.0,0.67047324
meta,1.0637249,meta,0.020759,0.006689,LogNormal,0.051898,0.016722,1.0271761,3.558182477181863,1.0271761,fallback_baseline,3.558182477181863,0.0,1.0,0.03654880000000005
meta,0.012007904,meta,0.020759,0.011706,Normal,0.051898,0.016722,0.034541406,-65.23620376078496,0.034541406,fallback_baseline,65.23620376078496,0.03808419796108259,1.0,0.022533501999999997
meta,-0.034663517,meta,0.020759,0.011706,Normal,0.051898,0.016722,0.034541406,-200.35352064128486,0.034541406,fallback_baseline,200.35352064128486,0.03808419796108259,1.0,0.069204923
meta,0.004511307,meta,0.020759,0.011706,Normal,0.051898,0.016722,0.034541406,-86.93942279014352,0.034541406,fallback_baseline,86.93942279014352,0.03808419796108259,1.0,0.030030098999999998
meta,-0.029389733,meta,0.020759,0.011706,Normal,0.051898,0.016722,0.034541406,-185.08551446921413,0.034541406,fallback_baseline,185.08551446921413,0.03808419796108259,1.0,0.063931139
meta,0.12252221,meta,0.020759,0.011706,Normal,0.051898,0.016722,0.034541406,254.71112554017063,0.034541406,fallback_baseline,254.71112554017063,0.03808419796108259,1.0,0.08798080400000001
meta,0.3461923,meta,0.020759,0.011706,Normal,0.051898,0.016722,0.034541406,902.2530640472481,0.034541406,fallback_baseline,902.2530640472481,0.03808419796108259,1.0,0.311650894
meta,0.39853737,meta,0.020759,0.011706,Normal,0.051898,0.016722,0.034541406,1053.7960267164574,0.034541406,fallback_baseline,1053.7960267164574,0.03808419796108259,1.0,0.363995964
meta,0.26865137,meta,0.020759,0.011706,Normal,0.051898,0.016722,0.034541406,677.7661685224974,0.034541406,fallback_baseline,677.7661685224974,0.03808419796108259,1.0,0.234109964
meta,1.0097914,meta,0.020759,0.011706,LogNormal,0.051898,0.016722,1.0271761,-1.6924751267090454,1.0271761,fallback_baseline,1.6924751267090454,0.0,1.0,0.01738470000000003
meta,0.03723747,meta,0.020759,0.011706,LogNormal,0.051898,0.016722,1.0271761,-96.37477254387052,1.0271761,fallback_baseline,96.37477254387052,0.0,1.0,0.9899386299999999
meta,0.07437453,meta,0.020759,0.011706,LogNormal,0.051898,0.016722,1.0271761,-92.75932043200771,1.0271761,fallback_baseline,92.75932043200771,0.0,1.0,0.9528015699999999
meta,0.13335799,meta,0.020759,0.011706,LogNormal,0.051898,0.016722,1.0271761,-87.0170275573974,1.0271761,fallback_baseline,87.0170275573974,0.0,1.0,0.8938181099999999
meta,0.24143426,meta,0.020759,0.011706,LogNormal,0.051898,0.016722,1.0271761,-76.4953390173311,1.0271761,fallback_baseline,76.4953390173311,0.0,1.0,0.7857418399999999
meta,0.20911114,meta,0.020759,0.011706,LogNormal,0.051898,0.016722,1.0271761,-79.64213341801859,1.0271761,fallback_baseline,79.64213341801859,0.0,1.0,0.81806496
meta,0.3257253,meta,0.020759,0.011706,LogNormal,0.051898,0.016722,1.0271761,-68.28924465824312,1.0271761,fallback_baseline,68.28924465824312,0.0,1.0,0.7014507999999999
meta,0.88390666,meta,0.020759,0.011706,LogNormal,0.051898,0.016722,1.0271761,-13.947894620990498,1.0271761,fallback_baseline,13.947894620990498,0.0,1.0,0.14326943999999997
meta,0.008924084,meta,0.020759,0.016722,Normal,0.051898,0.016722,0.034541406,-74.16409743135529,0.034541406,fallback_baseline,74.16409743135529,0.10722559594195208,1.0,0.025617321999999998
meta,-0.015782472,meta,0.020759,0.016722,Normal,0.051898,0.016722,0.034541406,-145.69145795628586,0.034541406,fallback_baseline,145.69145795628586,0.10722559594195208,1.0,0.050323877999999996
meta,-0.03751529,meta,0.020759,0.016722,Normal,0.051898,0.016722,0.034541406,-208.60962058116573,0.034541406,fallback_baseline,208.60962058116573,0.10722559594195208,1.0,0.072056696
meta,-0.03408974,meta,0.020759,0.016722,Normal,0.051898,0.016722,0.034541406,-198.6923925447621,0.034541406,fallback_baseline,198.6923925447621,0.10722559594195208,1.0,0.068631146
meta,0.064576864,meta,0.020759,0.016722,Normal,0.051898,0.016722,0.034541406,86.95493750312308,0.034541406,fallback_baseline,86.95493750312308,0.10722559594195208,1.0,0.030035458
meta,0.40169343,meta,0.020759,0.016722,Normal,0.051898,0.016722,0.034541406,1062.933060686644,0.034541406,fallback_baseline,1062.933060686644,0.10722559594195208,1.0,0.367152024
meta,0.34286213,meta,0.020759,0.016722,Normal,0.051898,0.016722,0.034541406,892.6119683721039,0.034541406,fallback_baseline,892.6119683721039,0.10722559594195208,1.0,0.308320724
meta,0.23396775,meta,0.020759,0.016722,Normal,0.051898,0.016722,0.034541406,577.3544481657754,0.034541406,fallback_baseline,577.3544481657754,0.10722559594195208,1.0,0.199426344
meta,0.9978539,meta,0.020759,0.016722,LogNormal,0.051898,0.016722,1.0271761,-2.854641964508322,1.0271761,fallback_baseline,2.854641964508322,0.0,1.0,0.029322199999999965
meta,0.037344202,meta,0.020759,0.016722,LogNormal,0.051898,0.016722,1.0271761,-96.36438172578197,1.0271761,fallback_baseline,96.36438172578197,0.0,1.0,0.9898318979999999
meta,0.06754403,meta,0.020759,0.016722,LogNormal,0.051898,0.016722,1.0271761,-93.42429891038158,1.0271761,fallback_baseline,93.42429891038158,0.0,1.0,0.95963207
meta,0.15082678,meta,0.020759,0.016722,LogNormal,0.051898,0.016722,1.0271761,-85.31636590843576,1.0271761,fallback_baseline,85.31636590843576,0.0,1.0,0.8763493199999999
meta,0.22693484,meta,0.020759,0.016722,LogNormal,0.051898,0.016722,1.0271761,-77.90691975796555,1.0271761,fallback_baseline,77.90691975796555,0.0,1.0,0.80024126
meta,0.2608531,meta,0.020759,0.016722,LogNormal,0.051898,0.016722,1.0271761,-74.60483163500396,1.0271761,fallback_baseline,74.60483163500396,0.0,1.0,0.7663229999999999
meta,0.34896466,meta,0.020759,0.016722,LogNormal,0.051898,0.016722,1.0271761,-66.02679326358937,1.0271761,fallback_baseline,66.02679326358937,0.0,1.0,0.6782114399999999
meta,0.9015254,meta,0.020759,0.016722,LogNormal,0.051898,0.016722,1.0271761,-12.232634696231727,1.0271761,fallback_baseline,12.232634696231727,0.0,1.0,0.1256506999999999
meta,0.0034557704,meta,0.020759,0.023411,Normal,0.051898,0.016722,0.034541406,-89.99528160492368,0.034541406,fallback_baseline,89.99528160492368,0.18761485599940692,1.0,0.031085635599999998
meta,-0.014346169,meta,0.020759,0.023411,Normal,0.051898,0.016722,0.034541406,-141.53325142583947,0.034541406,fallback_baseline,141.53325142583947,0.18761485599940692,1.0,0.048887574999999996
meta,-0.027498256,meta,0.020759,0.023411,Normal,0.051898,0.016722,0.034541406,-179.60954455646655,0.034541406,fallback_baseline,179.60954455646655,0.18761485599940692,1.0,0.062039661999999995
meta,-0.03900031,meta,0.020759,0.023411,Normal,0.051898,0.016722,0.034541406,-212.9088665354271,0.034541406,fallback_baseline,212.9088665354271,0.18761485599940692,1.0,0.07354171600000001
meta,0.09813112,meta,0.020759,0.023411,Normal,0.051898,0.016722,0.034541406,184.09706310160047,0.034541406,fallback_baseline,184.09706310160047,0.18761485599940692,1.0,0.063589714
meta,0.35851344,meta,0.020759,0.023411,Normal,0.051898,0.016722,0.034541406,937.9237023530543,0.034541406,fallback_baseline,937.9237023530543,0.18761485599940692,1.0,0.323972034
meta,0.2941182,meta,0.020759,0.023411,Normal,0.051898,0.016722,0.034541406,751.4945801569282,0.034541406,fallback_baseline,751.4945801569282,0.18761485599940692,1.0,0.259576794
meta,0.25312752,meta,0.020759,0.023411,Normal,0.051898,0.016722,0.034541406,632.8234409450503,0.034541406,fallback_baseline,632.8234409450503,0.18761485599940692,1.0,0.218586114
meta,0.9764681,meta,0.020759,0.023411,LogNormal,0.051898,0.016722,1.0271761,-4.936641341246158,1.0271761,fallback_baseline,4.936641341246158,0.0,1.0,0.050707999999999975
meta,0.036607236,meta,0.020759,0.023411,LogNormal,0.051898,0.016722,1.0271761,-96.43612852752317,1.0271761,fallback_baseline,96.43612852752317,0.0,1.0,0.9905688639999999
meta,0.07261711,meta,0.020759,0.023411,LogNormal,0.051898,0.016722,1.0271761,-92.93041280847558,1.0271761,fallback_baseline,92.93041280847558,0.0,1.0,0.9545589899999999
meta,0.13212553,meta,0.020759,0.023411,LogNormal,0.051898,0.016722,1.0271761,-87.13701282574624,1.0271761,fallback_baseline,87.13701282574624,0.0,1.0,0.89505057
meta,0.23486681,meta,0.020759,0.023411,LogNormal,0.051898,0.016722,1.0271761,-77.1347084497001,1.0271761,fallback_baseline,77.1347084497001,0.0,1.0,0.7923092899999999
meta,0.25067508,meta,0.020759,0.023411,LogNormal,0.051898,0.016722,1.0271761,-75.59570554649783,1.0271761,fallback_baseline,75.59570554649783,0.0,1.0,0.77650102
meta,0.35591322,meta,0.020759,0.023411,LogNormal,0.051898,0.016722,1.0271761,-65.35032113772897,1.0271761,fallback_baseline,65.35032113772897,0.0,1.0,0.67126288
meta,1.0892661,meta,0.020759,0.023411,LogNormal,0.051898,0.016722,1.0271761,6.044727870907431,1.0271761,fallback_baseline,6.044727870907431,0.0,1.0,0.06208999999999998
meta,-0.010397501,meta,0.020759,0.033445,Normal,0.051898,0.016722,0.034541406,-130.10155695457215,0.034541406,fallback_baseline,130.10155695457215,0.26740157934200925,0.0,0.044938907
meta,-0.027706495,meta,0.020759,0.033445,Normal,0.051898,0.016722,0.034541406,-180.21241231465797,0.034541406,fallback_baseline,180.21241231465797,0.26740157934200925,0.0,0.062247900999999994
meta,-0.011142319,meta,0.020759,0.033445,Normal,0.051898,0.016722,0.034541406,-132.2578617674104,0.034541406,fallback_baseline,132.2578617674104,0.26740157934200925,0.0,0.045683724999999994
meta,-0.0028332977,meta,0.020759,0.033445,Normal,0.051898,0.016722,0.034541406,-108.20261253986013,0.034541406,fallback_baseline,108.20261253986013,0.26740157934200925,0.0,0.0373747037
meta,0.082421266,meta,0.020759,0.033445,Normal,0.051898,0.016722,0.034541406,138.61583978370774,0.034541406,fallback_baseline,138.61583978370774,0.26740157934200925,0.0,0.04787986000000001
meta,0.42431706,meta,0.020759,0.033445,Normal,0.051898,0.016722,0.034541406,1128.4301918688545,0.034541406,fallback_baseline,1128.4301918688545,0.26740157934200925,0.0,0.389775654
meta,0.29573905,meta,0.020759,0.033445,Normal,0.051898,0.016722,0.034541406,756.1870643018991,0.034541406,fallback_baseline,756.1870643018991,0.26740157934200925,0.0,0.261197644
meta,0.25035512,meta,0.020759,0.033445,Normal,0.051898,0.016722,0.034541406,624.7971318828191,0.034541406,fallback_baseline,624.7971318828191,0.26740157934200925,0.0,0.215813714
meta,0.9206899,meta,0.020759,0.033445,LogNormal,0.051898,0.016722,1.0271761,-10.36688840404289,1.0271761,fallback_baseline,10.36688840404289,0.0,1.0,0.10648619999999998
meta,0.03614501,meta,0.020759,0.033445,LogNormal,0.051898,0.016722,1.0271761,-96.4811282116085,1.0271761,fallback_baseline,96.4811282116085,0.0,1.0,0.9910310899999999
meta,0.07315523,meta,0.020759,0.033445,LogNormal,0.051898,0.016722,1.0271761,-92.87802451789912,1.0271761,fallback_baseline,92.87802451789912,0.0,1.0,0.9540208699999999
meta,0.13691875,meta,0.020759,0.033445,LogNormal,0.051898,0.016722,1.0271761,-86.67037229546132,1.0271761,fallback_baseline,86.67037229546132,0.0,1.0,0.89025735
meta,0.22362372,meta,0.020759,0.033445,LogNormal,0.051898,0.016722,1.0271761,-78.22927149492672,1.0271761,fallback_baseline,78.22927149492672,0.0,1.0,0.80355238
meta,0.22295661,meta,0.020759,0.033445,LogNormal,0.051898,0.016722,1.0271761,-78.29421751538028,1.0271761,fallback_baseline,78.29421751538028,0.0,1.0,0.8042194899999999
meta,0.3938815,meta,0.020759,0.033445,LogNormal,0.051898,0.016722,1.0271761,-61.653946192868,1.0271761,fallback_baseline,61.653946192868,0.0,1.0,0.6332945999999999
meta,1.0020511,meta,0.020759,0.033445,LogNormal,0.051898,0.016722,1.0271761,-2.4460265381953343,1.0271761,fallback_baseline,2.4460265381953343,0.0,1.0,0.025124999999999842
meta,0.03262061,meta,0.036328,0.006689,Normal,0.051898,0.016722,0.034541406,-5.5608506497969294,0.034541406,fallback_baseline,5.5608506497969294,2.8018604769641797e-08,1.0,0.0019207959999999955
meta,-0.023581017,meta,0.036328,0.006689,Normal,0.051898,0.016722,0.034541406,-168.26883943288237,0.034541406,fallback_baseline,168.26883943288237,2.8018604769641797e-08,1.0,0.05812242299999999
meta,-0.01958167,meta,0.036328,0.006689,Normal,0.051898,0.016722,0.034541406,-156.6904253984334,0.034541406,fallback_baseline,156.6904253984334,2.8018604769641797e-08,1.0,0.05412307599999999
meta,-0.012804779,meta,0.036328,0.006689,Normal,0.051898,0.016722,0.034541406,-137.0708100301418,0.034541406,fallback_baseline,137.0708100301418,2.8018604769641797e-08,1.0,0.047346185
meta,0.050593484,meta,0.036328,0.006689,Normal,0.051898,0.016722,0.034541406,46.471987851334156,0.034541406,fallback_baseline,46.471987851334156,2.8018604769641797e-08,1.0,0.016052078000000004
meta,0.44686937,meta,0.036328,0.006689,Normal,0.051898,0.016722,0.034541406,1193.7208462214885,0.034541406,fallback_baseline,1193.7208462214885,2.8018604769641797e-08,1.0,0.412327964
meta,0.31386882,meta,0.036328,0.006689,Normal,0.051898,0.016722,0.034541406,808.6741286674898,0.034541406,fallback_baseline,808.6741286674898,2.8018604769641797e-08,1.0,0.279327414
meta,0.23450322,meta,0.036328,0.006689,Normal,0.051898,0.016722,0.034541406,578.9046745809943,0.034541406,fallback_baseline,578.9046745809943,2.8018604769641797e-08,1.0,0.19996181400000002
meta,1.0345627,meta,0.036328,0.006689,LogNormal,0.051898,0.016722,1.0271761,0.7191171990859232,1.0271761,fallback_baseline,0.7191171990859232,0.0,1.0,0.007386600000000021
meta,0.035704415,meta,0.036328,0.006689,LogNormal,0.051898,0.016722,1.0271761,-96.52402202504517,1.0271761,fallback_baseline,96.52402202504517,0.0,1.0,0.9914716849999999
meta,0.0703549,meta,0.036328,0.006689,LogNormal,0.051898,0.016722,1.0271761,-93.15064865703165,1.0271761,fallback_baseline,93.15064865703165,0.0,1.0,0.9568211999999999
meta,0.13445793,meta,0.036328,0.006689,LogNormal,0.051898,0.016722,1.0271761,-86.90994367956965,1.0271761,fallback_baseline,86.90994367956965,0.0,1.0,0.89271817
meta,0.22733736,meta,0.036328,0.006689,LogNormal,0.051898,0.016722,1.0271761,-77.86773270912359,1.0271761,fallback_baseline,77.86773270912359,0.0,1.0,0.79983874
meta,0.25036845,meta,0.036328,0.006689,LogNormal,0.051898,0.016722,1.0271761,-75.62555729246425,1.0271761,fallback_baseline,75.62555729246425,0.0,1.0,0.7768076499999998
meta,0.3379933,meta,0.036328,0.006689,LogNormal,0.051898,0.016722,1.0271761,-67.09490222757324,1.0271761,fallback_baseline,67.09490222757324,0.0,1.0,0.6891828
meta,1.1426027,meta,0.036328,0.006689,LogNormal,0.051898,0.016722,1.0271761,11.237274699051133,1.0271761,fallback_baseline,11.237274699051133,0.0,1.0,0.11542660000000016
meta,0.025503824,meta,0.036328,0.011706,Normal,0.051898,0.016722,0.034541406,-26.16448791922366,0.034541406,fallback_baseline,26.16448791922366,0.0009566649535852068,1.0,0.009037581999999995
meta,-0.017525718,meta,0.036328,0.011706,Normal,0.051898,0.016722,0.034541406,-150.7382878392385,0.034541406,fallback_baseline,150.7382878392385,0.0009566649535852068,1.0,0.05206712399999999
meta,-0.029798904,meta,0.036328,0.011706,Normal,0.051898,0.016722,0.034541406,-186.27009566431664,0.034541406,fallback_baseline,186.27009566431664,0.0009566649535852068,1.0,0.06434031
meta,-0.009207018,meta,0.036328,0.011706,Normal,0.051898,0.016722,0.034541406,-126.65501803835083,0.034541406,fallback_baseline,126.65501803835083,0.0009566649535852068,1.0,0.043748423999999994
meta,0.051786385,meta,0.036328,0.011706,Normal,0.051898,0.016722,0.034541406,49.925527061637275,0.034541406,fallback_baseline,49.925527061637275,0.0009566649535852068,1.0,0.017244979
meta,0.37610054,meta,0.036328,0.011706,Normal,0.051898,0.016722,0.034541406,988.8396957552915,0.034541406,fallback_baseline,988.8396957552915,0.0009566649535852068,1.0,0.341559134
meta,0.24538267,meta,0.036328,0.011706,Normal,0.051898,0.016722,0.034541406,610.4015105812427,0.034541406,fallback_baseline,610.4015105812427,0.0009566649535852068,1.0,0.210841264
meta,0.21991141,meta,0.036328,0.011706,Normal,0.051898,0.016722,0.034541406,536.660273759557,0.034541406,fallback_baseline,536.660273759557,0.0009566649535852068,1.0,0.185370004
meta,1.0294476,meta,0.036328,0.011706,LogNormal,0.051898,0.016722,1.0271761,0.22114026991087332,1.0271761,fallback_baseline,0.22114026991087332,0.0,1.0,0.002271499999999982
meta,0.03762956,meta,0.036328,0.011706,LogNormal,0.051898,0.016722,1.0271761,-96.33660090027406,1.0271761,fallback_baseline,96.33660090027406,0.0,1.0,0.98954654
meta,0.06889866,meta,0.036328,0.011706,LogNormal,0.051898,0.016722,1.0271761,-93.292419868414,1.0271761,fallback_baseline,93.292419868414,0.0,1.0,0.9582774399999999
meta,0.14035434,meta,0.036328,0.011706,LogNormal,0.051898,0.016722,1.0271761,-86.3359028700142,1.0271761,fallback_baseline,86.3359028700142,0.0,1.0,0.8868217599999999
meta,0.24363296,meta,0.036328,0.011706,LogNormal,0.051898,0.016722,1.0271761,-76.28128613973786,1.0271761,fallback_baseline,76.28128613973786,0.0,1.0,0.7835431399999999
meta,0.23868632,meta,0.036328,0.011706,LogNormal,0.051898,0.016722,1.0271761,-76.76286276520646,1.0271761,fallback_baseline,76.76286276520646,0.0,1.0,0.7884897799999999
meta,0.37465382,meta,0.036328,0.011706,LogNormal,0.051898,0.016722,1.0271761,-63.52584332910393,1.0271761,fallback_baseline,63.52584332910393,0.0,1.0,0.6525222799999999
meta,0.9679197,meta,0.036328,0.011706,LogNormal,0.051898,0.016722,1.0271761,-5.7688647545440235,1.0271761,fallback_baseline,5.7688647545440235,0.0,1.0,0.059256399999999876
meta,0.020612087,meta,0.036328,0.016722,Normal,0.051898,0.016722,0.034541406,-40.32643894113632,0.034541406,fallback_baseline,40.32643894113632,0.014910212687865743,1.0,0.013929318999999996
meta,-0.02787297,meta,0.036328,0.016722,Normal,0.051898,0.016722,0.034541406,-180.6943701133648,0.034541406,fallback_baseline,180.6943701133648,0.014910212687865743,1.0,0.062414375999999994
meta,-0.033415947,meta,0.036328,0.016722,Normal,0.051898,0.016722,0.034541406,-196.7417105140422,0.034541406,fallback_baseline,196.7417105140422,0.014910212687865743,1.0,0.067957353
meta,0.0076661506,meta,0.036328,0.016722,Normal,0.051898,0.016722,0.034541406,-77.80591039056141,0.034541406,fallback_baseline,77.80591039056141,0.014910212687865743,1.0,0.026875255399999996
meta,0.04103842,meta,0.036328,0.016722,Normal,0.051898,0.016722,0.034541406,18.80935014631426,0.034541406,fallback_baseline,18.80935014631426,0.014910212687865743,1.0,0.006497014000000002
meta,0.44191462,meta,0.036328,0.016722,Normal,0.051898,0.016722,0.034541406,1179.3764677674094,0.034541406,fallback_baseline,1179.3764677674094,0.014910212687865743,1.0,0.407373214
meta,0.39087898,meta,0.036328,0.016722,Normal,0.051898,0.016722,0.034541406,1031.6244046348318,0.034541406,fallback_baseline,1031.6244046348318,0.014910212687865743,1.0,0.356337574
meta,0.2063833,meta,0.036328,0.016722,Normal,0.051898,0.016722,0.034541406,497.4953654173777,0.034541406,fallback_baseline,497.4953654173777,0.014910212687865743,1.0,0.171841894
meta,1.0050073,meta,0.036328,0.016722,LogNormal,0.051898,0.016722,1.0271761,-2.1582277858684593,1.0271761,fallback_baseline,2.1582277858684593,0.0,1.0,0.02216879999999999
meta,0.040975902,meta,0.036328,0.016722,LogNormal,0.051898,0.016722,1.0271761,-96.01082015050778,1.0271761,fallback_baseline,96.01082015050778,0.0,1.0,0.9862001979999999
meta,0.07652609,meta,0.036328,0.016722,LogNormal,0.051898,0.016722,1.0271761,-92.54985683564873,1.0271761,fallback_baseline,92.54985683564873,0.0,1.0,0.9506500099999999
meta,0.14405364,meta,0.036328,0.016722,LogNormal,0.051898,0.016722,1.0271761,-85.97576014473077,1.0271761,fallback_baseline,85.97576014473077,0.0,1.0,0.8831224599999999
meta,0.24548498,meta,0.036328,0.016722,LogNormal,0.051898,0.016722,1.0271761,-76.10098404742868,1.0271761,fallback_baseline,76.10098404742868,0.0,1.0,0.78169112
meta,0.22562258,meta,0.036328,0.016722,LogNormal,0.051898,0.016722,1.0271761,-78.03467389866256,1.0271761,fallback_baseline,78.03467389866256,0.0,1.0,0.8015535199999999
meta,0.36325806,meta,0.036328,0.016722,LogNormal,0.051898,0.016722,1.0271761,-64.63526945379668,1.0271761,fallback_baseline,64.63526945379668,0.0,1.0,0.66391804
meta,0.93986624,meta,0.036328,0.016722,LogNormal,0.051898,0.016722,1.0271761,-8.499989437059524,1.0271761,fallback_baseline,8.499989437059524,0.0,1.0,0.08730985999999996
meta,0.012229855,meta,0.036328,0.023411,Normal,0.051898,0.016722,0.034541406,-64.59363871870184,0.034541406,fallback_baseline,64.59363871870184,0.060361125345890554,1.0,0.022311551
meta,-0.028870618,meta,0.036328,0.023411,Normal,0.051898,0.016722,0.034541406,-183.58263702409798,0.034541406,fallback_baseline,183.58263702409798,0.060361125345890554,1.0,0.063412024
meta,-0.021216694,meta,0.036328,0.023411,Normal,0.051898,0.016722,0.034541406,-161.42394435246788,0.034541406,fallback_baseline,161.42394435246788,0.060361125345890554,1.0,0.0557581
meta,-0.015247656,meta,0.036328,0.023411,Normal,0.051898,0.016722,0.034541406,-144.14312492085585,0.034541406,fallback_baseline,144.14312492085585,0.060361125345890554,1.0,0.049789061999999995
meta,0.058335304,meta,0.036328,0.023411,Normal,0.051898,0.016722,0.034541406,68.88514613446831,0.034541406,fallback_baseline,68.88514613446831,0.060361125345890554,1.0,0.023793898
meta,0.43655425,meta,0.036328,0.023411,Normal,0.051898,0.016722,0.034541406,1163.8577885335646,0.034541406,fallback_baseline,1163.8577885335646,0.060361125345890554,1.0,0.402012844
meta,0.35021725,meta,0.036328,0.023411,Normal,0.051898,0.016722,0.034541406,913.9056007158481,0.034541406,fallback_baseline,913.9056007158481,0.060361125345890554,1.0,0.315675844
meta,0.29511553,meta,0.036328,0.023411,Normal,0.051898,0.016722,0.034541406,754.3819264334521,0.034541406,fallback_baseline,754.3819264334521,0.060361125345890554,1.0,0.260574124
meta,0.9884404,meta,0.036328,0.023411,LogNormal,0.051898,0.016722,1.0271761,-3.771086574152176,1.0271761,fallback_baseline,3.771086574152176,0.0,1.0,0.03873569999999993
meta,0.03741646,meta,0.036328,0.023411,LogNormal,0.051898,0.016722,1.0271761,-96.35734709948956,1.0271761,fallback_baseline,96.35734709948956,0.0,1.0,0.9897596399999999
meta,0.06696585,meta,0.036328,0.023411,LogNormal,0.051898,0.016722,1.0271761,-93.48058721381855,1.0271761,fallback_baseline,93.48058721381855,0.0,1.0,0.9602102499999999
meta,0.14328867,meta,0.036328,0.023411,LogNormal,0.051898,0.016722,1.0271761,-86.05023325601131,1.0271761,fallback_baseline,86.05023325601131,0.0,1.0,0.8838874299999999
meta,0.22650962,meta,0.036328,0.023411,LogNormal,0.051898,0.016722,1.0271761,-77.94831674919229,1.0271761,fallback_baseline,77.94831674919229,0.0,1.0,0.80066648
meta,0.22748402,meta,0.036328,0.023411,LogNormal,0.051898,0.016722,1.0271761,-77.85345472894083,1.0271761,fallback_baseline,77.85345472894083,0.0,1.0,0.7996920799999999
meta,0.33765638,meta,0.036328,0.023411,LogNormal,0.051898,0.016722,1.0271761,-67.12770283498614,1.0271761,fallback_baseline,67.12770283498614,0.0,1.0,0.68951972
meta,1.0359895,meta,0.036328,0.023411,LogNormal,0.051898,0.016722,1.0271761,0.858022300168391,1.0271761,fallback_baseline,0.858022300168391,0.0,1.0,0.008813399999999971
meta,-0.0004063503,meta,0.036328,0.033445,Normal,0.051898,0.016722,0.034541406,-101.17641505386318,0.034541406,fallback_baseline,101.17641505386318,0.13869498752754772,1.0,0.034947756299999994
meta,-0.02959145,meta,0.036328,0.033445,Normal,0.051898,0.016722,0.034541406,-185.66950054088707,0.034541406,fallback_baseline,185.66950054088707,0.13869498752754772,1.0,0.06413285599999999
meta,0.007886867,meta,0.036328,0.033445,Normal,0.051898,0.016722,0.034541406,-77.16691960946812,0.034541406,fallback_baseline,77.16691960946812,0.13869498752754772,1.0,0.026654538999999998
meta,-0.045506798,meta,0.036328,0.033445,Normal,0.051898,0.016722,0.034541406,-231.74564463299498,0.034541406,fallback_baseline,231.74564463299498,0.13869498752754772,1.0,0.080048204
meta,0.061445374,meta,0.036328,0.033445,Normal,0.051898,0.016722,0.034541406,77.88903555344564,0.034541406,fallback_baseline,77.88903555344564,0.13869498752754772,1.0,0.026903968
meta,0.39574546,meta,0.036328,0.033445,Normal,0.051898,0.016722,0.034541406,1045.7132347189342,0.034541406,fallback_baseline,1045.7132347189342,0.13869498752754772,1.0,0.361204054
meta,0.37400013,meta,0.036328,0.033445,Normal,0.051898,0.016722,0.034541406,982.7588489015184,0.034541406,fallback_baseline,982.7588489015184,0.13869498752754772,1.0,0.339458724
meta,0.24686825,meta,0.036328,0.033445,Normal,0.051898,0.016722,0.034541406,614.7023777781368,0.034541406,fallback_baseline,614.7023777781368,0.13869498752754772,1.0,0.21232684400000001
meta,0.9378389,meta,0.036328,0.033445,LogNormal,0.051898,0.016722,1.0271761,-8.697359683505088,1.0271761,fallback_baseline,8.697359683505088,0.0,1.0,0.0893371999999999
meta,0.036843438,meta,0.036328,0.033445,LogNormal,0.051898,0.016722,1.0271761,-96.4131332494983,1.0271761,fallback_baseline,96.4131332494983,0.0,1.0,0.9903326619999999
meta,0.07822954,meta,0.036328,0.033445,LogNormal,0.051898,0.016722,1.0271761,-92.38401867021632,1.0271761,fallback_baseline,92.38401867021632,0.0,1.0,0.9489465599999999
meta,0.13664809,meta,0.036328,0.033445,LogNormal,0.051898,0.016722,1.0271761,-86.69672220761366,1.0271761,fallback_baseline,86.69672220761366,0.0,1.0,0.8905280099999999
meta,0.22306398,meta,0.036328,0.033445,LogNormal,0.051898,0.016722,1.0271761,-78.28376458525466,1.0271761,fallback_baseline,78.28376458525466,0.0,1.0,0.8041121199999999
meta,0.24022806,meta,0.036328,0.033445,LogNormal,0.051898,0.016722,1.0271761,-76.6127677620225,1.0271761,fallback_baseline,76.6127677620225,0.0,1.0,0.78694804
meta,0.3692481,meta,0.036328,0.033445,LogNormal,0.051898,0.016722,1.0271761,-64.05211336206128,1.0271761,fallback_baseline,64.05211336206128,0.0,1.0,0.6579279999999998
meta,0.91211396,meta,0.036328,0.033445,LogNormal,0.051898,0.016722,1.0271761,-11.201792954489491,1.0271761,fallback_baseline,11.201792954489491,0.0,1.0,0.11506213999999992
meta,0.04929199,meta,0.051898,0.006689,Normal,0.051898,0.016722,0.034541406,42.70406363886868,0.034541406,fallback_baseline,42.70406363886868,4.274358644806853e-15,1.0,0.014750584000000004
meta,-0.010068956,meta,0.051898,0.006689,Normal,0.051898,0.016722,0.034541406,-129.15039416751014,0.034541406,fallback_baseline,129.15039416751014,4.274358644806853e-15,1.0,0.044610362
meta,-0.028372478,meta,0.051898,0.006689,Normal,0.051898,0.016722,0.034541406,-182.14048380080422,0.034541406,fallback_baseline,182.14048380080422,4.274358644806853e-15,1.0,0.062913884
meta,-0.049424,meta,0.051898,0.006689,Normal,0.051898,0.016722,0.034541406,-243.08624263876231,0.034541406,fallback_baseline,243.08624263876231,4.274358644806853e-15,1.0,0.08396540599999999
meta,0.07990141,meta,0.051898,0.006689,Normal,0.051898,0.016722,0.034541406,131.32066482759853,0.034541406,fallback_baseline,131.32066482759853,4.274358644806853e-15,1.0,0.04536000400000001
meta,0.3991594,meta,0.051898,0.006689,Normal,0.051898,0.016722,0.034541406,1055.5968509214708,0.034541406,fallback_baseline,1055.5968509214708,4.274358644806853e-15,1.0,0.364617994
meta,0.33720085,meta,0.051898,0.006689,Normal,0.051898,0.016722,0.034541406,876.2221317800439,0.034541406,fallback_baseline,876.2221317800439,4.274358644806853e-15,1.0,0.302659444
meta,0.2627056,meta,0.051898,0.006689,Normal,0.051898,0.016722,0.034541406,660.5527117222732,0.034541406,fallback_baseline,660.5527117222732,4.274358644806853e-15,1.0,0.228164194
meta,1.0503736,meta,0.051898,0.006689,LogNormal,0.051898,0.016722,1.0271761,2.2583761440711076,1.0271761,fallback_baseline,2.2583761440711076,0.0,1.0,0.023197499999999982
meta,0.03892967,meta,0.051898,0.006689,LogNormal,0.051898,0.016722,1.0271761,-96.2100296142015,1.0271761,fallback_baseline,96.2100296142015,0.0,1.0,0.9882464299999999
meta,0.06686357,meta,0.051898,0.006689,LogNormal,0.051898,0.016722,1.0271761,-93.49054461060767,1.0271761,fallback_baseline,93.49054461060767,0.0,1.0,0.9603125299999999
meta,0.14939362,meta,0.051898,0.006689,LogNormal,0.051898,0.016722,1.0271761,-85.45589018280312,1.0271761,fallback_baseline,85.45589018280312,0.0,1.0,0.8777824799999999
meta,0.21972616,meta,0.051898,0.006689,LogNormal,0.051898,0.016722,1.0271761,-78.6087156817609,1.0271761,fallback_baseline,78.6087156817609,0.0,1.0,0.8074499399999999
meta,0.24603157,meta,0.051898,0.006689,LogNormal,0.051898,0.016722,1.0271761,-76.04777116601525,1.0271761,fallback_baseline,76.04777116601525,0.0,1.0,0.78114453
meta,0.3522202,meta,0.051898,0.006689,LogNormal,0.051898,0.016722,1.0271761,-65.7098524780707,1.0271761,fallback_baseline,65.7098524780707,0.0,1.0,0.6749558999999999
meta,0.8957804,meta,0.051898,0.006689,LogNormal,0.051898,0.016722,1.0271761,-12.791935092726543,1.0271761,fallback_baseline,12.791935092726543,0.0,1.0,0.1313956999999999
meta,0.039823152,meta,0.051898,0.011706,Normal,0.051898,0.016722,0.034541406,15.291056768216107,0.034541406,fallback_baseline,15.291056768216107,4.6367880460751465e-06,1.0,0.005281746000000004
meta,-0.013851084,meta,0.051898,0.011706,Normal,0.051898,0.016722,0.034541406,-140.09994266012217,0.034541406,fallback_baseline,140.09994266012217,4.6367880460751465e-06,1.0,0.048392489999999996
meta,-0.03348115,meta,0.051898,0.011706,Normal,0.051898,0.016722,0.034541406,-196.93047816293293,0.034541406,fallback_baseline,196.93047816293293,4.6367880460751465e-06,1.0,0.068022556
meta,-0.025578251,meta,0.051898,0.011706,Normal,0.051898,0.016722,0.034541406,-174.05098391188824,0.034541406,fallback_baseline,174.05098391188824,4.6367880460751465e-06,1.0,0.06011965699999999
meta,0.029428527,meta,0.051898,0.011706,Normal,0.051898,0.016722,0.034541406,-14.802173947406766,0.034541406,fallback_baseline,14.802173947406766,4.6367880460751465e-06,1.0,0.005112878999999997
meta,0.31216002,meta,0.051898,0.011706,Normal,0.051898,0.016722,0.034541406,803.7270225769038,0.034541406,fallback_baseline,803.7270225769038,4.6367880460751465e-06,1.0,0.277618614
meta,0.38309222,meta,0.051898,0.011706,Normal,0.051898,0.016722,0.034541406,1009.0811416304247,0.034541406,fallback_baseline,1009.0811416304247,4.6367880460751465e-06,1.0,0.348550814
meta,0.20430586,meta,0.051898,0.011706,Normal,0.051898,0.016722,0.034541406,491.4810184623058,0.034541406,fallback_baseline,491.4810184623058,4.6367880460751465e-06,1.0,0.169764454
meta,1.0413443,meta,0.051898,0.011706,LogNormal,0.051898,0.016722,1.0271761,1.3793350526750063,1.0271761,fallback_baseline,1.3793350526750063,0.0,1.0,0.014168200000000075
meta,0.036757443,meta,0.051898,0.011706,LogNormal,0.051898,0.016722,1.0271761,-96.42150523167352,1.0271761,fallback_baseline,96.42150523167352,0.0,1.0,0.990418657
meta,0.07311356,meta,0.051898,0.011706,LogNormal,0.051898,0.016722,1.0271761,-92.88208127116664,1.0271761,fallback_baseline,92.88208127116664,0.0,1.0,0.9540625399999999
meta,0.13051698,meta,0.051898,0.011706,LogNormal,0.051898,0.016722,1.0271761,-87.29361206905028,1.0271761,fallback_baseline,87.29361206905028,0.0,1.0,0.8966591199999999
meta,0.21076784,meta,0.051898,0.011706,LogNormal,0.051898,0.016722,1.0271761,-79.48084656564731,1.0271761,fallback_baseline,79.48084656564731,0.0,1.0,0.8164082599999999
meta,0.25043562,meta,0.051898,0.011706,LogNormal,0.051898,0.016722,1.0271761,-75.61901800479977,1.0271761,fallback_baseline,75.61901800479977,0.0,1.0,0.77674048
meta,0.38240308,meta,0.051898,0.011706,LogNormal,0.051898,0.016722,1.0271761,-62.77141962317854,1.0271761,fallback_baseline,62.77141962317854,0.0,1.0,0.6447730199999999
meta,1.1405089,meta,0.051898,0.011706,LogNormal,0.051898,0.016722,1.0271761,11.033434286487003,1.0271761,fallback_baseline,11.033434286487003,0.0,1.0,0.11333280000000001
meta,0.034541406,meta,0.051898,0.016722,Normal,0.051898,0.016722,0.034541406,0.0,0.034541406,fallback_baseline,0.0,0.0009559851950077802,1.0,0.0
meta,-0.012789163,meta,0.051898,0.016722,Normal,0.051898,0.016722,0.034541406,-137.02560052129897,0.034541406,fallback_baseline,137.02560052129897,0.0009559851950077802,1.0,0.047330568999999996
meta,-0.021640044,meta,0.051898,0.016722,Normal,0.051898,0.016722,0.034541406,-162.64957483201465,0.034541406,fallback_baseline,162.64957483201465,0.0009559851950077802,1.0,0.056181449999999994
meta,-0.018769022,meta,0.051898,0.016722,Normal,0.051898,0.016722,0.034541406,-154.33774757171147,0.034541406,fallback_baseline,154.33774757171147,0.0009559851950077802,1.0,0.05331042799999999
meta,0.04516218,meta,0.051898,0.016722,Normal,0.051898,0.016722,0.034541406,30.747949287298866,0.034541406,fallback_baseline,30.747949287298866,0.0009559851950077802,1.0,0.010620774000000006
meta,0.39685103,meta,0.051898,0.016722,Normal,0.051898,0.016722,0.034541406,1048.9139440357467,0.034541406,fallback_baseline,1048.9139440357467,0.0009559851950077802,1.0,0.362309624
meta,0.31681654,meta,0.051898,0.016722,Normal,0.051898,0.016722,0.034541406,817.2080024767956,0.034541406,fallback_baseline,817.2080024767956,0.0009559851950077802,1.0,0.282275134
meta,0.18593127,meta,0.051898,0.016722,Normal,0.051898,0.016722,0.034541406,438.2851815586199,0.034541406,fallback_baseline,438.2851815586199,0.0009559851950077802,1.0,0.151389864
meta,1.0271761,meta,0.051898,0.016722,LogNormal,0.051898,0.016722,1.0271761,0.0,1.0271761,fallback_baseline,0.0,0.0,1.0,0.0
meta,0.040121667,meta,0.051898,0.016722,LogNormal,0.051898,0.016722,1.0271761,-96.09398359249208,1.0271761,fallback_baseline,96.09398359249208,0.0,1.0,0.987054433
meta,0.06516274,meta,0.051898,0.016722,LogNormal,0.051898,0.016722,1.0271761,-93.65612770780005,1.0271761,fallback_baseline,93.65612770780005,0.0,1.0,0.9620133599999999
meta,0.13874148,meta,0.051898,0.016722,LogNormal,0.051898,0.016722,1.0271761,-86.49292171030848,1.0271761,fallback_baseline,86.49292171030848,0.0,1.0,0.88843462
meta,0.25264055,meta,0.051898,0.016722,LogNormal,0.051898,0.016722,1.0271761,-75.40435860997934,1.0271761,fallback_baseline,75.40435860997934,0.0,1.0,0.77453555
meta,0.20751862,meta,0.051898,0.016722,LogNormal,0.051898,0.016722,1.0271761,-79.79717207205269,1.0271761,fallback_baseline,79.79717207205269,0.0,1.0,0.8196574799999999
meta,0.3746583,meta,0.051898,0.016722,LogNormal,0.051898,0.016722,1.0271761,-63.52540718188439,1.0271761,fallback_baseline,63.52540718188439,0.0,1.0,0.6525177999999999
meta,1.058511,meta,0.051898,0.016722,LogNormal,0.051898,0.016722,1.0271761,3.050586944147168,1.0271761,fallback_baseline,3.050586944147168,0.0,1.0,0.031334900000000054
meta,0.01989431,meta,0.051898,0.023411,Normal,0.051898,0.016722,0.034541406,-42.40445800034892,0.034541406,fallback_baseline,42.40445800034892,0.01331765773457294,1.0,0.014647095999999998
meta,-0.0151602505,meta,0.051898,0.023411,Normal,0.051898,0.016722,0.034541406,-143.89007934419345,0.034541406,fallback_baseline,143.89007934419345,0.01331765773457294,1.0,0.0497016565
meta,-0.016433097,meta,0.051898,0.023411,Normal,0.051898,0.016722,0.034541406,-147.57506686323075,0.034541406,fallback_baseline,147.57506686323075,0.01331765773457294,1.0,0.050974503
meta,-0.027665123,meta,0.051898,0.023411,Normal,0.051898,0.016722,0.034541406,-180.09263722501626,0.034541406,fallback_baseline,180.09263722501626,0.01331765773457294,1.0,0.062206528999999997
meta,0.050406974,meta,0.051898,0.023411,Normal,0.051898,0.016722,0.034541406,45.93202720236693,0.034541406,fallback_baseline,45.93202720236693,0.01331765773457294,1.0,0.015865568000000004
meta,0.31737095,meta,0.051898,0.023411,Normal,0.051898,0.016722,0.034541406,818.8130616339126,0.034541406,fallback_baseline,818.8130616339126,0.01331765773457294,1.0,0.282829544
meta,0.31043488,meta,0.051898,0.023411,Normal,0.051898,0.016722,0.034541406,798.7326109423573,0.034541406,fallback_baseline,798.7326109423573,0.01331765773457294,1.0,0.275893474
meta,0.22141695,meta,0.051898,0.023411,Normal,0.051898,0.016722,0.034541406,541.0189266760016,0.034541406,fallback_baseline,541.0189266760016,0.01331765773457294,1.0,0.186875544
meta,0.9993969,meta,0.051898,0.023411,LogNormal,0.051898,0.016722,1.0271761,-2.7044242949188453,1.0271761,fallback_baseline,2.7044242949188453,0.0,1.0,0.027779199999999893
meta,0.033888772,meta,0.051898,0.023411,LogNormal,0.051898,0.016722,1.0271761,-96.70078266034422,1.0271761,fallback_baseline,96.70078266034422,0.0,1.0,0.993287328
meta,0.07248986,meta,0.051898,0.023411,LogNormal,0.051898,0.016722,1.0271761,-92.94280114188794,1.0271761,fallback_baseline,92.94280114188794,0.0,1.0,0.9546862399999999
meta,0.13213149,meta,0.051898,0.023411,LogNormal,0.051898,0.016722,1.0271761,-87.13643259417738,1.0271761,fallback_baseline,87.13643259417738,0.0,1.0,0.8950446099999999
meta,0.23548338,meta,0.051898,0.023411,LogNormal,0.051898,0.016722,1.0271761,-77.07468271506707,1.0271761,fallback_baseline,77.07468271506707,0.0,1.0,0.7916927199999999
meta,0.24198437,meta,0.051898,0.023411,LogNormal,0.051898,0.016722,1.0271761,-76.44178344881662,1.0271761,fallback_baseline,76.44178344881662,0.0,1.0,0.78519173
meta,0.39226508,meta,0.051898,0.023411,LogNormal,0.051898,0.016722,1.0271761,-61.81131161443495,1.0271761,fallback_baseline,61.81131161443495,0.0,1.0,0.6349110199999999
meta,0.999866,meta,0.051898,0.023411,LogNormal,0.051898,0.016722,1.0271761,-2.6587553974435245,1.0271761,fallback_baseline,2.6587553974435245,0.0,1.0,0.027310099999999893
meta,0.011230083,meta,0.051898,0.033445,Normal,0.051898,0.016722,0.034541406,-67.48805477113466,0.034541406,fallback_baseline,67.48805477113466,0.060362024454323426,1.0,0.023311322999999995
meta,-0.009580478,meta,0.051898,0.033445,Normal,0.051898,0.016722,0.034541406,-127.73621316978239,0.034541406,fallback_baseline,127.73621316978239,0.060362024454323426,1.0,0.044121884
meta,0.00034087338,meta,0.051898,0.033445,Normal,0.051898,0.016722,0.034541406,-99.013145614281,0.034541406,fallback_baseline,99.013145614281,0.060362024454323426,1.0,0.034200532619999995
meta,-0.05171903,meta,0.051898,0.033445,Normal,0.051898,0.016722,0.034541406,-249.73052920891524,0.034541406,fallback_baseline,249.73052920891524,0.060362024454323426,1.0,0.086260436
meta,0.038652647,meta,0.051898,0.033445,Normal,0.051898,0.016722,0.034541406,11.90235568291575,0.034541406,fallback_baseline,11.90235568291575,0.060362024454323426,1.0,0.004111241000000002
meta,0.27460402,meta,0.051898,0.033445,Normal,0.051898,0.016722,0.034541406,694.9995434464944,0.034541406,fallback_baseline,694.9995434464944,0.060362024454323426,1.0,0.240062614
meta,0.42076364,meta,0.051898,0.033445,Normal,0.051898,0.016722,0.034541406,1118.1427704477346,0.034541406,fallback_baseline,1118.1427704477346,0.060362024454323426,1.0,0.386222234
meta,0.27342322,meta,0.051898,0.033445,Normal,0.051898,0.016722,0.034541406,691.5810375524379,0.034541406,fallback_baseline,691.5810375524379,0.060362024454323426,1.0,0.23888181400000003
meta,0.95438385,meta,0.051898,0.033445,LogNormal,0.051898,0.016722,1.0271761,-7.086637821888564,1.0271761,fallback_baseline,7.086637821888564,0.0,1.0,0.07279224999999989
meta,0.032202017,meta,0.051898,0.033445,LogNormal,0.051898,0.016722,1.0271761,-96.86499549590377,1.0271761,fallback_baseline,96.86499549590377,0.0,1.0,0.9949740829999999
meta,0.07919504,meta,0.051898,0.033445,LogNormal,0.051898,0.016722,1.0271761,-92.29002310314658,1.0271761,fallback_baseline,92.29002310314658,0.0,1.0,0.9479810599999999
meta,0.12481233,meta,0.051898,0.033445,LogNormal,0.051898,0.016722,1.0271761,-87.84898421994048,1.0271761,fallback_baseline,87.84898421994048,0.0,1.0,0.9023637699999999
meta,0.23256302,meta,0.051898,0.033445,LogNormal,0.051898,0.016722,1.0271761,-77.35899228963758,1.0271761,fallback_baseline,77.35899228963758,0.0,1.0,0.79461308
meta,0.24690112,meta,0.051898,0.033445,LogNormal,0.051898,0.016722,1.0271761,-75.96311674307843,1.0271761,fallback_baseline,75.96311674307843,0.0,1.0,0.78027498
meta,0.39489475,meta,0.051898,0.033445,LogNormal,0.051898,0.016722,1.0271761,-61.555301958447046,1.0271761,fallback_baseline,61.555301958447046,0.0,1.0,0.63228135
meta,0.9259804,meta,0.051898,0.033445,LogNormal,0.051898,0.016722,1.0271761,-9.851835532388254,1.0271761,fallback_baseline,9.851835532388254,0.0,1.0,0.10119569999999989
meta,0.07036273,meta,0.072657,0.006689,Normal,0.051898,0.016722,0.034541406,103.70546004988913,0.034541406,fallback_baseline,103.70546004988913,0.0,1.0,0.035821324
meta,0.0074868626,meta,0.072657,0.006689,Normal,0.051898,0.016722,0.034541406,-78.32496279971927,0.034541406,fallback_baseline,78.32496279971927,0.0,1.0,0.0270545434
meta,-0.0355513,meta,0.072657,0.006689,Normal,0.051898,0.016722,0.034541406,-202.92372001301862,0.034541406,fallback_baseline,202.92372001301862,0.0,1.0,0.070092706
meta,-0.049211517,meta,0.072657,0.006689,Normal,0.051898,0.016722,0.034541406,-242.47108817747605,0.034541406,fallback_baseline,242.47108817747605,0.0,1.0,0.083752923
meta,0.07922495,meta,0.072657,0.006689,Normal,0.051898,0.016722,0.034541406,129.3622616288405,0.034541406,fallback_baseline,129.3622616288405,0.0,1.0,0.044683544000000006
meta,0.26076823,meta,0.072657,0.006689,Normal,0.051898,0.016722,0.034541406,654.9438780807012,0.034541406,fallback_baseline,654.9438780807012,0.0,1.0,0.226226824
meta,0.3554132,meta,0.072657,0.006689,Normal,0.051898,0.016722,0.034541406,928.9482715324327,0.034541406,fallback_baseline,928.9482715324327,0.0,1.0,0.320871794
meta,0.065338686,meta,0.072657,0.006689,Normal,0.051898,0.016722,0.034541406,89.16047019047231,0.034541406,fallback_baseline,89.16047019047231,0.0,1.0,0.03079728000000001
meta,1.069231,meta,0.072657,0.006689,LogNormal,0.051898,0.016722,1.0271761,4.094224933777189,1.0271761,fallback_baseline,4.094224933777189,0.0,1.0,0.04205490000000012
meta,0.035017963,meta,0.072657,0.006689,LogNormal,0.051898,0.016722,1.0271761,-96.59085107217739,1.0271761,fallback_baseline,96.59085107217739,0.0,1.0,0.9921581369999999
meta,0.0758685,meta,0.072657,0.006689,LogNormal,0.051898,0.016722,1.0271761,-92.61387604326075,1.0271761,fallback_baseline,92.61387604326075,0.0,1.0,0.9513075999999999
meta,0.12315204,meta,0.072657,0.006689,LogNormal,0.051898,0.016722,1.0271761,-88.01062057421312,1.0271761,fallback_baseline,88.01062057421312,0.0,1.0,0.9040240599999999
meta,0.24465868,meta,0.072657,0.006689,LogNormal,0.051898,0.016722,1.0271761,-76.18142789731965,1.0271761,fallback_baseline,76.18142789731965,0.0,1.0,0.7825174199999999
meta,0.21974447,meta,0.072657,0.006689,LogNormal,0.051898,0.016722,1.0271761,-78.60693312470958,1.0271761,fallback_baseline,78.60693312470958,0.0,1.0,0.80743163
meta,0.3610599,meta,0.072657,0.006689,LogNormal,0.051898,0.016722,1.0271761,-64.84926976007327,1.0271761,fallback_baseline,64.84926976007327,0.0,1.0,0.6661161999999999
meta,0.9956008,meta,0.072657,0.006689,LogNormal,0.051898,0.016722,1.0271761,-3.0739909154817733,1.0271761,fallback_baseline,3.0739909154817733,0.0,1.0,0.03157529999999997
meta,0.06133138,meta,0.072657,0.011706,Normal,0.051898,0.016722,0.034541406,77.5590142451063,0.034541406,fallback_baseline,77.5590142451063,2.703424706318458e-10,1.0,0.026789974
meta,-0.01355007,meta,0.072657,0.011706,Normal,0.051898,0.016722,0.034541406,-139.22848421398942,0.034541406,fallback_baseline,139.22848421398942,2.703424706318458e-10,1.0,0.048091475999999994
meta,-0.023829054,meta,0.072657,0.011706,Normal,0.051898,0.016722,0.034541406,-168.98692543088723,0.034541406,fallback_baseline,168.98692543088723,2.703424706318458e-10,1.0,0.05837046
meta,-0.005942848,meta,0.072657,0.011706,Normal,0.051898,0.016722,0.034541406,-117.20499738777279,0.034541406,fallback_baseline,117.20499738777279,2.703424706318458e-10,1.0,0.040484254
meta,0.0466047,meta,0.072657,0.011706,Normal,0.051898,0.016722,0.034541406,34.92415450604415,0.034541406,fallback_baseline,34.92415450604415,2.703424706318458e-10,1.0,0.012063294000000002
meta,0.26087204,meta,0.072657,0.011706,Normal,0.051898,0.016722,0.034541406,655.2444159337349,0.034541406,fallback_baseline,655.2444159337349,2.703424706318458e-10,1.0,0.22633063400000003
meta,0.3285566,meta,0.072657,0.011706,Normal,0.051898,0.016722,0.034541406,851.196369945103,0.034541406,fallback_baseline,851.196369945103,2.703424706318458e-10,1.0,0.294015194
meta,0.1112412,meta,0.072657,0.011706,Normal,0.051898,0.016722,0.034541406,222.0517427692434,0.034541406,fallback_baseline,222.0517427692434,2.703424706318458e-10,1.0,0.076699794
meta,1.0637603,meta,0.072657,0.011706,LogNormal,0.051898,0.016722,1.0271761,3.561628819050606,1.0271761,fallback_baseline,3.561628819050606,0.0,1.0,0.03658420000000007
meta,0.038751815,meta,0.072657,0.011706,LogNormal,0.051898,0.016722,1.0271761,-96.22734456146323,1.0271761,fallback_baseline,96.22734456146323,0.0,1.0,0.9884242849999999
meta,0.071520224,meta,0.072657,0.011706,LogNormal,0.051898,0.016722,1.0271761,-93.03719936630145,1.0271761,fallback_baseline,93.03719936630145,0.0,1.0,0.9556558759999999
meta,0.13417116,meta,0.072657,0.011706,LogNormal,0.051898,0.016722,1.0271761,-86.93786196933516,1.0271761,fallback_baseline,86.93786196933516,0.0,1.0,0.89300494
meta,0.2337956,meta,0.072657,0.011706,LogNormal,0.051898,0.016722,1.0271761,-77.23899533877395,1.0271761,fallback_baseline,77.23899533877395,0.0,1.0,0.7933804999999999
meta,0.21891852,meta,0.072657,0.011706,LogNormal,0.051898,0.016722,1.0271761,-78.68734290059903,1.0271761,fallback_baseline,78.68734290059903,0.0,1.0,0.8082575799999999
meta,0.36909214,meta,0.072657,0.011706,LogNormal,0.051898,0.016722,1.0271761,-64.06729673714176,1.0271761,fallback_baseline,64.06729673714176,0.0,1.0,0.6580839599999999
meta,1.0604002,meta,0.072657,0.011706,LogNormal,0.051898,0.016722,1.0271761,3.234508668961435,1.0271761,fallback_baseline,3.234508668961435,0.0,1.0,0.03322409999999998
meta,0.053317517,meta,0.072657,0.016722,Normal,0.051898,0.016722,0.034541406,54.35827076639557,0.034541406,fallback_baseline,54.35827076639557,6.96395390009652e-06,1.0,0.018776111000000005
meta,6.7031666e-05,meta,0.072657,0.016722,Normal,0.051898,0.016722,0.034541406,-99.80593822382332,0.034541406,fallback_baseline,99.80593822382332,6.96395390009652e-06,1.0,0.034474374333999996
meta,-0.014627436,meta,0.072657,0.016722,Normal,0.051898,0.016722,0.034541406,-142.34754080363726,0.034541406,fallback_baseline,142.34754080363726,6.96395390009652e-06,1.0,0.049168842
meta,-0.0171756,meta,0.072657,0.016722,Normal,0.051898,0.016722,0.034541406,-149.72466957482854,0.034541406,fallback_baseline,149.72466957482854,6.96395390009652e-06,1.0,0.051717005999999996
meta,0.066415146,meta,0.072657,0.016722,Normal,0.051898,0.016722,0.034541406,92.27690384114648,0.034541406,fallback_baseline,92.27690384114648,6.96395390009652e-06,1.0,0.03187374
meta,0.121538065,meta,0.072657,0.016722,Normal,0.051898,0.016722,0.034541406,251.861950842418,0.034541406,fallback_baseline,251.861950842418,6.96395390009652e-06,1.0,0.086996659
meta,0.31919402,meta,0.072657,0.016722,Normal,0.051898,0.016722,0.034541406,824.0909880738499,0.034541406,fallback_baseline,824.0909880738499,6.96395390009652e-06,1.0,0.284652614
meta,0.09603827,meta,0.072657,0.016722,Normal,0.051898,0.016722,0.034541406,178.03810302336856,0.034541406,fallback_baseline,178.03810302336856,6.96395390009652e-06,1.0,0.061496864
meta,1.0493568,meta,0.072657,0.016722,LogNormal,0.051898,0.016722,1.0271761,2.159386301920387,1.0271761,fallback_baseline,2.159386301920387,0.0,1.0,0.022180700000000053
meta,0.037877224,meta,0.072657,0.016722,LogNormal,0.051898,0.016722,1.0271761,-96.31248974737632,1.0271761,fallback_baseline,96.31248974737632,0.0,1.0,0.9892988759999999
meta,0.06924437,meta,0.072657,0.016722,LogNormal,0.051898,0.016722,1.0271761,-93.25876351679132,1.0271761,fallback_baseline,93.25876351679132,0.0,1.0,0.9579317299999999
meta,0.1383185,meta,0.072657,0.016722,LogNormal,0.051898,0.016722,1.0271761,-86.53410062792543,1.0271761,fallback_baseline,86.53410062792543,0.0,1.0,0.8888575999999999
meta,0.22394887,meta,0.072657,0.016722,LogNormal,0.051898,0.016722,1.0271761,-78.19761674750805,1.0271761,fallback_baseline,78.19761674750805,0.0,1.0,0.80322723
meta,0.26048878,meta,0.072657,0.016722,LogNormal,0.051898,0.016722,1.0271761,-74.64029974996497,1.0271761,fallback_baseline,74.64029974996497,0.0,1.0,0.76668732
meta,0.32610154,meta,0.072657,0.016722,LogNormal,0.051898,0.016722,1.0271761,-68.25261608014438,1.0271761,fallback_baseline,68.25261608014438,0.0,1.0,0.7010745599999999
meta,0.83396804,meta,0.072657,0.016722,LogNormal,0.051898,0.016722,1.0271761,-18.80963351853688,1.0271761,fallback_baseline,18.80963351853688,0.0,1.0,0.1932080599999999
meta,0.036019288,meta,0.072657,0.023411,Normal,0.051898,0.016722,0.034541406,4.278580900846963,0.034541406,fallback_baseline,4.278580900846963,0.0009560984621305169,1.0,0.0014778820000000067
meta,-0.019607158,meta,0.072657,0.023411,Normal,0.051898,0.016722,0.034541406,-156.7642150988295,0.034541406,fallback_baseline,156.7642150988295,0.0009560984621305169,1.0,0.054148563999999996
meta,-0.023611907,meta,0.072657,0.023411,Normal,0.051898,0.016722,0.034541406,-168.3582683345316,0.034541406,fallback_baseline,168.3582683345316,0.0009560984621305169,1.0,0.058153313
meta,-0.02620483,meta,0.072657,0.023411,Normal,0.051898,0.016722,0.034541406,-175.8649778182162,0.034541406,fallback_baseline,175.8649778182162,0.0009560984621305169,1.0,0.060746235999999995
meta,0.06012454,meta,0.072657,0.023411,Normal,0.051898,0.016722,0.034541406,74.06512056863001,0.034541406,fallback_baseline,74.06512056863001,0.0009560984621305169,1.0,0.025583134
meta,0.32754603,meta,0.072657,0.023411,Normal,0.051898,0.016722,0.034541406,848.2706928606208,0.034541406,fallback_baseline,848.2706928606208,0.0009560984621305169,1.0,0.293004624
meta,0.36261675,meta,0.072657,0.023411,Normal,0.051898,0.016722,0.034541406,949.8030971871847,0.034541406,fallback_baseline,949.8030971871847,0.0009560984621305169,1.0,0.328075344
meta,0.3161082,meta,0.072657,0.023411,Normal,0.051898,0.016722,0.034541406,815.1573042510199,0.034541406,fallback_baseline,815.1573042510199,0.0009560984621305169,1.0,0.281566794
meta,1.0138419,meta,0.072657,0.023411,LogNormal,0.051898,0.016722,1.0271761,-1.2981415747504106,1.0271761,fallback_baseline,1.2981415747504106,0.0,1.0,0.013334199999999852
meta,0.03389693,meta,0.072657,0.023411,LogNormal,0.051898,0.016722,1.0271761,-96.69998844404576,1.0271761,fallback_baseline,96.69998844404576,0.0,1.0,0.9932791699999999
meta,0.07337464,meta,0.072657,0.023411,LogNormal,0.051898,0.016722,1.0271761,-92.85666401311322,1.0271761,fallback_baseline,92.85666401311322,0.0,1.0,0.9538014599999999
meta,0.12732668,meta,0.072657,0.023411,LogNormal,0.051898,0.016722,1.0271761,-87.6042014606843,1.0271761,fallback_baseline,87.6042014606843,0.0,1.0,0.8998494199999999
meta,0.22132583,meta,0.072657,0.023411,LogNormal,0.051898,0.016722,1.0271761,-78.45298094455273,1.0271761,fallback_baseline,78.45298094455273,0.0,1.0,0.8058502699999999
meta,0.2431385,meta,0.072657,0.023411,LogNormal,0.051898,0.016722,1.0271761,-76.32942394200956,1.0271761,fallback_baseline,76.32942394200956,0.0,1.0,0.7840375999999999
meta,0.38124865,meta,0.072657,0.023411,LogNormal,0.051898,0.016722,1.0271761,-62.88380833627261,1.0271761,fallback_baseline,62.88380833627261,0.0,1.0,0.6459274499999998
meta,1.0801767,meta,0.072657,0.023411,LogNormal,0.051898,0.016722,1.0271761,5.159835786677676,1.0271761,fallback_baseline,5.159835786677676,0.0,1.0,0.053000600000000064
meta,0.024961103,meta,0.072657,0.033445,Normal,0.051898,0.016722,0.034541406,-27.735706531459662,0.034541406,fallback_baseline,27.735706531459662,0.014911533511663522,1.0,0.009580302999999998
meta,-0.025786763,meta,0.072657,0.033445,Normal,0.051898,0.016722,0.034541406,-174.65464202586313,0.034541406,fallback_baseline,174.65464202586313,0.014911533511663522,1.0,0.060328169
meta,-0.008581533,meta,0.072657,0.033445,Normal,0.051898,0.016722,0.034541406,-124.84419134530889,0.034541406,fallback_baseline,124.84419134530889,0.014911533511663522,1.0,0.043122939
meta,-0.011346793,meta,0.072657,0.033445,Normal,0.051898,0.016722,0.034541406,-132.84982956397317,0.034541406,fallback_baseline,132.84982956397317,0.014911533511663522,1.0,0.045888199
meta,0.059132706,meta,0.072657,0.033445,Normal,0.051898,0.016722,0.034541406,71.19368563051546,0.034541406,fallback_baseline,71.19368563051546,0.014911533511663522,1.0,0.024591300000000003
meta,0.33700675,meta,0.072657,0.033445,Normal,0.051898,0.016722,0.034541406,875.6601975032518,0.034541406,fallback_baseline,875.6601975032518,0.014911533511663522,1.0,0.302465344
meta,0.33891183,meta,0.072657,0.033445,Normal,0.051898,0.016722,0.034541406,881.175549136593,0.034541406,fallback_baseline,881.175549136593,0.014911533511663522,1.0,0.30437042400000003
meta,0.30560964,meta,0.072657,0.033445,Normal,0.051898,0.016722,0.034541406,784.7631737978473,0.034541406,fallback_baseline,784.7631737978473,0.014911533511663522,1.0,0.271068234
meta,0.9839977,meta,0.072657,0.033445,LogNormal,0.051898,0.016722,1.0271761,-4.203602478679162,1.0271761,fallback_baseline,4.203602478679162,0.0,1.0,0.04317839999999995
meta,0.04050658,meta,0.072657,0.033445,LogNormal,0.051898,0.016722,1.0271761,-96.05651066063551,1.0271761,fallback_baseline,96.05651066063551,0.0,1.0,0.98666952
meta,0.06361888,meta,0.072657,0.033445,LogNormal,0.051898,0.016722,1.0271761,-93.80642910207898,1.0271761,fallback_baseline,93.80642910207898,0.0,1.0,0.9635572199999999
meta,0.14365512,meta,0.072657,0.033445,LogNormal,0.051898,0.016722,1.0271761,-86.01455777641243,1.0271761,fallback_baseline,86.01455777641243,0.0,1.0,0.8835209799999999
meta,0.24203691,meta,0.072657,0.033445,LogNormal,0.051898,0.016722,1.0271761,-76.43666845441595,1.0271761,fallback_baseline,76.43666845441595,0.0,1.0,0.78513919
meta,0.2321125,meta,0.072657,0.033445,LogNormal,0.051898,0.016722,1.0271761,-77.40285234440327,1.0271761,fallback_baseline,77.40285234440327,0.0,1.0,0.7950636
meta,0.3860852,meta,0.072657,0.033445,LogNormal,0.051898,0.016722,1.0271761,-62.412949444598645,1.0271761,fallback_baseline,62.412949444598645,0.0,1.0,0.6410908999999999
meta,0.924559,meta,0.072657,0.033445,LogNormal,0.051898,0.016722,1.0271761,-9.99021492030431,1.0271761,fallback_baseline,9.99021492030431,0.0,1.0,0.1026170999999999
meta,0.09977879,meta,0.103795,0.006689,Normal,0.051898,0.016722,0.034541406,188.86719318837228,0.034541406,fallback_baseline,188.86719318837228,0.0,1.0,0.06523738400000001
meta,-0.011840315,meta,0.103795,0.006689,Normal,0.051898,0.016722,0.034541406,-134.2786133256996,0.034541406,fallback_baseline,134.2786133256996,0.0,1.0,0.046381721
meta,-0.030865055,meta,0.103795,0.006689,Normal,0.051898,0.016722,0.034541406,-189.35668397516883,0.034541406,fallback_baseline,189.35668397516883,0.0,1.0,0.065406461
meta,-0.025626767,meta,0.103795,0.006689,Normal,0.051898,0.016722,0.034541406,-174.19144142540117,0.034541406,fallback_baseline,174.19144142540117,0.0,1.0,0.060168173
meta,0.011573802,meta,0.103795,0.006689,Normal,0.051898,0.016722,0.034541406,-66.49296209887923,0.034541406,fallback_baseline,66.49296209887923,0.0,1.0,0.022967603999999996
meta,0.26267734,meta,0.103795,0.006689,Normal,0.051898,0.016722,0.034541406,660.4708968708454,0.034541406,fallback_baseline,660.4708968708454,0.0,1.0,0.22813593399999998
meta,0.34538427,meta,0.103795,0.006689,Normal,0.051898,0.016722,0.034541406,899.9137556820937,0.034541406,fallback_baseline,899.9137556820937,0.0,1.0,0.310842864
meta,0.017253105,meta,0.103795,0.006689,Normal,0.051898,0.016722,0.034541406,-50.050947549732044,0.034541406,fallback_baseline,50.050947549732044,0.0,1.0,0.017288300999999996
meta,1.1053698,meta,0.103795,0.006689,LogNormal,0.051898,0.016722,1.0271761,7.612492152027306,1.0271761,fallback_baseline,7.612492152027306,0.0,1.0,0.07819370000000014
meta,0.038637944,meta,0.103795,0.006689,LogNormal,0.051898,0.016722,1.0271761,-96.23843039182863,1.0271761,fallback_baseline,96.23843039182863,0.0,1.0,0.988538156
meta,0.06688227,meta,0.103795,0.006689,LogNormal,0.051898,0.016722,1.0271761,-93.48872408538323,1.0271761,fallback_baseline,93.48872408538323,0.0,1.0,0.9602938299999999
meta,0.13436857,meta,0.103795,0.006689,LogNormal,0.051898,0.016722,1.0271761,-86.91864325893096,1.0271761,fallback_baseline,86.91864325893096,0.0,1.0,0.8928075299999999
meta,0.21408542,meta,0.103795,0.006689,LogNormal,0.051898,0.016722,1.0271761,-79.15786591997224,1.0271761,fallback_baseline,79.15786591997224,0.0,1.0,0.81309068
meta,0.2512357,meta,0.103795,0.006689,LogNormal,0.051898,0.016722,1.0271761,-75.5411267843946,1.0271761,fallback_baseline,75.5411267843946,0.0,1.0,0.7759403999999999
meta,0.35439247,meta,0.103795,0.006689,LogNormal,0.051898,0.016722,1.0271761,-65.4983726743642,1.0271761,fallback_baseline,65.4983726743642,0.0,1.0,0.6727836299999999
meta,1.0441434,meta,0.103795,0.006689,LogNormal,0.051898,0.016722,1.0271761,1.651839446030737,1.0271761,fallback_baseline,1.651839446030737,0.0,1.0,0.01696730000000013
meta,0.09672864,meta,0.103795,0.011706,Normal,0.051898,0.016722,0.034541406,180.036776731092,0.034541406,fallback_baseline,180.036776731092,0.0,1.0,0.06218723400000001
meta,-0.01024794,meta,0.103795,0.011706,Normal,0.051898,0.016722,0.034541406,-129.66856647352455,0.034541406,fallback_baseline,129.66856647352455,0.0,1.0,0.044789345999999994
meta,-0.037590407,meta,0.103795,0.011706,Normal,0.051898,0.016722,0.034541406,-208.82709001480714,0.034541406,fallback_baseline,208.82709001480714,0.0,1.0,0.07213181299999999
meta,-0.0016610218,meta,0.103795,0.011706,Normal,0.051898,0.016722,0.034541406,-104.80878456424155,0.034541406,fallback_baseline,104.80878456424155,0.0,1.0,0.0362024278
meta,0.04316054,meta,0.103795,0.011706,Normal,0.051898,0.016722,0.034541406,24.953049102865126,0.034541406,fallback_baseline,24.953049102865126,0.0,1.0,0.008619134
meta,0.152814,meta,0.103795,0.011706,Normal,0.051898,0.016722,0.034541406,342.4081636977951,0.034541406,fallback_baseline,342.4081636977951,0.0,1.0,0.11827259400000001
meta,0.3730591,meta,0.103795,0.011706,Normal,0.051898,0.016722,0.034541406,980.0344954111016,0.034541406,fallback_baseline,980.0344954111016,0.0,1.0,0.338517694
meta,0.06629584,meta,0.103795,0.011706,Normal,0.051898,0.016722,0.034541406,91.9315038884057,0.034541406,fallback_baseline,91.9315038884057,0.0,1.0,0.031754434
meta,1.0975738,meta,0.103795,0.011706,LogNormal,0.051898,0.016722,1.0271761,6.853518106583673,1.0271761,fallback_baseline,6.853518106583673,0.0,1.0,0.07039770000000001
meta,0.03943222,meta,0.103795,0.011706,LogNormal,0.051898,0.016722,1.0271761,-96.16110421572309,1.0271761,fallback_baseline,96.16110421572309,0.0,1.0,0.9877438799999999
meta,0.06269363,meta,0.103795,0.011706,LogNormal,0.051898,0.016722,1.0271761,-93.89650615897312,1.0271761,fallback_baseline,93.89650615897312,0.0,1.0,0.9644824699999999
meta,0.14249773,meta,0.103795,0.011706,LogNormal,0.051898,0.016722,1.0271761,-86.12723465820514,1.0271761,fallback_baseline,86.12723465820514,0.0,1.0,0.8846783699999999
meta,0.2332598,meta,0.103795,0.011706,LogNormal,0.051898,0.016722,1.0271761,-77.29115776739742,1.0271761,fallback_baseline,77.29115776739742,0.0,1.0,0.7939162999999999
meta,0.25346082,meta,0.103795,0.011706,LogNormal,0.051898,0.016722,1.0271761,-75.32450180645753,1.0271761,fallback_baseline,75.32450180645753,0.0,1.0,0.77371528
meta,0.3204251,meta,0.103795,0.011706,LogNormal,0.051898,0.016722,1.0271761,-68.8052418665115,1.0271761,fallback_baseline,68.8052418665115,0.0,1.0,0.7067509999999999
meta,0.9043744,meta,0.103795,0.011706,LogNormal,0.051898,0.016722,1.0271761,-11.95527232380114,1.0271761,fallback_baseline,11.95527232380114,0.0,1.0,0.1228016999999999
meta,0.076427475,meta,0.103795,0.016722,Normal,0.051898,0.016722,0.034541406,121.26335853265499,0.034541406,fallback_baseline,121.26335853265499,2.6986923806759933e-10,1.0,0.041886069
meta,-0.035166245,meta,0.103795,0.016722,Normal,0.051898,0.016722,0.034541406,-201.80895647386214,0.034541406,fallback_baseline,201.80895647386214,2.6986923806759933e-10,1.0,0.069707651
meta,0.02379749,meta,0.103795,0.016722,Normal,0.051898,0.016722,0.034541406,-31.104454752073487,0.034541406,fallback_baseline,31.104454752073487,2.6986923806759933e-10,1.0,0.010743915999999996
meta,-0.03651326,meta,0.103795,0.016722,Normal,0.051898,0.016722,0.034541406,-205.70866744683178,0.034541406,fallback_baseline,205.70866744683178,2.6986923806759933e-10,1.0,0.07105466599999999
meta,0.078753546,meta,0.103795,0.016722,Normal,0.051898,0.016722,0.034541406,127.99751116095275,0.034541406,fallback_baseline,127.99751116095275,2.6986923806759933e-10,1.0,0.04421214
meta,0.24067466,meta,0.103795,0.016722,Normal,0.051898,0.016722,0.034541406,596.7714632114281,0.034541406,fallback_baseline,596.7714632114281,2.6986923806759933e-10,1.0,0.20613325400000002
meta,0.36758924,meta,0.103795,0.016722,Normal,0.051898,0.016722,0.034541406,964.1988342918062,0.034541406,fallback_baseline,964.1988342918062,2.6986923806759933e-10,1.0,0.333047834
meta,0.11761449,meta,0.103795,0.016722,Normal,0.051898,0.016722,0.034541406,240.50290251647547,0.034541406,fallback_baseline,240.50290251647547,2.6986923806759933e-10,1.0,0.083073084
meta,1.0797288,meta,0.103795,0.016722,LogNormal,0.051898,0.016722,1.0271761,5.116230800152001,1.0271761,fallback_baseline,5.116230800152001,0.0,1.0,0.05255270000000012
meta,0.039388694,meta,0.103795,0.016722,LogNormal,0.051898,0.016722,1.0271761,-96.165341658553,1.0271761,fallback_baseline,96.165341658553,0.0,1.0,0.9877874059999999
meta,0.062643915,meta,0.103795,0.016722,LogNormal,0.051898,0.016722,1.0271761,-93.90134612750433,1.0271761,fallback_baseline,93.90134612750433,0.0,1.0,0.9645321849999999
meta,0.13276264,meta,0.103795,0.016722,LogNormal,0.051898,0.016722,1.0271761,-87.074987433995,1.0271761,fallback_baseline,87.074987433995,0.0,1.0,0.89441346
meta,0.22695105,meta,0.103795,0.016722,LogNormal,0.051898,0.016722,1.0271761,-77.9053416449234,1.0271761,fallback_baseline,77.9053416449234,0.0,1.0,0.8002250499999999
meta,0.22635575,meta,0.103795,0.016722,LogNormal,0.051898,0.016722,1.0271761,-77.96329665380648,1.0271761,fallback_baseline,77.96329665380648,0.0,1.0,0.80082035
meta,0.32626742,meta,0.103795,0.016722,LogNormal,0.051898,0.016722,1.0271761,-68.23646695050635,1.0271761,fallback_baseline,68.23646695050635,0.0,1.0,0.70090868
meta,0.91111505,meta,0.103795,0.016722,LogNormal,0.051898,0.016722,1.0271761,-11.29904112839073,1.0271761,fallback_baseline,11.29904112839073,0.0,1.0,0.11606104999999989
meta,0.059598695,meta,0.103795,0.023411,Normal,0.051898,0.016722,0.034541406,72.54275926116037,0.034541406,fallback_baseline,72.54275926116037,4.633633467421294e-06,1.0,0.025057289000000003
meta,-0.018913094,meta,0.103795,0.023411,Normal,0.051898,0.016722,0.034541406,-154.75484697988264,0.034541406,fallback_baseline,154.75484697988264,4.633633467421294e-06,1.0,0.053454499999999995
meta,-0.003865936,meta,0.103795,0.023411,Normal,0.051898,0.016722,0.034541406,-111.1921790328975,0.034541406,fallback_baseline,111.1921790328975,4.633633467421294e-06,1.0,0.038407342
meta,-0.028076258,meta,0.103795,0.023411,Normal,0.051898,0.016722,0.034541406,-181.28290434963765,0.034541406,fallback_baseline,181.28290434963765,4.633633467421294e-06,1.0,0.06261766399999999
meta,0.050022297,meta,0.103795,0.023411,Normal,0.051898,0.016722,0.034541406,44.81835800198754,0.034541406,fallback_baseline,44.81835800198754,4.633633467421294e-06,1.0,0.015480891000000004
meta,0.2582043,meta,0.103795,0.023411,Normal,0.051898,0.016722,0.034541406,647.5211055392476,0.034541406,fallback_baseline,647.5211055392476,4.633633467421294e-06,1.0,0.223662894
meta,0.38649315,meta,0.103795,0.023411,Normal,0.051898,0.016722,0.034541406,1018.9270928925129,0.034541406,fallback_baseline,1018.9270928925129,4.633633467421294e-06,1.0,0.351951744
meta,0.12568371,meta,0.103795,0.023411,Normal,0.051898,0.016722,0.034541406,263.863908724503,0.034541406,fallback_baseline,263.863908724503,4.633633467421294e-06,1.0,0.09114230400000001
meta,1.0547235,meta,0.103795,0.023411,LogNormal,0.051898,0.016722,1.0271761,2.6818575704789085,1.0271761,fallback_baseline,2.6818575704789085,0.0,1.0,0.0275474
meta,0.03918792,meta,0.103795,0.023411,LogNormal,0.051898,0.016722,1.0271761,-96.18488786878899,1.0271761,fallback_baseline,96.18488786878899,0.0,1.0,0.9879881799999999
meta,0.06866812,meta,0.103795,0.023411,LogNormal,0.051898,0.016722,1.0271761,-93.31486392644845,1.0271761,fallback_baseline,93.31486392644845,0.0,1.0,0.9585079799999999
meta,0.14688842,meta,0.103795,0.023411,LogNormal,0.051898,0.016722,1.0271761,-85.69978215030508,1.0271761,fallback_baseline,85.69978215030508,0.0,1.0,0.8802876799999999
meta,0.22337356,meta,0.103795,0.023411,LogNormal,0.051898,0.016722,1.0271761,-78.25362564413248,1.0271761,fallback_baseline,78.25362564413248,0.0,1.0,0.80380254
meta,0.22797044,meta,0.103795,0.023411,LogNormal,0.051898,0.016722,1.0271761,-77.80609965516138,1.0271761,fallback_baseline,77.80609965516138,0.0,1.0,0.7992056599999999
meta,0.3253752,meta,0.103795,0.023411,LogNormal,0.051898,0.016722,1.0271761,-68.32332839519923,1.0271761,fallback_baseline,68.32332839519923,0.0,1.0,0.7018009
meta,1.0629365,meta,0.103795,0.023411,LogNormal,0.051898,0.016722,1.0271761,3.4814283548848177,1.0271761,fallback_baseline,3.4814283548848177,0.0,1.0,0.035760400000000025
meta,0.03520671,meta,0.103795,0.033445,Normal,0.051898,0.016722,0.034541406,1.9261057294541093,0.034541406,fallback_baseline,1.9261057294541093,0.0009563816753886956,1.0,0.0006653040000000054
meta,-0.017101277,meta,0.103795,0.033445,Normal,0.051898,0.016722,0.034541406,-149.50949883163415,0.034541406,fallback_baseline,149.50949883163415,0.0009563816753886956,1.0,0.051642682999999995
meta,-0.009140459,meta,0.103795,0.033445,Normal,0.051898,0.016722,0.034541406,-126.46232466622814,0.034541406,fallback_baseline,126.46232466622814,0.0009563816753886956,1.0,0.043681865
meta,-0.007661926,meta,0.103795,0.033445,Normal,0.051898,0.016722,0.034541406,-122.18185907082069,0.034541406,fallback_baseline,122.18185907082069,0.0009563816753886956,1.0,0.042203331999999996
meta,0.07796844,meta,0.103795,0.033445,Normal,0.051898,0.016722,0.034541406,125.72456952099752,0.034541406,fallback_baseline,125.72456952099752,0.0009563816753886956,1.0,0.043427034
meta,0.26396528,meta,0.103795,0.033445,Normal,0.051898,0.016722,0.034541406,664.1995812214477,0.034541406,fallback_baseline,664.1995812214477,0.0009563816753886956,1.0,0.22942387400000003
meta,0.34683102,meta,0.103795,0.033445,Normal,0.051898,0.016722,0.034541406,904.1022070728679,0.034541406,fallback_baseline,904.1022070728679,0.0009563816753886956,1.0,0.312289614
meta,0.1735493,meta,0.103795,0.033445,Normal,0.051898,0.016722,0.034541406,402.4384357718386,0.034541406,fallback_baseline,402.4384357718386,0.0009563816753886956,1.0,0.139007894
meta,1.0011163,meta,0.103795,0.033445,LogNormal,0.051898,0.016722,1.0271761,-2.537033328559714,1.0271761,fallback_baseline,2.537033328559714,0.0,1.0,0.026059799999999855
meta,0.03492412,meta,0.103795,0.033445,LogNormal,0.051898,0.016722,1.0271761,-96.59998709082113,1.0271761,fallback_baseline,96.59998709082113,0.0,1.0,0.9922519799999999
meta,0.07432676,meta,0.103795,0.033445,LogNormal,0.051898,0.016722,1.0271761,-92.76397104644471,1.0271761,fallback_baseline,92.76397104644471,0.0,1.0,0.9528493399999999
meta,0.13816968,meta,0.103795,0.033445,LogNormal,0.051898,0.016722,1.0271761,-86.54858889337476,1.0271761,fallback_baseline,86.54858889337476,0.0,1.0,0.88900642
meta,0.23609033,meta,0.103795,0.033445,LogNormal,0.051898,0.016722,1.0271761,-77.01559352870457,1.0271761,fallback_baseline,77.01559352870457,0.0,1.0,0.7910857699999999
meta,0.24819557,meta,0.103795,0.033445,LogNormal,0.051898,0.016722,1.0271761,-75.83709648228769,1.0271761,fallback_baseline,75.83709648228769,0.0,1.0,0.7789805299999999
meta,0.3689147,meta,0.103795,0.033445,LogNormal,0.051898,0.016722,1.0271761,-64.0845712823731,1.0271761,fallback_baseline,64.0845712823731,0.0,1.0,0.6582614
meta,1.1044275,meta,0.103795,0.033445,LogNormal,0.051898,0.016722,1.0271761,7.52075520448733,1.0271761,fallback_baseline,7.52075520448733,0.0,1.0,0.07725139999999997
google,-0.015787292,google,0.020759,0.006689,Normal,0.051898,0.016722,-0.016182942,-2.4448582958524936,-0.016182942,fallback_baseline,2.4448582958524936,0.0009563816753886956,1.0,0.0003956499999999974
google,0.019122291,google,0.020759,0.006689,Normal,0.051898,0.016722,-0.016182942,-218.1632548642886,-0.016182942,fallback_baseline,218.1632548642886,0.0009563816753886956,1.0,0.035305233
google,-0.02788729,google,0.020759,0.006689,Normal,0.051898,0.016722,-0.016182942,72.32521750371473,-0.016182942,fallback_baseline,72.32521750371473,0.0009563816753886956,1.0,0.011704348
google,-0.06581515,google,0.020759,0.006689,Normal,0.051898,0.016722,-0.016182942,306.6945923676919,-0.016182942,fallback_baseline,306.6945923676919,0.0009563816753886956,1.0,0.049632208000000004
google,0.076682255,google,0.020759,0.006689,Normal,0.051898,0.016722,-0.016182942,-573.846195580507,-0.016182942,fallback_baseline,573.846195580507,0.0009563816753886956,1.0,0.09286519700000001
google,0.24323368,google,0.020759,0.006689,Normal,0.051898,0.016722,-0.016182942,-1603.0250988973453,-0.016182942,fallback_baseline,1603.0250988973453,0.0009563816753886956,1.0,0.259416622
google,0.2814912,google,0.020759,0.006689,Normal,0.051898,0.016722,-0.016182942,-1839.4315570061365,-0.016182942,fallback_baseline,1839.4315570061365,0.0009563816753886956,1.0,0.297674142
google,0.30528146,google,0.020759,0.006689,Normal,0.051898,0.016722,-0.016182942,-1986.4398080398485,-0.016182942,fallback_baseline,1986.4398080398485,0.0009563816753886956,1.0,0.321464402
google,0.525301,google,0.020759,0.006689,LogNormal,0.051898,0.016722,0.44604105,17.769653712365717,0.44604105,fallback_baseline,17.769653712365717,0.0,1.0,0.07925995000000002
google,1.0167578,google,0.020759,0.006689,LogNormal,0.051898,0.016722,0.44604105,127.95162014796617,0.44604105,fallback_baseline,127.95162014796617,0.0,1.0,0.5707167499999999
google,0.15206122,google,0.020759,0.006689,LogNormal,0.051898,0.016722,0.44604105,-65.90869382986162,0.44604105,fallback_baseline,65.90869382986162,0.0,1.0,0.29397983
google,0.2699682,google,0.020759,0.006689,LogNormal,0.051898,0.016722,0.44604105,-39.474584233895065,0.44604105,fallback_baseline,39.474584233895065,0.0,1.0,0.17607285
google,0.53136575,google,0.020759,0.006689,LogNormal,0.051898,0.016722,0.44604105,19.129337983577965,0.44604105,fallback_baseline,19.129337983577965,0.0,1.0,0.08532469999999998
google,0.4843827,google,0.020759,0.006689,LogNormal,0.051898,0.016722,0.44604105,8.595991333084703,0.44604105,fallback_baseline,8.595991333084703,0.0,1.0,0.038341650000000005
google,0.7381707,google,0.020759,0.006689,LogNormal,0.051898,0.016722,0.44604105,65.4938934432156,0.44604105,fallback_baseline,65.4938934432156,0.0,1.0,0.29212964999999996
google,1.6191078,google,0.020759,0.006689,LogNormal,0.051898,0.016722,0.44604105,262.99524449599426,0.44604105,fallback_baseline,262.99524449599426,0.0,1.0,1.17306675
google,-0.04061075,google,0.020759,0.011706,Normal,0.051898,0.016722,-0.016182942,150.94788079942452,-0.016182942,fallback_baseline,150.94788079942452,0.03808419796108259,1.0,0.024427808000000002
google,0.010818364,google,0.020759,0.011706,Normal,0.051898,0.016722,-0.016182942,-166.85041570315212,-0.016182942,fallback_baseline,166.85041570315212,0.03808419796108259,1.0,0.027001306
google,-0.022522774,google,0.020759,0.011706,Normal,0.051898,0.016722,-0.016182942,39.176016326326824,-0.016182942,fallback_baseline,39.176016326326824,0.03808419796108259,1.0,0.006339832
google,-0.059794538,google,0.020759,0.011706,Normal,0.051898,0.016722,-0.016182942,269.4911469125948,-0.016182942,fallback_baseline,269.4911469125948,0.03808419796108259,1.0,0.043611596
google,0.10619795,google,0.020759,0.011706,Normal,0.051898,0.016722,-0.016182942,-756.2338912170605,-0.016182942,fallback_baseline,756.2338912170605,0.03808419796108259,1.0,0.12238089199999999
google,0.33948427,google,0.020759,0.011706,Normal,0.051898,0.016722,-0.016182942,-2197.7908096068068,-0.016182942,fallback_baseline,2197.7908096068068,0.03808419796108259,1.0,0.35566721199999995
google,0.30262873,google,0.020759,0.011706,Normal,0.051898,0.016722,-0.016182942,-1970.0476711836452,-0.016182942,fallback_baseline,1970.0476711836452,0.03808419796108259,1.0,0.318811672
google,0.35710043,google,0.020759,0.011706,Normal,0.051898,0.016722,-0.016182942,-2306.6471597068075,-0.016182942,fallback_baseline,2306.6471597068075,0.03808419796108259,1.0,0.373283372
google,0.5056555,google,0.020759,0.011706,LogNormal,0.051898,0.016722,0.44604105,13.365238468522133,0.44604105,fallback_baseline,13.365238468522133,0.0,1.0,0.05961445000000004
google,1.0023191,google,0.020759,0.011706,LogNormal,0.051898,0.016722,0.44604105,124.71454140824034,0.44604105,fallback_baseline,124.71454140824034,0.0,1.0,0.55627805
google,0.13622262,google,0.020759,0.011706,LogNormal,0.051898,0.016722,0.44604105,-69.45962260648432,0.44604105,fallback_baseline,69.45962260648432,0.0,1.0,0.30981843
google,0.314,google,0.020759,0.011706,LogNormal,0.051898,0.016722,0.44604105,-29.602891931135034,0.44604105,fallback_baseline,29.602891931135034,0.0,1.0,0.13204105
google,0.47789335,google,0.020759,0.011706,LogNormal,0.051898,0.016722,0.44604105,7.141114029751297,0.44604105,fallback_baseline,7.141114029751297,0.0,1.0,0.0318523
google,0.49917373,google,0.020759,0.011706,LogNormal,0.051898,0.016722,0.44604105,11.912060560345285,0.44604105,fallback_baseline,11.912060560345285,0.0,1.0,0.05313267999999999
google,0.6156913,google,0.020759,0.011706,LogNormal,0.051898,0.016722,0.44604105,38.0346719208916,0.44604105,fallback_baseline,38.0346719208916,0.0,1.0,0.16965025000000006
google,1.4083983,google,0.020759,0.011706,LogNormal,0.051898,0.016722,0.44604105,215.75530996530475,0.44604105,fallback_baseline,215.75530996530475,0.0,1.0,0.9623572499999999
google,-0.047355585,google,0.020759,0.016722,Normal,0.051898,0.016722,-0.016182942,192.62655084594633,-0.016182942,fallback_baseline,192.62655084594633,0.10722559594195208,1.0,0.031172643
google,-0.0037674748,google,0.020759,0.016722,Normal,0.051898,0.016722,-0.016182942,-76.71946917933711,-0.016182942,fallback_baseline,76.71946917933711,0.10722559594195208,1.0,0.012415467199999999
google,-0.008075597,google,0.020759,0.016722,Normal,0.051898,0.016722,-0.016182942,-50.09809094044827,-0.016182942,fallback_baseline,50.09809094044827,0.10722559594195208,1.0,0.008107344999999998
google,-0.032628354,google,0.020759,0.016722,Normal,0.051898,0.016722,-0.016182942,101.62189297842136,-0.016182942,fallback_baseline,101.62189297842136,0.10722559594195208,1.0,0.016445412
google,0.1124954,google,0.020759,0.016722,Normal,0.051898,0.016722,-0.016182942,-795.1480144957575,-0.016182942,fallback_baseline,795.1480144957575,0.10722559594195208,1.0,0.128678342
google,0.34699315,google,0.020759,0.016722,Normal,0.051898,0.016722,-0.016182942,-2244.1907781662935,-0.016182942,fallback_baseline,2244.1907781662935,0.10722559594195208,1.0,0.36317609199999995
google,0.26892298,google,0.020759,0.016722,Normal,0.051898,0.016722,-0.016182942,-1761.7681754034586,-0.016182942,fallback_baseline,1761.7681754034586,0.10722559594195208,1.0,0.28510592199999996
google,0.3407933,google,0.020759,0.016722,Normal,0.051898,0.016722,-0.016182942,-2205.8797590697664,-0.016182942,fallback_baseline,2205.8797590697664,0.10722559594195208,1.0,0.356976242
google,0.45287967,google,0.020759,0.016722,LogNormal,0.051898,0.016722,0.44604105,1.5331817553563776,0.44604105,fallback_baseline,1.5331817553563776,0.0,1.0,0.0068386200000000175
google,0.9845952,google,0.020759,0.016722,LogNormal,0.051898,0.016722,0.44604105,120.74093853020926,0.44604105,fallback_baseline,120.74093853020926,0.0,1.0,0.53855415
google,0.14439774,google,0.020759,0.016722,LogNormal,0.051898,0.016722,0.44604105,-67.6268047526119,0.44604105,fallback_baseline,67.6268047526119,0.0,1.0,0.30164331
google,0.2994631,google,0.020759,0.016722,LogNormal,0.051898,0.016722,0.44604105,-32.8619865817283,0.44604105,fallback_baseline,32.8619865817283,0.0,1.0,0.14657795
google,0.50470936,google,0.020759,0.016722,LogNormal,0.051898,0.016722,0.44604105,13.153118978623157,0.44604105,fallback_baseline,13.153118978623157,0.0,1.0,0.05866831
google,0.47493368,google,0.020759,0.016722,LogNormal,0.051898,0.016722,0.44604105,6.477571963387682,0.44604105,fallback_baseline,6.477571963387682,0.0,1.0,0.02889263000000003
google,0.63810086,google,0.020759,0.016722,LogNormal,0.051898,0.016722,0.44604105,43.05877452310724,0.44604105,fallback_baseline,43.05877452310724,0.0,1.0,0.19205981
google,1.4638056,google,0.020759,0.016722,LogNormal,0.051898,0.016722,0.44604105,228.1773280732793,0.44604105,fallback_baseline,228.1773280732793,0.0,1.0,1.0177645499999999
google,-0.05683319,google,0.020759,0.023411,Normal,0.051898,0.016722,-0.016182942,251.1919526128191,-0.016182942,fallback_baseline,251.1919526128191,0.18761485599940692,1.0,0.040650248
google,-0.006990527,google,0.020759,0.023411,Normal,0.051898,0.016722,-0.016182942,-56.803114044405525,-0.016182942,fallback_baseline,56.803114044405525,0.18761485599940692,1.0,0.009192414999999999
google,0.0017424884,google,0.020759,0.023411,Normal,0.051898,0.016722,-0.016182942,-110.76743894898715,-0.016182942,fallback_baseline,110.76743894898715,0.18761485599940692,1.0,0.017925430399999998
google,-0.07683341,google,0.020759,0.023411,Normal,0.051898,0.016722,-0.016182942,374.78023464460296,-0.016182942,fallback_baseline,374.78023464460296,0.18761485599940692,1.0,0.060650468000000006
google,0.105644025,google,0.020759,0.023411,Normal,0.051898,0.016722,-0.016182942,-752.8109969126753,-0.016182942,fallback_baseline,752.8109969126753,0.18761485599940692,1.0,0.12182696700000001
google,0.4970645,google,0.020759,0.023411,Normal,0.051898,0.016722,-0.016182942,-3171.5335938298495,-0.016182942,fallback_baseline,3171.5335938298495,0.18761485599940692,1.0,0.513247442
google,0.3211995,google,0.020759,0.023411,Normal,0.051898,0.016722,-0.016182942,-2084.8028868916417,-0.016182942,fallback_baseline,2084.8028868916417,0.18761485599940692,1.0,0.337382442
google,0.38869148,google,0.020759,0.023411,Normal,0.051898,0.016722,-0.016182942,-2501.8591922284586,-0.016182942,fallback_baseline,2501.8591922284586,0.18761485599940692,1.0,0.40487442199999996
google,0.4813179,google,0.020759,0.023411,LogNormal,0.051898,0.016722,0.44604105,7.908879687194716,0.44604105,fallback_baseline,7.908879687194716,0.0,1.0,0.035276850000000026
google,0.9490954,google,0.020759,0.023411,LogNormal,0.051898,0.016722,0.44604105,112.78207465433954,0.44604105,fallback_baseline,112.78207465433954,0.0,1.0,0.50305435
google,0.13663784,google,0.020759,0.023411,LogNormal,0.051898,0.016722,0.44604105,-69.36653251982077,0.44604105,fallback_baseline,69.36653251982077,0.0,1.0,0.30940321
google,0.3041985,google,0.020759,0.023411,LogNormal,0.051898,0.016722,0.44604105,-31.800335417558543,0.44604105,fallback_baseline,31.800335417558543,0.0,1.0,0.14184255
google,0.47585717,google,0.020759,0.023411,LogNormal,0.051898,0.016722,0.44604105,6.684613445331994,0.44604105,fallback_baseline,6.684613445331994,0.0,1.0,0.02981612
google,0.48450804,google,0.020759,0.023411,LogNormal,0.051898,0.016722,0.44604105,8.624091885713204,0.44604105,fallback_baseline,8.624091885713204,0.0,1.0,0.03846698999999998
google,0.6057677,google,0.020759,0.023411,LogNormal,0.051898,0.016722,0.44604105,35.809854272381436,0.44604105,fallback_baseline,35.809854272381436,0.0,1.0,0.15972665000000003
google,1.3731548,google,0.020759,0.023411,LogNormal,0.051898,0.016722,0.44604105,207.8539071684097,0.44604105,fallback_baseline,207.8539071684097,0.0,1.0,0.92711375
google,-0.034027178,google,0.020759,0.033445,Normal,0.051898,0.016722,-0.016182942,110.2657106476684,-0.016182942,fallback_baseline,110.2657106476684,0.26740157934200925,0.0,0.017844236
google,-0.014059263,google,0.020759,0.033445,Normal,0.051898,0.016722,-0.016182942,-13.122947607425141,-0.016182942,fallback_baseline,13.122947607425141,0.26740157934200925,0.0,0.002123678999999998
google,-0.008881371,google,0.020759,0.033445,Normal,0.051898,0.016722,-0.016182942,-45.11893449287527,-0.016182942,fallback_baseline,45.11893449287527,0.26740157934200925,0.0,0.007301570999999998
google,-0.027169269,google,0.020759,0.033445,Normal,0.051898,0.016722,-0.016182942,67.8883172169807,-0.016182942,fallback_baseline,67.8883172169807,0.26740157934200925,0.0,0.010986327
google,0.09418032,google,0.020759,0.033445,Normal,0.051898,0.016722,-0.016182942,-681.9727957994288,-0.016182942,fallback_baseline,681.9727957994288,0.26740157934200925,0.0,0.11036326199999999
google,0.27999517,google,0.020759,0.033445,Normal,0.051898,0.016722,-0.016182942,-1830.187069817095,-0.016182942,fallback_baseline,1830.187069817095,0.26740157934200925,0.0,0.296178112
google,0.35686564,google,0.020759,0.033445,Normal,0.051898,0.016722,-0.016182942,-2305.196311029231,-0.016182942,fallback_baseline,2305.196311029231,0.26740157934200925,0.0,0.37304858199999996
google,0.27664623,google,0.020759,0.033445,Normal,0.051898,0.016722,-0.016182942,-1809.4928103925724,-0.016182942,fallback_baseline,1809.4928103925724,0.26740157934200925,0.0,0.29282917199999997
google,0.4589575,google,0.020759,0.033445,LogNormal,0.051898,0.016722,0.44604105,2.8957984920894666,0.44604105,fallback_baseline,2.8957984920894666,0.0,1.0,0.012916450000000024
google,0.8960679,google,0.020759,0.033445,LogNormal,0.051898,0.016722,0.44604105,100.89359488325124,0.44604105,fallback_baseline,100.89359488325124,0.0,1.0,0.45002685000000003
google,0.17529024,google,0.020759,0.033445,LogNormal,0.051898,0.016722,0.44604105,-60.70087271115518,0.44604105,fallback_baseline,60.70087271115518,0.0,1.0,0.27075081
google,0.2824215,google,0.020759,0.033445,LogNormal,0.051898,0.016722,0.44604105,-36.68262147620718,0.44604105,fallback_baseline,36.68262147620718,0.0,1.0,0.16361955
google,0.4968787,google,0.020759,0.033445,LogNormal,0.051898,0.016722,0.44604105,11.39752720069151,0.44604105,fallback_baseline,11.39752720069151,0.0,1.0,0.05083765000000001
google,0.42219552,google,0.020759,0.033445,LogNormal,0.051898,0.016722,0.44604105,-5.346039338755929,0.44604105,fallback_baseline,5.346039338755929,0.0,1.0,0.023845530000000004
google,0.7257908,google,0.020759,0.033445,LogNormal,0.051898,0.016722,0.44604105,62.71838657002533,0.44604105,fallback_baseline,62.71838657002533,0.0,1.0,0.27974974999999996
google,1.6713196,google,0.020759,0.033445,LogNormal,0.051898,0.016722,0.44604105,274.7008487223317,0.44604105,fallback_baseline,274.7008487223317,0.0,1.0,1.2252785499999999
google,-0.03828878,google,0.036328,0.006689,Normal,0.051898,0.016722,-0.016182942,136.59962446877708,-0.016182942,fallback_baseline,136.59962446877708,2.8018604769641797e-08,1.0,0.022105838000000003
google,0.032505583,google,0.036328,0.006689,Normal,0.051898,0.016722,-0.016182942,-300.8632484748447,-0.016182942,fallback_baseline,300.8632484748447,2.8018604769641797e-08,1.0,0.048688524999999996
google,0.0018837459,google,0.036328,0.006689,Normal,0.051898,0.016722,-0.016182942,-111.64031793477355,-0.016182942,fallback_baseline,111.64031793477355,2.8018604769641797e-08,1.0,0.0180666879
google,-0.080192864,google,0.036328,0.006689,Normal,0.051898,0.016722,-0.016182942,395.53946371432335,-0.016182942,fallback_baseline,395.53946371432335,2.8018604769641797e-08,1.0,0.064009922
google,0.062052377,google,0.036328,0.006689,Normal,0.051898,0.016722,-0.016182942,-483.4431155966573,-0.016182942,fallback_baseline,483.4431155966573,2.8018604769641797e-08,1.0,0.078235319
google,0.096953675,google,0.036328,0.006689,Normal,0.051898,0.016722,-0.016182942,-699.1103162824164,-0.016182942,fallback_baseline,699.1103162824164,2.8018604769641797e-08,1.0,0.113136617
google,0.25864443,google,0.036328,0.006689,Normal,0.051898,0.016722,-0.016182942,-1698.2534572514687,-0.016182942,fallback_baseline,1698.2534572514687,2.8018604769641797e-08,1.0,0.27482737199999996
google,0.29272273,google,0.036328,0.006689,Normal,0.051898,0.016722,-0.016182942,-1908.8350684319328,-0.016182942,fallback_baseline,1908.8350684319328,2.8018604769641797e-08,1.0,0.30890567199999996
google,0.5232202,google,0.036328,0.006689,LogNormal,0.051898,0.016722,0.44604105,17.30314956437306,0.44604105,fallback_baseline,17.30314956437306,0.0,1.0,0.07717915000000003
google,1.0301945,google,0.036328,0.006689,LogNormal,0.051898,0.016722,0.44604105,130.9640558867844,0.44604105,fallback_baseline,130.9640558867844,0.0,1.0,0.5841534499999999
google,0.15706766,google,0.036328,0.006689,LogNormal,0.051898,0.016722,0.44604105,-64.78627695814096,0.44604105,fallback_baseline,64.78627695814096,0.0,1.0,0.28897339
google,0.31125826,google,0.036328,0.006689,LogNormal,0.051898,0.016722,0.44604105,-30.217575265774304,0.44604105,fallback_baseline,30.217575265774304,0.0,1.0,0.13478278999999999
google,0.5174805,google,0.036328,0.006689,LogNormal,0.051898,0.016722,0.44604105,16.016339751688776,0.44604105,fallback_baseline,16.016339751688776,0.0,1.0,0.07143945000000002
google,0.51154345,google,0.036328,0.006689,LogNormal,0.051898,0.016722,0.44604105,14.685285132388604,0.44604105,fallback_baseline,14.685285132388604,0.0,1.0,0.06550240000000002
google,0.5969001,google,0.036328,0.006689,LogNormal,0.051898,0.016722,0.44604105,33.821786133809894,0.44604105,fallback_baseline,33.821786133809894,0.0,1.0,0.15085905000000005
google,1.2878042,google,0.036328,0.006689,LogNormal,0.051898,0.016722,0.44604105,188.71876254438914,0.44604105,fallback_baseline,188.71876254438914,0.0,1.0,0.84176315
google,-0.031420358,google,0.036328,0.011706,Normal,0.051898,0.016722,-0.016182942,94.15726757223752,-0.016182942,fallback_baseline,94.15726757223752,0.0009566649535852068,1.0,0.015237416000000004
google,0.028734993,google,0.036328,0.011706,Normal,0.051898,0.016722,-0.016182942,-277.56346775512145,-0.016182942,fallback_baseline,277.56346775512145,0.0009566649535852068,1.0,0.044917935
google,-0.022713153,google,0.036328,0.011706,Normal,0.051898,0.016722,-0.016182942,40.352434062978176,-0.016182942,fallback_baseline,40.352434062978176,0.0009566649535852068,1.0,0.006530211000000001
google,-0.07665348,google,0.036328,0.011706,Normal,0.051898,0.016722,-0.016182942,373.66838489565123,-0.016182942,fallback_baseline,373.66838489565123,0.0009566649535852068,1.0,0.060470538
google,0.06287885,google,0.036328,0.011706,Normal,0.051898,0.016722,-0.016182942,-488.55017832974994,-0.016182942,fallback_baseline,488.55017832974994,0.0009566649535852068,1.0,0.07906179199999999
google,0.12938,google,0.036328,0.011706,Normal,0.051898,0.016722,-0.016182942,-899.4838021417861,-0.016182942,fallback_baseline,899.4838021417861,0.0009566649535852068,1.0,0.145562942
google,0.31069905,google,0.036328,0.011706,Normal,0.051898,0.016722,-0.016182942,-2019.916971833675,-0.016182942,fallback_baseline,2019.916971833675,0.0009566649535852068,1.0,0.32688199199999995
google,0.29005688,google,0.036328,0.011706,Normal,0.051898,0.016722,-0.016182942,-1892.36185855452,-0.016182942,fallback_baseline,1892.36185855452,0.0009566649535852068,1.0,0.306239822
google,0.44053245,google,0.036328,0.011706,LogNormal,0.051898,0.016722,0.44604105,-1.2349984379240375,0.44604105,fallback_baseline,1.2349984379240375,0.0,1.0,0.005508599999999975
google,1.0182884,google,0.036328,0.011706,LogNormal,0.051898,0.016722,0.44604105,128.29477242061017,0.44604105,fallback_baseline,128.29477242061017,0.0,1.0,0.57224735
google,0.15020755,google,0.036328,0.011706,LogNormal,0.051898,0.016722,0.44604105,-66.32427665570242,0.44604105,fallback_baseline,66.32427665570242,0.0,1.0,0.29583349999999997
google,0.31367654,google,0.036328,0.011706,LogNormal,0.051898,0.016722,0.44604105,-29.675409920230432,0.44604105,fallback_baseline,29.675409920230432,0.0,1.0,0.13236451
google,0.4841341,google,0.036328,0.011706,LogNormal,0.051898,0.016722,0.44604105,8.540256552619994,0.44604105,fallback_baseline,8.540256552619994,0.0,1.0,0.03809305000000002
google,0.4628223,google,0.036328,0.011706,LogNormal,0.051898,0.016722,0.44604105,3.762265827326885,0.44604105,fallback_baseline,3.762265827326885,0.0,1.0,0.016781250000000025
google,0.60323113,google,0.036328,0.011706,LogNormal,0.051898,0.016722,0.44604105,35.24116894622142,0.44604105,fallback_baseline,35.24116894622142,0.0,1.0,0.15719007999999995
google,1.4085745,google,0.036328,0.011706,LogNormal,0.051898,0.016722,0.44604105,215.79481305588354,0.44604105,fallback_baseline,215.79481305588354,0.0,1.0,0.96253345
google,-0.03719035,google,0.036328,0.016722,Normal,0.051898,0.016722,-0.016182942,129.8120453005393,-0.016182942,fallback_baseline,129.8120453005393,0.014910212687865743,1.0,0.021007407999999998
google,0.018787432,google,0.036328,0.016722,Normal,0.051898,0.016722,-0.016182942,-216.09404519895085,-0.016182942,fallback_baseline,216.09404519895085,0.014910212687865743,1.0,0.034970374
google,-0.012683788,google,0.036328,0.016722,Normal,0.051898,0.016722,-0.016182942,-21.622483723911262,-0.016182942,fallback_baseline,21.622483723911262,0.014910212687865743,1.0,0.003499153999999999
google,-0.08227704,google,0.036328,0.016722,Normal,0.051898,0.016722,-0.016182942,408.4183086116232,-0.016182942,fallback_baseline,408.4183086116232,0.014910212687865743,1.0,0.06609409799999999
google,0.077071585,google,0.036328,0.016722,Normal,0.051898,0.016722,-0.016182942,-576.2520004088256,-0.016182942,fallback_baseline,576.2520004088256,0.014910212687865743,1.0,0.093254527
google,0.21840987,google,0.036328,0.016722,Normal,0.051898,0.016722,-0.016182942,-1449.6301846722308,-0.016182942,fallback_baseline,1449.6301846722308,0.014910212687865743,1.0,0.234592812
google,0.27276507,google,0.036328,0.016722,Normal,0.051898,0.016722,-0.016182942,-1785.5097793713899,-0.016182942,fallback_baseline,1785.5097793713899,0.014910212687865743,1.0,0.288948012
google,0.33789593,google,0.036328,0.016722,Normal,0.051898,0.016722,-0.016182942,-2187.975906976618,-0.016182942,fallback_baseline,2187.975906976618,0.014910212687865743,1.0,0.354078872
google,0.49788532,google,0.036328,0.016722,LogNormal,0.051898,0.016722,0.44604105,11.623205980705146,0.44604105,fallback_baseline,11.623205980705146,0.0,1.0,0.051844270000000026
google,0.9985673,google,0.036328,0.016722,LogNormal,0.051898,0.016722,0.44604105,123.87340806412327,0.44604105,fallback_baseline,123.87340806412327,0.0,1.0,0.5525262500000001
google,0.13050508,google,0.036328,0.016722,LogNormal,0.051898,0.016722,0.44604105,-70.74146426657367,0.44604105,fallback_baseline,70.74146426657367,0.0,1.0,0.31553597
google,0.30717057,google,0.036328,0.016722,LogNormal,0.051898,0.016722,0.44604105,-31.13401333801004,0.44604105,fallback_baseline,31.13401333801004,0.0,1.0,0.13887048000000002
google,0.4767173,google,0.036328,0.016722,LogNormal,0.051898,0.016722,0.44604105,6.87744995668,0.44604105,fallback_baseline,6.87744995668,0.0,1.0,0.030676250000000016
google,0.4876011,google,0.036328,0.016722,LogNormal,0.051898,0.016722,0.44604105,9.317539271329402,0.44604105,fallback_baseline,9.317539271329402,0.0,1.0,0.041560050000000015
google,0.6038941,google,0.036328,0.016722,LogNormal,0.051898,0.016722,0.44604105,35.389803247929756,0.44604105,fallback_baseline,35.389803247929756,0.0,1.0,0.15785305
google,1.4214084,google,0.036328,0.016722,LogNormal,0.051898,0.016722,0.44604105,218.67210428277843,0.44604105,fallback_baseline,218.67210428277843,0.0,1.0,0.97536735
google,-0.030367946,google,0.036328,0.023411,Normal,0.051898,0.016722,-0.016182942,87.65404955415401,-0.016182942,fallback_baseline,87.65404955415401,0.060361125345890554,1.0,0.014185004000000001
google,0.012659672,google,0.036328,0.023411,Normal,0.051898,0.016722,-0.016182942,-178.22849516484703,-0.016182942,fallback_baseline,178.22849516484703,0.060361125345890554,1.0,0.028842614
google,-0.02346637,google,0.036328,0.023411,Normal,0.051898,0.016722,-0.016182942,45.0068226160608,-0.016182942,fallback_baseline,45.0068226160608,0.060361125345890554,1.0,0.0072834280000000015
google,-0.064681284,google,0.036328,0.023411,Normal,0.051898,0.016722,-0.016182942,299.68804189003464,-0.016182942,fallback_baseline,299.68804189003464,0.060361125345890554,1.0,0.04849834200000001
google,0.14628085,google,0.036328,0.023411,Normal,0.051898,0.016722,-0.016182942,-1003.9200041624076,-0.016182942,fallback_baseline,1003.9200041624076,0.060361125345890554,1.0,0.162463792
google,0.30417174,google,0.036328,0.023411,Normal,0.051898,0.016722,-0.016182942,-1979.5824640538167,-0.016182942,fallback_baseline,1979.5824640538167,0.060361125345890554,1.0,0.320354682
google,0.1758925,google,0.036328,0.023411,Normal,0.051898,0.016722,-0.016182942,-1186.9006389567485,-0.016182942,fallback_baseline,1186.9006389567485,0.060361125345890554,1.0,0.192075442
google,0.24914405,google,0.036328,0.023411,Normal,0.051898,0.016722,-0.016182942,-1639.5473208765131,-0.016182942,fallback_baseline,1639.5473208765131,0.060361125345890554,1.0,0.265326992
google,0.44439012,google,0.036328,0.023411,LogNormal,0.051898,0.016722,0.44604105,-0.37012961026793273,0.44604105,fallback_baseline,0.37012961026793273,0.0,1.0,0.001650929999999995
google,0.97314274,google,0.036328,0.023411,LogNormal,0.051898,0.016722,0.44604105,118.1733587076795,0.44604105,fallback_baseline,118.1733587076795,0.0,1.0,0.5271016900000001
google,0.17222789,google,0.036328,0.023411,LogNormal,0.051898,0.016722,0.44604105,-61.38743508024653,0.44604105,fallback_baseline,61.38743508024653,0.0,1.0,0.27381316
google,0.27813345,google,0.036328,0.023411,LogNormal,0.051898,0.016722,0.44604105,-37.64397918083997,0.44604105,fallback_baseline,37.64397918083997,0.0,1.0,0.1679076
google,0.47649303,google,0.036328,0.023411,LogNormal,0.051898,0.016722,0.44604105,6.82716983111756,0.44604105,fallback_baseline,6.82716983111756,0.0,1.0,0.03045197999999999
google,0.4953023,google,0.036328,0.023411,LogNormal,0.051898,0.016722,0.44604105,11.044106814832398,0.44604105,fallback_baseline,11.044106814832398,0.0,1.0,0.04926124999999998
google,0.6672597,google,0.036328,0.023411,LogNormal,0.051898,0.016722,0.44604105,49.59602933407139,0.44604105,fallback_baseline,49.59602933407139,0.0,1.0,0.22121865000000002
google,1.489114,google,0.036328,0.023411,LogNormal,0.051898,0.016722,0.44604105,233.85133498362987,0.44604105,fallback_baseline,233.85133498362987,0.0,1.0,1.04307295
google,-0.030414423,google,0.036328,0.033445,Normal,0.051898,0.016722,-0.016182942,87.94124702418141,-0.016182942,fallback_baseline,87.94124702418141,0.13869498752754772,1.0,0.014231481
google,-0.0006209105,google,0.036328,0.033445,Normal,0.051898,0.016722,-0.016182942,-96.16317910550504,-0.016182942,fallback_baseline,96.16317910550504,0.13869498752754772,1.0,0.015562031499999998
google,-0.032483745,google,0.036328,0.033445,Normal,0.051898,0.016722,-0.016182942,100.72830391408438,-0.016182942,fallback_baseline,100.72830391408438,0.13869498752754772,1.0,0.016300803000000003
google,-0.08033499,google,0.036328,0.033445,Normal,0.051898,0.016722,-0.016182942,396.4177094622226,-0.016182942,fallback_baseline,396.4177094622226,0.13869498752754772,1.0,0.06415204799999999
google,0.09102773,google,0.036328,0.033445,Normal,0.051898,0.016722,-0.016182942,-662.4918509872928,-0.016182942,fallback_baseline,662.4918509872928,0.13869498752754772,1.0,0.107210672
google,0.41558546,google,0.036328,0.033445,Normal,0.051898,0.016722,-0.016182942,-2668.0464034289935,-0.016182942,fallback_baseline,2668.0464034289935,0.13869498752754772,1.0,0.431768402
google,0.3583754,google,0.036328,0.033445,Normal,0.051898,0.016722,-0.016182942,-2314.52564064062,-0.016182942,fallback_baseline,2314.52564064062,0.13869498752754772,1.0,0.374558342
google,0.36730683,google,0.036328,0.033445,Normal,0.051898,0.016722,-0.016182942,-2369.7160380356054,-0.016182942,fallback_baseline,2369.7160380356054,0.13869498752754772,1.0,0.38348977199999995
google,0.44401675,google,0.036328,0.033445,LogNormal,0.051898,0.016722,0.44604105,-0.45383715243249,0.44604105,fallback_baseline,0.45383715243249,0.0,1.0,0.002024299999999979
google,0.9094342,google,0.036328,0.033445,LogNormal,0.051898,0.016722,0.44604105,103.89024732140685,0.44604105,fallback_baseline,103.89024732140685,0.0,1.0,0.46339315
google,0.15759102,google,0.036328,0.033445,LogNormal,0.051898,0.016722,0.44604105,-64.66894246616988,0.44604105,fallback_baseline,64.66894246616988,0.0,1.0,0.28845003
google,0.31510308,google,0.036328,0.033445,LogNormal,0.051898,0.016722,0.44604105,-29.355587338878344,0.44604105,fallback_baseline,29.355587338878344,0.0,1.0,0.13093797000000001
google,0.48433322,google,0.036328,0.033445,LogNormal,0.051898,0.016722,0.44604105,8.584898183698566,0.44604105,fallback_baseline,8.584898183698566,0.0,1.0,0.038292170000000014
google,0.49956742,google,0.036328,0.033445,LogNormal,0.051898,0.016722,0.44604105,12.00032373701927,0.44604105,fallback_baseline,12.00032373701927,0.0,1.0,0.05352636999999999
google,0.64906394,google,0.036328,0.033445,LogNormal,0.051898,0.016722,0.44604105,45.51663798657097,0.44604105,fallback_baseline,45.51663798657097,0.0,1.0,0.20302289
google,1.3254569,google,0.036328,0.033445,LogNormal,0.051898,0.016722,0.44604105,197.16029499975394,0.44604105,fallback_baseline,197.16029499975394,0.0,1.0,0.87941585
google,-0.0018248914,google,0.051898,0.006689,Normal,0.051898,0.016722,-0.016182942,-88.72336439196285,-0.016182942,fallback_baseline,88.72336439196285,4.274358644806853e-15,1.0,0.014358050599999998
google,0.050344028,google,0.051898,0.006689,Normal,0.051898,0.016722,-0.016182942,-411.0931745290813,-0.016182942,fallback_baseline,411.0931745290813,4.274358644806853e-15,1.0,0.06652696999999999
google,-0.03924806,google,0.051898,0.006689,Normal,0.051898,0.016722,-0.016182942,142.52734762319488,-0.016182942,fallback_baseline,142.52734762319488,4.274358644806853e-15,1.0,0.023065118000000003
google,-0.08813762,google,0.051898,0.006689,Normal,0.051898,0.016722,-0.016182942,444.63286094703915,-0.016182942,fallback_baseline,444.63286094703915,4.274358644806853e-15,1.0,0.071954678
google,0.06357311,google,0.051898,0.006689,Normal,0.051898,0.016722,-0.016182942,-492.84025117311796,-0.016182942,fallback_baseline,492.84025117311796,4.274358644806853e-15,1.0,0.079756052
google,-0.030824203,google,0.051898,0.006689,Normal,0.051898,0.016722,-0.016182942,90.47341948083361,-0.016182942,fallback_baseline,90.47341948083361,4.274358644806853e-15,1.0,0.014641261000000003
google,0.33462864,google,0.051898,0.006689,Normal,0.051898,0.016722,-0.016182942,-2167.7861911635105,-0.016182942,fallback_baseline,2167.7861911635105,4.274358644806853e-15,1.0,0.35081158199999996
google,0.25898993,google,0.051898,0.006689,Normal,0.051898,0.016722,-0.016182942,-1700.3884213389629,-0.016182942,fallback_baseline,1700.3884213389629,4.274358644806853e-15,1.0,0.27517287199999996
google,0.506237,google,0.051898,0.006689,LogNormal,0.051898,0.016722,0.44604105,13.495607635216546,0.44604105,fallback_baseline,13.495607635216546,0.0,1.0,0.060195950000000054
google,1.0449479,google,0.051898,0.006689,LogNormal,0.051898,0.016722,0.44604105,134.2716886708073,0.44604105,fallback_baseline,134.2716886708073,0.0,1.0,0.5989068499999999
google,0.15305299,google,0.051898,0.006689,LogNormal,0.051898,0.016722,0.44604105,-65.6863443398315,0.44604105,fallback_baseline,65.6863443398315,0.0,1.0,0.29298806
google,0.3223554,google,0.051898,0.006689,LogNormal,0.051898,0.016722,0.44604105,-27.729656272668173,0.44604105,fallback_baseline,27.729656272668173,0.0,1.0,0.12368564999999998
google,0.48306227,google,0.051898,0.006689,LogNormal,0.051898,0.016722,0.44604105,8.299958041978428,0.44604105,fallback_baseline,8.299958041978428,0.0,1.0,0.03702122000000002
google,0.5382227,google,0.051898,0.006689,LogNormal,0.051898,0.016722,0.44604105,20.66662922616653,0.44604105,fallback_baseline,20.66662922616653,0.0,1.0,0.09218165000000006
google,0.6893141,google,0.051898,0.006689,LogNormal,0.051898,0.016722,0.44604105,54.540506978001254,0.44604105,fallback_baseline,54.540506978001254,0.0,1.0,0.24327305000000005
google,1.4038826,google,0.051898,0.006689,LogNormal,0.051898,0.016722,0.44604105,214.74291435732204,0.44604105,fallback_baseline,214.74291435732204,0.0,1.0,0.9578415499999999
google,-0.004662127,google,0.051898,0.011706,Normal,0.051898,0.016722,-0.016182942,-71.191103570661,-0.016182942,fallback_baseline,71.191103570661,4.6367880460751465e-06,1.0,0.011520814999999998
google,0.04732153,google,0.051898,0.011706,Normal,0.051898,0.016722,-0.016182942,-392.4161132135307,-0.016182942,fallback_baseline,392.4161132135307,4.6367880460751465e-06,1.0,0.063504472
google,-0.060200192,google,0.051898,0.011706,Normal,0.051898,0.016722,-0.016182942,271.99782338711964,-0.016182942,fallback_baseline,271.99782338711964,4.6367880460751465e-06,1.0,0.04401725
google,-0.06880219,google,0.051898,0.011706,Normal,0.051898,0.016722,-0.016182942,325.1525464282082,-0.016182942,fallback_baseline,325.1525464282082,4.6367880460751465e-06,1.0,0.052619248
google,0.08232273,google,0.051898,0.011706,Normal,0.051898,0.016722,-0.016182942,-608.7006429362473,-0.016182942,fallback_baseline,608.7006429362473,4.6367880460751465e-06,1.0,0.09850567199999999
google,0.13886568,google,0.051898,0.011706,Normal,0.051898,0.016722,-0.016182942,-958.0991021286488,-0.016182942,fallback_baseline,958.0991021286488,4.6367880460751465e-06,1.0,0.155048622
google,0.27119952,google,0.051898,0.011706,Normal,0.051898,0.016722,-0.016182942,-1775.8357040394758,-0.016182942,fallback_baseline,1775.8357040394758,4.6367880460751465e-06,1.0,0.287382462
google,0.21719703,google,0.051898,0.011706,Normal,0.051898,0.016722,-0.016182942,-1442.1356265133993,-0.016182942,fallback_baseline,1442.1356265133993,4.6367880460751465e-06,1.0,0.23337997200000002
google,0.47099262,google,0.051898,0.011706,LogNormal,0.051898,0.016722,0.44604105,5.5940075470632085,0.44604105,fallback_baseline,5.5940075470632085,0.0,1.0,0.02495156999999998
google,1.034481,google,0.051898,0.011706,LogNormal,0.051898,0.016722,0.44604105,131.92506608976908,0.44604105,fallback_baseline,131.92506608976908,0.0,1.0,0.5884399499999999
google,0.14665136,google,0.051898,0.011706,LogNormal,0.051898,0.016722,0.44604105,-67.12155529182796,0.44604105,fallback_baseline,67.12155529182796,0.0,1.0,0.29938969
google,0.31319,google,0.051898,0.011706,LogNormal,0.051898,0.016722,0.44604105,-29.7844895665993,0.44604105,fallback_baseline,29.7844895665993,0.0,1.0,0.13285104999999997
google,0.48164606,google,0.051898,0.011706,LogNormal,0.051898,0.016722,0.44604105,7.982451390965023,0.44604105,fallback_baseline,7.982451390965023,0.0,1.0,0.03560500999999999
google,0.49449772,google,0.051898,0.011706,LogNormal,0.051898,0.016722,0.44604105,10.863724314163456,0.44604105,fallback_baseline,10.863724314163456,0.0,1.0,0.04845666999999998
google,0.6081324,google,0.051898,0.011706,LogNormal,0.051898,0.016722,0.44604105,36.34000727063127,0.44604105,fallback_baseline,36.34000727063127,0.0,1.0,0.16209135000000002
google,1.4014485,google,0.051898,0.011706,LogNormal,0.051898,0.016722,0.44604105,214.19720225302135,0.44604105,fallback_baseline,214.19720225302135,0.0,1.0,0.95540745
google,-0.016182942,google,0.051898,0.016722,Normal,0.051898,0.016722,-0.016182942,-0.0,-0.016182942,fallback_baseline,0.0,0.0009559851950077802,1.0,0.0
google,0.038610324,google,0.051898,0.016722,Normal,0.051898,0.016722,-0.016182942,-338.5865561404101,-0.016182942,fallback_baseline,338.5865561404101,0.0009559851950077802,1.0,0.054793266
google,-0.047592822,google,0.051898,0.016722,Normal,0.051898,0.016722,-0.016182942,194.09252038350013,-0.016182942,fallback_baseline,194.09252038350013,0.0009559851950077802,1.0,0.03140988
google,-0.077565365,google,0.051898,0.016722,Normal,0.051898,0.016722,-0.016182942,379.30323794029545,-0.016182942,fallback_baseline,379.30323794029545,0.0009559851950077802,1.0,0.061382423
google,0.09792562,google,0.051898,0.016722,Normal,0.051898,0.016722,-0.016182942,-705.1163008555552,-0.016182942,fallback_baseline,705.1163008555552,0.0009559851950077802,1.0,0.114108562
google,0.15419543,google,0.051898,0.016722,Normal,0.051898,0.016722,-0.016182942,-1052.8269334463412,-0.016182942,fallback_baseline,1052.8269334463412,0.0009559851950077802,1.0,0.170378372
google,0.22287793,google,0.051898,0.016722,Normal,0.051898,0.016722,-0.016182942,-1477.2398739363957,-0.016182942,fallback_baseline,1477.2398739363957,0.0009559851950077802,1.0,0.239060872
google,0.24999979,google,0.051898,0.016722,Normal,0.051898,0.016722,-0.016182942,-1644.8352345327567,-0.016182942,fallback_baseline,1644.8352345327567,0.0009559851950077802,1.0,0.266182732
google,0.44604105,google,0.051898,0.016722,LogNormal,0.051898,0.016722,0.44604105,0.0,0.44604105,fallback_baseline,0.0,0.0,1.0,0.0
google,1.0128636,google,0.051898,0.016722,LogNormal,0.051898,0.016722,0.44604105,127.07856149114525,0.44604105,fallback_baseline,127.07856149114525,0.0,1.0,0.5668225499999999
google,0.15696509,google,0.051898,0.016722,LogNormal,0.051898,0.016722,0.44604105,-64.80927259946142,0.44604105,fallback_baseline,64.80927259946142,0.0,1.0,0.28907596
google,0.3259299,google,0.051898,0.016722,LogNormal,0.051898,0.016722,0.44604105,-26.928272633202706,0.44604105,fallback_baseline,26.928272633202706,0.0,1.0,0.12011115
google,0.4608446,google,0.051898,0.016722,LogNormal,0.051898,0.016722,0.44604105,3.318876143798872,0.44604105,fallback_baseline,3.318876143798872,0.0,1.0,0.014803549999999999
google,0.47157535,google,0.051898,0.016722,LogNormal,0.051898,0.016722,0.44604105,5.724652473129998,0.44604105,fallback_baseline,5.724652473129998,0.0,1.0,0.02553430000000001
google,0.59987515,google,0.051898,0.016722,LogNormal,0.051898,0.016722,0.44604105,34.488776313301216,0.44604105,fallback_baseline,34.488776313301216,0.0,1.0,0.15383410000000003
google,1.4026281,google,0.051898,0.016722,LogNormal,0.051898,0.016722,0.44604105,214.4616622169641,0.44604105,fallback_baseline,214.4616622169641,0.0,1.0,0.95658705
google,-0.014515345,google,0.051898,0.023411,Normal,0.051898,0.016722,-0.016182942,-10.304659066318091,-0.016182942,fallback_baseline,10.304659066318091,0.01331765773457294,1.0,0.001667596999999998
google,0.030318413,google,0.051898,0.023411,Normal,0.051898,0.016722,-0.016182942,-287.34796800235705,-0.016182942,fallback_baseline,287.34796800235705,0.01331765773457294,1.0,0.046501354999999994
google,-0.023143739,google,0.051898,0.023411,Normal,0.051898,0.016722,-0.016182942,43.0131739951858,-0.016182942,fallback_baseline,43.0131739951858,0.01331765773457294,1.0,0.006960797000000001
google,-0.08277114,google,0.051898,0.023411,Normal,0.051898,0.016722,-0.016182942,411.4715235338545,-0.016182942,fallback_baseline,411.4715235338545,0.01331765773457294,1.0,0.06658819800000002
google,0.026647147,google,0.051898,0.023411,Normal,0.051898,0.016722,-0.016182942,-264.6619446575289,-0.016182942,fallback_baseline,264.6619446575289,0.01331765773457294,1.0,0.042830089
google,0.19876537,google,0.051898,0.023411,Normal,0.051898,0.016722,-0.016182942,-1328.2400196453773,-0.016182942,fallback_baseline,1328.2400196453773,0.01331765773457294,1.0,0.214948312
google,0.29868728,google,0.051898,0.023411,Normal,0.051898,0.016722,-0.016182942,-1945.6920873843583,-0.016182942,fallback_baseline,1945.6920873843583,0.01331765773457294,1.0,0.314870222
google,0.3656693,google,0.051898,0.023411,Normal,0.051898,0.016722,-0.016182942,-2359.5971733693414,-0.016182942,fallback_baseline,2359.5971733693414,0.01331765773457294,1.0,0.38185224199999995
google,0.46430787,google,0.051898,0.023411,LogNormal,0.051898,0.016722,0.44604105,4.095322616606704,0.44604105,fallback_baseline,4.095322616606704,0.0,1.0,0.018266820000000017
google,0.98132944,google,0.051898,0.023411,LogNormal,0.051898,0.016722,0.44604105,120.00877273515522,0.44604105,fallback_baseline,120.00877273515522,0.0,1.0,0.5352883900000001
google,0.14976884,google,0.051898,0.023411,LogNormal,0.051898,0.016722,0.44604105,-66.42263307379444,0.44604105,fallback_baseline,66.42263307379444,0.0,1.0,0.29627221000000004
google,0.3026243,google,0.051898,0.023411,LogNormal,0.051898,0.016722,0.44604105,-32.15326257527194,0.44604105,fallback_baseline,32.15326257527194,0.0,1.0,0.14341674999999998
google,0.48184258,google,0.051898,0.023411,LogNormal,0.051898,0.016722,0.44604105,8.026510116053226,0.44604105,fallback_baseline,8.026510116053226,0.0,1.0,0.035801530000000026
google,0.46338362,google,0.051898,0.023411,LogNormal,0.051898,0.016722,0.44604105,3.888110746757502,0.44604105,fallback_baseline,3.888110746757502,0.0,1.0,0.01734257
google,0.6325012,google,0.051898,0.023411,LogNormal,0.051898,0.016722,0.44604105,41.803360923843215,0.44604105,fallback_baseline,41.803360923843215,0.0,1.0,0.18646015
google,1.4560442,google,0.051898,0.023411,LogNormal,0.051898,0.016722,0.44604105,226.43726401415296,0.44604105,fallback_baseline,226.43726401415296,0.0,1.0,1.01000315
google,-0.009819912,google,0.051898,0.033445,Normal,0.051898,0.016722,-0.016182942,-39.319364797822296,-0.016182942,fallback_baseline,39.319364797822296,0.060362024454323426,1.0,0.006363029999999999
google,0.0047872,google,0.051898,0.033445,Normal,0.051898,0.016722,-0.016182942,-129.58176578770411,-0.016182942,fallback_baseline,129.58176578770411,0.060362024454323426,1.0,0.020970141999999997
google,-0.0409553,google,0.051898,0.033445,Normal,0.051898,0.016722,-0.016182942,153.07697450809627,-0.016182942,fallback_baseline,153.07697450809627,0.060362024454323426,1.0,0.024772358
google,-0.061631627,google,0.051898,0.033445,Normal,0.051898,0.016722,-0.016182942,280.8431557129724,-0.016182942,fallback_baseline,280.8431557129724,0.060362024454323426,1.0,0.045448685
google,0.07301111,google,0.051898,0.033445,Normal,0.051898,0.016722,-0.016182942,-551.1609199365604,-0.016182942,fallback_baseline,551.1609199365604,0.060362024454323426,1.0,0.089194052
google,0.350334,google,0.051898,0.033445,Normal,0.051898,0.016722,-0.016182942,-2264.835046680634,-0.016182942,fallback_baseline,2264.835046680634,0.060362024454323426,1.0,0.36651694199999996
google,0.32448977,google,0.051898,0.033445,Normal,0.051898,0.016722,-0.016182942,-2105.134604078789,-0.016182942,fallback_baseline,2105.134604078789,0.060362024454323426,1.0,0.340672712
google,0.23214848,google,0.051898,0.033445,Normal,0.051898,0.016722,-0.016182942,-1534.5258111905737,-0.016182942,fallback_baseline,1534.5258111905737,0.060362024454323426,1.0,0.248331422
google,0.42107612,google,0.051898,0.033445,LogNormal,0.051898,0.016722,0.44604105,-5.597002787075314,0.44604105,fallback_baseline,5.597002787075314,0.0,1.0,0.024964929999999996
google,0.9178507,google,0.051898,0.033445,LogNormal,0.051898,0.016722,0.44604105,105.77718127064763,0.44604105,fallback_baseline,105.77718127064763,0.0,1.0,0.47180965
google,0.15829451,google,0.051898,0.033445,LogNormal,0.051898,0.016722,0.44604105,-64.5112237987961,0.44604105,fallback_baseline,64.5112237987961,0.0,1.0,0.28774654
google,0.28114784,google,0.051898,0.033445,LogNormal,0.051898,0.016722,0.44604105,-36.96816918532498,0.44604105,fallback_baseline,36.96816918532498,0.0,1.0,0.16489321
google,0.5122569,google,0.051898,0.033445,LogNormal,0.051898,0.016722,0.44604105,14.845236778094757,0.44604105,fallback_baseline,14.845236778094757,0.0,1.0,0.06621585000000002
google,0.4811175,google,0.051898,0.033445,LogNormal,0.051898,0.016722,0.44604105,7.863951087013176,0.44604105,fallback_baseline,7.863951087013176,0.0,1.0,0.03507644999999998
google,0.6736736,google,0.051898,0.033445,LogNormal,0.051898,0.016722,0.44604105,51.0339911539532,0.44604105,fallback_baseline,51.0339911539532,0.0,1.0,0.22763255
google,1.485368,google,0.051898,0.033445,LogNormal,0.051898,0.016722,0.44604105,233.01150196826055,0.44604105,fallback_baseline,233.01150196826055,0.0,1.0,1.03932695
google,-0.01458586,google,0.072657,0.006689,Normal,0.051898,0.016722,-0.016182942,-9.868922474047043,-0.016182942,fallback_baseline,9.868922474047043,0.0,1.0,0.001597081999999998
google,0.071947835,google,0.072657,0.006689,Normal,0.051898,0.016722,-0.016182942,-544.5905756814799,-0.016182942,fallback_baseline,544.5905756814799,0.0,1.0,0.088130777
google,-0.10753824,google,0.072657,0.006689,Normal,0.051898,0.016722,-0.016182942,564.5160070400055,-0.016182942,fallback_baseline,564.5160070400055,0.0,1.0,0.091355298
google,-0.09563462,google,0.072657,0.006689,Normal,0.051898,0.016722,-0.016182942,490.9594188745162,-0.016182942,fallback_baseline,490.9594188745162,0.0,1.0,0.079451678
google,0.06455788,google,0.072657,0.006689,Normal,0.051898,0.016722,-0.016182942,-498.9254858603584,-0.016182942,fallback_baseline,498.9254858603584,0.0,1.0,0.08074082199999999
google,0.14070314,google,0.072657,0.006689,Normal,0.051898,0.016722,-0.016182942,-969.4534034664402,-0.016182942,fallback_baseline,969.4534034664402,0.0,1.0,0.156886082
google,0.260228,google,0.072657,0.006689,Normal,0.051898,0.016722,-0.016182942,-1708.0388844006238,-0.016182942,fallback_baseline,1708.0388844006238,0.0,1.0,0.276410942
google,0.24800181,google,0.072657,0.006689,Normal,0.051898,0.016722,-0.016182942,-1632.4890245543731,-0.016182942,fallback_baseline,1632.4890245543731,0.0,1.0,0.26418475199999997
google,0.48671642,google,0.072657,0.006689,LogNormal,0.051898,0.016722,0.44604105,9.119198782264545,0.44604105,fallback_baseline,9.119198782264545,0.0,1.0,0.04067536999999999
google,1.0686661,google,0.072657,0.006689,LogNormal,0.051898,0.016722,0.44604105,139.58918130965748,0.44604105,fallback_baseline,139.58918130965748,0.0,1.0,0.6226250499999999
google,0.14491807,google,0.072657,0.006689,LogNormal,0.051898,0.016722,0.44604105,-67.51014957031421,0.44604105,fallback_baseline,67.51014957031421,0.0,1.0,0.30112298
google,0.31489334,google,0.072657,0.006689,LogNormal,0.051898,0.016722,0.44604105,-29.402609916732995,0.44604105,fallback_baseline,29.402609916732995,0.0,1.0,0.13114770999999997
google,0.49725428,google,0.072657,0.006689,LogNormal,0.051898,0.016722,0.44604105,11.48173021294789,0.44604105,fallback_baseline,11.48173021294789,0.0,1.0,0.05121323
google,0.4766089,google,0.072657,0.006689,LogNormal,0.051898,0.016722,0.44604105,6.853147260773421,0.44604105,fallback_baseline,6.853147260773421,0.0,1.0,0.030567850000000008
google,0.63444304,google,0.072657,0.006689,LogNormal,0.051898,0.016722,0.44604105,42.23871098859622,0.44604105,fallback_baseline,42.23871098859622,0.0,1.0,0.18840198999999996
google,1.4364703,google,0.072657,0.006689,LogNormal,0.051898,0.016722,0.44604105,222.04890110450597,0.44604105,fallback_baseline,222.04890110450597,0.0,1.0,0.99042925
google,-0.0338947,google,0.072657,0.011706,Normal,0.051898,0.016722,-0.016182942,109.44708323121966,-0.016182942,fallback_baseline,109.44708323121966,2.703424706318458e-10,1.0,0.017711758
google,0.06431122,google,0.072657,0.011706,Normal,0.051898,0.016722,-0.016182942,-497.4012883442332,-0.016182942,fallback_baseline,497.4012883442332,2.703424706318458e-10,1.0,0.08049416200000001
google,-0.093265116,google,0.072657,0.011706,Normal,0.051898,0.016722,-0.016182942,476.3174335049833,-0.016182942,fallback_baseline,476.3174335049833,2.703424706318458e-10,1.0,0.077082174
google,-0.110175095,google,0.072657,0.011706,Normal,0.051898,0.016722,-0.016182942,580.8100467764143,-0.016182942,fallback_baseline,580.8100467764143,2.703424706318458e-10,1.0,0.093992153
google,0.10069682,google,0.072657,0.011706,Normal,0.051898,0.016722,-0.016182942,-722.2405048476353,-0.016182942,fallback_baseline,722.2405048476353,2.703424706318458e-10,1.0,0.116879762
google,0.17755559,google,0.072657,0.011706,Normal,0.051898,0.016722,-0.016182942,-1197.1774477100644,-0.016182942,fallback_baseline,1197.1774477100644,2.703424706318458e-10,1.0,0.19373853200000002
google,0.25037852,google,0.072657,0.011706,Normal,0.051898,0.016722,-0.016182942,-1647.1755382921103,-0.016182942,fallback_baseline,1647.1755382921103,2.703424706318458e-10,1.0,0.26656146199999997
google,0.27851447,google,0.072657,0.011706,Normal,0.051898,0.016722,-0.016182942,-1821.037312004208,-0.016182942,fallback_baseline,1821.037312004208,2.703424706318458e-10,1.0,0.294697412
google,0.45359668,google,0.072657,0.011706,LogNormal,0.051898,0.016722,0.44604105,1.693931533880117,0.44604105,fallback_baseline,1.693931533880117,0.0,1.0,0.00755562999999998
google,1.0570563,google,0.072657,0.011706,LogNormal,0.051898,0.016722,0.44604105,136.98632670692527,0.44604105,fallback_baseline,136.98632670692527,0.0,1.0,0.6110152499999999
google,0.14500317,google,0.072657,0.011706,LogNormal,0.051898,0.016722,0.44604105,-67.49107060885987,0.44604105,fallback_baseline,67.49107060885987,0.0,1.0,0.30103788
google,0.31263462,google,0.072657,0.011706,LogNormal,0.051898,0.016722,0.44604105,-29.90900277003653,0.44604105,fallback_baseline,29.90900277003653,0.0,1.0,0.13340643000000002
google,0.5017592,google,0.072657,0.011706,LogNormal,0.051898,0.016722,0.44604105,12.491709003016643,0.44604105,fallback_baseline,12.491709003016643,0.0,1.0,0.055718149999999966
google,0.49032274,google,0.072657,0.011706,LogNormal,0.051898,0.016722,0.44604105,9.927716294273809,0.44604105,fallback_baseline,9.927716294273809,0.0,1.0,0.044281689999999985
google,0.6256672,google,0.072657,0.011706,LogNormal,0.051898,0.016722,0.44604105,40.271214947592824,0.44604105,fallback_baseline,40.271214947592824,0.0,1.0,0.17962614999999998
google,1.4422982,google,0.072657,0.011706,LogNormal,0.051898,0.016722,0.44604105,223.35548488194078,0.44604105,fallback_baseline,223.35548488194078,0.0,1.0,0.9962571499999999
google,-0.011673979,google,0.072657,0.016722,Normal,0.051898,0.016722,-0.016182942,-27.86244305887026,-0.016182942,fallback_baseline,27.86244305887026,6.96395390009652e-06,1.0,0.0045089629999999995
google,0.060340006,google,0.072657,0.016722,Normal,0.051898,0.016722,-0.016182942,-472.8617824867692,-0.016182942,fallback_baseline,472.8617824867692,6.96395390009652e-06,1.0,0.07652294800000001
google,-0.086284816,google,0.072657,0.016722,Normal,0.051898,0.016722,-0.016182942,433.18374372224787,-0.016182942,fallback_baseline,433.18374372224787,6.96395390009652e-06,1.0,0.07010187400000001
google,-0.08439714,google,0.072657,0.016722,Normal,0.051898,0.016722,-0.016182942,421.51914033925357,-0.016182942,fallback_baseline,421.51914033925357,6.96395390009652e-06,1.0,0.068214198
google,0.085476495,google,0.072657,0.016722,Normal,0.051898,0.016722,-0.016182942,-628.1888484800847,-0.016182942,fallback_baseline,628.1888484800847,6.96395390009652e-06,1.0,0.10165943699999999
google,0.1745232,google,0.072657,0.016722,Normal,0.051898,0.016722,-0.016182942,-1178.4392603026074,-0.016182942,fallback_baseline,1178.4392603026074,6.96395390009652e-06,1.0,0.190706142
google,0.124114454,google,0.072657,0.016722,Normal,0.051898,0.016722,-0.016182942,-866.9461708507638,-0.016182942,fallback_baseline,866.9461708507638,6.96395390009652e-06,1.0,0.140297396
google,0.12662123,google,0.072657,0.016722,Normal,0.051898,0.016722,-0.016182942,-882.4364074220869,-0.016182942,fallback_baseline,882.4364074220869,6.96395390009652e-06,1.0,0.142804172
google,0.4384694,google,0.072657,0.016722,LogNormal,0.051898,0.016722,0.44604105,-1.6975231315593005,0.44604105,fallback_baseline,1.6975231315593005,0.0,1.0,0.007571649999999985
google,1.0344746,google,0.072657,0.016722,LogNormal,0.051898,0.016722,0.44604105,131.9236312442543,0.44604105,fallback_baseline,131.9236312442543,0.0,1.0,0.58843355
google,0.15870214,google,0.072657,0.016722,LogNormal,0.051898,0.016722,0.44604105,-64.41983534923523,0.44604105,fallback_baseline,64.41983534923523,0.0,1.0,0.28733891
google,0.29726395,google,0.072657,0.016722,LogNormal,0.051898,0.016722,0.44604105,-33.35502416201379,0.44604105,fallback_baseline,33.35502416201379,0.0,1.0,0.1487771
google,0.45593053,google,0.072657,0.016722,LogNormal,0.051898,0.016722,0.44604105,2.2171681283594875,0.44604105,fallback_baseline,2.2171681283594875,0.0,1.0,0.009889480000000006
google,0.46218887,google,0.072657,0.016722,LogNormal,0.051898,0.016722,0.44604105,3.620254234447699,0.44604105,fallback_baseline,3.620254234447699,0.0,1.0,0.01614781999999998
google,0.6911284,google,0.072657,0.016722,LogNormal,0.051898,0.016722,0.44604105,54.947263261980034,0.44604105,fallback_baseline,54.947263261980034,0.0,1.0,0.24508734999999998
google,1.4478257,google,0.072657,0.016722,LogNormal,0.051898,0.016722,0.44604105,224.59472059802567,0.44604105,fallback_baseline,224.59472059802567,0.0,1.0,1.00178465
google,-0.040466163,google,0.072657,0.023411,Normal,0.051898,0.016722,-0.016182942,150.0544276807023,-0.016182942,fallback_baseline,150.0544276807023,0.0009560984621305169,1.0,0.024283221
google,0.047645412,google,0.072657,0.023411,Normal,0.051898,0.016722,-0.016182942,-394.4174921964128,-0.016182942,fallback_baseline,394.4174921964128,0.0009560984621305169,1.0,0.063828354
google,-0.038028393,google,0.072657,0.023411,Normal,0.051898,0.016722,-0.016182942,134.99060306834198,-0.016182942,fallback_baseline,134.99060306834198,0.0009560984621305169,1.0,0.021845451000000002
google,-0.06648944,google,0.072657,0.023411,Normal,0.051898,0.016722,-0.016182942,310.86126366886816,-0.016182942,fallback_baseline,310.86126366886816,0.0009560984621305169,1.0,0.050306498
google,0.10225414,google,0.072657,0.023411,Normal,0.051898,0.016722,-0.016182942,-731.8637241609098,-0.016182942,fallback_baseline,731.8637241609098,0.0009560984621305169,1.0,0.118437082
google,0.11349448,google,0.072657,0.023411,Normal,0.051898,0.016722,-0.016182942,-801.3216756261006,-0.016182942,fallback_baseline,801.3216756261006,0.0009560984621305169,1.0,0.129677422
google,0.26706618,google,0.072657,0.023411,Normal,0.051898,0.016722,-0.016182942,-1750.2943655115366,-0.016182942,fallback_baseline,1750.2943655115366,0.0009560984621305169,1.0,0.28324912199999996
google,0.26893085,google,0.072657,0.023411,Normal,0.051898,0.016722,-0.016182942,-1761.8168068574923,-0.016182942,fallback_baseline,1761.8168068574923,0.0009560984621305169,1.0,0.285113792
google,0.45636553,google,0.072657,0.023411,LogNormal,0.051898,0.016722,0.44604105,2.314692784442155,0.44604105,fallback_baseline,2.314692784442155,0.0,1.0,0.010324480000000025
google,0.9988745,google,0.072657,0.023411,LogNormal,0.051898,0.016722,0.44604105,123.94228064883266,0.44604105,fallback_baseline,123.94228064883266,0.0,1.0,0.5528334500000001
google,0.13992253,google,0.072657,0.023411,LogNormal,0.051898,0.016722,0.44604105,-68.63012272076752,0.44604105,fallback_baseline,68.63012272076752,0.0,1.0,0.30611852
google,0.3066008,google,0.072657,0.023411,LogNormal,0.051898,0.016722,0.44604105,-31.261752701909383,0.44604105,fallback_baseline,31.261752701909383,0.0,1.0,0.13944025
google,0.5064914,google,0.072657,0.023411,LogNormal,0.051898,0.016722,0.44604105,13.552642744429026,0.44604105,fallback_baseline,13.552642744429026,0.0,1.0,0.06045035000000004
google,0.47027463,google,0.072657,0.023411,LogNormal,0.051898,0.016722,0.44604105,5.4330380578200215,0.44604105,fallback_baseline,5.4330380578200215,0.0,1.0,0.024233580000000032
google,0.599381,google,0.072657,0.023411,LogNormal,0.051898,0.016722,0.44604105,34.37799054593743,0.44604105,fallback_baseline,34.37799054593743,0.0,1.0,0.15333995000000006
google,1.3507369,google,0.072657,0.023411,LogNormal,0.051898,0.016722,0.44604105,202.82793478313263,0.44604105,fallback_baseline,202.82793478313263,0.0,1.0,0.90469585
google,-0.052147668,google,0.072657,0.033445,Normal,0.051898,0.016722,-0.016182942,222.2384903807973,-0.016182942,fallback_baseline,222.2384903807973,0.014911533511663522,1.0,0.035964726
google,0.0068551004,google,0.072657,0.033445,Normal,0.051898,0.016722,-0.016182942,-142.3600381191504,-0.016182942,fallback_baseline,142.3600381191504,0.014911533511663522,1.0,0.0230380424
google,-5.0864553e-05,google,0.072657,0.033445,Normal,0.051898,0.016722,-0.016182942,-99.68569032132723,-0.016182942,fallback_baseline,99.68569032132723,0.014911533511663522,1.0,0.016132077446999998
google,-0.058333416,google,0.072657,0.033445,Normal,0.051898,0.016722,-0.016182942,260.4623683382169,-0.016182942,fallback_baseline,260.4623683382169,0.014911533511663522,1.0,0.042150474
google,0.10143409,google,0.072657,0.033445,Normal,0.051898,0.016722,-0.016182942,-726.7963513680023,-0.016182942,fallback_baseline,726.7963513680023,0.014911533511663522,1.0,0.11761703200000001
google,0.3162052,google,0.072657,0.033445,Normal,0.051898,0.016722,-0.016182942,-2053.941378520667,-0.016182942,fallback_baseline,2053.941378520667,0.014911533511663522,1.0,0.332388142
google,0.14331837,google,0.072657,0.033445,Normal,0.051898,0.016722,-0.016182942,-985.6138148428142,-0.016182942,fallback_baseline,985.6138148428142,0.014911533511663522,1.0,0.159501312
google,0.35393476,google,0.072657,0.033445,Normal,0.051898,0.016722,-0.016182942,-2287.0853890473068,-0.016182942,fallback_baseline,2287.0853890473068,0.014911533511663522,1.0,0.370117702
google,0.45072132,google,0.072657,0.033445,LogNormal,0.051898,0.016722,0.44604105,1.0492913152275976,0.44604105,fallback_baseline,1.0492913152275976,0.0,1.0,0.004680269999999986
google,0.9328588,google,0.072657,0.033445,LogNormal,0.051898,0.016722,0.44604105,109.14191642226652,0.44604105,fallback_baseline,109.14191642226652,0.0,1.0,0.48681775
google,0.13753729,google,0.072657,0.033445,LogNormal,0.051898,0.016722,0.44604105,-69.16488067634134,0.44604105,fallback_baseline,69.16488067634134,0.0,1.0,0.30850376
google,0.30586854,google,0.072657,0.033445,LogNormal,0.051898,0.016722,0.44604105,-31.425921448261317,0.44604105,fallback_baseline,31.425921448261317,0.0,1.0,0.14017250999999997
google,0.4884778,google,0.072657,0.033445,LogNormal,0.051898,0.016722,0.44604105,9.514090687393015,0.44604105,fallback_baseline,9.514090687393015,0.0,1.0,0.04243675000000002
google,0.4660203,google,0.072657,0.033445,LogNormal,0.051898,0.016722,0.44604105,4.479240195493219,0.44604105,fallback_baseline,4.479240195493219,0.0,1.0,0.019979250000000004
google,0.5954311,google,0.072657,0.033445,LogNormal,0.051898,0.016722,0.44604105,33.49244424924567,0.44604105,fallback_baseline,33.49244424924567,0.0,1.0,0.14939005
google,1.4402883,google,0.072657,0.033445,LogNormal,0.051898,0.016722,0.44604105,222.90487613191655,0.44604105,fallback_baseline,222.90487613191655,0.0,1.0,0.9942472499999999
google,-0.019323856,google,0.103795,0.006689,Normal,0.051898,0.016722,-0.016182942,19.40879476673649,-0.016182942,fallback_baseline,19.40879476673649,0.0,1.0,0.0031409140000000016
google,0.10081311,google,0.103795,0.006689,Normal,0.051898,0.016722,-0.016182942,-722.9591010089513,-0.016182942,fallback_baseline,722.9591010089513,0.0,1.0,0.11699605199999999
google,-0.122831605,google,0.103795,0.006689,Normal,0.051898,0.016722,-0.016182942,659.0190028488022,-0.016182942,fallback_baseline,659.0190028488022,0.0,1.0,0.106648663
google,-0.13490613,google,0.103795,0.006689,Normal,0.051898,0.016722,-0.016182942,733.631672164431,-0.016182942,fallback_baseline,733.631672164431,0.0,1.0,0.11872318800000001
google,0.07563034,google,0.103795,0.006689,Normal,0.051898,0.016722,-0.016182942,-567.3460486974494,-0.016182942,fallback_baseline,567.3460486974494,0.0,1.0,0.091813282
google,-0.052551568,google,0.103795,0.006689,Normal,0.051898,0.016722,-0.016182942,224.73432828221226,-0.016182942,fallback_baseline,224.73432828221226,0.0,1.0,0.036368626
google,0.31420332,google,0.103795,0.006689,Normal,0.051898,0.016722,-0.016182942,-2041.5710690923813,-0.016182942,fallback_baseline,2041.5710690923813,0.0,1.0,0.330386262
google,0.17904902,google,0.103795,0.006689,Normal,0.051898,0.016722,-0.016182942,-1206.4058685991708,-0.016182942,fallback_baseline,1206.4058685991708,0.0,1.0,0.195231962
google,0.4777208,google,0.103795,0.006689,LogNormal,0.051898,0.016722,0.44604105,7.102429249505176,0.44604105,fallback_baseline,7.102429249505176,0.0,1.0,0.031679750000000007
google,1.1021802,google,0.103795,0.006689,LogNormal,0.051898,0.016722,0.44604105,147.10286194510573,0.44604105,fallback_baseline,147.10286194510573,0.0,1.0,0.65613915
google,0.13731417,google,0.103795,0.006689,LogNormal,0.051898,0.016722,0.44604105,-69.21490297810033,0.44604105,fallback_baseline,69.21490297810033,0.0,1.0,0.30872688
google,0.31586486,google,0.103795,0.006689,LogNormal,0.051898,0.016722,0.44604105,-29.184800367589478,0.44604105,fallback_baseline,29.184800367589478,0.0,1.0,0.13017618999999997
google,0.49068627,google,0.103795,0.006689,LogNormal,0.051898,0.016722,0.44604105,10.009217761459396,0.44604105,fallback_baseline,10.009217761459396,0.0,1.0,0.044645219999999985
google,0.49187475,google,0.103795,0.006689,LogNormal,0.051898,0.016722,0.44604105,10.275668573553943,0.44604105,fallback_baseline,10.275668573553943,0.0,1.0,0.04583370000000003
google,0.618344,google,0.103795,0.006689,LogNormal,0.051898,0.016722,0.44604105,38.62939296730649,0.44604105,fallback_baseline,38.62939296730649,0.0,1.0,0.17230295
google,1.4141325,google,0.103795,0.006689,LogNormal,0.051898,0.016722,0.44604105,217.0408867076248,0.44604105,fallback_baseline,217.0408867076248,0.0,1.0,0.96809145
google,0.0010581769,google,0.103795,0.011706,Normal,0.051898,0.016722,-0.016182942,-106.5388413305813,-0.016182942,fallback_baseline,106.5388413305813,0.0,1.0,0.017241118899999998
google,0.100300625,google,0.103795,0.011706,Normal,0.051898,0.016722,-0.016182942,-719.7922788081427,-0.016182942,fallback_baseline,719.7922788081427,0.0,1.0,0.11648356700000001
google,-0.12996784,google,0.103795,0.011706,Normal,0.051898,0.016722,-0.016182942,703.1162689701291,-0.016182942,fallback_baseline,703.1162689701291,0.0,1.0,0.113784898
google,-0.10985432,google,0.103795,0.011706,Normal,0.051898,0.016722,-0.016182942,578.8278670219544,-0.016182942,fallback_baseline,578.8278670219544,0.0,1.0,0.093671378
google,0.015737003,google,0.103795,0.011706,Normal,0.051898,0.016722,-0.016182942,-197.2443885666772,-0.016182942,fallback_baseline,197.2443885666772,0.0,1.0,0.031919945
google,0.019242302,google,0.103795,0.011706,Normal,0.051898,0.016722,-0.016182942,-218.9048443725498,-0.016182942,fallback_baseline,218.9048443725498,0.0,1.0,0.035425243999999995
google,0.20952623,google,0.103795,0.011706,Normal,0.051898,0.016722,-0.016182942,-1394.73509822874,-0.016182942,fallback_baseline,1394.73509822874,0.0,1.0,0.225709172
google,0.2614413,google,0.103795,0.011706,Normal,0.051898,0.016722,-0.016182942,-1715.5362850586748,-0.016182942,fallback_baseline,1715.5362850586748,0.0,1.0,0.27762424199999997
google,0.48955923,google,0.103795,0.011706,LogNormal,0.051898,0.016722,0.44604105,9.756541466306748,0.44604105,fallback_baseline,9.756541466306748,0.0,1.0,0.04351818000000002
google,1.0887845,google,0.103795,0.011706,LogNormal,0.051898,0.016722,0.44604105,144.09961818536655,0.44604105,fallback_baseline,144.09961818536655,0.0,1.0,0.64274345
google,0.15022059,google,0.103795,0.011706,LogNormal,0.051898,0.016722,0.44604105,-66.32135315796607,0.44604105,fallback_baseline,66.32135315796607,0.0,1.0,0.29582046
google,0.30770856,google,0.103795,0.011706,LogNormal,0.051898,0.016722,0.44604105,-31.01339887887,0.44604105,fallback_baseline,31.01339887887,0.0,1.0,0.13833248999999997
google,0.48350024,google,0.103795,0.011706,LogNormal,0.051898,0.016722,0.44604105,8.398148556057796,0.44604105,fallback_baseline,8.398148556057796,0.0,1.0,0.03745919000000003
google,0.477472,google,0.103795,0.011706,LogNormal,0.051898,0.016722,0.44604105,7.046649630118129,0.44604105,fallback_baseline,7.046649630118129,0.0,1.0,0.03143095000000001
google,0.61729395,google,0.103795,0.011706,LogNormal,0.051898,0.016722,0.44604105,38.393977415307404,0.44604105,fallback_baseline,38.393977415307404,0.0,1.0,0.17125289999999999
google,1.4319842,google,0.103795,0.011706,LogNormal,0.051898,0.016722,0.44604105,221.04314165702908,0.44604105,fallback_baseline,221.04314165702908,0.0,1.0,0.98594315
google,-0.0054146936,google,0.103795,0.016722,Normal,0.051898,0.016722,-0.016182942,-66.54073406430055,-0.016182942,fallback_baseline,66.54073406430055,2.6986923806759933e-10,1.0,0.0107682484
google,0.09354301,google,0.103795,0.016722,Normal,0.051898,0.016722,-0.016182942,-678.0346367180949,-0.016182942,fallback_baseline,678.0346367180949,2.6986923806759933e-10,1.0,0.10972595199999999
google,-0.11911545,google,0.103795,0.016722,Normal,0.051898,0.016722,-0.016182942,636.0555948355992,-0.016182942,fallback_baseline,636.0555948355992,2.6986923806759933e-10,1.0,0.102932508
google,-0.11424784,google,0.103795,0.016722,Normal,0.051898,0.016722,-0.016182942,605.9769478256798,-0.016182942,fallback_baseline,605.9769478256798,2.6986923806759933e-10,1.0,0.09806489800000001
google,0.06466018,google,0.103795,0.016722,Normal,0.051898,0.016722,-0.016182942,-499.55763296933276,-0.016182942,fallback_baseline,499.55763296933276,2.6986923806759933e-10,1.0,0.08084312199999999
google,0.041758824,google,0.103795,0.016722,Normal,0.051898,0.016722,-0.016182942,-358.04222742687955,-0.016182942,fallback_baseline,358.04222742687955,2.6986923806759933e-10,1.0,0.057941766
google,0.08896464,google,0.103795,0.016722,Normal,0.051898,0.016722,-0.016182942,-649.7433037824643,-0.016182942,fallback_baseline,649.7433037824643,2.6986923806759933e-10,1.0,0.10514758199999999
google,0.17926505,google,0.103795,0.016722,Normal,0.051898,0.016722,-0.016182942,-1207.7407927433715,-0.016182942,fallback_baseline,1207.7407927433715,2.6986923806759933e-10,1.0,0.19544799200000001
google,0.46665564,google,0.103795,0.016722,LogNormal,0.051898,0.016722,0.44604105,4.6216800000807075,0.44604105,fallback_baseline,4.6216800000807075,0.0,1.0,0.020614589999999988
google,1.0678349,google,0.103795,0.016722,LogNormal,0.051898,0.016722,0.44604105,139.40283074842552,0.44604105,fallback_baseline,139.40283074842552,0.0,1.0,0.62179385
google,0.1434646,google,0.103795,0.016722,LogNormal,0.051898,0.016722,0.44604105,-67.83600971255896,0.44604105,fallback_baseline,67.83600971255896,0.0,1.0,0.30257645
google,0.31069702,google,0.103795,0.016722,LogNormal,0.051898,0.016722,0.44604105,-30.343402249635997,0.44604105,fallback_baseline,30.343402249635997,0.0,1.0,0.13534403
google,0.48769087,google,0.103795,0.016722,LogNormal,0.051898,0.016722,0.44604105,9.337665221620298,0.44604105,fallback_baseline,9.337665221620298,0.0,1.0,0.041649820000000004
google,0.4992485,google,0.103795,0.016722,LogNormal,0.051898,0.016722,0.44604105,11.928823591460917,0.44604105,fallback_baseline,11.928823591460917,0.0,1.0,0.05320744999999999
google,0.609177,google,0.103795,0.016722,LogNormal,0.051898,0.016722,0.44604105,36.57420096199665,0.44604105,fallback_baseline,36.57420096199665,0.0,1.0,0.16313594999999997
google,1.4167684,google,0.103795,0.016722,LogNormal,0.051898,0.016722,0.44604105,217.63184128456336,0.44604105,fallback_baseline,217.63184128456336,0.0,1.0,0.97072735
google,-0.0029608798,google,0.103795,0.023411,Normal,0.051898,0.016722,-0.016182942,-81.70369887008185,-0.016182942,fallback_baseline,81.70369887008185,4.633633467421294e-06,1.0,0.013222062199999999
google,0.08430462,google,0.103795,0.023411,Normal,0.051898,0.016722,-0.016182942,-620.9474272354187,-0.016182942,fallback_baseline,620.9474272354187,4.633633467421294e-06,1.0,0.100487562
google,-0.07411857,google,0.103795,0.023411,Normal,0.051898,0.016722,-0.016182942,358.00429860034103,-0.016182942,fallback_baseline,358.00429860034103,4.633633467421294e-06,1.0,0.057935627999999996
google,-0.07901927,google,0.103795,0.023411,Normal,0.051898,0.016722,-0.016182942,388.28742017366187,-0.016182942,fallback_baseline,388.28742017366187,4.633633467421294e-06,1.0,0.062836328
google,0.09056818,google,0.103795,0.023411,Normal,0.051898,0.016722,-0.016182942,-659.6521324738111,-0.016182942,fallback_baseline,659.6521324738111,4.633633467421294e-06,1.0,0.106751122
google,-0.08735041,google,0.103795,0.023411,Normal,0.051898,0.016722,-0.016182942,439.76841788100097,-0.016182942,fallback_baseline,439.76841788100097,4.633633467421294e-06,1.0,0.07116746800000001
google,0.112838075,google,0.103795,0.023411,Normal,0.051898,0.016722,-0.016182942,-797.2655219304377,-0.016182942,fallback_baseline,797.2655219304377,4.633633467421294e-06,1.0,0.129021017
google,0.16362631,google,0.103795,0.023411,Normal,0.051898,0.016722,-0.016182942,-1111.103605265347,-0.016182942,fallback_baseline,1111.103605265347,4.633633467421294e-06,1.0,0.179809252
google,0.46717262,google,0.103795,0.023411,LogNormal,0.051898,0.016722,0.44604105,4.737584130429249,0.44604105,fallback_baseline,4.737584130429249,0.0,1.0,0.02113156999999999
google,1.0301703,google,0.103795,0.023411,LogNormal,0.051898,0.016722,0.44604105,130.95863037718163,0.44604105,fallback_baseline,130.95863037718163,0.0,1.0,0.5841292499999999
google,0.15540774,google,0.103795,0.023411,LogNormal,0.051898,0.016722,0.44604105,-65.15842207796794,0.44604105,fallback_baseline,65.15842207796794,0.0,1.0,0.29063331000000003
google,0.307363,google,0.103795,0.023411,LogNormal,0.051898,0.016722,0.44604105,-31.090871568883628,0.44604105,fallback_baseline,31.090871568883628,0.0,1.0,0.13867805
google,0.5089684,google,0.103795,0.023411,LogNormal,0.051898,0.016722,0.44604105,14.107972797570985,0.44604105,fallback_baseline,14.107972797570985,0.0,1.0,0.06292734999999999
google,0.46490732,google,0.103795,0.023411,LogNormal,0.051898,0.016722,0.44604105,4.229716076580848,0.44604105,fallback_baseline,4.229716076580848,0.0,1.0,0.01886627000000002
google,0.666302,google,0.103795,0.023411,LogNormal,0.051898,0.016722,0.44604105,49.38131815446133,0.44604105,fallback_baseline,49.38131815446133,0.0,1.0,0.22026094999999996
google,1.4898458,google,0.103795,0.023411,LogNormal,0.051898,0.016722,0.44604105,234.01540060046045,0.44604105,fallback_baseline,234.01540060046045,0.0,1.0,1.04380475
google,-0.03979319,google,0.103795,0.033445,Normal,0.051898,0.016722,-0.016182942,145.89589457837766,-0.016182942,fallback_baseline,145.89589457837766,0.0009563816753886956,1.0,0.023610248
google,0.03480726,google,0.103795,0.033445,Normal,0.051898,0.016722,-0.016182942,-315.08610733450075,-0.016182942,fallback_baseline,315.08610733450075,0.0009563816753886956,1.0,0.050990202
google,-0.03010779,google,0.103795,0.033445,Normal,0.051898,0.016722,-0.016182942,86.04645558267465,-0.016182942,fallback_baseline,86.04645558267465,0.0009563816753886956,1.0,0.013924848
google,-0.096744545,google,0.103795,0.033445,Normal,0.051898,0.016722,-0.016182942,497.8180296265043,-0.016182942,fallback_baseline,497.8180296265043,0.0009563816753886956,1.0,0.08056160300000001
google,0.064705834,google,0.103795,0.033445,Normal,0.051898,0.016722,-0.016182942,-499.8397448374962,-0.016182942,fallback_baseline,499.8397448374962,0.0009563816753886956,1.0,0.080888776
google,0.25678426,google,0.103795,0.033445,Normal,0.051898,0.016722,-0.016182942,-1686.7588229630928,-0.016182942,fallback_baseline,1686.7588229630928,0.0009563816753886956,1.0,0.27296720199999996
google,0.25264513,google,0.103795,0.033445,Normal,0.051898,0.016722,-0.016182942,-1661.1817060210683,-0.016182942,fallback_baseline,1661.1817060210683,0.0009563816753886956,1.0,0.268828072
google,0.27168974,google,0.103795,0.033445,Normal,0.051898,0.016722,-0.016182942,-1778.864943098727,-0.016182942,fallback_baseline,1778.864943098727,0.0009563816753886956,1.0,0.287872682
google,0.4790508,google,0.103795,0.033445,LogNormal,0.051898,0.016722,0.44604105,7.400608083045272,0.44604105,fallback_baseline,7.400608083045272,0.0,1.0,0.033009750000000004
google,0.961826,google,0.103795,0.033445,LogNormal,0.051898,0.016722,0.44604105,115.6362065778475,0.44604105,fallback_baseline,115.6362065778475,0.0,1.0,0.51578495
google,0.14546321,google,0.103795,0.033445,LogNormal,0.051898,0.016722,0.44604105,-67.38793211970064,0.44604105,fallback_baseline,67.38793211970064,0.0,1.0,0.30057784
google,0.3024972,google,0.103795,0.033445,LogNormal,0.051898,0.016722,0.44604105,-32.181757710417,0.44604105,fallback_baseline,32.181757710417,0.0,1.0,0.14354384999999997
google,0.4923953,google,0.103795,0.033445,LogNormal,0.051898,0.016722,0.44604105,10.392373078666187,0.44604105,fallback_baseline,10.392373078666187,0.0,1.0,0.046354249999999986
google,0.4594884,google,0.103795,0.033445,LogNormal,0.051898,0.016722,0.44604105,3.0148234114326526,0.44604105,fallback_baseline,3.0148234114326526,0.0,1.0,0.013447350000000025
google,0.6044339,google,0.103795,0.033445,LogNormal,0.051898,0.016722,0.44604105,35.51082349931693,0.44604105,fallback_baseline,35.51082349931693,0.0,1.0,0.15839284999999997
google,1.4627887,google,0.103795,0.033445,LogNormal,0.051898,0.016722,0.44604105,227.9493445726576,0.44604105,fallback_baseline,227.9493445726576,0.0,1.0,1.01674765
snapchat,-0.06284399,snapchat,0.020759,0.006689,Normal,0.051898,0.016722,-0.064270265,-2.2191833190667425,-0.064270265,fallback_baseline,2.2191833190667425,0.0009563816753886956,1.0,0.0014262749999999907
snapchat,-0.035481907,snapchat,0.020759,0.006689,Normal,0.051898,0.016722,-0.064270265,-44.79265489258523,-0.064270265,fallback_baseline,44.79265489258523,0.0009563816753886956,1.0,0.028788357999999993
snapchat,0.018563671,snapchat,0.020759,0.006689,Normal,0.051898,0.016722,-0.064270265,-128.8837629656576,-0.064270265,fallback_baseline,128.8837629656576,0.0009563816753886956,1.0,0.082833936
snapchat,-0.06405046,snapchat,0.020759,0.006689,Normal,0.051898,0.016722,-0.064270265,-0.3420010793482641,-0.064270265,fallback_baseline,0.3420010793482641,0.0009563816753886956,1.0,0.0002198049999999896
snapchat,0.13383111,snapchat,0.020759,0.006689,Normal,0.051898,0.016722,-0.064270265,-308.2317693882233,-0.064270265,fallback_baseline,308.2317693882233,0.0009563816753886956,1.0,0.198101375
snapchat,0.480366,snapchat,0.020759,0.006689,Normal,0.051898,0.016722,-0.064270265,-847.4156205828622,-0.064270265,fallback_baseline,847.4156205828622,0.0009563816753886956,1.0,0.5446362650000001
snapchat,0.30884394,snapchat,0.020759,0.006689,Normal,0.051898,0.016722,-0.064270265,-580.5393909609677,-0.064270265,fallback_baseline,580.5393909609677,0.0009563816753886956,1.0,0.373114205
snapchat,0.36660147,snapchat,0.020759,0.006689,Normal,0.051898,0.016722,-0.064270265,-670.4060345791324,-0.064270265,fallback_baseline,670.4060345791324,0.0009563816753886956,1.0,0.430871735
snapchat,0.37928167,snapchat,0.020759,0.006689,LogNormal,0.051898,0.016722,0.34344682,10.433886096252117,0.34344682,fallback_baseline,10.433886096252117,0.0,1.0,0.03583485000000003
snapchat,0.07196833,snapchat,0.020759,0.006689,LogNormal,0.051898,0.016722,0.34344682,-79.04527693690686,0.34344682,fallback_baseline,79.04527693690686,0.0,1.0,0.27147849
snapchat,1.0138491,snapchat,0.020759,0.006689,LogNormal,0.051898,0.016722,0.34344682,195.19827844089517,0.34344682,fallback_baseline,195.19827844089517,0.0,1.0,0.67040228
snapchat,0.2569372,snapchat,0.020759,0.006689,LogNormal,0.051898,0.016722,0.34344682,-25.188650749481397,0.34344682,fallback_baseline,25.188650749481397,0.0,1.0,0.08650962000000001
snapchat,0.41355544,snapchat,0.020759,0.006689,LogNormal,0.051898,0.016722,0.34344682,20.413238940456637,0.34344682,fallback_baseline,20.413238940456637,0.0,1.0,0.07010862000000001
snapchat,0.37780106,snapchat,0.020759,0.006689,LogNormal,0.051898,0.016722,0.34344682,10.0027829636041,0.34344682,fallback_baseline,10.0027829636041,0.0,1.0,0.034354240000000036
snapchat,0.558664,snapchat,0.020759,0.006689,LogNormal,0.051898,0.016722,0.34344682,62.663902376501866,0.34344682,fallback_baseline,62.663902376501866,0.0,1.0,0.21521718000000006
snapchat,1.3888017,snapchat,0.020759,0.006689,LogNormal,0.051898,0.016722,0.34344682,304.37168700528366,0.34344682,fallback_baseline,304.37168700528366,0.0,1.0,1.0453548799999999
snapchat,-0.031316172,snapchat,0.020759,0.011706,Normal,0.051898,0.016722,-0.064270265,-51.2742447848939,-0.064270265,fallback_baseline,51.2742447848939,0.03808419796108259,1.0,0.03295409299999999
snapchat,-0.021077588,snapchat,0.020759,0.011706,Normal,0.051898,0.016722,-0.064270265,-67.20475946380492,-0.064270265,fallback_baseline,67.20475946380492,0.03808419796108259,1.0,0.04319267699999999
snapchat,0.014920321,snapchat,0.020759,0.011706,Normal,0.051898,0.016722,-0.064270265,-123.21496729475132,-0.064270265,fallback_baseline,123.21496729475132,0.03808419796108259,1.0,0.079190586
snapchat,-0.04996841,snapchat,0.020759,0.011706,Normal,0.051898,0.016722,-0.064270265,-22.252677812982405,-0.064270265,fallback_baseline,22.252677812982405,0.03808419796108259,1.0,0.014301854999999995
snapchat,0.08178991,snapchat,0.020759,0.011706,Normal,0.051898,0.016722,-0.064270265,-227.25933213438594,-0.064270265,fallback_baseline,227.25933213438594,0.03808419796108259,1.0,0.146060175
snapchat,0.3820372,snapchat,0.020759,0.011706,Normal,0.051898,0.016722,-0.064270265,-694.4229419312337,-0.064270265,fallback_baseline,694.4229419312337,0.03808419796108259,1.0,0.446307465
snapchat,0.3134499,snapchat,0.020759,0.011706,Normal,0.051898,0.016722,-0.064270265,-587.7059399086032,-0.064270265,fallback_baseline,587.7059399086032,0.03808419796108259,1.0,0.377720165
snapchat,0.2583583,snapchat,0.020759,0.011706,Normal,0.051898,0.016722,-0.064270265,-501.9872953690171,-0.064270265,fallback_baseline,501.9872953690171,0.03808419796108259,1.0,0.322628565
snapchat,0.3332972,snapchat,0.020759,0.011706,LogNormal,0.051898,0.016722,0.34344682,-2.9552231696307367,0.34344682,fallback_baseline,2.9552231696307367,0.0,1.0,0.01014961999999997
snapchat,0.07318647,snapchat,0.020759,0.011706,LogNormal,0.051898,0.016722,0.34344682,-78.69059611616144,0.34344682,fallback_baseline,78.69059611616144,0.0,1.0,0.27026035
snapchat,1.0085881,snapchat,0.020759,0.011706,LogNormal,0.051898,0.016722,0.34344682,193.6664546784856,0.34344682,fallback_baseline,193.6664546784856,0.0,1.0,0.6651412800000001
snapchat,0.2346123,snapchat,0.020759,0.011706,LogNormal,0.051898,0.016722,0.34344682,-31.688900191301812,0.34344682,fallback_baseline,31.688900191301812,0.0,1.0,0.10883451999999999
snapchat,0.39794257,snapchat,0.020759,0.011706,LogNormal,0.051898,0.016722,0.34344682,15.867303706582584,0.34344682,fallback_baseline,15.867303706582584,0.0,1.0,0.05449575000000001
snapchat,0.33707952,snapchat,0.020759,0.011706,LogNormal,0.051898,0.016722,0.34344682,-1.8539405896959433,0.34344682,fallback_baseline,1.8539405896959433,0.0,1.0,0.006367299999999965
snapchat,0.6234964,snapchat,0.020759,0.011706,LogNormal,0.051898,0.016722,0.34344682,81.54088600965936,0.34344682,fallback_baseline,81.54088600965936,0.0,1.0,0.28004957999999996
snapchat,1.3646169,snapchat,0.020759,0.011706,LogNormal,0.051898,0.016722,0.34344682,297.3298981193071,0.34344682,fallback_baseline,297.3298981193071,0.0,1.0,1.0211700799999999
snapchat,-0.065423004,snapchat,0.020759,0.016722,Normal,0.051898,0.016722,-0.064270265,1.7935805928293804,-0.064270265,fallback_baseline,1.7935805928293804,0.10722559594195208,1.0,0.0011527390000000137
snapchat,-0.029555107,snapchat,0.020759,0.016722,Normal,0.051898,0.016722,-0.064270265,-54.014337734565125,-0.064270265,fallback_baseline,54.014337734565125,0.10722559594195208,1.0,0.034715157999999996
snapchat,0.013745068,snapchat,0.020759,0.016722,Normal,0.051898,0.016722,-0.064270265,-121.38635650560956,-0.064270265,fallback_baseline,121.38635650560956,0.10722559594195208,1.0,0.07801533299999999
snapchat,-0.059423935,snapchat,0.020759,0.016722,Normal,0.051898,0.016722,-0.064270265,-7.54054771673961,-0.064270265,fallback_baseline,7.54054771673961,0.10722559594195208,1.0,0.004846329999999996
snapchat,0.091988295,snapchat,0.020759,0.016722,Normal,0.051898,0.016722,-0.064270265,-243.127300004131,-0.064270265,fallback_baseline,243.127300004131,0.10722559594195208,1.0,0.15625856
snapchat,0.46538872,snapchat,0.020759,0.016722,Normal,0.051898,0.016722,-0.064270265,-824.1120291008602,-0.064270265,fallback_baseline,824.1120291008602,0.10722559594195208,1.0,0.529658985
snapchat,0.2877603,snapchat,0.020759,0.016722,Normal,0.051898,0.016722,-0.064270265,-547.7347339395599,-0.064270265,fallback_baseline,547.7347339395599,0.10722559594195208,1.0,0.352030565
snapchat,0.42095438,snapchat,0.020759,0.016722,Normal,0.051898,0.016722,-0.064270265,-754.9753295711478,-0.064270265,fallback_baseline,754.9753295711478,0.10722559594195208,1.0,0.485224645
snapchat,0.34325045,snapchat,0.020759,0.016722,LogNormal,0.051898,0.016722,0.34344682,-0.05717624638364719,0.34344682,fallback_baseline,0.05717624638364719,0.0,1.0,0.00019637000000000127
snapchat,0.07184036,snapchat,0.020759,0.016722,LogNormal,0.051898,0.016722,0.34344682,-79.08253743621793,0.34344682,fallback_baseline,79.08253743621793,0.0,1.0,0.27160646
snapchat,0.99454516,snapchat,0.020759,0.016722,LogNormal,0.051898,0.016722,0.34344682,189.5776295148111,0.34344682,fallback_baseline,189.5776295148111,0.0,1.0,0.6510983400000001
snapchat,0.23266914,snapchat,0.020759,0.016722,LogNormal,0.051898,0.016722,0.34344682,-32.25468210769865,0.34344682,fallback_baseline,32.25468210769865,0.0,1.0,0.11077767999999999
snapchat,0.38142404,snapchat,0.020759,0.016722,LogNormal,0.051898,0.016722,0.34344682,11.057671170168364,0.34344682,fallback_baseline,11.057671170168364,0.0,1.0,0.037977220000000034
snapchat,0.3792326,snapchat,0.020759,0.016722,LogNormal,0.051898,0.016722,0.34344682,10.419598585888782,0.34344682,fallback_baseline,10.419598585888782,0.0,1.0,0.03578577999999999
snapchat,0.5928734,snapchat,0.020759,0.016722,LogNormal,0.051898,0.016722,0.34344682,72.62451287218208,0.34344682,fallback_baseline,72.62451287218208,0.0,1.0,0.24942658
snapchat,1.369708,snapchat,0.020759,0.016722,LogNormal,0.051898,0.016722,0.34344682,298.8122527965174,0.34344682,fallback_baseline,298.8122527965174,0.0,1.0,1.0262611799999999
snapchat,-0.048079986,snapchat,0.020759,0.023411,Normal,0.051898,0.016722,-0.064270265,-25.19093238529512,-0.064270265,fallback_baseline,25.19093238529512,0.18761485599940692,1.0,0.016190278999999995
snapchat,-0.0230044,snapchat,0.020759,0.023411,Normal,0.051898,0.016722,-0.064270265,-64.2067758706145,-0.064270265,fallback_baseline,64.2067758706145,0.18761485599940692,1.0,0.04126586499999999
snapchat,0.016149089,snapchat,0.020759,0.023411,Normal,0.051898,0.016722,-0.064270265,-125.12684365001452,-0.064270265,fallback_baseline,125.12684365001452,0.18761485599940692,1.0,0.080419354
snapchat,-0.060106546,snapchat,0.020759,0.023411,Normal,0.051898,0.016722,-0.064270265,-6.478453138477018,-0.064270265,fallback_baseline,6.478453138477018,0.18761485599940692,1.0,0.004163718999999996
snapchat,0.103784226,snapchat,0.020759,0.023411,Normal,0.051898,0.016722,-0.064270265,-261.4809367909094,-0.064270265,fallback_baseline,261.4809367909094,0.18761485599940692,1.0,0.16805449099999997
snapchat,0.408755,snapchat,0.020759,0.023411,Normal,0.051898,0.016722,-0.064270265,-735.9939545915985,-0.064270265,fallback_baseline,735.9939545915985,0.18761485599940692,1.0,0.473025265
snapchat,0.2843058,snapchat,0.020759,0.023411,Normal,0.051898,0.016722,-0.064270265,-542.3597755509488,-0.064270265,fallback_baseline,542.3597755509488,0.18761485599940692,1.0,0.348576065
snapchat,0.3980706,snapchat,0.020759,0.023411,Normal,0.051898,0.016722,-0.064270265,-719.3697816556381,-0.064270265,fallback_baseline,719.3697816556381,0.18761485599940692,1.0,0.462340865
snapchat,0.38399005,snapchat,0.020759,0.023411,LogNormal,0.051898,0.016722,0.34344682,11.80480576294171,0.34344682,fallback_baseline,11.80480576294171,0.0,1.0,0.04054323000000004
snapchat,0.06762691,snapchat,0.020759,0.023411,LogNormal,0.051898,0.016722,0.34344682,-80.30935036754744,0.34344682,fallback_baseline,80.30935036754744,0.0,1.0,0.27581991
snapchat,0.96362704,snapchat,0.020759,0.023411,LogNormal,0.051898,0.016722,0.34344682,180.57532749902882,0.34344682,fallback_baseline,180.57532749902882,0.0,1.0,0.62018022
snapchat,0.24694714,snapchat,0.020759,0.023411,LogNormal,0.051898,0.016722,0.34344682,-28.097415489245172,0.34344682,fallback_baseline,28.097415489245172,0.0,1.0,0.09649967999999998
snapchat,0.39193946,snapchat,0.020759,0.023411,LogNormal,0.051898,0.016722,0.34344682,14.119402823412381,0.34344682,fallback_baseline,14.119402823412381,0.0,1.0,0.04849264000000003
snapchat,0.40216127,snapchat,0.020759,0.023411,LogNormal,0.051898,0.016722,0.34344682,17.095645258849693,0.34344682,fallback_baseline,17.095645258849693,0.0,1.0,0.05871445000000003
snapchat,0.5099579,snapchat,0.020759,0.023411,LogNormal,0.051898,0.016722,0.34344682,48.4823472815966,0.34344682,fallback_baseline,48.4823472815966,0.0,1.0,0.16651107999999998
snapchat,1.3956164,snapchat,0.020759,0.023411,LogNormal,0.051898,0.016722,0.34344682,306.35589521545137,0.34344682,fallback_baseline,306.35589521545137,0.0,1.0,1.05216958
snapchat,-0.053678114,snapchat,0.020759,0.033445,Normal,0.051898,0.016722,-0.064270265,-16.480639997361138,-0.064270265,fallback_baseline,16.480639997361138,0.26740157934200925,0.0,0.010592150999999994
snapchat,-0.022041958,snapchat,0.020759,0.033445,Normal,0.051898,0.016722,-0.064270265,-65.704267751191,-0.064270265,fallback_baseline,65.704267751191,0.26740157934200925,0.0,0.04222830699999999
snapchat,0.011035694,snapchat,0.020759,0.033445,Normal,0.051898,0.016722,-0.064270265,-117.17076162670249,-0.064270265,fallback_baseline,117.17076162670249,0.26740157934200925,0.0,0.07530595899999999
snapchat,-0.100055836,snapchat,0.020759,0.033445,Normal,0.051898,0.016722,-0.064270265,55.679824877025176,-0.064270265,fallback_baseline,55.679824877025176,0.26740157934200925,0.0,0.035785571
snapchat,0.10345844,snapchat,0.020759,0.033445,Normal,0.051898,0.016722,-0.064270265,-260.97403674934276,-0.064270265,fallback_baseline,260.97403674934276,0.26740157934200925,0.0,0.16772870499999998
snapchat,0.43670774,snapchat,0.020759,0.033445,Normal,0.051898,0.016722,-0.064270265,-779.486446803977,-0.064270265,fallback_baseline,779.486446803977,0.26740157934200925,0.0,0.500978005
snapchat,0.3760311,snapchat,0.020759,0.033445,Normal,0.051898,0.016722,-0.064270265,-685.077873881491,-0.064270265,fallback_baseline,685.077873881491,0.26740157934200925,0.0,0.440301365
snapchat,0.4550828,snapchat,0.020759,0.033445,Normal,0.051898,0.016722,-0.064270265,-808.0767443544851,-0.064270265,fallback_baseline,808.0767443544851,0.26740157934200925,0.0,0.519353065
snapchat,0.3709397,snapchat,0.020759,0.033445,LogNormal,0.051898,0.016722,0.34344682,8.004988952874859,0.34344682,fallback_baseline,8.004988952874859,0.0,1.0,0.027492879999999997
snapchat,0.060124118,snapchat,0.020759,0.033445,LogNormal,0.051898,0.016722,0.34344682,-82.49390749927456,0.34344682,fallback_baseline,82.49390749927456,0.0,1.0,0.283322702
snapchat,0.91954005,snapchat,0.020759,0.033445,LogNormal,0.051898,0.016722,0.34344682,167.73869969155635,0.34344682,fallback_baseline,167.73869969155635,0.0,1.0,0.5760932300000001
snapchat,0.2491761,snapchat,0.020759,0.033445,LogNormal,0.051898,0.016722,0.34344682,-27.44841836066497,0.34344682,fallback_baseline,27.44841836066497,0.0,1.0,0.09427071999999997
snapchat,0.34862858,snapchat,0.020759,0.033445,LogNormal,0.051898,0.016722,0.34344682,1.508751777058246,0.34344682,fallback_baseline,1.508751777058246,0.0,1.0,0.005181760000000035
snapchat,0.40397105,snapchat,0.020759,0.033445,LogNormal,0.051898,0.016722,0.34344682,17.622591468455003,0.34344682,fallback_baseline,17.622591468455003,0.0,1.0,0.06052423000000001
snapchat,0.5015169,snapchat,0.020759,0.033445,LogNormal,0.051898,0.016722,0.34344682,46.02461597984808,0.34344682,fallback_baseline,46.02461597984808,0.0,1.0,0.15807008000000006
snapchat,1.3128903,snapchat,0.020759,0.033445,LogNormal,0.051898,0.016722,0.34344682,282.2688764449763,0.34344682,fallback_baseline,282.2688764449763,0.0,1.0,0.96944348
snapchat,-0.059244823,snapchat,0.036328,0.006689,Normal,0.051898,0.016722,-0.064270265,-7.81923335775882,-0.064270265,fallback_baseline,7.81923335775882,2.8018604769641797e-08,1.0,0.005025441999999991
snapchat,-0.0322754,snapchat,0.036328,0.006689,Normal,0.051898,0.016722,-0.064270265,-49.78175366166608,-0.064270265,fallback_baseline,49.78175366166608,2.8018604769641797e-08,1.0,0.03199486499999999
snapchat,0.036231823,snapchat,0.036328,0.006689,Normal,0.051898,0.016722,-0.064270265,-156.37416151932777,-0.064270265,fallback_baseline,156.37416151932777,2.8018604769641797e-08,1.0,0.10050208799999999
snapchat,-0.05165886,snapchat,0.036328,0.006689,Normal,0.051898,0.016722,-0.064270265,-19.622456823540396,-0.064270265,fallback_baseline,19.622456823540396,2.8018604769641797e-08,1.0,0.012611404999999992
snapchat,0.0836425,snapchat,0.036328,0.006689,Normal,0.051898,0.016722,-0.064270265,-230.14183152971287,-0.064270265,fallback_baseline,230.14183152971287,2.8018604769641797e-08,1.0,0.147912765
snapchat,0.3979835,snapchat,0.036328,0.006689,Normal,0.051898,0.016722,-0.064270265,-719.2342601979313,-0.064270265,fallback_baseline,719.2342601979313,2.8018604769641797e-08,1.0,0.462253765
snapchat,0.32730252,snapchat,0.036328,0.006689,Normal,0.051898,0.016722,-0.064270265,-609.2596397416442,-0.064270265,fallback_baseline,609.2596397416442,2.8018604769641797e-08,1.0,0.391572785
snapchat,0.39734155,snapchat,0.036328,0.006689,Normal,0.051898,0.016722,-0.064270265,-718.2354312682545,-0.064270265,fallback_baseline,718.2354312682545,2.8018604769641797e-08,1.0,0.461611815
snapchat,0.34421214,snapchat,0.036328,0.006689,LogNormal,0.051898,0.016722,0.34344682,0.22283508113425357,0.34344682,fallback_baseline,0.22283508113425357,0.0,1.0,0.0007653200000000138
snapchat,0.07150686,snapchat,0.036328,0.006689,LogNormal,0.051898,0.016722,0.34344682,-79.17964126149137,0.34344682,fallback_baseline,79.17964126149137,0.0,1.0,0.27193996
snapchat,1.03145,snapchat,0.036328,0.006689,LogNormal,0.051898,0.016722,0.34344682,200.32306020477927,0.34344682,fallback_baseline,200.32306020477927,0.0,1.0,0.6880031799999999
snapchat,0.25507516,snapchat,0.036328,0.006689,LogNormal,0.051898,0.016722,0.34344682,-25.73081328864829,0.34344682,fallback_baseline,25.73081328864829,0.0,1.0,0.08837165999999996
snapchat,0.39492816,snapchat,0.036328,0.006689,LogNormal,0.051898,0.016722,0.34344682,14.989610327444579,0.34344682,fallback_baseline,14.989610327444579,0.0,1.0,0.05148133999999999
snapchat,0.38467714,snapchat,0.036328,0.006689,LogNormal,0.051898,0.016722,0.34344682,12.00486293627642,0.34344682,fallback_baseline,12.00486293627642,0.0,1.0,0.04123031999999999
snapchat,0.5233339,snapchat,0.036328,0.006689,LogNormal,0.051898,0.016722,0.34344682,52.37698226467784,0.34344682,fallback_baseline,52.37698226467784,0.0,1.0,0.17988708000000003
snapchat,1.4590745,snapchat,0.036328,0.006689,LogNormal,0.051898,0.016722,0.34344682,324.83272956203234,0.34344682,fallback_baseline,324.83272956203234,0.0,1.0,1.11562768
snapchat,-0.06411822,snapchat,0.036328,0.011706,Normal,0.051898,0.016722,-0.064270265,-0.23657129778442576,-0.064270265,fallback_baseline,0.23657129778442576,0.0009566649535852068,1.0,0.00015204499999998955
snapchat,-0.043475255,snapchat,0.036328,0.011706,Normal,0.051898,0.016722,-0.064270265,-32.35556909559965,-0.064270265,fallback_baseline,32.35556909559965,0.0009566649535852068,1.0,0.020795009999999996
snapchat,0.029086336,snapchat,0.036328,0.011706,Normal,0.051898,0.016722,-0.064270265,-145.25628764717246,-0.064270265,fallback_baseline,145.25628764717246,0.0009566649535852068,1.0,0.093356601
snapchat,-0.038886897,snapchat,0.036328,0.011706,Normal,0.051898,0.016722,-0.064270265,-39.49473057252837,-0.064270265,fallback_baseline,39.49473057252837,0.0009566649535852068,1.0,0.025383367999999996
snapchat,0.097937234,snapchat,0.036328,0.011706,Normal,0.051898,0.016722,-0.064270265,-252.38342956886828,-0.064270265,fallback_baseline,252.38342956886828,0.0009566649535852068,1.0,0.16220749899999998
snapchat,0.4051578,snapchat,0.036328,0.011706,Normal,0.051898,0.016722,-0.064270265,-730.3969650661936,-0.064270265,fallback_baseline,730.3969650661936,0.0009566649535852068,1.0,0.469428065
snapchat,0.39827254,snapchat,0.036328,0.011706,Normal,0.051898,0.016722,-0.064270265,-719.6839860548265,-0.064270265,fallback_baseline,719.6839860548265,0.0009566649535852068,1.0,0.462542805
snapchat,0.41888317,snapchat,0.036328,0.011706,Normal,0.051898,0.016722,-0.064270265,-751.7526728729065,-0.064270265,fallback_baseline,751.7526728729065,0.0009566649535852068,1.0,0.483153435
snapchat,0.37436834,snapchat,0.036328,0.011706,LogNormal,0.051898,0.016722,0.34344682,9.003291979818021,0.34344682,fallback_baseline,9.003291979818021,0.0,1.0,0.030921520000000036
snapchat,0.071486324,snapchat,0.036328,0.011706,LogNormal,0.051898,0.016722,0.34344682,-79.18562064426743,0.34344682,fallback_baseline,79.18562064426743,0.0,1.0,0.271960496
snapchat,1.0255406,snapchat,0.036328,0.011706,LogNormal,0.051898,0.016722,0.34344682,198.6024444774303,0.34344682,fallback_baseline,198.6024444774303,0.0,1.0,0.68209378
snapchat,0.2120417,snapchat,0.036328,0.011706,LogNormal,0.051898,0.016722,0.34344682,-38.26068909300135,0.34344682,fallback_baseline,38.26068909300135,0.0,1.0,0.13140512
snapchat,0.40639526,snapchat,0.036328,0.011706,LogNormal,0.051898,0.016722,0.34344682,18.328438737618825,0.34344682,fallback_baseline,18.328438737618825,0.0,1.0,0.06294844
snapchat,0.4436478,snapchat,0.036328,0.011706,LogNormal,0.051898,0.016722,0.34344682,29.175107808539323,0.34344682,fallback_baseline,29.175107808539323,0.0,1.0,0.10020098
snapchat,0.60368073,snapchat,0.036328,0.011706,LogNormal,0.051898,0.016722,0.34344682,75.77123876121492,0.34344682,fallback_baseline,75.77123876121492,0.0,1.0,0.26023391
snapchat,1.4437779,snapchat,0.036328,0.011706,LogNormal,0.051898,0.016722,0.34344682,320.37888136509747,0.34344682,fallback_baseline,320.37888136509747,0.0,1.0,1.10033108
snapchat,-0.05364726,snapchat,0.036328,0.016722,Normal,0.051898,0.016722,-0.064270265,-16.528646645536615,-0.064270265,fallback_baseline,16.528646645536615,0.014910212687865743,1.0,0.010623004999999991
snapchat,-0.023130028,snapchat,0.036328,0.016722,Normal,0.051898,0.016722,-0.064270265,-64.01130756190285,-0.064270265,fallback_baseline,64.01130756190285,0.014910212687865743,1.0,0.041140236999999996
snapchat,0.024078015,snapchat,0.036328,0.016722,Normal,0.051898,0.016722,-0.064270265,-137.46369335804047,-0.064270265,fallback_baseline,137.46369335804047,0.014910212687865743,1.0,0.08834828
snapchat,-0.08060931,snapchat,0.036328,0.016722,Normal,0.051898,0.016722,-0.064270265,25.422401790314716,-0.064270265,fallback_baseline,25.422401790314716,0.014910212687865743,1.0,0.01633904500000001
snapchat,0.12070962,snapchat,0.036328,0.016722,Normal,0.051898,0.016722,-0.064270265,-287.8156562758844,-0.064270265,fallback_baseline,287.8156562758844,0.014910212687865743,1.0,0.184979885
snapchat,0.40802327,snapchat,0.036328,0.016722,Normal,0.051898,0.016722,-0.064270265,-734.8554343132085,-0.064270265,fallback_baseline,734.8554343132085,0.014910212687865743,1.0,0.472293535
snapchat,0.2944562,snapchat,0.036328,0.016722,Normal,0.051898,0.016722,-0.064270265,-558.1530821445969,-0.064270265,fallback_baseline,558.1530821445969,0.014910212687865743,1.0,0.358726465
snapchat,0.373317,snapchat,0.036328,0.016722,Normal,0.051898,0.016722,-0.064270265,-680.8549256798616,-0.064270265,fallback_baseline,680.8549256798616,0.014910212687865743,1.0,0.437587265
snapchat,0.38465935,snapchat,0.036328,0.016722,LogNormal,0.051898,0.016722,0.34344682,11.999683095042204,0.34344682,fallback_baseline,11.999683095042204,0.0,1.0,0.041212530000000025
snapchat,0.070155755,snapchat,0.036328,0.016722,LogNormal,0.051898,0.016722,0.34344682,-79.57303695518276,0.34344682,fallback_baseline,79.57303695518276,0.0,1.0,0.273291065
snapchat,1.0104316,snapchat,0.036328,0.016722,LogNormal,0.051898,0.016722,0.34344682,194.2032190019986,0.34344682,fallback_baseline,194.2032190019986,0.0,1.0,0.6669847799999999
snapchat,0.25466722,snapchat,0.036328,0.016722,LogNormal,0.051898,0.016722,0.34344682,-25.849591502987266,0.34344682,fallback_baseline,25.849591502987266,0.0,1.0,0.08877959999999996
snapchat,0.3950158,snapchat,0.036328,0.016722,LogNormal,0.051898,0.016722,0.34344682,15.015128106296045,0.34344682,fallback_baseline,15.015128106296045,0.0,1.0,0.051568979999999986
snapchat,0.39021435,snapchat,0.036328,0.016722,LogNormal,0.051898,0.016722,0.34344682,13.617109629956683,0.34344682,fallback_baseline,13.617109629956683,0.0,1.0,0.04676753
snapchat,0.5235175,snapchat,0.036328,0.016722,LogNormal,0.051898,0.016722,0.34344682,52.43044032260947,0.34344682,fallback_baseline,52.43044032260947,0.0,1.0,0.18007067999999998
snapchat,1.4035203,snapchat,0.036328,0.016722,LogNormal,0.051898,0.016722,0.34344682,308.6572413161374,0.34344682,fallback_baseline,308.6572413161374,0.0,1.0,1.06007348
snapchat,-0.06706713,snapchat,0.036328,0.023411,Normal,0.051898,0.016722,-0.064270265,4.351724705040519,-0.064270265,fallback_baseline,4.351724705040519,0.060361125345890554,1.0,0.0027968650000000095
snapchat,-0.028239291,snapchat,0.036328,0.023411,Normal,0.051898,0.016722,-0.064270265,-56.061654639202125,-0.064270265,fallback_baseline,56.061654639202125,0.060361125345890554,1.0,0.03603097399999999
snapchat,0.018708892,snapchat,0.036328,0.023411,Normal,0.051898,0.016722,-0.064270265,-129.10971660067062,-0.064270265,fallback_baseline,129.10971660067062,0.060361125345890554,1.0,0.082979157
snapchat,-0.06078414,snapchat,0.036328,0.023411,Normal,0.051898,0.016722,-0.064270265,-5.42416465841551,-0.064270265,fallback_baseline,5.42416465841551,0.060361125345890554,1.0,0.0034861249999999927
snapchat,0.07693675,snapchat,0.036328,0.023411,Normal,0.051898,0.016722,-0.064270265,-219.70815741929803,-0.064270265,fallback_baseline,219.70815741929803,0.060361125345890554,1.0,0.141207015
snapchat,0.43987903,snapchat,0.036328,0.023411,Normal,0.051898,0.016722,-0.064270265,-784.4207504045611,-0.064270265,fallback_baseline,784.4207504045611,0.060361125345890554,1.0,0.5041492949999999
snapchat,0.39238816,snapchat,0.036328,0.023411,Normal,0.051898,0.016722,-0.064270265,-710.5283057413876,-0.064270265,fallback_baseline,710.5283057413876,0.060361125345890554,1.0,0.456658425
snapchat,0.4051612,snapchat,0.036328,0.023411,Normal,0.051898,0.016722,-0.064270265,-730.4022552264255,-0.064270265,fallback_baseline,730.4022552264255,0.060361125345890554,1.0,0.469431465
snapchat,0.34859622,snapchat,0.036328,0.023411,LogNormal,0.051898,0.016722,0.34344682,1.4993296487648442,0.34344682,fallback_baseline,1.4993296487648442,0.0,1.0,0.005149400000000026
snapchat,0.0671718,snapchat,0.036328,0.023411,LogNormal,0.051898,0.016722,0.34344682,-80.44186287705328,0.34344682,fallback_baseline,80.44186287705328,0.0,1.0,0.27627502
snapchat,0.98832214,snapchat,0.036328,0.023411,LogNormal,0.051898,0.016722,0.34344682,187.76569834013893,0.34344682,fallback_baseline,187.76569834013893,0.0,1.0,0.6448753199999999
snapchat,0.2463396,snapchat,0.036328,0.023411,LogNormal,0.051898,0.016722,0.34344682,-28.27431041580178,0.34344682,fallback_baseline,28.27431041580178,0.0,1.0,0.09710722
snapchat,0.39034018,snapchat,0.036328,0.023411,LogNormal,0.051898,0.016722,0.34344682,13.653747034257005,0.34344682,fallback_baseline,13.653747034257005,0.0,1.0,0.046893359999999995
snapchat,0.38660038,snapchat,0.036328,0.023411,LogNormal,0.051898,0.016722,0.34344682,12.564844828087223,0.34344682,fallback_baseline,12.564844828087223,0.0,1.0,0.043153560000000035
snapchat,0.6029487,snapchat,0.036328,0.023411,LogNormal,0.051898,0.016722,0.34344682,75.55809659265444,0.34344682,fallback_baseline,75.55809659265444,0.0,1.0,0.25950188
snapchat,1.5143213,snapchat,0.036328,0.023411,LogNormal,0.051898,0.016722,0.34344682,340.91871341245786,0.34344682,fallback_baseline,340.91871341245786,0.0,1.0,1.17087448
snapchat,-0.0698184,snapchat,0.036328,0.033445,Normal,0.051898,0.016722,-0.064270265,8.63250680544107,-0.064270265,fallback_baseline,8.63250680544107,0.13869498752754772,1.0,0.00554813500000001
snapchat,-0.03491162,snapchat,0.036328,0.033445,Normal,0.051898,0.016722,-0.064270265,-45.67998124793791,-0.064270265,fallback_baseline,45.67998124793791,0.13869498752754772,1.0,0.029358644999999996
snapchat,0.01258913,snapchat,0.036328,0.033445,Normal,0.051898,0.016722,-0.064270265,-119.58779849437373,-0.064270265,fallback_baseline,119.58779849437373,0.13869498752754772,1.0,0.076859395
snapchat,-0.056330703,snapchat,0.036328,0.033445,Normal,0.051898,0.016722,-0.064270265,-12.353398573975058,-0.064270265,fallback_baseline,12.353398573975058,0.13869498752754772,1.0,0.00793956199999999
snapchat,0.09835815,snapchat,0.036328,0.033445,Normal,0.051898,0.016722,-0.064270265,-253.03834518186602,-0.064270265,fallback_baseline,253.03834518186602,0.13869498752754772,1.0,0.162628415
snapchat,0.50845826,snapchat,0.036328,0.033445,Normal,0.051898,0.016722,-0.064270265,-891.1251960762884,-0.064270265,fallback_baseline,891.1251960762884,0.13869498752754772,1.0,0.572728525
snapchat,0.29291198,snapchat,0.036328,0.033445,Normal,0.051898,0.016722,-0.064270265,-555.7503847230131,-0.064270265,fallback_baseline,555.7503847230131,0.13869498752754772,1.0,0.357182245
snapchat,0.4769392,snapchat,0.036328,0.033445,Normal,0.051898,0.016722,-0.064270265,-842.0837614408468,-0.064270265,fallback_baseline,842.0837614408468,0.13869498752754772,1.0,0.541209465
snapchat,0.3481136,snapchat,0.036328,0.033445,LogNormal,0.051898,0.016722,0.34344682,1.3588071655460479,0.34344682,fallback_baseline,1.3588071655460479,0.0,1.0,0.004666780000000037
snapchat,0.067242846,snapchat,0.036328,0.033445,LogNormal,0.051898,0.016722,0.34344682,-80.42117670502815,0.34344682,fallback_baseline,80.42117670502815,0.0,1.0,0.27620397399999996
snapchat,0.9494321,snapchat,0.036328,0.033445,LogNormal,0.051898,0.016722,0.34344682,176.44224511963748,0.34344682,fallback_baseline,176.44224511963748,0.0,1.0,0.6059852800000001
snapchat,0.244386,snapchat,0.036328,0.033445,LogNormal,0.051898,0.016722,0.34344682,-28.843132104120226,0.34344682,fallback_baseline,28.843132104120226,0.0,1.0,0.09906082
snapchat,0.404814,snapchat,0.036328,0.033445,LogNormal,0.051898,0.016722,0.34344682,17.868029757853055,0.34344682,fallback_baseline,17.868029757853055,0.0,1.0,0.06136718000000002
snapchat,0.38279194,snapchat,0.036328,0.033445,LogNormal,0.051898,0.016722,0.34344682,11.45595699503056,0.34344682,fallback_baseline,11.45595699503056,0.0,1.0,0.03934512000000001
snapchat,0.5323268,snapchat,0.036328,0.033445,LogNormal,0.051898,0.016722,0.34344682,54.99540802270349,0.34344682,fallback_baseline,54.99540802270349,0.0,1.0,0.18887998
snapchat,1.4490168,snapchat,0.036328,0.033445,LogNormal,0.051898,0.016722,0.34344682,321.9042703612746,0.34344682,fallback_baseline,321.9042703612746,0.0,1.0,1.10556998
snapchat,-0.054498572,snapchat,0.051898,0.006689,Normal,0.051898,0.016722,-0.064270265,-15.204065208070936,-0.064270265,fallback_baseline,15.204065208070936,4.274358644806853e-15,1.0,0.009771692999999991
snapchat,-0.027715486,snapchat,0.051898,0.006689,Normal,0.051898,0.016722,-0.064270265,-56.876658280466096,-0.064270265,fallback_baseline,56.876658280466096,4.274358644806853e-15,1.0,0.036554778999999996
snapchat,0.051388104,snapchat,0.051898,0.006689,Normal,0.051898,0.016722,-0.064270265,-179.95626593417657,-0.064270265,fallback_baseline,179.95626593417657,4.274358644806853e-15,1.0,0.11565836899999998
snapchat,-0.067873225,snapchat,0.051898,0.006689,Normal,0.051898,0.016722,-0.064270265,5.605951679209666,-0.064270265,fallback_baseline,5.605951679209666,4.274358644806853e-15,1.0,0.0036029600000000023
snapchat,0.095247604,snapchat,0.051898,0.006689,Normal,0.051898,0.016722,-0.064270265,-248.19855496161406,-0.064270265,fallback_baseline,248.19855496161406,4.274358644806853e-15,1.0,0.15951786899999998
snapchat,0.334805,snapchat,0.051898,0.006689,Normal,0.051898,0.016722,-0.064270265,-620.9329695466481,-0.064270265,fallback_baseline,620.9329695466481,4.274358644806853e-15,1.0,0.399075265
snapchat,0.24811235,snapchat,0.051898,0.006689,Normal,0.051898,0.016722,-0.064270265,-486.04531971355647,-0.064270265,fallback_baseline,486.04531971355647,4.274358644806853e-15,1.0,0.312382615
snapchat,0.32763308,snapchat,0.051898,0.006689,Normal,0.051898,0.016722,-0.064270265,-609.7739677905483,-0.064270265,fallback_baseline,609.7739677905483,4.274358644806853e-15,1.0,0.391903345
snapchat,0.41445088,snapchat,0.051898,0.006689,LogNormal,0.051898,0.016722,0.34344682,20.673960527571644,0.34344682,fallback_baseline,20.673960527571644,0.0,1.0,0.07100406000000004
snapchat,0.07134742,snapchat,0.051898,0.006689,LogNormal,0.051898,0.016722,0.34344682,-79.22606475145119,0.34344682,fallback_baseline,79.22606475145119,0.0,1.0,0.2720994
snapchat,1.0446112,snapchat,0.051898,0.006689,LogNormal,0.051898,0.016722,0.34344682,204.15515275407122,0.34344682,fallback_baseline,204.15515275407122,0.0,1.0,0.70116438
snapchat,0.25913632,snapchat,0.051898,0.006689,LogNormal,0.051898,0.016722,0.34344682,-24.548342011144552,0.34344682,fallback_baseline,24.548342011144552,0.0,1.0,0.08431050000000001
snapchat,0.40456754,snapchat,0.051898,0.006689,LogNormal,0.051898,0.016722,0.34344682,17.796269011895355,0.34344682,fallback_baseline,17.796269011895355,0.0,1.0,0.06112072000000002
snapchat,0.40224782,snapchat,0.051898,0.006689,LogNormal,0.051898,0.016722,0.34344682,17.120845666877916,0.34344682,fallback_baseline,17.120845666877916,0.0,1.0,0.05880099999999999
snapchat,0.534874,snapchat,0.051898,0.006689,LogNormal,0.051898,0.016722,0.34344682,55.73706578503187,0.34344682,fallback_baseline,55.73706578503187,0.0,1.0,0.19142717999999997
snapchat,1.391347,snapchat,0.051898,0.006689,LogNormal,0.051898,0.016722,0.34344682,305.11279155241556,0.34344682,fallback_baseline,305.11279155241556,0.0,1.0,1.0479001799999998
snapchat,-0.06855496,snapchat,0.051898,0.011706,Normal,0.051898,0.016722,-0.064270265,6.666683263247795,-0.064270265,fallback_baseline,6.666683263247795,4.6367880460751465e-06,1.0,0.004284695000000005
snapchat,-0.051428508,snapchat,0.051898,0.011706,Normal,0.051898,0.016722,-0.064270265,-19.98086829111409,-0.064270265,fallback_baseline,19.98086829111409,4.6367880460751465e-06,1.0,0.012841756999999995
snapchat,0.05077235,snapchat,0.051898,0.011706,Normal,0.051898,0.016722,-0.064270265,-178.99819613315736,-0.064270265,fallback_baseline,178.99819613315736,4.6367880460751465e-06,1.0,0.11504261499999999
snapchat,-0.009824102,snapchat,0.051898,0.011706,Normal,0.051898,0.016722,-0.064270265,-84.71439008381248,-0.064270265,fallback_baseline,84.71439008381248,4.6367880460751465e-06,1.0,0.05444616299999999
snapchat,0.10908463,snapchat,0.051898,0.011706,Normal,0.051898,0.016722,-0.064270265,-269.7279916303442,-0.064270265,fallback_baseline,269.7279916303442,4.6367880460751465e-06,1.0,0.173354895
snapchat,0.46239915,snapchat,0.051898,0.011706,Normal,0.051898,0.016722,-0.064270265,-819.4604690053792,-0.064270265,fallback_baseline,819.4604690053792,4.6367880460751465e-06,1.0,0.526669415
snapchat,0.2971503,snapchat,0.051898,0.011706,Normal,0.051898,0.016722,-0.064270265,-562.3449117566265,-0.064270265,fallback_baseline,562.3449117566265,4.6367880460751465e-06,1.0,0.36142056499999997
snapchat,0.3307644,snapchat,0.051898,0.011706,Normal,0.051898,0.016722,-0.064270265,-614.6460808898175,-0.064270265,fallback_baseline,614.6460808898175,4.6367880460751465e-06,1.0,0.395034665
snapchat,0.3944695,snapchat,0.051898,0.011706,LogNormal,0.051898,0.016722,0.34344682,14.856064179019036,0.34344682,fallback_baseline,14.856064179019036,0.0,1.0,0.05102267999999999
snapchat,0.069865175,snapchat,0.051898,0.011706,LogNormal,0.051898,0.016722,0.34344682,-79.65764394033405,0.34344682,fallback_baseline,79.65764394033405,0.0,1.0,0.273581645
snapchat,1.0329393,snapchat,0.051898,0.011706,LogNormal,0.051898,0.016722,0.34344682,200.7566935690364,0.34344682,fallback_baseline,200.7566935690364,0.0,1.0,0.68949248
snapchat,0.25676125,snapchat,0.051898,0.011706,LogNormal,0.051898,0.016722,0.34344682,-25.239881388332552,0.34344682,fallback_baseline,25.239881388332552,0.0,1.0,0.08668556999999999
snapchat,0.39819402,snapchat,0.051898,0.011706,LogNormal,0.051898,0.016722,0.34344682,15.94051737034572,0.34344682,fallback_baseline,15.94051737034572,0.0,1.0,0.054747199999999996
snapchat,0.40138206,snapchat,0.051898,0.011706,LogNormal,0.051898,0.016722,0.34344682,16.868765883463414,0.34344682,fallback_baseline,16.868765883463414,0.0,1.0,0.05793524
snapchat,0.52554905,snapchat,0.051898,0.011706,LogNormal,0.051898,0.016722,0.34344682,53.02195839227744,0.34344682,fallback_baseline,53.02195839227744,0.0,1.0,0.18210222999999998
snapchat,1.3988556,snapchat,0.051898,0.011706,LogNormal,0.051898,0.016722,0.34344682,307.29903977564857,0.34344682,fallback_baseline,307.29903977564857,0.0,1.0,1.05540878
snapchat,-0.064270265,snapchat,0.051898,0.016722,Normal,0.051898,0.016722,-0.064270265,-0.0,-0.064270265,fallback_baseline,0.0,0.0009559851950077802,1.0,0.0
snapchat,-0.02995626,snapchat,0.051898,0.016722,Normal,0.051898,0.016722,-0.064270265,-53.390171955880376,-0.064270265,fallback_baseline,53.390171955880376,0.0009559851950077802,1.0,0.034314004999999995
snapchat,0.038257055,snapchat,0.051898,0.016722,Normal,0.051898,0.016722,-0.064270265,-159.52527969193844,-0.064270265,fallback_baseline,159.52527969193844,0.0009559851950077802,1.0,0.10252731999999999
snapchat,-0.031418893,snapchat,0.051898,0.016722,Normal,0.051898,0.016722,-0.064270265,-51.11441815278028,-0.064270265,fallback_baseline,51.11441815278028,0.0009559851950077802,1.0,0.03285137199999999
snapchat,0.08972616,snapchat,0.051898,0.016722,Normal,0.051898,0.016722,-0.064270265,-239.6075774699233,-0.064270265,fallback_baseline,239.6075774699233,0.0009559851950077802,1.0,0.153996425
snapchat,0.37497616,snapchat,0.051898,0.016722,Normal,0.051898,0.016722,-0.064270265,-683.4364616358747,-0.064270265,fallback_baseline,683.4364616358747,0.0009559851950077802,1.0,0.439246425
snapchat,0.24729177,snapchat,0.051898,0.016722,Normal,0.051898,0.016722,-0.064270265,-484.7685551008698,-0.064270265,fallback_baseline,484.7685551008698,0.0009559851950077802,1.0,0.311562035
snapchat,0.39342976,snapchat,0.051898,0.016722,Normal,0.051898,0.016722,-0.064270265,-712.1489618877409,-0.064270265,fallback_baseline,712.1489618877409,0.0009559851950077802,1.0,0.457700025
snapchat,0.34344682,snapchat,0.051898,0.016722,LogNormal,0.051898,0.016722,0.34344682,0.0,0.34344682,fallback_baseline,0.0,0.0,1.0,0.0
snapchat,0.06626675,snapchat,0.051898,0.016722,LogNormal,0.051898,0.016722,0.34344682,-80.7053825683988,0.34344682,fallback_baseline,80.7053825683988,0.0,1.0,0.27718007
snapchat,1.0300462,snapchat,0.051898,0.016722,LogNormal,0.051898,0.016722,0.34344682,199.9143215243629,0.34344682,fallback_baseline,199.9143215243629,0.0,1.0,0.6865993799999999
snapchat,0.23694865,snapchat,0.051898,0.016722,LogNormal,0.051898,0.016722,0.34344682,-31.008634757485883,0.34344682,fallback_baseline,31.008634757485883,0.0,1.0,0.10649816999999998
snapchat,0.38314754,snapchat,0.051898,0.016722,LogNormal,0.051898,0.016722,0.34344682,11.559495586536519,0.34344682,fallback_baseline,11.559495586536519,0.0,1.0,0.03970072000000002
snapchat,0.3965407,snapchat,0.051898,0.016722,LogNormal,0.051898,0.016722,0.34344682,15.459126976339464,0.34344682,fallback_baseline,15.459126976339464,0.0,1.0,0.05309388000000004
snapchat,0.5268835,snapchat,0.051898,0.016722,LogNormal,0.051898,0.016722,0.34344682,53.410504718023006,0.34344682,fallback_baseline,53.410504718023006,0.0,1.0,0.18343667999999996
snapchat,1.3305118,snapchat,0.051898,0.016722,LogNormal,0.051898,0.016722,0.34344682,287.3996562262536,0.34344682,fallback_baseline,287.3996562262536,0.0,1.0,0.98706498
snapchat,-0.07454357,snapchat,0.051898,0.023411,Normal,0.051898,0.016722,-0.064270265,15.984538106385607,-0.064270265,fallback_baseline,15.984538106385607,0.01331765773457294,1.0,0.01027330500000001
snapchat,-0.031591695,snapchat,0.051898,0.023411,Normal,0.051898,0.016722,-0.064270265,-50.84555042677977,-0.064270265,fallback_baseline,50.84555042677977,0.01331765773457294,1.0,0.03267856999999999
snapchat,0.035053212,snapchat,0.051898,0.023411,Normal,0.051898,0.016722,-0.064270265,-154.54032591899224,-0.064270265,fallback_baseline,154.54032591899224,0.01331765773457294,1.0,0.099323477
snapchat,-0.045875415,snapchat,0.051898,0.023411,Normal,0.051898,0.016722,-0.064270265,-28.621089394916904,-0.064270265,fallback_baseline,28.621089394916904,0.01331765773457294,1.0,0.01839484999999999
snapchat,0.10019467,snapchat,0.051898,0.023411,Normal,0.051898,0.016722,-0.064270265,-255.89584079044954,-0.064270265,fallback_baseline,255.89584079044954,0.01331765773457294,1.0,0.16446493499999998
snapchat,0.40572983,snapchat,0.051898,0.023411,Normal,0.051898,0.016722,-0.064270265,-731.2870034066299,-0.064270265,fallback_baseline,731.2870034066299,0.01331765773457294,1.0,0.470000095
snapchat,0.3128373,snapchat,0.051898,0.023411,Normal,0.051898,0.016722,-0.064270265,-586.7527775091638,-0.064270265,fallback_baseline,586.7527775091638,0.01331765773457294,1.0,0.377107565
snapchat,0.43031088,snapchat,0.051898,0.023411,Normal,0.051898,0.016722,-0.064270265,-769.533383750635,-0.064270265,fallback_baseline,769.533383750635,0.01331765773457294,1.0,0.494581145
snapchat,0.35581827,snapchat,0.051898,0.023411,LogNormal,0.051898,0.016722,0.34344682,3.602144285394754,0.34344682,fallback_baseline,3.602144285394754,0.0,1.0,0.012371450000000006
snapchat,0.069198735,snapchat,0.051898,0.023411,LogNormal,0.051898,0.016722,0.34344682,-79.85168853798093,0.34344682,fallback_baseline,79.85168853798093,0.0,1.0,0.274248085
snapchat,0.99508333,snapchat,0.051898,0.023411,LogNormal,0.051898,0.016722,0.34344682,189.73432626337905,0.34344682,fallback_baseline,189.73432626337905,0.0,1.0,0.6516365100000001
snapchat,0.25831023,snapchat,0.051898,0.023411,LogNormal,0.051898,0.016722,0.34344682,-24.788871243588748,0.34344682,fallback_baseline,24.788871243588748,0.0,1.0,0.08513659000000001
snapchat,0.4051463,snapchat,0.051898,0.023411,LogNormal,0.051898,0.016722,0.34344682,17.964784184055056,0.34344682,fallback_baseline,17.964784184055056,0.0,1.0,0.06169948000000003
snapchat,0.38032636,snapchat,0.051898,0.023411,LogNormal,0.051898,0.016722,0.34344682,10.738064192878532,0.34344682,fallback_baseline,10.738064192878532,0.0,1.0,0.03687953999999999
snapchat,0.52636397,snapchat,0.051898,0.023411,LogNormal,0.051898,0.016722,0.34344682,53.25923530169825,0.34344682,fallback_baseline,53.25923530169825,0.0,1.0,0.18291715000000003
snapchat,1.3811173,snapchat,0.051898,0.023411,LogNormal,0.051898,0.016722,0.34344682,302.13425181808356,0.34344682,fallback_baseline,302.13425181808356,0.0,1.0,1.03767048
snapchat,-0.06294547,snapchat,0.051898,0.033445,Normal,0.051898,0.016722,-0.064270265,-2.0612875954377814,-0.064270265,fallback_baseline,2.0612875954377814,0.060362024454323426,1.0,0.0013247949999999897
snapchat,-0.02843893,snapchat,0.051898,0.033445,Normal,0.051898,0.016722,-0.064270265,-55.75103043374723,-0.064270265,fallback_baseline,55.75103043374723,0.060362024454323426,1.0,0.03583133499999999
snapchat,0.019855851,snapchat,0.051898,0.033445,Normal,0.051898,0.016722,-0.064270265,-130.8943039211057,-0.064270265,fallback_baseline,130.8943039211057,0.060362024454323426,1.0,0.084126116
snapchat,-0.056295834,snapchat,0.051898,0.033445,Normal,0.051898,0.016722,-0.064270265,-12.407652279012684,-0.064270265,fallback_baseline,12.407652279012684,0.060362024454323426,1.0,0.00797443099999999
snapchat,0.08493024,snapchat,0.051898,0.033445,Normal,0.051898,0.016722,-0.064270265,-232.14546415826976,-0.064270265,fallback_baseline,232.14546415826976,0.060362024454323426,1.0,0.14920050499999998
snapchat,0.440389,snapchat,0.051898,0.033445,Normal,0.051898,0.016722,-0.064270265,-785.2142277614695,-0.064270265,fallback_baseline,785.2142277614695,0.060362024454323426,1.0,0.5046592649999999
snapchat,0.31103405,snapchat,0.051898,0.033445,Normal,0.051898,0.016722,-0.064270265,-583.9470476743795,-0.064270265,fallback_baseline,583.9470476743795,0.060362024454323426,1.0,0.375304315
snapchat,0.43366742,snapchat,0.051898,0.033445,Normal,0.051898,0.016722,-0.064270265,-774.7559232873865,-0.064270265,fallback_baseline,774.7559232873865,0.060362024454323426,1.0,0.497937685
snapchat,0.33299756,snapchat,0.051898,0.033445,LogNormal,0.051898,0.016722,0.34344682,-3.0424681177714676,0.34344682,fallback_baseline,3.0424681177714676,0.0,1.0,0.01044925999999996
snapchat,0.06646363,snapchat,0.051898,0.033445,LogNormal,0.051898,0.016722,0.34344682,-80.64805782740979,0.34344682,fallback_baseline,80.64805782740979,0.0,1.0,0.27698319
snapchat,0.96954316,snapchat,0.051898,0.033445,LogNormal,0.051898,0.016722,0.34344682,182.2978998611779,0.34344682,fallback_baseline,182.2978998611779,0.0,1.0,0.6260963399999999
snapchat,0.24572274,snapchat,0.051898,0.033445,LogNormal,0.051898,0.016722,0.34344682,-28.45391900847997,0.34344682,fallback_baseline,28.45391900847997,0.0,1.0,0.09772407999999999
snapchat,0.38935536,snapchat,0.051898,0.033445,LogNormal,0.051898,0.016722,0.34344682,13.367001039636937,0.34344682,fallback_baseline,13.367001039636937,0.0,1.0,0.04590854
snapchat,0.4095625,snapchat,0.051898,0.033445,LogNormal,0.051898,0.016722,0.34344682,19.250631000164745,0.34344682,fallback_baseline,19.250631000164745,0.0,1.0,0.06611568000000001
snapchat,0.5670662,snapchat,0.051898,0.033445,LogNormal,0.051898,0.016722,0.34344682,65.11033644160688,0.34344682,fallback_baseline,65.11033644160688,0.0,1.0,0.22361937999999998
snapchat,1.3638126,snapchat,0.051898,0.033445,LogNormal,0.051898,0.016722,0.34344682,297.0957133916686,0.34344682,fallback_baseline,297.0957133916686,0.0,1.0,1.0203657799999999
snapchat,-0.08355418,snapchat,0.072657,0.006689,Normal,0.051898,0.016722,-0.064270265,30.004411838040525,-0.064270265,fallback_baseline,30.004411838040525,0.0,1.0,0.019283915000000013
snapchat,-0.04398363,snapchat,0.072657,0.006689,Normal,0.051898,0.016722,-0.064270265,-31.564573446211856,-0.064270265,fallback_baseline,31.564573446211856,0.0,1.0,0.02028663499999999
snapchat,0.06967625,snapchat,0.072657,0.006689,Normal,0.051898,0.016722,-0.064270265,-208.41133142986106,-0.064270265,fallback_baseline,208.41133142986106,0.0,1.0,0.133946515
snapchat,-0.04901325,snapchat,0.072657,0.006689,Normal,0.051898,0.016722,-0.064270265,-23.738839415085643,-0.064270265,fallback_baseline,23.738839415085643,0.0,1.0,0.015257014999999992
snapchat,0.1045351,snapchat,0.072657,0.006689,Normal,0.051898,0.016722,-0.064270265,-262.6492437832643,-0.064270265,fallback_baseline,262.6492437832643,0.0,1.0,0.16880536499999999
snapchat,0.37080127,snapchat,0.072657,0.006689,Normal,0.051898,0.016722,-0.064270265,-676.9406272091768,-0.064270265,fallback_baseline,676.9406272091768,0.0,1.0,0.435071535
snapchat,0.2576965,snapchat,0.072657,0.006689,Normal,0.051898,0.016722,-0.064270265,-500.95758123916244,-0.064270265,fallback_baseline,500.95758123916244,0.0,1.0,0.321966765
snapchat,0.4567074,snapchat,0.072657,0.006689,Normal,0.051898,0.016722,-0.064270265,-810.60450738767,-0.064270265,fallback_baseline,810.60450738767,0.0,1.0,0.520977665
snapchat,0.3627905,snapchat,0.072657,0.006689,LogNormal,0.051898,0.016722,0.34344682,5.63221985866692,0.34344682,fallback_baseline,5.63221985866692,0.0,1.0,0.01934368000000003
snapchat,0.066677876,snapchat,0.072657,0.006689,LogNormal,0.051898,0.016722,0.34344682,-80.58567669952511,0.34344682,fallback_baseline,80.58567669952511,0.0,1.0,0.27676894399999996
snapchat,1.0722344,snapchat,0.072657,0.006689,LogNormal,0.051898,0.016722,0.34344682,212.19808644610538,0.34344682,fallback_baseline,212.19808644610538,0.0,1.0,0.7287875799999999
snapchat,0.25220963,snapchat,0.072657,0.006689,LogNormal,0.051898,0.016722,0.34344682,-26.565157889655225,0.34344682,fallback_baseline,26.565157889655225,0.0,1.0,0.09123718999999997
snapchat,0.37572795,snapchat,0.072657,0.006689,LogNormal,0.051898,0.016722,0.34344682,9.399164039428285,0.34344682,fallback_baseline,9.399164039428285,0.0,1.0,0.03228112999999999
snapchat,0.43543607,snapchat,0.072657,0.006689,LogNormal,0.051898,0.016722,0.34344682,26.78413211104998,0.34344682,fallback_baseline,26.78413211104998,0.0,1.0,0.09198925000000002
snapchat,0.5776566,snapchat,0.072657,0.006689,LogNormal,0.051898,0.016722,0.34344682,68.19389971349858,0.34344682,fallback_baseline,68.19389971349858,0.0,1.0,0.23420977999999998
snapchat,1.5662472,snapchat,0.072657,0.006689,LogNormal,0.051898,0.016722,0.34344682,356.03776444923847,0.34344682,fallback_baseline,356.03776444923847,0.0,1.0,1.22280038
snapchat,-0.04798603,snapchat,0.072657,0.011706,Normal,0.051898,0.016722,-0.064270265,-25.337121295516667,-0.064270265,fallback_baseline,25.337121295516667,2.703424706318458e-10,1.0,0.016284234999999994
snapchat,-0.022490842,snapchat,0.072657,0.011706,Normal,0.051898,0.016722,-0.064270265,-65.00583590249705,-0.064270265,fallback_baseline,65.00583590249705,2.703424706318458e-10,1.0,0.041779422999999996
snapchat,0.069196194,snapchat,0.072657,0.011706,Normal,0.051898,0.016722,-0.064270265,-207.66439814741702,-0.064270265,fallback_baseline,207.66439814741702,2.703424706318458e-10,1.0,0.13346645899999998
snapchat,-0.04950498,snapchat,0.072657,0.011706,Normal,0.051898,0.016722,-0.064270265,-22.97374221189223,-0.064270265,fallback_baseline,22.97374221189223,2.703424706318458e-10,1.0,0.014765284999999996
snapchat,0.067808114,snapchat,0.072657,0.011706,Normal,0.051898,0.016722,-0.064270265,-205.5046435548383,-0.064270265,fallback_baseline,205.5046435548383,2.703424706318458e-10,1.0,0.132078379
snapchat,0.24741995,snapchat,0.072657,0.011706,Normal,0.051898,0.016722,-0.064270265,-484.9679941416144,-0.064270265,fallback_baseline,484.9679941416144,2.703424706318458e-10,1.0,0.311690215
snapchat,0.22971103,snapchat,0.072657,0.011706,Normal,0.051898,0.016722,-0.064270265,-457.41416345490416,-0.064270265,fallback_baseline,457.41416345490416,2.703424706318458e-10,1.0,0.29398129500000003
snapchat,0.32325202,snapchat,0.072657,0.011706,Normal,0.051898,0.016722,-0.064270265,-602.9573473829616,-0.064270265,fallback_baseline,602.9573473829616,2.703424706318458e-10,1.0,0.38752228499999997
snapchat,0.38942042,snapchat,0.072657,0.011706,LogNormal,0.051898,0.016722,0.34344682,13.385944292627313,0.34344682,fallback_baseline,13.385944292627313,0.0,1.0,0.0459736
snapchat,0.070648804,snapchat,0.072657,0.011706,LogNormal,0.051898,0.016722,0.34344682,-79.42947790286718,0.34344682,fallback_baseline,79.42947790286718,0.0,1.0,0.272798016
snapchat,1.0577672,snapchat,0.072657,0.011706,LogNormal,0.051898,0.016722,0.34344682,207.98573124072016,0.34344682,fallback_baseline,207.98573124072016,0.0,1.0,0.71432038
snapchat,0.2619709,snapchat,0.072657,0.011706,LogNormal,0.051898,0.016722,0.34344682,-23.723008994522058,0.34344682,fallback_baseline,23.723008994522058,0.0,1.0,0.08147591999999998
snapchat,0.407523,snapchat,0.072657,0.011706,LogNormal,0.051898,0.016722,0.34344682,18.656798161648442,0.34344682,fallback_baseline,18.656798161648442,0.0,1.0,0.06407618000000004
snapchat,0.38513166,snapchat,0.072657,0.011706,LogNormal,0.051898,0.016722,0.34344682,12.137203657905467,0.34344682,fallback_baseline,12.137203657905467,0.0,1.0,0.04168484
snapchat,0.5357788,snapchat,0.072657,0.011706,LogNormal,0.051898,0.016722,0.34344682,56.00051268490418,0.34344682,fallback_baseline,56.00051268490418,0.0,1.0,0.19233198
snapchat,1.46091,snapchat,0.072657,0.011706,LogNormal,0.051898,0.016722,0.34344682,325.36716455840235,0.34344682,fallback_baseline,325.36716455840235,0.0,1.0,1.11746318
snapchat,-0.08018619,snapchat,0.072657,0.016722,Normal,0.051898,0.016722,-0.064270265,24.76405690874312,-0.064270265,fallback_baseline,24.76405690874312,6.96395390009652e-06,1.0,0.01591592500000001
snapchat,-0.041879483,snapchat,0.072657,0.016722,Normal,0.051898,0.016722,-0.064270265,-34.83847779373555,-0.064270265,fallback_baseline,34.83847779373555,6.96395390009652e-06,1.0,0.02239078199999999
snapchat,0.05881042,snapchat,0.072657,0.016722,Normal,0.051898,0.016722,-0.064270265,-191.5048662083469,-0.064270265,fallback_baseline,191.5048662083469,6.96395390009652e-06,1.0,0.123080685
snapchat,-0.021543473,snapchat,0.072657,0.016722,Normal,0.051898,0.016722,-0.064270265,-66.47987525802172,-0.064270265,fallback_baseline,66.47987525802172,6.96395390009652e-06,1.0,0.04272679199999999
snapchat,0.11301197,snapchat,0.072657,0.016722,Normal,0.051898,0.016722,-0.064270265,-275.8386557142717,-0.064270265,fallback_baseline,275.8386557142717,6.96395390009652e-06,1.0,0.177282235
snapchat,0.33453676,snapchat,0.072657,0.016722,Normal,0.051898,0.016722,-0.064270265,-620.5156070229367,-0.064270265,fallback_baseline,620.5156070229367,6.96395390009652e-06,1.0,0.398807025
snapchat,0.34618115,snapchat,0.072657,0.016722,Normal,0.051898,0.016722,-0.064270265,-638.6334567003887,-0.064270265,fallback_baseline,638.6334567003887,6.96395390009652e-06,1.0,0.410451415
snapchat,0.418891,snapchat,0.072657,0.016722,Normal,0.051898,0.016722,-0.064270265,-751.7648558007347,-0.064270265,fallback_baseline,751.7648558007347,6.96395390009652e-06,1.0,0.483161265
snapchat,0.36693564,snapchat,0.072657,0.016722,LogNormal,0.051898,0.016722,0.34344682,6.839143247854216,0.34344682,fallback_baseline,6.839143247854216,0.0,1.0,0.02348882000000002
snapchat,0.07016905,snapchat,0.072657,0.016722,LogNormal,0.051898,0.016722,0.34344682,-79.56916590463699,0.34344682,fallback_baseline,79.56916590463699,0.0,1.0,0.27327777
snapchat,1.0438955,snapchat,0.072657,0.016722,LogNormal,0.051898,0.016722,0.34344682,203.9467653245414,0.34344682,fallback_baseline,203.9467653245414,0.0,1.0,0.70044868
snapchat,0.25909707,snapchat,0.072657,0.016722,LogNormal,0.051898,0.016722,0.34344682,-24.55977027243985,0.34344682,fallback_baseline,24.55977027243985,0.0,1.0,0.08434975
snapchat,0.40057725,snapchat,0.072657,0.016722,LogNormal,0.051898,0.016722,0.34344682,16.634432661219577,0.34344682,fallback_baseline,16.634432661219577,0.0,1.0,0.05713043000000001
snapchat,0.39537817,snapchat,0.072657,0.016722,LogNormal,0.051898,0.016722,0.34344682,15.12063789089676,0.34344682,fallback_baseline,15.12063789089676,0.0,1.0,0.05193134999999999
snapchat,0.5329404,snapchat,0.072657,0.016722,LogNormal,0.051898,0.016722,0.34344682,55.174067414570914,0.34344682,fallback_baseline,55.174067414570914,0.0,1.0,0.18949358
snapchat,1.4014689,snapchat,0.072657,0.016722,LogNormal,0.051898,0.016722,0.34344682,308.05994360349587,0.34344682,fallback_baseline,308.05994360349587,0.0,1.0,1.05802208
snapchat,-0.072520286,snapchat,0.072657,0.023411,Normal,0.051898,0.016722,-0.064270265,12.836450884402002,-0.064270265,fallback_baseline,12.836450884402002,0.0009560984621305169,1.0,0.00825002100000001
snapchat,-0.033888265,snapchat,0.072657,0.023411,Normal,0.051898,0.016722,-0.064270265,-47.272249460928776,-0.064270265,fallback_baseline,47.272249460928776,0.0009560984621305169,1.0,0.030381999999999992
snapchat,0.051746476,snapchat,0.072657,0.023411,Normal,0.051898,0.016722,-0.064270265,-180.51386749377804,-0.064270265,fallback_baseline,180.51386749377804,0.0009560984621305169,1.0,0.11601674099999999
snapchat,-0.07317254,snapchat,0.072657,0.023411,Normal,0.051898,0.016722,-0.064270265,13.851312111440652,-0.064270265,fallback_baseline,13.851312111440652,0.0009560984621305169,1.0,0.008902275000000001
snapchat,0.10212859,snapchat,0.072657,0.023411,Normal,0.051898,0.016722,-0.064270265,-258.90488393038373,-0.064270265,fallback_baseline,258.90488393038373,0.0009560984621305169,1.0,0.166398855
snapchat,0.4276701,snapchat,0.072657,0.023411,Normal,0.051898,0.016722,-0.064270265,-765.424516298478,-0.064270265,fallback_baseline,765.424516298478,0.0009560984621305169,1.0,0.491940365
snapchat,0.30003446,snapchat,0.072657,0.023411,Normal,0.051898,0.016722,-0.064270265,-566.8324613256224,-0.064270265,fallback_baseline,566.8324613256224,0.0009560984621305169,1.0,0.364304725
snapchat,0.4224422,snapchat,0.072657,0.023411,Normal,0.051898,0.016722,-0.064270265,-757.2902725700602,-0.064270265,fallback_baseline,757.2902725700602,0.0009560984621305169,1.0,0.486712465
snapchat,0.3802926,snapchat,0.072657,0.023411,LogNormal,0.051898,0.016722,0.34344682,10.728234432335112,0.34344682,fallback_baseline,10.728234432335112,0.0,1.0,0.036845779999999995
snapchat,0.06741589,snapchat,0.072657,0.023411,LogNormal,0.051898,0.016722,0.34344682,-80.3707921942617,0.34344682,fallback_baseline,80.3707921942617,0.0,1.0,0.27603093
snapchat,1.01505,snapchat,0.072657,0.023411,LogNormal,0.051898,0.016722,0.34344682,195.54793956164738,0.34344682,fallback_baseline,195.54793956164738,0.0,1.0,0.67160318
snapchat,0.25105882,snapchat,0.072657,0.023411,LogNormal,0.051898,0.016722,0.34344682,-26.90023451083343,0.34344682,fallback_baseline,26.90023451083343,0.0,1.0,0.09238799999999997
snapchat,0.3874116,snapchat,0.072657,0.023411,LogNormal,0.051898,0.016722,0.34344682,12.801044423704386,0.34344682,fallback_baseline,12.801044423704386,0.0,1.0,0.04396478000000004
snapchat,0.40935668,snapchat,0.072657,0.023411,LogNormal,0.051898,0.016722,0.34344682,19.190703236093434,0.34344682,fallback_baseline,19.190703236093434,0.0,1.0,0.06590985999999999
snapchat,0.53031075,snapchat,0.072657,0.023411,LogNormal,0.051898,0.016722,0.34344682,54.40840302437509,0.34344682,fallback_baseline,54.40840302437509,0.0,1.0,0.18686393000000007
snapchat,1.4232017,snapchat,0.072657,0.023411,LogNormal,0.051898,0.016722,0.34344682,314.3877937201456,0.34344682,fallback_baseline,314.3877937201456,0.0,1.0,1.0797548799999999
snapchat,-0.06294635,snapchat,0.072657,0.033445,Normal,0.051898,0.016722,-0.064270265,-2.0599183774954017,-0.064270265,fallback_baseline,2.0599183774954017,0.014911533511663522,1.0,0.001323914999999995
snapchat,-0.04117709,snapchat,0.072657,0.033445,Normal,0.051898,0.016722,-0.064270265,-35.931351768971226,-0.064270265,fallback_baseline,35.931351768971226,0.014911533511663522,1.0,0.023093174999999994
snapchat,0.039515704,snapchat,0.072657,0.033445,Normal,0.051898,0.016722,-0.064270265,-161.4836487759931,-0.064270265,fallback_baseline,161.4836487759931,0.014911533511663522,1.0,0.10378596899999999
snapchat,-0.019044464,snapchat,0.072657,0.033445,Normal,0.051898,0.016722,-0.064270265,-70.36815703187159,-0.064270265,fallback_baseline,70.36815703187159,0.014911533511663522,1.0,0.045225800999999996
snapchat,0.14001647,snapchat,0.072657,0.033445,Normal,0.051898,0.016722,-0.064270265,-317.85575335654835,-0.064270265,fallback_baseline,317.85575335654835,0.014911533511663522,1.0,0.204286735
snapchat,0.36282858,snapchat,0.072657,0.033445,Normal,0.051898,0.016722,-0.064270265,-664.5356838033888,-0.064270265,fallback_baseline,664.5356838033888,0.014911533511663522,1.0,0.427098845
snapchat,0.28272995,snapchat,0.072657,0.033445,Normal,0.051898,0.016722,-0.064270265,-539.9078640799132,-0.064270265,fallback_baseline,539.9078640799132,0.014911533511663522,1.0,0.347000215
snapchat,0.38925904,snapchat,0.072657,0.033445,Normal,0.051898,0.016722,-0.064270265,-705.6596156869745,-0.064270265,fallback_baseline,705.6596156869745,0.014911533511663522,1.0,0.453529305
snapchat,0.3703099,snapchat,0.072657,0.033445,LogNormal,0.051898,0.016722,0.34344682,7.821612673542891,0.34344682,fallback_baseline,7.821612673542891,0.0,1.0,0.02686308000000004
snapchat,0.056653798,snapchat,0.072657,0.033445,LogNormal,0.051898,0.016722,0.34344682,-83.5043463206327,0.34344682,fallback_baseline,83.5043463206327,0.0,1.0,0.286793022
snapchat,0.9735691,snapchat,0.072657,0.033445,LogNormal,0.051898,0.016722,0.34344682,183.47011627593466,0.34344682,fallback_baseline,183.47011627593466,0.0,1.0,0.6301222799999999
snapchat,0.25846115,snapchat,0.072657,0.033445,LogNormal,0.051898,0.016722,0.34344682,-24.744928487036223,0.34344682,fallback_baseline,24.744928487036223,0.0,1.0,0.08498567000000001
snapchat,0.37208927,snapchat,0.072657,0.033445,LogNormal,0.051898,0.016722,0.34344682,8.339704528345914,0.34344682,fallback_baseline,8.339704528345914,0.0,1.0,0.02864245000000004
snapchat,0.33434612,snapchat,0.072657,0.033445,LogNormal,0.051898,0.016722,0.34344682,-2.649813441277448,0.34344682,fallback_baseline,2.649813441277448,0.0,1.0,0.009100699999999962
snapchat,0.50148255,snapchat,0.072657,0.033445,LogNormal,0.051898,0.016722,0.34344682,46.01461443142784,0.34344682,fallback_baseline,46.01461443142784,0.0,1.0,0.15803572999999999
snapchat,1.3656471,snapchat,0.072657,0.033445,LogNormal,0.051898,0.016722,0.34344682,297.62985722214574,0.34344682,fallback_baseline,297.62985722214574,0.0,1.0,1.0222002799999999
snapchat,-0.09183444,snapchat,0.103795,0.006689,Normal,0.051898,0.016722,-0.064270265,42.8879124739878,-0.064270265,fallback_baseline,42.8879124739878,0.0,1.0,0.02756417500000001
snapchat,-0.053154428,snapchat,0.103795,0.006689,Normal,0.051898,0.016722,-0.064270265,-17.29545848301699,-0.064270265,fallback_baseline,17.29545848301699,0.0,1.0,0.011115836999999996
snapchat,0.10135426,snapchat,0.103795,0.006689,Normal,0.051898,0.016722,-0.064270265,-257.70008105614625,-0.064270265,fallback_baseline,257.70008105614625,0.0,1.0,0.165624525
snapchat,-0.032236967,snapchat,0.103795,0.006689,Normal,0.051898,0.016722,-0.064270265,-49.84155269937038,-0.064270265,fallback_baseline,49.84155269937038,0.0,1.0,0.032033297999999995
snapchat,0.13041341,snapchat,0.103795,0.006689,Normal,0.051898,0.016722,-0.064270265,-302.9140692044758,-0.064270265,fallback_baseline,302.9140692044758,0.0,1.0,0.194683675
snapchat,0.354847,snapchat,0.103795,0.006689,Normal,0.051898,0.016722,-0.064270265,-652.1169081845237,-0.064270265,fallback_baseline,652.1169081845237,0.0,1.0,0.419117265
snapchat,0.31113052,snapchat,0.103795,0.006689,Normal,0.051898,0.016722,-0.064270265,-584.0971481913137,-0.064270265,fallback_baseline,584.0971481913137,0.0,1.0,0.375400785
snapchat,0.45096716,snapchat,0.103795,0.006689,Normal,0.051898,0.016722,-0.064270265,-801.6730987494763,-0.064270265,fallback_baseline,801.6730987494763,0.0,1.0,0.515237425
snapchat,0.3643272,snapchat,0.103795,0.006689,LogNormal,0.051898,0.016722,0.34344682,6.079654486246235,0.34344682,fallback_baseline,6.079654486246235,0.0,1.0,0.02088038000000003
snapchat,0.06342169,snapchat,0.103795,0.006689,LogNormal,0.051898,0.016722,0.34344682,-81.5337670035786,0.34344682,fallback_baseline,81.5337670035786,0.0,1.0,0.28002512999999996
snapchat,1.1048094,snapchat,0.103795,0.006689,LogNormal,0.051898,0.016722,0.34344682,221.68281540647249,0.34344682,fallback_baseline,221.68281540647249,0.0,1.0,0.7613625799999999
snapchat,0.24466734,snapchat,0.103795,0.006689,LogNormal,0.051898,0.016722,0.34344682,-28.76121549181908,0.34344682,fallback_baseline,28.76121549181908,0.0,1.0,0.09877947999999998
snapchat,0.39530155,snapchat,0.103795,0.006689,LogNormal,0.051898,0.016722,0.34344682,15.09832876018477,0.34344682,fallback_baseline,15.09832876018477,0.0,1.0,0.051854730000000016
snapchat,0.39946857,snapchat,0.103795,0.006689,LogNormal,0.051898,0.016722,0.34344682,16.311622859108155,0.34344682,fallback_baseline,16.311622859108155,0.0,1.0,0.05602175000000004
snapchat,0.57664186,snapchat,0.103795,0.006689,LogNormal,0.051898,0.016722,0.34344682,67.89844203536371,0.34344682,fallback_baseline,67.89844203536371,0.0,1.0,0.23319503999999996
snapchat,1.7125833,snapchat,0.103795,0.006689,LogNormal,0.051898,0.016722,0.34344682,398.6458456654221,0.34344682,fallback_baseline,398.6458456654221,0.0,1.0,1.3691364799999999
snapchat,-0.08855419,snapchat,0.103795,0.011706,Normal,0.051898,0.016722,-0.064270265,37.78407479726435,-0.064270265,fallback_baseline,37.78407479726435,0.0,1.0,0.024283925000000012
snapchat,-0.049840074,snapchat,0.103795,0.011706,Normal,0.051898,0.016722,-0.064270265,-22.452359578725865,-0.064270265,fallback_baseline,22.452359578725865,0.0,1.0,0.014430190999999995
snapchat,0.09803763,snapchat,0.103795,0.011706,Normal,0.051898,0.016722,-0.064270265,-252.5396386649409,-0.064270265,fallback_baseline,252.5396386649409,0.0,1.0,0.16230789499999998
snapchat,-0.034722563,snapchat,0.103795,0.011706,Normal,0.051898,0.016722,-0.064270265,-45.97414060763558,-0.064270265,fallback_baseline,45.97414060763558,0.0,1.0,0.029547701999999995
snapchat,0.09229017,snapchat,0.103795,0.011706,Normal,0.051898,0.016722,-0.064270265,-243.59699621590173,-0.064270265,fallback_baseline,243.59699621590173,0.0,1.0,0.156560435
snapchat,0.30876324,snapchat,0.103795,0.011706,Normal,0.051898,0.016722,-0.064270265,-580.4138274519329,-0.064270265,fallback_baseline,580.4138274519329,0.0,1.0,0.373033505
snapchat,0.27811036,snapchat,0.103795,0.011706,Normal,0.051898,0.016722,-0.064270265,-532.7201078134656,-0.064270265,fallback_baseline,532.7201078134656,0.0,1.0,0.342380625
snapchat,0.3662653,snapchat,0.103795,0.011706,Normal,0.051898,0.016722,-0.064270265,-669.8829777658456,-0.064270265,fallback_baseline,669.8829777658456,0.0,1.0,0.430535565
snapchat,0.36093763,snapchat,0.103795,0.011706,LogNormal,0.051898,0.016722,0.34344682,5.092727310737663,0.34344682,fallback_baseline,5.092727310737663,0.0,1.0,0.017490810000000023
snapchat,0.065539815,snapchat,0.103795,0.011706,LogNormal,0.051898,0.016722,0.34344682,-80.91704124673508,0.34344682,fallback_baseline,80.91704124673508,0.0,1.0,0.277907005
snapchat,1.0894254,snapchat,0.103795,0.011706,LogNormal,0.051898,0.016722,0.34344682,217.20351931050055,0.34344682,fallback_baseline,217.20351931050055,0.0,1.0,0.7459785800000001
snapchat,0.2740776,snapchat,0.103795,0.011706,LogNormal,0.051898,0.016722,0.34344682,-20.19795087926568,0.34344682,fallback_baseline,20.19795087926568,0.0,1.0,0.06936922000000001
snapchat,0.37527314,snapchat,0.103795,0.011706,LogNormal,0.051898,0.016722,0.34344682,9.266738879690317,0.34344682,fallback_baseline,9.266738879690317,0.0,1.0,0.03182632000000002
snapchat,0.42978445,snapchat,0.103795,0.011706,LogNormal,0.051898,0.016722,0.34344682,25.13857312756601,0.34344682,fallback_baseline,25.13857312756601,0.0,1.0,0.08633763
snapchat,0.5553976,snapchat,0.103795,0.011706,LogNormal,0.051898,0.016722,0.34344682,61.712838104018566,0.34344682,fallback_baseline,61.712838104018566,0.0,1.0,0.21195078000000006
snapchat,1.457804,snapchat,0.103795,0.011706,LogNormal,0.051898,0.016722,0.34344682,324.4628032951361,0.34344682,fallback_baseline,324.4628032951361,0.0,1.0,1.11435718
snapchat,-0.079954125,snapchat,0.103795,0.016722,Normal,0.051898,0.016722,-0.064270265,24.40298013397021,-0.064270265,fallback_baseline,24.40298013397021,2.6986923806759933e-10,1.0,0.015683860000000008
snapchat,-0.06624709,snapchat,0.103795,0.016722,Normal,0.051898,0.016722,-0.064270265,3.075800294272945,-0.064270265,fallback_baseline,3.075800294272945,2.6986923806759933e-10,1.0,0.0019768250000000015
snapchat,0.09134892,snapchat,0.103795,0.016722,Normal,0.051898,0.016722,-0.064270265,-242.1324775928651,-0.064270265,fallback_baseline,242.1324775928651,2.6986923806759933e-10,1.0,0.155619185
snapchat,-0.03208124,snapchat,0.103795,0.016722,Normal,0.051898,0.016722,-0.064270265,-50.08385292950013,-0.064270265,fallback_baseline,50.08385292950013,2.6986923806759933e-10,1.0,0.032189024999999996
snapchat,0.13853729,snapchat,0.103795,0.016722,Normal,0.051898,0.016722,-0.064270265,-315.554253588343,-0.064270265,fallback_baseline,315.554253588343,2.6986923806759933e-10,1.0,0.202807555
snapchat,0.407856,snapchat,0.103795,0.016722,Normal,0.051898,0.016722,-0.064270265,-734.5951739890913,-0.064270265,fallback_baseline,734.5951739890913,2.6986923806759933e-10,1.0,0.472126265
snapchat,0.28985435,snapchat,0.103795,0.016722,Normal,0.051898,0.016722,-0.064270265,-550.9929280671241,-0.064270265,fallback_baseline,550.9929280671241,2.6986923806759933e-10,1.0,0.354124615
snapchat,0.44690093,snapchat,0.103795,0.016722,Normal,0.051898,0.016722,-0.064270265,-795.3463316200734,-0.064270265,fallback_baseline,795.3463316200734,2.6986923806759933e-10,1.0,0.511171195
snapchat,0.43508726,snapchat,0.103795,0.016722,LogNormal,0.051898,0.016722,0.34344682,26.68257053595663,0.34344682,fallback_baseline,26.68257053595663,0.0,1.0,0.09164043999999999
snapchat,0.077427186,snapchat,0.103795,0.016722,LogNormal,0.051898,0.016722,0.34344682,-77.45584425559683,0.34344682,fallback_baseline,77.45584425559683,0.0,1.0,0.266019634
snapchat,1.0714159,snapchat,0.103795,0.016722,LogNormal,0.051898,0.016722,0.34344682,211.95976716278813,0.34344682,fallback_baseline,211.95976716278813,0.0,1.0,0.72796908
snapchat,0.27245927,snapchat,0.103795,0.016722,LogNormal,0.051898,0.016722,0.34344682,-20.66915337868029,0.34344682,fallback_baseline,20.66915337868029,0.0,1.0,0.07098755000000001
snapchat,0.40508208,snapchat,0.103795,0.016722,LogNormal,0.051898,0.016722,0.34344682,17.946085510414694,0.34344682,fallback_baseline,17.946085510414694,0.0,1.0,0.061635260000000025
snapchat,0.43787175,snapchat,0.103795,0.016722,LogNormal,0.051898,0.016722,0.34344682,27.49331905300507,0.34344682,fallback_baseline,27.49331905300507,0.0,1.0,0.09442493000000002
snapchat,0.542218,snapchat,0.103795,0.016722,LogNormal,0.051898,0.016722,0.34344682,57.87538810229776,0.34344682,fallback_baseline,57.87538810229776,0.0,1.0,0.19877118
snapchat,1.2861917,snapchat,0.103795,0.016722,LogNormal,0.051898,0.016722,0.34344682,274.4951547374933,0.34344682,fallback_baseline,274.4951547374933,0.0,1.0,0.94274488
snapchat,-0.083106235,snapchat,0.103795,0.023411,Normal,0.051898,0.016722,-0.064270265,29.307441007128276,-0.064270265,fallback_baseline,29.307441007128276,4.633633467421294e-06,1.0,0.018835970000000007
snapchat,-0.037908886,snapchat,0.103795,0.023411,Normal,0.051898,0.016722,-0.064270265,-41.01644671917876,-0.064270265,fallback_baseline,41.01644671917876,4.633633467421294e-06,1.0,0.02636137899999999
snapchat,0.07725735,snapchat,0.103795,0.023411,Normal,0.051898,0.016722,-0.064270265,-220.20698841058152,-0.064270265,fallback_baseline,220.20698841058152,4.633633467421294e-06,1.0,0.141527615
snapchat,-0.03985959,snapchat,0.103795,0.023411,Normal,0.051898,0.016722,-0.064270265,-37.98128885885252,-0.064270265,fallback_baseline,37.98128885885252,4.633633467421294e-06,1.0,0.024410674999999993
snapchat,0.0918573,snapchat,0.103795,0.023411,Normal,0.051898,0.016722,-0.064270265,-242.92348102190027,-0.064270265,fallback_baseline,242.92348102190027,4.633633467421294e-06,1.0,0.156127565
snapchat,0.2840837,snapchat,0.103795,0.023411,Normal,0.051898,0.016722,-0.064270265,-542.014203613444,-0.064270265,fallback_baseline,542.014203613444,4.633633467421294e-06,1.0,0.348353965
snapchat,0.304721,snapchat,0.103795,0.023411,Normal,0.051898,0.016722,-0.064270265,-574.1243870707551,-0.064270265,fallback_baseline,574.1243870707551,4.633633467421294e-06,1.0,0.368991265
snapchat,0.41346163,snapchat,0.103795,0.023411,Normal,0.051898,0.016722,-0.064270265,-743.3171389599842,-0.064270265,fallback_baseline,743.3171389599842,4.633633467421294e-06,1.0,0.477731895
snapchat,0.3725304,snapchat,0.103795,0.023411,LogNormal,0.051898,0.016722,0.34344682,8.468146538669364,0.34344682,fallback_baseline,8.468146538669364,0.0,1.0,0.029083579999999998
snapchat,0.07115766,snapchat,0.103795,0.023411,LogNormal,0.051898,0.016722,0.34344682,-79.28131639128293,0.34344682,fallback_baseline,79.28131639128293,0.0,1.0,0.27228916
snapchat,1.0482925,snapchat,0.103795,0.023411,LogNormal,0.051898,0.016722,0.34344682,205.22702175550788,0.34344682,fallback_baseline,205.22702175550788,0.0,1.0,0.70484568
snapchat,0.26167578,snapchat,0.103795,0.023411,LogNormal,0.051898,0.016722,0.34344682,-23.808937872827,0.34344682,fallback_baseline,23.808937872827,0.0,1.0,0.08177103999999996
snapchat,0.40867662,snapchat,0.103795,0.023411,LogNormal,0.051898,0.016722,0.34344682,18.992692958985618,0.34344682,fallback_baseline,18.992692958985618,0.0,1.0,0.0652298
snapchat,0.38124508,snapchat,0.103795,0.023411,LogNormal,0.051898,0.016722,0.34344682,11.00556412197965,0.34344682,fallback_baseline,11.00556412197965,0.0,1.0,0.03779826000000003
snapchat,0.54349214,snapchat,0.103795,0.023411,LogNormal,0.051898,0.016722,0.34344682,58.246374213044106,0.34344682,fallback_baseline,58.246374213044106,0.0,1.0,0.20004532000000003
snapchat,1.483984,snapchat,0.103795,0.023411,LogNormal,0.051898,0.016722,0.34344682,332.0855263705746,0.34344682,fallback_baseline,332.0855263705746,0.0,1.0,1.14053718
snapchat,-0.07724571,snapchat,0.103795,0.033445,Normal,0.051898,0.016722,-0.064270265,20.188877391434445,-0.064270265,fallback_baseline,20.188877391434445,0.0009563816753886956,1.0,0.012975445000000002
snapchat,-0.026230901,snapchat,0.103795,0.033445,Normal,0.051898,0.016722,-0.064270265,-59.186567847510815,-0.064270265,fallback_baseline,59.186567847510815,0.0009563816753886956,1.0,0.03803936399999999
snapchat,0.061897874,snapchat,0.103795,0.033445,Normal,0.051898,0.016722,-0.064270265,-196.308726905047,-0.064270265,fallback_baseline,196.308726905047,0.0009563816753886956,1.0,0.12616813899999998
snapchat,-0.043131318,snapchat,0.103795,0.033445,Normal,0.051898,0.016722,-0.064270265,-32.89071081315752,-0.064270265,fallback_baseline,32.89071081315752,0.0009563816753886956,1.0,0.02113894699999999
snapchat,0.1149442,snapchat,0.103795,0.033445,Normal,0.051898,0.016722,-0.064270265,-278.8450693333846,-0.064270265,fallback_baseline,278.8450693333846,0.0009563816753886956,1.0,0.179214465
snapchat,0.3320573,snapchat,0.103795,0.033445,Normal,0.051898,0.016722,-0.064270265,-616.6577421144912,-0.064270265,fallback_baseline,616.6577421144912,0.0009563816753886956,1.0,0.396327565
snapchat,0.29379073,snapchat,0.103795,0.033445,Normal,0.051898,0.016722,-0.064270265,-557.1176577535507,-0.064270265,fallback_baseline,557.1176577535507,0.0009563816753886956,1.0,0.358060995
snapchat,0.3722433,snapchat,0.103795,0.033445,Normal,0.051898,0.016722,-0.064270265,-679.1843241972007,-0.064270265,fallback_baseline,679.1843241972007,0.0009563816753886956,1.0,0.436513565
snapchat,0.33892816,snapchat,0.103795,0.033445,LogNormal,0.051898,0.016722,0.34344682,-1.315679673493558,0.34344682,fallback_baseline,1.315679673493558,0.0,1.0,0.004518660000000008
snapchat,0.06423026,snapchat,0.103795,0.033445,LogNormal,0.051898,0.016722,0.34344682,-81.29833899757756,0.34344682,fallback_baseline,81.29833899757756,0.0,1.0,0.27921656
snapchat,1.014281,snapchat,0.103795,0.033445,LogNormal,0.051898,0.016722,0.34344682,195.32403299002738,0.34344682,fallback_baseline,195.32403299002738,0.0,1.0,0.67083418
snapchat,0.21625268,snapchat,0.103795,0.033445,LogNormal,0.051898,0.016722,0.34344682,-37.03459534142724,0.34344682,fallback_baseline,37.03459534142724,0.0,1.0,0.12719413999999998
snapchat,0.38406834,snapchat,0.103795,0.033445,LogNormal,0.051898,0.016722,0.34344682,11.827601140694801,0.34344682,fallback_baseline,11.827601140694801,0.0,1.0,0.04062152000000002
snapchat,0.42344284,snapchat,0.103795,0.033445,LogNormal,0.051898,0.016722,0.34344682,23.292112589657986,0.34344682,fallback_baseline,23.292112589657986,0.0,1.0,0.07999602
snapchat,0.5932797,snapchat,0.103795,0.033445,LogNormal,0.051898,0.016722,0.34344682,72.74281357445673,0.34344682,fallback_baseline,72.74281357445673,0.0,1.0,0.24983287999999998
snapchat,1.6656258,snapchat,0.103795,0.033445,LogNormal,0.051898,0.016722,0.34344682,384.97342325079615,0.34344682,fallback_baseline,384.97342325079615,0.0,1.0,1.32217898
tiktok,-0.039069198,tiktok,0.020759,0.006689,Normal,0.051898,0.016722,-0.020284835,92.60298641817889,-0.020284835,fallback_baseline,92.60298641817889,0.0009563816753886956,1.0,0.018784363
tiktok,-0.03788911,tiktok,0.020759,0.006689,Normal,0.051898,0.016722,-0.020284835,86.78539904317681,-0.020284835,fallback_baseline,86.78539904317681,0.0009563816753886956,1.0,0.017604274999999996
tiktok,-0.0018726599,tiktok,0.020759,0.006689,Normal,0.051898,0.016722,-0.020284835,-90.76817780376325,-0.020284835,fallback_baseline,90.76817780376325,0.0009563816753886956,1.0,0.0184121751
tiktok,0.02058318,tiktok,0.020759,0.006689,Normal,0.051898,0.016722,-0.020284835,-201.47077853973175,-0.020284835,fallback_baseline,201.47077853973175,0.0009563816753886956,1.0,0.040868015
tiktok,0.11588134,tiktok,0.020759,0.006689,Normal,0.051898,0.016722,-0.020284835,-671.270804026752,-0.020284835,fallback_baseline,671.270804026752,0.0009563816753886956,1.0,0.136166175
tiktok,0.48422614,tiktok,0.020759,0.006689,Normal,0.051898,0.016722,-0.020284835,-2487.1337380856194,-0.020284835,fallback_baseline,2487.1337380856194,0.0009563816753886956,1.0,0.5045109750000001
tiktok,0.23735675,tiktok,0.020759,0.006689,Normal,0.051898,0.016722,-0.020284835,-1270.1192048148284,-0.020284835,fallback_baseline,1270.1192048148284,0.0009563816753886956,1.0,0.257641585
tiktok,0.29458046,tiktok,0.020759,0.006689,Normal,0.051898,0.016722,-0.020284835,-1552.2201437674992,-0.020284835,fallback_baseline,1552.2201437674992,0.0009563816753886956,1.0,0.314865295
tiktok,0.090251885,tiktok,0.020759,0.006689,LogNormal,0.051898,0.016722,0.10978498,-17.792137868039873,0.10978498,fallback_baseline,17.792137868039873,0.0,1.0,0.019533095
tiktok,0.027803976,tiktok,0.020759,0.006689,LogNormal,0.051898,0.016722,0.10978498,-74.67415305809592,0.10978498,fallback_baseline,74.67415305809592,0.0,1.0,0.081981004
tiktok,0.06072545,tiktok,0.020759,0.006689,LogNormal,0.051898,0.016722,0.10978498,-44.68692347532422,0.10978498,fallback_baseline,44.68692347532422,0.0,1.0,0.049059530000000004
tiktok,1.013093,tiktok,0.020759,0.006689,LogNormal,0.051898,0.016722,0.10978498,822.7974537136137,0.10978498,fallback_baseline,822.7974537136137,0.0,1.0,0.90330802
tiktok,0.2501371,tiktok,0.020759,0.006689,LogNormal,0.051898,0.016722,0.10978498,127.84273404248923,0.10978498,fallback_baseline,127.84273404248923,0.0,1.0,0.14035212
tiktok,0.18141973,tiktok,0.020759,0.006689,LogNormal,0.051898,0.016722,0.10978498,65.25004604454999,0.10978498,fallback_baseline,65.25004604454999,0.0,1.0,0.07163475
tiktok,0.26056617,tiktok,0.020759,0.006689,LogNormal,0.051898,0.016722,0.10978498,137.34227578308068,0.10978498,fallback_baseline,137.34227578308068,0.0,1.0,0.15078118999999998
tiktok,0.7479846,tiktok,0.020759,0.006689,LogNormal,0.051898,0.016722,0.10978498,581.317790466419,0.10978498,fallback_baseline,581.317790466419,0.0,1.0,0.63819962
tiktok,-0.027078146,tiktok,0.020759,0.011706,Normal,0.051898,0.016722,-0.020284835,33.48960442616368,-0.020284835,fallback_baseline,33.48960442616368,0.03808419796108259,1.0,0.006793311
tiktok,-0.03560794,tiktok,0.020759,0.011706,Normal,0.051898,0.016722,-0.020284835,75.53970737252729,-0.020284835,fallback_baseline,75.53970737252729,0.03808419796108259,1.0,0.015323104999999997
tiktok,-0.0016486824,tiktok,0.020759,0.011706,Normal,0.051898,0.016722,-0.020284835,-91.87234010037547,-0.020284835,fallback_baseline,91.87234010037547,0.03808419796108259,1.0,0.0186361526
tiktok,0.01925683,tiktok,0.020759,0.011706,Normal,0.051898,0.016722,-0.020284835,-194.93215005199698,-0.020284835,fallback_baseline,194.93215005199698,0.03808419796108259,1.0,0.039541665000000004
tiktok,0.09149956,tiktok,0.020759,0.011706,Normal,0.051898,0.016722,-0.020284835,-551.0737208362799,-0.020284835,fallback_baseline,551.0737208362799,0.03808419796108259,1.0,0.111784395
tiktok,0.49917945,tiktok,0.020759,0.011706,Normal,0.051898,0.016722,-0.020284835,-2560.850433340966,-0.020284835,fallback_baseline,2560.850433340966,0.03808419796108259,1.0,0.519464285
tiktok,0.26285353,tiktok,0.020759,0.011706,Normal,0.051898,0.016722,-0.020284835,-1395.813005134131,-0.020284835,fallback_baseline,1395.813005134131,0.03808419796108259,1.0,0.283138365
tiktok,0.2847562,tiktok,0.020759,0.011706,Normal,0.051898,0.016722,-0.020284835,-1503.7885937943297,-0.020284835,fallback_baseline,1503.7885937943297,0.03808419796108259,1.0,0.305041035
tiktok,0.09089721,tiktok,0.020759,0.011706,LogNormal,0.051898,0.016722,0.10978498,-17.204329772615523,0.10978498,fallback_baseline,17.204329772615523,0.0,1.0,0.018887769999999998
tiktok,0.0314439,tiktok,0.020759,0.011706,LogNormal,0.051898,0.016722,0.10978498,-71.35865033632105,0.10978498,fallback_baseline,71.35865033632105,0.0,1.0,0.07834108000000001
tiktok,0.06686791,tiktok,0.020759,0.011706,LogNormal,0.051898,0.016722,0.10978498,-39.09193224792681,0.10978498,fallback_baseline,39.09193224792681,0.0,1.0,0.04291707
tiktok,0.9971638,tiktok,0.020759,0.011706,LogNormal,0.051898,0.016722,0.10978498,808.2880007811633,0.10978498,fallback_baseline,808.2880007811633,0.0,1.0,0.88737882
tiktok,0.25613636,tiktok,0.020759,0.011706,LogNormal,0.051898,0.016722,0.10978498,133.30728848336082,0.10978498,fallback_baseline,133.30728848336082,0.0,1.0,0.14635138
tiktok,0.1939166,tiktok,0.020759,0.011706,LogNormal,0.051898,0.016722,0.10978498,76.6330876956028,0.10978498,fallback_baseline,76.6330876956028,0.0,1.0,0.08413161999999999
tiktok,0.30066746,tiktok,0.020759,0.011706,LogNormal,0.051898,0.016722,0.10978498,173.86939452008826,0.10978498,fallback_baseline,173.86939452008826,0.0,1.0,0.19088248
tiktok,0.771826,tiktok,0.020759,0.011706,LogNormal,0.051898,0.016722,0.10978498,603.0342402029858,0.10978498,fallback_baseline,603.0342402029858,0.0,1.0,0.66204102
tiktok,-0.009291678,tiktok,0.020759,0.016722,Normal,0.051898,0.016722,-0.020284835,-54.193968055446355,-0.020284835,fallback_baseline,54.193968055446355,0.10722559594195208,1.0,0.010993157000000002
tiktok,-0.03197484,tiktok,0.020759,0.016722,Normal,0.051898,0.016722,-0.020284835,57.62928315660441,-0.020284835,fallback_baseline,57.62928315660441,0.10722559594195208,1.0,0.011690004999999996
tiktok,-0.0061365105,tiktok,0.020759,0.016722,Normal,0.051898,0.016722,-0.020284835,-69.74828486403759,-0.020284835,fallback_baseline,69.74828486403759,0.10722559594195208,1.0,0.0141483245
tiktok,0.019928161,tiktok,0.020759,0.016722,Normal,0.051898,0.016722,-0.020284835,-198.24167167245875,-0.020284835,fallback_baseline,198.24167167245875,0.10722559594195208,1.0,0.040212996
tiktok,0.06191752,tiktok,0.020759,0.016722,Normal,0.051898,0.016722,-0.020284835,-405.2404419360572,-0.020284835,fallback_baseline,405.2404419360572,0.10722559594195208,1.0,0.082202355
tiktok,0.33777463,tiktok,0.020759,0.016722,Normal,0.051898,0.016722,-0.020284835,-1765.1583806326255,-0.020284835,fallback_baseline,1765.1583806326255,0.10722559594195208,1.0,0.358059465
tiktok,0.3107914,tiktok,0.020759,0.016722,Normal,0.051898,0.016722,-0.020284835,-1632.136692262964,-0.020284835,fallback_baseline,1632.136692262964,0.10722559594195208,1.0,0.331076235
tiktok,0.26307446,tiktok,0.020759,0.016722,Normal,0.051898,0.016722,-0.020284835,-1396.902143892223,-0.020284835,fallback_baseline,1396.902143892223,0.10722559594195208,1.0,0.283359295
tiktok,0.091506556,tiktok,0.020759,0.016722,LogNormal,0.051898,0.016722,0.10978498,-16.64929391980579,0.10978498,fallback_baseline,16.64929391980579,0.0,1.0,0.018278424
tiktok,0.031318046,tiktok,0.020759,0.016722,LogNormal,0.051898,0.016722,0.10978498,-71.47328714729466,0.10978498,fallback_baseline,71.47328714729466,0.0,1.0,0.078466934
tiktok,0.06835264,tiktok,0.020759,0.016722,LogNormal,0.051898,0.016722,0.10978498,-37.73953413299341,0.10978498,fallback_baseline,37.73953413299341,0.0,1.0,0.04143234
tiktok,0.97455865,tiktok,0.020759,0.016722,LogNormal,0.051898,0.016722,0.10978498,787.6976158305079,0.10978498,fallback_baseline,787.6976158305079,0.0,1.0,0.8647736699999999
tiktok,0.26543003,tiktok,0.020759,0.016722,LogNormal,0.051898,0.016722,0.10978498,141.77262682017155,0.10978498,fallback_baseline,141.77262682017155,0.0,1.0,0.15564504999999998
tiktok,0.15923111,tiktok,0.020759,0.016722,LogNormal,0.051898,0.016722,0.10978498,45.03906636408733,0.10978498,fallback_baseline,45.03906636408733,0.0,1.0,0.049446130000000005
tiktok,0.27586496,tiktok,0.020759,0.016722,LogNormal,0.051898,0.016722,0.10978498,151.27750626725074,0.10978498,fallback_baseline,151.27750626725074,0.0,1.0,0.16607998
tiktok,0.7899237,tiktok,0.020759,0.016722,LogNormal,0.051898,0.016722,0.10978498,619.518917797316,0.10978498,fallback_baseline,619.518917797316,0.0,1.0,0.68013872
tiktok,-0.034254573,tiktok,0.020759,0.023411,Normal,0.051898,0.016722,-0.020284835,68.86789071737583,-0.020284835,fallback_baseline,68.86789071737583,0.18761485599940692,1.0,0.013969738000000002
tiktok,-0.023680145,tiktok,0.020759,0.023411,Normal,0.051898,0.016722,-0.020284835,16.738169179093635,-0.020284835,fallback_baseline,16.738169179093635,0.18761485599940692,1.0,0.0033953099999999986
tiktok,-0.018363444,tiktok,0.020759,0.023411,Normal,0.051898,0.016722,-0.020284835,-9.472056341597067,-0.020284835,fallback_baseline,9.472056341597067,0.18761485599940692,1.0,0.0019213910000000015
tiktok,0.013801634,tiktok,0.020759,0.023411,Normal,0.051898,0.016722,-0.020284835,-168.03917310641174,-0.020284835,fallback_baseline,168.03917310641174,0.18761485599940692,1.0,0.034086469
tiktok,0.109134495,tiktok,0.020759,0.023411,Normal,0.051898,0.016722,-0.020284835,-638.0102672760218,-0.020284835,fallback_baseline,638.0102672760218,0.18761485599940692,1.0,0.12941933
tiktok,0.36139196,tiktok,0.020759,0.023411,Normal,0.051898,0.016722,-0.020284835,-1881.5868849808242,-0.020284835,fallback_baseline,1881.5868849808242,0.18761485599940692,1.0,0.381676795
tiktok,0.26896554,tiktok,0.020759,0.023411,Normal,0.051898,0.016722,-0.020284835,-1425.943937922098,-0.020284835,fallback_baseline,1425.943937922098,0.18761485599940692,1.0,0.289250375
tiktok,0.264957,tiktok,0.020759,0.023411,Normal,0.051898,0.016722,-0.020284835,-1406.1826729179704,-0.020284835,fallback_baseline,1406.1826729179704,0.18761485599940692,1.0,0.285241835
tiktok,0.09810116,tiktok,0.020759,0.023411,LogNormal,0.051898,0.016722,0.10978498,-10.642457647667284,0.10978498,fallback_baseline,10.642457647667284,0.0,1.0,0.011683819999999998
tiktok,0.030215006,tiktok,0.020759,0.023411,LogNormal,0.051898,0.016722,0.10978498,-72.47801475210908,0.10978498,fallback_baseline,72.47801475210908,0.0,1.0,0.079569974
tiktok,0.068931594,tiktok,0.020759,0.023411,LogNormal,0.051898,0.016722,0.10978498,-37.21218148420668,0.10978498,fallback_baseline,37.21218148420668,0.0,1.0,0.040853386000000005
tiktok,0.93515575,tiktok,0.020759,0.023411,LogNormal,0.051898,0.016722,0.10978498,751.8066405805238,0.10978498,fallback_baseline,751.8066405805238,0.0,1.0,0.8253707699999999
tiktok,0.25102863,tiktok,0.020759,0.023411,LogNormal,0.051898,0.016722,0.10978498,128.65480323446792,0.10978498,fallback_baseline,128.65480323446792,0.0,1.0,0.14124364999999997
tiktok,0.1919049,tiktok,0.020759,0.023411,LogNormal,0.051898,0.016722,0.10978498,74.80068767148292,0.10978498,fallback_baseline,74.80068767148292,0.0,1.0,0.08211991999999999
tiktok,0.2814134,tiktok,0.020759,0.023411,LogNormal,0.051898,0.016722,0.10978498,156.33142165713377,0.10978498,fallback_baseline,156.33142165713377,0.0,1.0,0.17162841999999998
tiktok,0.68951505,tiktok,0.020759,0.023411,LogNormal,0.051898,0.016722,0.10978498,528.0595487652317,0.10978498,fallback_baseline,528.0595487652317,0.0,1.0,0.57973007
tiktok,-0.034960054,tiktok,0.020759,0.033445,Normal,0.051898,0.016722,-0.020284835,72.34576470550535,-0.020284835,fallback_baseline,72.34576470550535,0.26740157934200925,0.0,0.014675218999999996
tiktok,-0.02440582,tiktok,0.020759,0.033445,Normal,0.051898,0.016722,-0.020284835,20.315595369644367,-0.020284835,fallback_baseline,20.315595369644367,0.26740157934200925,0.0,0.004120985000000001
tiktok,-0.025675986,tiktok,0.020759,0.033445,Normal,0.051898,0.016722,-0.020284835,26.57724847157988,-0.020284835,fallback_baseline,26.57724847157988,0.26740157934200925,0.0,0.005391151
tiktok,0.003214229,tiktok,0.020759,0.033445,Normal,0.051898,0.016722,-0.020284835,-115.84547766841584,-0.020284835,fallback_baseline,115.84547766841584,0.26740157934200925,0.0,0.023499064
tiktok,0.109164074,tiktok,0.020759,0.033445,Normal,0.051898,0.016722,-0.020284835,-638.1560855683568,-0.020284835,fallback_baseline,638.1560855683568,0.26740157934200925,0.0,0.129448909
tiktok,0.44343203,tiktok,0.020759,0.033445,Normal,0.051898,0.016722,-0.020284835,-2286.027295760601,-0.020284835,fallback_baseline,2286.027295760601,0.26740157934200925,0.0,0.463716865
tiktok,0.2548911,tiktok,0.020759,0.033445,Normal,0.051898,0.016722,-0.020284835,-1356.5598882120557,-0.020284835,fallback_baseline,1356.5598882120557,0.26740157934200925,0.0,0.275175935
tiktok,0.4177955,tiktok,0.020759,0.033445,Normal,0.051898,0.016722,-0.020284835,-2159.644557128515,-0.020284835,fallback_baseline,2159.644557128515,0.26740157934200925,0.0,0.438080335
tiktok,0.10991256,tiktok,0.020759,0.033445,LogNormal,0.051898,0.016722,0.10978498,0.11620897503465605,0.10978498,fallback_baseline,0.11620897503465605,0.0,1.0,0.00012758000000000214
tiktok,0.027479252,tiktok,0.020759,0.033445,LogNormal,0.051898,0.016722,0.10978498,-74.96993486722866,0.10978498,fallback_baseline,74.96993486722866,0.0,1.0,0.08230572800000001
tiktok,0.060632605,tiktok,0.020759,0.033445,LogNormal,0.051898,0.016722,0.10978498,-44.771493331783645,0.10978498,fallback_baseline,44.771493331783645,0.0,1.0,0.049152375000000005
tiktok,0.86597145,tiktok,0.020759,0.033445,LogNormal,0.051898,0.016722,0.10978498,688.7886393931118,0.10978498,fallback_baseline,688.7886393931118,0.0,1.0,0.7561864699999999
tiktok,0.27128258,tiktok,0.020759,0.033445,LogNormal,0.051898,0.016722,0.10978498,147.10354731585323,0.10978498,fallback_baseline,147.10354731585323,0.0,1.0,0.1614976
tiktok,0.22199759,tiktok,0.020759,0.033445,LogNormal,0.051898,0.016722,0.10978498,102.21125877146399,0.10978498,fallback_baseline,102.21125877146399,0.0,1.0,0.11221260999999999
tiktok,0.29902384,tiktok,0.020759,0.033445,LogNormal,0.051898,0.016722,0.10978498,172.3722680461389,0.10978498,fallback_baseline,172.3722680461389,0.0,1.0,0.18923885999999998
tiktok,0.862748,tiktok,0.020759,0.033445,LogNormal,0.051898,0.016722,0.10978498,685.8524909327305,0.10978498,fallback_baseline,685.8524909327305,0.0,1.0,0.7529630199999999
tiktok,-0.028234774,tiktok,0.036328,0.006689,Normal,0.051898,0.016722,-0.020284835,39.19153890085869,-0.020284835,fallback_baseline,39.19153890085869,2.8018604769641797e-08,1.0,0.007949939
tiktok,-0.033641554,tiktok,0.036328,0.006689,Normal,0.051898,0.016722,-0.020284835,65.84583507827398,-0.020284835,fallback_baseline,65.84583507827398,2.8018604769641797e-08,1.0,0.013356718999999996
tiktok,-0.017322011,tiktok,0.036328,0.006689,Normal,0.051898,0.016722,-0.020284835,-14.606103525121119,-0.020284835,fallback_baseline,14.606103525121119,2.8018604769641797e-08,1.0,0.002962824000000003
tiktok,0.035938118,tiktok,0.036328,0.006689,Normal,0.051898,0.016722,-0.020284835,-277.1674159538394,-0.020284835,fallback_baseline,277.1674159538394,2.8018604769641797e-08,1.0,0.056222953
tiktok,0.13013875,tiktok,0.036328,0.006689,Normal,0.051898,0.016722,-0.020284835,-741.5568576229483,-0.020284835,fallback_baseline,741.5568576229483,2.8018604769641797e-08,1.0,0.150423585
tiktok,0.4888684,tiktok,0.036328,0.006689,Normal,0.051898,0.016722,-0.020284835,-2510.019110335381,-0.020284835,fallback_baseline,2510.019110335381,2.8018604769641797e-08,1.0,0.509153235
tiktok,0.21017587,tiktok,0.036328,0.006689,Normal,0.051898,0.016722,-0.020284835,-1136.1231432249756,-0.020284835,fallback_baseline,1136.1231432249756,2.8018604769641797e-08,1.0,0.230460705
tiktok,0.18566185,tiktok,0.036328,0.006689,Normal,0.051898,0.016722,-0.020284835,-1015.274144453233,-0.020284835,fallback_baseline,1015.274144453233,2.8018604769641797e-08,1.0,0.205946685
tiktok,0.09051333,tiktok,0.036328,0.006689,LogNormal,0.051898,0.016722,0.10978498,-17.553995091131775,0.10978498,fallback_baseline,17.553995091131775,0.0,1.0,0.01927165
tiktok,0.02987751,tiktok,0.036328,0.006689,LogNormal,0.051898,0.016722,0.10978498,-72.78543021094507,0.10978498,fallback_baseline,72.78543021094507,0.0,1.0,0.07990747000000001
tiktok,0.06581001,tiktok,0.036328,0.006689,LogNormal,0.051898,0.016722,0.10978498,-40.055543117100356,0.10978498,fallback_baseline,40.055543117100356,0.0,1.0,0.04397497
tiktok,1.0291535,tiktok,0.036328,0.006689,LogNormal,0.051898,0.016722,0.10978498,837.4265040627597,0.10978498,fallback_baseline,837.4265040627597,0.0,1.0,0.91936852
tiktok,0.2528521,tiktok,0.036328,0.006689,LogNormal,0.051898,0.016722,0.10978498,130.31574993227673,0.10978498,fallback_baseline,130.31574993227673,0.0,1.0,0.14306712000000002
tiktok,0.13049003,tiktok,0.036328,0.006689,LogNormal,0.051898,0.016722,0.10978498,18.85963817636985,0.10978498,fallback_baseline,18.85963817636985,0.0,1.0,0.020705050000000003
tiktok,0.2778476,tiktok,0.036328,0.006689,LogNormal,0.051898,0.016722,0.10978498,153.08343636807143,0.10978498,fallback_baseline,153.08343636807143,0.0,1.0,0.16806261999999997
tiktok,0.77818525,tiktok,0.036328,0.006689,LogNormal,0.051898,0.016722,0.10978498,608.8266992442865,0.10978498,fallback_baseline,608.8266992442865,0.0,1.0,0.66840027
tiktok,-0.034988753,tiktok,0.036328,0.011706,Normal,0.051898,0.016722,-0.020284835,72.48724478163118,-0.020284835,fallback_baseline,72.48724478163118,0.0009566649535852068,1.0,0.014703917999999996
tiktok,-0.03599474,tiktok,0.036328,0.011706,Normal,0.051898,0.016722,-0.020284835,77.44655058816105,-0.020284835,fallback_baseline,77.44655058816105,0.0009566649535852068,1.0,0.015709904999999996
tiktok,-0.0041459324,tiktok,0.036328,0.011706,Normal,0.051898,0.016722,-0.020284835,-79.56141915869662,-0.020284835,fallback_baseline,79.56141915869662,0.0009566649535852068,1.0,0.0161389026
tiktok,0.031034749,tiktok,0.036328,0.011706,Normal,0.051898,0.016722,-0.020284835,-252.99483086749288,-0.020284835,fallback_baseline,252.99483086749288,0.0009566649535852068,1.0,0.051319584
tiktok,0.1421646,tiktok,0.036328,0.011706,Normal,0.051898,0.016722,-0.020284835,-800.8417864872946,-0.020284835,fallback_baseline,800.8417864872946,0.0009566649535852068,1.0,0.162449435
tiktok,0.47691113,tiktok,0.036328,0.011706,Normal,0.051898,0.016722,-0.020284835,-2451.0722665478916,-0.020284835,fallback_baseline,2451.0722665478916,0.0009566649535852068,1.0,0.497195965
tiktok,0.19452867,tiktok,0.036328,0.011706,Normal,0.051898,0.016722,-0.020284835,-1058.9857151906829,-0.020284835,fallback_baseline,1058.9857151906829,0.0009566649535852068,1.0,0.214813505
tiktok,0.31133884,tiktok,0.036328,0.011706,Normal,0.051898,0.016722,-0.020284835,-1634.835457128441,-0.020284835,fallback_baseline,1634.835457128441,0.0009566649535852068,1.0,0.331623675
tiktok,0.092457436,tiktok,0.036328,0.011706,LogNormal,0.051898,0.016722,0.10978498,-15.783164509389172,0.10978498,fallback_baseline,15.783164509389172,0.0,1.0,0.017327544
tiktok,0.029749889,tiktok,0.036328,0.011706,LogNormal,0.051898,0.016722,0.10978498,-72.90167653170771,0.10978498,fallback_baseline,72.90167653170771,0.0,1.0,0.080035091
tiktok,0.06597791,tiktok,0.036328,0.011706,LogNormal,0.051898,0.016722,0.10978498,-39.902607806641676,0.10978498,fallback_baseline,39.902607806641676,0.0,1.0,0.043807070000000004
tiktok,1.012017,tiktok,0.036328,0.011706,LogNormal,0.051898,0.016722,0.10978498,821.8173560718413,0.10978498,fallback_baseline,821.8173560718413,0.0,1.0,0.9022320199999999
tiktok,0.27308393,tiktok,0.036328,0.011706,LogNormal,0.051898,0.016722,0.10978498,148.74434553797792,0.10978498,fallback_baseline,148.74434553797792,0.0,1.0,0.16329894999999997
tiktok,0.20374265,tiktok,0.036328,0.011706,LogNormal,0.051898,0.016722,0.10978498,85.5833557559513,0.10978498,fallback_baseline,85.5833557559513,0.0,1.0,0.09395767
tiktok,0.28976303,tiktok,0.036328,0.011706,LogNormal,0.051898,0.016722,0.10978498,163.93686094400158,0.10978498,fallback_baseline,163.93686094400158,0.0,1.0,0.17997804999999997
tiktok,0.7948674,tiktok,0.036328,0.011706,LogNormal,0.051898,0.016722,0.10978498,624.0219928081236,0.10978498,fallback_baseline,624.0219928081236,0.0,1.0,0.68508242
tiktok,-0.056111366,tiktok,0.036328,0.016722,Normal,0.051898,0.016722,-0.020284835,176.61731534912659,-0.020284835,fallback_baseline,176.61731534912659,0.014910212687865743,1.0,0.035826531
tiktok,-0.04905017,tiktok,0.036328,0.016722,Normal,0.051898,0.016722,-0.020284835,141.80709382156667,-0.020284835,fallback_baseline,141.80709382156667,0.014910212687865743,1.0,0.028765334999999996
tiktok,0.03710334,tiktok,0.036328,0.016722,Normal,0.051898,0.016722,-0.020284835,-282.91171705365116,-0.020284835,fallback_baseline,282.91171705365116,0.014910212687865743,1.0,0.057388175
tiktok,0.027481452,tiktok,0.036328,0.016722,Normal,0.051898,0.016722,-0.020284835,-235.47781877446874,-0.020284835,fallback_baseline,235.47781877446874,0.014910212687865743,1.0,0.047766287000000004
tiktok,0.12778097,tiktok,0.036328,0.016722,Normal,0.051898,0.016722,-0.020284835,-729.9334946525322,-0.020284835,fallback_baseline,729.9334946525322,0.014910212687865743,1.0,0.148065805
tiktok,0.48394912,tiktok,0.036328,0.016722,Normal,0.051898,0.016722,-0.020284835,-2485.7680873420954,-0.020284835,fallback_baseline,2485.7680873420954,0.014910212687865743,1.0,0.504233955
tiktok,0.2294651,tiktok,0.036328,0.016722,Normal,0.051898,0.016722,-0.020284835,-1231.2150185101332,-0.020284835,fallback_baseline,1231.2150185101332,0.014910212687865743,1.0,0.249749935
tiktok,0.28288692,tiktok,0.036328,0.016722,Normal,0.051898,0.016722,-0.020284835,-1494.5734337991903,-0.020284835,fallback_baseline,1494.5734337991903,0.014910212687865743,1.0,0.303171755
tiktok,0.11223434,tiktok,0.036328,0.016722,LogNormal,0.051898,0.016722,0.10978498,2.231052007296442,0.10978498,fallback_baseline,2.231052007296442,0.0,1.0,0.0024493599999999977
tiktok,0.027045691,tiktok,0.036328,0.016722,LogNormal,0.051898,0.016722,0.10978498,-75.36485318847807,0.10978498,fallback_baseline,75.36485318847807,0.0,1.0,0.08273928900000001
tiktok,0.059507877,tiktok,0.036328,0.016722,LogNormal,0.051898,0.016722,0.10978498,-45.795975915831114,0.10978498,fallback_baseline,45.795975915831114,0.0,1.0,0.050277103000000004
tiktok,0.9842207,tiktok,0.036328,0.016722,LogNormal,0.051898,0.016722,0.10978498,796.4985009789134,0.10978498,fallback_baseline,796.4985009789134,0.0,1.0,0.8744357199999999
tiktok,0.23515558,tiktok,0.036328,0.016722,LogNormal,0.051898,0.016722,0.10978498,114.19649573192982,0.10978498,fallback_baseline,114.19649573192982,0.0,1.0,0.1253706
tiktok,0.19156867,tiktok,0.036328,0.016722,LogNormal,0.051898,0.016722,0.10978498,74.49442537585742,0.10978498,fallback_baseline,74.49442537585742,0.0,1.0,0.08178368999999999
tiktok,0.29549325,tiktok,0.036328,0.016722,LogNormal,0.051898,0.016722,0.10978498,169.1563545395736,0.10978498,fallback_baseline,169.1563545395736,0.0,1.0,0.18570826999999998
tiktok,0.83737266,tiktok,0.036328,0.016722,LogNormal,0.051898,0.016722,0.10978498,662.738819098933,0.10978498,fallback_baseline,662.738819098933,0.0,1.0,0.72758768
tiktok,-0.04584387,tiktok,0.036328,0.023411,Normal,0.051898,0.016722,-0.020284835,126.00070446715489,-0.020284835,fallback_baseline,126.00070446715489,0.060361125345890554,1.0,0.025559035
tiktok,-0.017805291,tiktok,0.036328,0.023411,Normal,0.051898,0.016722,-0.020284835,-12.223634059631246,-0.020284835,fallback_baseline,12.223634059631246,0.060361125345890554,1.0,0.002479544
tiktok,-0.00884289,tiktok,0.036328,0.023411,Normal,0.051898,0.016722,-0.020284835,-56.40639916469618,-0.020284835,fallback_baseline,56.40639916469618,0.060361125345890554,1.0,0.011441945
tiktok,0.030749545,tiktok,0.036328,0.023411,Normal,0.051898,0.016722,-0.020284835,-251.58883471322298,-0.020284835,fallback_baseline,251.58883471322298,0.060361125345890554,1.0,0.051034380000000004
tiktok,0.1341989,tiktok,0.036328,0.023411,Normal,0.051898,0.016722,-0.020284835,-761.5725491481691,-0.020284835,fallback_baseline,761.5725491481691,0.060361125345890554,1.0,0.154483735
tiktok,0.32079202,tiktok,0.036328,0.023411,Normal,0.051898,0.016722,-0.020284835,-1681.4376602028067,-0.020284835,fallback_baseline,1681.4376602028067,0.060361125345890554,1.0,0.341076855
tiktok,0.12736253,tiktok,0.036328,0.023411,Normal,0.051898,0.016722,-0.020284835,-727.8706728450095,-0.020284835,fallback_baseline,727.8706728450095,0.060361125345890554,1.0,0.147647365
tiktok,0.33359444,tiktok,0.036328,0.023411,Normal,0.051898,0.016722,-0.020284835,-1744.5509169781265,-0.020284835,fallback_baseline,1744.5509169781265,0.060361125345890554,1.0,0.353879275
tiktok,0.09587056,tiktok,0.036328,0.023411,LogNormal,0.051898,0.016722,0.10978498,-12.674247424374453,0.10978498,fallback_baseline,12.674247424374453,0.0,1.0,0.01391442000000001
tiktok,0.028253078,tiktok,0.036328,0.023411,LogNormal,0.051898,0.016722,0.10978498,-74.2650788841971,0.10978498,fallback_baseline,74.2650788841971,0.0,1.0,0.081531902
tiktok,0.06134709,tiktok,0.036328,0.023411,LogNormal,0.051898,0.016722,0.10978498,-44.12068936934725,0.10978498,fallback_baseline,44.12068936934725,0.0,1.0,0.048437890000000004
tiktok,0.94474137,tiktok,0.036328,0.023411,LogNormal,0.051898,0.016722,0.10978498,760.5379078267355,0.10978498,fallback_baseline,760.5379078267355,0.0,1.0,0.83495639
tiktok,0.20129065,tiktok,0.036328,0.023411,LogNormal,0.051898,0.016722,0.10978498,83.34989904812115,0.10978498,fallback_baseline,83.34989904812115,0.0,1.0,0.09150566999999998
tiktok,0.21199441,tiktok,0.036328,0.023411,LogNormal,0.051898,0.016722,0.10978498,93.09964805750293,0.10978498,fallback_baseline,93.09964805750293,0.0,1.0,0.10220942999999999
tiktok,0.30768698,tiktok,0.036328,0.023411,LogNormal,0.051898,0.016722,0.10978498,180.26327463009966,0.10978498,fallback_baseline,180.26327463009966,0.0,1.0,0.197902
tiktok,0.8153883,tiktok,0.036328,0.023411,LogNormal,0.051898,0.016722,0.10978498,642.7138940135526,0.10978498,fallback_baseline,642.7138940135526,0.0,1.0,0.7056033199999999
tiktok,-0.050301038,tiktok,0.036328,0.033445,Normal,0.051898,0.016722,-0.020284835,147.97361181394868,-0.020284835,fallback_baseline,147.97361181394868,0.13869498752754772,1.0,0.030016202999999998
tiktok,-0.047024004,tiktok,0.036328,0.033445,Normal,0.051898,0.016722,-0.020284835,131.81851861254972,-0.020284835,fallback_baseline,131.81851861254972,0.13869498752754772,1.0,0.026739169
tiktok,0.041332334,tiktok,0.036328,0.033445,Normal,0.051898,0.016722,-0.020284835,-303.7597742352846,-0.020284835,fallback_baseline,303.7597742352846,0.13869498752754772,1.0,0.061617169
tiktok,0.008304158,tiktok,0.036328,0.033445,Normal,0.051898,0.016722,-0.020284835,-140.9377645911342,-0.020284835,fallback_baseline,140.9377645911342,0.13869498752754772,1.0,0.028588993
tiktok,0.099010974,tiktok,0.036328,0.033445,Normal,0.051898,0.016722,-0.020284835,-588.1034230744297,-0.020284835,fallback_baseline,588.1034230744297,0.13869498752754772,1.0,0.119295809
tiktok,0.4449409,tiktok,0.036328,0.033445,Normal,0.051898,0.016722,-0.020284835,-2293.4657097284744,-0.020284835,fallback_baseline,2293.4657097284744,0.13869498752754772,1.0,0.465225735
tiktok,0.3071247,tiktok,0.036328,0.033445,Normal,0.051898,0.016722,-0.020284835,-1614.060627064504,-0.020284835,fallback_baseline,1614.060627064504,0.13869498752754772,1.0,0.327409535
tiktok,0.26996362,tiktok,0.036328,0.033445,Normal,0.051898,0.016722,-0.020284835,-1430.864263870029,-0.020284835,fallback_baseline,1430.864263870029,0.13869498752754772,1.0,0.290248455
tiktok,0.099055454,tiktok,0.036328,0.033445,LogNormal,0.051898,0.016722,0.10978498,-9.773218522242297,0.10978498,fallback_baseline,9.773218522242297,0.0,1.0,0.010729526000000003
tiktok,0.028869748,tiktok,0.036328,0.033445,LogNormal,0.051898,0.016722,0.10978498,-73.70337180914913,0.10978498,fallback_baseline,73.70337180914913,0.0,1.0,0.080915232
tiktok,0.064793065,tiktok,0.036328,0.033445,LogNormal,0.051898,0.016722,0.10978498,-40.981849247501806,0.10978498,fallback_baseline,40.981849247501806,0.0,1.0,0.04499191500000001
tiktok,0.8836096,tiktok,0.036328,0.033445,LogNormal,0.051898,0.016722,0.10978498,704.8547260290068,0.10978498,fallback_baseline,704.8547260290068,0.0,1.0,0.77382462
tiktok,0.28788796,tiktok,0.036328,0.033445,LogNormal,0.051898,0.016722,0.10978498,162.22891328121568,0.10978498,fallback_baseline,162.22891328121568,0.0,1.0,0.17810298
tiktok,0.22454365,tiktok,0.036328,0.033445,LogNormal,0.051898,0.016722,0.10978498,104.53039204452195,0.10978498,fallback_baseline,104.53039204452195,0.0,1.0,0.11475867000000001
tiktok,0.32266545,tiktok,0.036328,0.033445,LogNormal,0.051898,0.016722,0.10978498,193.90673478284555,0.10978498,fallback_baseline,193.90673478284555,0.0,1.0,0.21288047000000002
tiktok,0.87570775,tiktok,0.036328,0.033445,LogNormal,0.051898,0.016722,0.10978498,697.6571567440282,0.10978498,fallback_baseline,697.6571567440282,0.0,1.0,0.76592277
tiktok,-0.051674478,tiktok,0.051898,0.006689,Normal,0.051898,0.016722,-0.020284835,154.74438416679257,-0.020284835,fallback_baseline,154.74438416679257,4.274358644806853e-15,1.0,0.031389643
tiktok,-0.03841499,tiktok,0.051898,0.006689,Normal,0.051898,0.016722,-0.020284835,89.37787761152605,-0.020284835,fallback_baseline,89.37787761152605,4.274358644806853e-15,1.0,0.018130155000000002
tiktok,0.0038972553,tiktok,0.051898,0.006689,Normal,0.051898,0.016722,-0.020284835,-119.21265467527834,-0.020284835,fallback_baseline,119.21265467527834,4.274358644806853e-15,1.0,0.0241820903
tiktok,0.051573835,tiktok,0.051898,0.006689,Normal,0.051898,0.016722,-0.020284835,-354.24823519639176,-0.020284835,fallback_baseline,354.24823519639176,4.274358644806853e-15,1.0,0.07185867
tiktok,0.13402116,tiktok,0.051898,0.006689,Normal,0.051898,0.016722,-0.020284835,-760.6963280697131,-0.020284835,fallback_baseline,760.6963280697131,4.274358644806853e-15,1.0,0.154305995
tiktok,0.4912192,tiktok,0.051898,0.006689,Normal,0.051898,0.016722,-0.020284835,-2521.608063363591,-0.020284835,fallback_baseline,2521.608063363591,4.274358644806853e-15,1.0,0.511504035
tiktok,0.20978549,tiktok,0.051898,0.006689,Normal,0.051898,0.016722,-0.020284835,-1134.1986513570357,-0.020284835,fallback_baseline,1134.1986513570357,4.274358644806853e-15,1.0,0.230070325
tiktok,0.29690215,tiktok,0.051898,0.006689,Normal,0.051898,0.016722,-0.020284835,-1563.6655905754224,-0.020284835,fallback_baseline,1563.6655905754224,4.274358644806853e-15,1.0,0.317186985
tiktok,0.0963108,tiktok,0.051898,0.006689,LogNormal,0.051898,0.016722,0.10978498,-12.273245392949018,0.10978498,fallback_baseline,12.273245392949018,0.0,1.0,0.013474180000000002
tiktok,0.027719337,tiktok,0.051898,0.006689,LogNormal,0.051898,0.016722,0.10978498,-74.75124830372971,0.10978498,fallback_baseline,74.75124830372971,0.0,1.0,0.08206564300000001
tiktok,0.05847801,tiktok,0.051898,0.006689,LogNormal,0.051898,0.016722,0.10978498,-46.73405232664796,0.10978498,fallback_baseline,46.73405232664796,0.0,1.0,0.05130697000000001
tiktok,1.0419501,tiktok,0.051898,0.006689,LogNormal,0.051898,0.016722,0.10978498,849.0825612028166,0.10978498,fallback_baseline,849.0825612028166,0.0,1.0,0.93216512
tiktok,0.23147085,tiktok,0.051898,0.006689,LogNormal,0.051898,0.016722,0.10978498,110.84018050556642,0.10978498,fallback_baseline,110.84018050556642,0.0,1.0,0.12168587
tiktok,0.20922165,tiktok,0.051898,0.006689,LogNormal,0.051898,0.016722,0.10978498,90.5740202348263,0.10978498,fallback_baseline,90.5740202348263,0.0,1.0,0.09943667
tiktok,0.26818678,tiktok,0.051898,0.006689,LogNormal,0.051898,0.016722,0.10978498,144.2836715915055,0.10978498,fallback_baseline,144.2836715915055,0.0,1.0,0.1584018
tiktok,0.7642939,tiktok,0.051898,0.006689,LogNormal,0.051898,0.016722,0.10978498,596.1734656234395,0.10978498,fallback_baseline,596.1734656234395,0.0,1.0,0.6545089199999999
tiktok,-0.020189036,tiktok,0.051898,0.011706,Normal,0.051898,0.016722,-0.020284835,-0.47226906208505304,-0.020284835,fallback_baseline,0.47226906208505304,4.6367880460751465e-06,1.0,9.579900000000058e-05
tiktok,-0.03775059,tiktok,0.051898,0.011706,Normal,0.051898,0.016722,-0.020284835,86.10252437350366,-0.020284835,fallback_baseline,86.10252437350366,4.6367880460751465e-06,1.0,0.017465755
tiktok,-0.015720613,tiktok,0.051898,0.011706,Normal,0.051898,0.016722,-0.020284835,-22.50066120823758,-0.020284835,fallback_baseline,22.50066120823758,4.6367880460751465e-06,1.0,0.004564222
tiktok,0.052447956,tiktok,0.051898,0.011706,Normal,0.051898,0.016722,-0.020284835,-358.5574691635401,-0.020284835,fallback_baseline,358.5574691635401,4.6367880460751465e-06,1.0,0.07273279099999999
tiktok,0.11225136,tiktok,0.051898,0.011706,Normal,0.051898,0.016722,-0.020284835,-653.3757607592075,-0.020284835,fallback_baseline,653.3757607592075,4.6367880460751465e-06,1.0,0.132536195
tiktok,0.4557495,tiktok,0.051898,0.011706,Normal,0.051898,0.016722,-0.020284835,-2346.749850319216,-0.020284835,fallback_baseline,2346.749850319216,4.6367880460751465e-06,1.0,0.476034335
tiktok,0.27164474,tiktok,0.051898,0.011706,Normal,0.051898,0.016722,-0.020284835,-1439.1518343629612,-0.020284835,fallback_baseline,1439.1518343629612,4.6367880460751465e-06,1.0,0.291929575
tiktok,0.17774037,tiktok,0.051898,0.011706,Normal,0.051898,0.016722,-0.020284835,-976.222902478625,-0.020284835,fallback_baseline,976.222902478625,4.6367880460751465e-06,1.0,0.198025205
tiktok,0.1142331,tiktok,0.051898,0.011706,LogNormal,0.051898,0.016722,0.10978498,4.051665355315453,0.10978498,fallback_baseline,4.051665355315453,0.0,1.0,0.00444812
tiktok,0.027539864,tiktok,0.051898,0.011706,LogNormal,0.051898,0.016722,0.10978498,-74.91472512906593,0.10978498,fallback_baseline,74.91472512906593,0.0,1.0,0.08224511600000001
tiktok,0.06193166,tiktok,0.051898,0.011706,LogNormal,0.051898,0.016722,0.10978498,-43.58822126669787,0.10978498,fallback_baseline,43.58822126669787,0.0,1.0,0.047853320000000005
tiktok,1.0241766,tiktok,0.051898,0.011706,LogNormal,0.051898,0.016722,0.10978498,832.893188120998,0.10978498,fallback_baseline,832.893188120998,0.0,1.0,0.9143916200000001
tiktok,0.25795385,tiktok,0.051898,0.011706,LogNormal,0.051898,0.016722,0.10978498,134.96278817011213,0.10978498,fallback_baseline,134.96278817011213,0.0,1.0,0.14816886999999998
tiktok,0.21008126,tiktok,0.051898,0.011706,LogNormal,0.051898,0.016722,0.10978498,91.35701441126098,0.10978498,fallback_baseline,91.35701441126098,0.0,1.0,0.10029627999999999
tiktok,0.2734623,tiktok,0.051898,0.011706,LogNormal,0.051898,0.016722,0.10978498,149.0889919550015,0.10978498,fallback_baseline,149.0889919550015,0.0,1.0,0.16367732
tiktok,0.80163395,tiktok,0.051898,0.011706,LogNormal,0.051898,0.016722,0.10978498,630.1854497764631,0.10978498,fallback_baseline,630.1854497764631,0.0,1.0,0.69184897
tiktok,-0.020284835,tiktok,0.051898,0.016722,Normal,0.051898,0.016722,-0.020284835,-0.0,-0.020284835,fallback_baseline,0.0,0.0009559851950077802,1.0,0.0
tiktok,-0.031550605,tiktok,0.051898,0.016722,Normal,0.051898,0.016722,-0.020284835,55.537893209385246,-0.020284835,fallback_baseline,55.537893209385246,0.0009559851950077802,1.0,0.011265770000000001
tiktok,-0.0024726859,tiktok,0.051898,0.016722,Normal,0.051898,0.016722,-0.020284835,-87.81017494103354,-0.020284835,fallback_baseline,87.81017494103354,0.0009559851950077802,1.0,0.0178121491
tiktok,0.046701733,tiktok,0.051898,0.016722,Normal,0.051898,0.016722,-0.020284835,-330.22978988983635,-0.020284835,fallback_baseline,330.22978988983635,0.0009559851950077802,1.0,0.066986568
tiktok,0.08407491,tiktok,0.051898,0.016722,Normal,0.051898,0.016722,-0.020284835,-514.4717469972026,-0.020284835,fallback_baseline,514.4717469972026,0.0009559851950077802,1.0,0.104359745
tiktok,0.37407905,tiktok,0.051898,0.016722,Normal,0.051898,0.016722,-0.020284835,-1944.1315889431685,-0.020284835,fallback_baseline,1944.1315889431685,0.0009559851950077802,1.0,0.394363885
tiktok,0.28106982,tiktok,0.051898,0.016722,Normal,0.051898,0.016722,-0.020284835,-1485.6155103060983,-0.020284835,fallback_baseline,1485.6155103060983,0.0009559851950077802,1.0,0.301354655
tiktok,0.25776118,tiktok,0.051898,0.016722,Normal,0.051898,0.016722,-0.020284835,-1370.7087831870456,-0.020284835,fallback_baseline,1370.7087831870456,0.0009559851950077802,1.0,0.278046015
tiktok,0.10978498,tiktok,0.051898,0.016722,LogNormal,0.051898,0.016722,0.10978498,0.0,0.10978498,fallback_baseline,0.0,0.0,1.0,0.0
tiktok,0.028155982,tiktok,0.051898,0.016722,LogNormal,0.051898,0.016722,0.10978498,-74.35352085503865,0.10978498,fallback_baseline,74.35352085503865,0.0,1.0,0.08162899800000001
tiktok,0.05817325,tiktok,0.051898,0.016722,LogNormal,0.051898,0.016722,0.10978498,-47.01164949886587,0.10978498,fallback_baseline,47.01164949886587,0.0,1.0,0.05161173
tiktok,1.0029459,tiktok,0.051898,0.016722,LogNormal,0.051898,0.016722,0.10978498,813.5547503857084,0.10978498,fallback_baseline,813.5547503857084,0.0,1.0,0.89316092
tiktok,0.258361,tiktok,0.051898,0.016722,LogNormal,0.051898,0.016722,0.10978498,135.33364946643886,0.10978498,fallback_baseline,135.33364946643886,0.0,1.0,0.14857602
tiktok,0.21374281,tiktok,0.051898,0.016722,LogNormal,0.051898,0.016722,0.10978498,94.69221563824122,0.10978498,fallback_baseline,94.69221563824122,0.0,1.0,0.10395783
tiktok,0.28507584,tiktok,0.051898,0.016722,LogNormal,0.051898,0.016722,0.10978498,159.66743355967276,0.10978498,fallback_baseline,159.66743355967276,0.0,1.0,0.17529086000000002
tiktok,0.8532689,tiktok,0.051898,0.016722,LogNormal,0.051898,0.016722,0.10978498,677.2182497095686,0.10978498,fallback_baseline,677.2182497095686,0.0,1.0,0.74348392
tiktok,-0.022320379,tiktok,0.051898,0.023411,Normal,0.051898,0.016722,-0.020284835,10.034806790392922,-0.020284835,fallback_baseline,10.034806790392922,0.01331765773457294,1.0,0.0020355440000000002
tiktok,-0.021960374,tiktok,0.051898,0.023411,Normal,0.051898,0.016722,-0.020284835,8.260057328541249,-0.020284835,fallback_baseline,8.260057328541249,0.01331765773457294,1.0,0.0016755390000000002
tiktok,-0.01543836,tiktok,0.051898,0.023411,Normal,0.051898,0.016722,-0.020284835,-23.892109548832913,-0.020284835,fallback_baseline,23.892109548832913,0.01331765773457294,1.0,0.004846475000000001
tiktok,0.03858588,tiktok,0.051898,0.023411,Normal,0.051898,0.016722,-0.020284835,-290.2203296206255,-0.020284835,fallback_baseline,290.2203296206255,0.01331765773457294,1.0,0.058870715000000004
tiktok,0.14227538,tiktok,0.051898,0.023411,Normal,0.051898,0.016722,-0.020284835,-801.3879087505518,-0.020284835,fallback_baseline,801.3879087505518,0.01331765773457294,1.0,0.162560215
tiktok,0.39111966,tiktok,0.051898,0.023411,Normal,0.051898,0.016722,-0.020284835,-2028.138237259509,-0.020284835,fallback_baseline,2028.138237259509,0.01331765773457294,1.0,0.411404495
tiktok,0.23251387,tiktok,0.051898,0.023411,Normal,0.051898,0.016722,-0.020284835,-1246.2448178651687,-0.020284835,fallback_baseline,1246.2448178651687,0.01331765773457294,1.0,0.252798705
tiktok,0.32077304,tiktok,0.051898,0.023411,Normal,0.051898,0.016722,-0.020284835,-1681.3440927668378,-0.020284835,fallback_baseline,1681.3440927668378,0.01331765773457294,1.0,0.341057875
tiktok,0.092978604,tiktok,0.051898,0.023411,LogNormal,0.051898,0.016722,0.10978498,-15.308447476148375,0.10978498,fallback_baseline,15.308447476148375,0.0,1.0,0.016806375999999998
tiktok,0.028314466,tiktok,0.051898,0.023411,LogNormal,0.051898,0.016722,0.10978498,-74.20916230981688,0.10978498,fallback_baseline,74.20916230981688,0.0,1.0,0.08147051400000001
tiktok,0.06349008,tiktok,0.051898,0.023411,LogNormal,0.051898,0.016722,0.10978498,-42.16870103724571,0.10978498,fallback_baseline,42.16870103724571,0.0,1.0,0.0462949
tiktok,0.9712287,tiktok,0.051898,0.023411,LogNormal,0.051898,0.016722,0.10978498,784.664459564505,0.10978498,fallback_baseline,784.664459564505,0.0,1.0,0.8614437199999999
tiktok,0.23132236,tiktok,0.051898,0.023411,LogNormal,0.051898,0.016722,0.10978498,110.70492520925905,0.10978498,fallback_baseline,110.70492520925905,0.0,1.0,0.12153738
tiktok,0.22987852,tiktok,0.051898,0.023411,LogNormal,0.051898,0.016722,0.10978498,109.38977262645582,0.10978498,fallback_baseline,109.38977262645582,0.0,1.0,0.12009354
tiktok,0.3240485,tiktok,0.051898,0.023411,LogNormal,0.051898,0.016722,0.10978498,195.1665154923743,0.10978498,fallback_baseline,195.1665154923743,0.0,1.0,0.21426352
tiktok,0.7600875,tiktok,0.051898,0.023411,LogNormal,0.051898,0.016722,0.10978498,592.3419761063855,0.10978498,fallback_baseline,592.3419761063855,0.0,1.0,0.65030252
tiktok,-0.009446861,tiktok,0.051898,0.033445,Normal,0.051898,0.016722,-0.020284835,-53.42894827589181,-0.020284835,fallback_baseline,53.42894827589181,0.060362024454323426,1.0,0.010837974
tiktok,-0.01572932,tiktok,0.051898,0.033445,Normal,0.051898,0.016722,-0.020284835,-22.45773751672123,-0.020284835,fallback_baseline,22.45773751672123,0.060362024454323426,1.0,0.0045555149999999996
tiktok,-0.007839339,tiktok,0.051898,0.033445,Normal,0.051898,0.016722,-0.020284835,-61.35369599999211,-0.020284835,fallback_baseline,61.35369599999211,0.060362024454323426,1.0,0.012445496
tiktok,0.03327272,tiktok,0.051898,0.033445,Normal,0.051898,0.016722,-0.020284835,-264.027560490386,-0.020284835,fallback_baseline,264.027560490386,0.060362024454323426,1.0,0.053557555
tiktok,0.09351547,tiktok,0.051898,0.033445,Normal,0.051898,0.016722,-0.020284835,-561.0117361072939,-0.020284835,fallback_baseline,561.0117361072939,0.060362024454323426,1.0,0.113800305
tiktok,0.26141384,tiktok,0.051898,0.033445,Normal,0.051898,0.016722,-0.020284835,-1388.715634117803,-0.020284835,fallback_baseline,1388.715634117803,0.060362024454323426,1.0,0.281698675
tiktok,0.23038319,tiktok,0.051898,0.033445,Normal,0.051898,0.016722,-0.020284835,-1235.7410104642208,-0.020284835,fallback_baseline,1235.7410104642208,0.060362024454323426,1.0,0.25066802499999996
tiktok,0.20993157,tiktok,0.051898,0.033445,Normal,0.051898,0.016722,-0.020284835,-1134.9187952477798,-0.020284835,fallback_baseline,1134.9187952477798,0.060362024454323426,1.0,0.230216405
tiktok,0.10093881,tiktok,0.051898,0.033445,LogNormal,0.051898,0.016722,0.10978498,-8.05772337891759,0.10978498,fallback_baseline,8.05772337891759,0.0,1.0,0.00884617
tiktok,0.033284623,tiktok,0.051898,0.033445,LogNormal,0.051898,0.016722,0.10978498,-69.68198837400162,0.10978498,fallback_baseline,69.68198837400162,0.0,1.0,0.076500357
tiktok,0.06112919,tiktok,0.051898,0.033445,LogNormal,0.051898,0.016722,0.10978498,-44.31916825052024,0.10978498,fallback_baseline,44.31916825052024,0.0,1.0,0.048655790000000004
tiktok,0.89792883,tiktok,0.051898,0.033445,LogNormal,0.051898,0.016722,0.10978498,717.8977033105986,0.10978498,fallback_baseline,717.8977033105986,0.0,1.0,0.78814385
tiktok,0.27277386,tiktok,0.051898,0.033445,LogNormal,0.051898,0.016722,0.10978498,148.46191163855016,0.10978498,fallback_baseline,148.46191163855016,0.0,1.0,0.16298887999999997
tiktok,0.24003835,tiktok,0.051898,0.033445,LogNormal,0.051898,0.016722,0.10978498,118.64407134746483,0.10978498,fallback_baseline,118.64407134746483,0.0,1.0,0.13025337
tiktok,0.27129567,tiktok,0.051898,0.033445,LogNormal,0.051898,0.016722,0.10978498,147.11547062266624,0.10978498,fallback_baseline,147.11547062266624,0.0,1.0,0.16151068999999998
tiktok,0.7478293,tiktok,0.051898,0.033445,LogNormal,0.051898,0.016722,0.10978498,581.1763321357803,0.10978498,fallback_baseline,581.1763321357803,0.0,1.0,0.63804432
tiktok,-0.04545524,tiktok,0.072657,0.006689,Normal,0.051898,0.016722,-0.020284835,124.08483973372225,-0.020284835,fallback_baseline,124.08483973372225,0.0,1.0,0.025170405
tiktok,-0.038787864,tiktok,0.072657,0.006689,Normal,0.051898,0.016722,-0.020284835,91.2160685556476,-0.020284835,fallback_baseline,91.2160685556476,0.0,1.0,0.018503028999999997
tiktok,0.010663776,tiktok,0.072657,0.006689,Normal,0.051898,0.016722,-0.020284835,-152.57018851767836,-0.020284835,fallback_baseline,152.57018851767836,0.0,1.0,0.030948611
tiktok,0.073381364,tiktok,0.072657,0.006689,Normal,0.051898,0.016722,-0.020284835,-461.75479859708,-0.020284835,fallback_baseline,461.75479859708,0.0,1.0,0.093666199
tiktok,0.16379671,tiktok,0.072657,0.006689,Normal,0.051898,0.016722,-0.020284835,-907.483570854779,-0.020284835,fallback_baseline,907.483570854779,0.0,1.0,0.184081545
tiktok,0.28420603,tiktok,0.072657,0.006689,Normal,0.051898,0.016722,-0.020284835,-1501.0763705990214,-0.020284835,fallback_baseline,1501.0763705990214,0.0,1.0,0.304490865
tiktok,0.24587432,tiktok,0.072657,0.006689,Normal,0.051898,0.016722,-0.020284835,-1312.1090459942118,-0.020284835,fallback_baseline,1312.1090459942118,0.0,1.0,0.266159155
tiktok,0.39800245,tiktok,0.072657,0.006689,Normal,0.051898,0.016722,-0.020284835,-2062.06895446771,-0.020284835,fallback_baseline,2062.06895446771,0.0,1.0,0.418287285
tiktok,0.09210558,tiktok,0.072657,0.006689,LogNormal,0.051898,0.016722,0.10978498,-16.10366008173431,0.10978498,fallback_baseline,16.10366008173431,0.0,1.0,0.017679399999999998
tiktok,0.027040109,tiktok,0.072657,0.006689,LogNormal,0.051898,0.016722,0.10978498,-75.36993767271261,0.10978498,fallback_baseline,75.36993767271261,0.0,1.0,0.082744871
tiktok,0.057166886,tiktok,0.072657,0.006689,LogNormal,0.051898,0.016722,0.10978498,-47.92831769883276,0.10978498,fallback_baseline,47.92831769883276,0.0,1.0,0.052618094000000004
tiktok,1.0657177,tiktok,0.072657,0.006689,LogNormal,0.051898,0.016722,0.10978498,870.7317886290091,0.10978498,fallback_baseline,870.7317886290091,0.0,1.0,0.95593272
tiktok,0.22922817,tiktok,0.072657,0.006689,LogNormal,0.051898,0.016722,0.10978498,108.79738740217468,0.10978498,fallback_baseline,108.79738740217468,0.0,1.0,0.11944319
tiktok,0.18448189,tiktok,0.072657,0.006689,LogNormal,0.051898,0.016722,0.10978498,68.03928005452113,0.10978498,fallback_baseline,68.03928005452113,0.0,1.0,0.07469691
tiktok,0.27391583,tiktok,0.072657,0.006689,LogNormal,0.051898,0.016722,0.10978498,149.5020994675228,0.10978498,fallback_baseline,149.5020994675228,0.0,1.0,0.16413085000000002
tiktok,0.7983763,tiktok,0.072657,0.006689,LogNormal,0.051898,0.016722,0.10978498,627.2181495137131,0.10978498,fallback_baseline,627.2181495137131,0.0,1.0,0.68859132
tiktok,-0.056849945,tiktok,0.072657,0.011706,Normal,0.051898,0.016722,-0.020284835,180.2583555646373,-0.020284835,fallback_baseline,180.2583555646373,2.703424706318458e-10,1.0,0.03656511
tiktok,-0.035671137,tiktok,0.072657,0.011706,Normal,0.051898,0.016722,-0.020284835,75.85125538364004,-0.020284835,fallback_baseline,75.85125538364004,2.703424706318458e-10,1.0,0.015386301999999998
tiktok,0.002720959,tiktok,0.072657,0.011706,Normal,0.051898,0.016722,-0.020284835,-113.41375958936811,-0.020284835,fallback_baseline,113.41375958936811,2.703424706318458e-10,1.0,0.023005794
tiktok,0.07215868,tiktok,0.072657,0.011706,Normal,0.051898,0.016722,-0.020284835,-455.72722183838323,-0.020284835,fallback_baseline,455.72722183838323,2.703424706318458e-10,1.0,0.092443515
tiktok,0.12558363,tiktok,0.072657,0.011706,Normal,0.051898,0.016722,-0.020284835,-719.1010673737302,-0.020284835,fallback_baseline,719.1010673737302,2.703424706318458e-10,1.0,0.145868465
tiktok,0.414497,tiktok,0.072657,0.011706,Normal,0.051898,0.016722,-0.020284835,-2143.3836410303556,-0.020284835,fallback_baseline,2143.3836410303556,2.703424706318458e-10,1.0,0.434781835
tiktok,0.122942045,tiktok,0.072657,0.011706,Normal,0.051898,0.016722,-0.020284835,-706.0786050268587,-0.020284835,fallback_baseline,706.0786050268587,2.703424706318458e-10,1.0,0.14322688
tiktok,0.22422972,tiktok,0.072657,0.011706,Normal,0.051898,0.016722,-0.020284835,-1205.4056885353023,-0.020284835,fallback_baseline,1205.4056885353023,2.703424706318458e-10,1.0,0.244514555
tiktok,0.09369359,tiktok,0.072657,0.011706,LogNormal,0.051898,0.016722,0.10978498,-14.657187167133438,0.10978498,fallback_baseline,14.657187167133438,0.0,1.0,0.01609139000000001
tiktok,0.031086072,tiktok,0.072657,0.011706,LogNormal,0.051898,0.016722,0.10978498,-71.68458563275232,0.10978498,fallback_baseline,71.68458563275232,0.0,1.0,0.07869890800000001
tiktok,0.06633818,tiktok,0.072657,0.011706,LogNormal,0.051898,0.016722,0.10978498,-39.574448162216726,0.10978498,fallback_baseline,39.574448162216726,0.0,1.0,0.04344680000000001
tiktok,1.0468388,tiktok,0.072657,0.011706,LogNormal,0.051898,0.016722,0.10978498,853.5355382858382,0.10978498,fallback_baseline,853.5355382858382,0.0,1.0,0.9370538199999999
tiktok,0.28160527,tiktok,0.072657,0.011706,LogNormal,0.051898,0.016722,0.10978498,156.50619055539292,0.10978498,fallback_baseline,156.50619055539292,0.0,1.0,0.17182029000000001
tiktok,0.16856143,tiktok,0.072657,0.011706,LogNormal,0.051898,0.016722,0.10978498,53.53778813823167,0.10978498,fallback_baseline,53.53778813823167,0.0,1.0,0.05877645000000001
tiktok,0.26710892,tiktok,0.072657,0.011706,LogNormal,0.051898,0.016722,0.10978498,143.30187972890283,0.10978498,fallback_baseline,143.30187972890283,0.0,1.0,0.15732394000000002
tiktok,0.7978763,tiktok,0.072657,0.011706,LogNormal,0.051898,0.016722,0.10978498,626.7627138065698,0.10978498,fallback_baseline,626.7627138065698,0.0,1.0,0.68809132
tiktok,-0.038605638,tiktok,0.072657,0.016722,Normal,0.051898,0.016722,-0.020284835,90.31773243410655,-0.020284835,fallback_baseline,90.31773243410655,6.96395390009652e-06,1.0,0.018320802999999997
tiktok,-0.031495724,tiktok,0.072657,0.016722,Normal,0.051898,0.016722,-0.020284835,55.267341341450404,-0.020284835,fallback_baseline,55.267341341450404,6.96395390009652e-06,1.0,0.011210889000000002
tiktok,0.0143054295,tiktok,0.072657,0.016722,Normal,0.051898,0.016722,-0.020284835,-170.52277970217654,-0.020284835,fallback_baseline,170.52277970217654,6.96395390009652e-06,1.0,0.0345902645
tiktok,0.06339024,tiktok,0.072657,0.016722,Normal,0.051898,0.016722,-0.020284835,-412.50064395396856,-0.020284835,fallback_baseline,412.50064395396856,6.96395390009652e-06,1.0,0.083675075
tiktok,0.121374525,tiktok,0.072657,0.016722,Normal,0.051898,0.016722,-0.020284835,-698.3510588082181,-0.020284835,fallback_baseline,698.3510588082181,6.96395390009652e-06,1.0,0.14165936
tiktok,0.2148293,tiktok,0.072657,0.016722,Normal,0.051898,0.016722,-0.020284835,-1159.0635812418489,-0.020284835,fallback_baseline,1159.0635812418489,6.96395390009652e-06,1.0,0.235114135
tiktok,0.33318081,tiktok,0.072657,0.016722,Normal,0.051898,0.016722,-0.020284835,-1742.5118074660206,-0.020284835,fallback_baseline,1742.5118074660206,6.96395390009652e-06,1.0,0.353465645
tiktok,0.21170099,tiktok,0.072657,0.016722,Normal,0.051898,0.016722,-0.020284835,-1143.6416662989864,-0.020284835,fallback_baseline,1143.6416662989864,6.96395390009652e-06,1.0,0.231985825
tiktok,0.09174914,tiktok,0.072657,0.016722,LogNormal,0.051898,0.016722,0.10978498,-16.428331088642544,0.10978498,fallback_baseline,16.428331088642544,0.0,1.0,0.018035839999999997
tiktok,0.029892838,tiktok,0.072657,0.016722,LogNormal,0.051898,0.016722,0.10978498,-72.77146837390688,0.10978498,fallback_baseline,72.77146837390688,0.0,1.0,0.079892142
tiktok,0.066470295,tiktok,0.072657,0.016722,LogNormal,0.051898,0.016722,0.10978498,-39.454108385318285,0.10978498,fallback_baseline,39.454108385318285,0.0,1.0,0.043314685000000006
tiktok,1.0227838,tiktok,0.072657,0.016722,LogNormal,0.051898,0.016722,0.10978498,831.6245264151798,0.10978498,fallback_baseline,831.6245264151798,0.0,1.0,0.91299882
tiktok,0.264964,tiktok,0.072657,0.016722,LogNormal,0.051898,0.016722,0.10978498,141.34813341497167,0.10978498,fallback_baseline,141.34813341497167,0.0,1.0,0.15517901999999997
tiktok,0.17354567,tiktok,0.072657,0.016722,LogNormal,0.051898,0.016722,0.10978498,58.07778987617433,0.10978498,fallback_baseline,58.07778987617433,0.0,1.0,0.06376069000000001
tiktok,0.28629637,tiktok,0.072657,0.016722,LogNormal,0.051898,0.016722,0.10978498,160.77917944695167,0.10978498,fallback_baseline,160.77917944695167,0.0,1.0,0.17651139000000002
tiktok,0.79058737,tiktok,0.072657,0.016722,LogNormal,0.051898,0.016722,0.10978498,620.1234358288355,0.10978498,fallback_baseline,620.1234358288355,0.0,1.0,0.68080239
tiktok,-0.047729798,tiktok,0.072657,0.023411,Normal,0.051898,0.016722,-0.020284835,135.29793562530824,-0.020284835,fallback_baseline,135.29793562530824,0.0009560984621305169,1.0,0.027444962999999996
tiktok,-0.04702766,tiktok,0.072657,0.023411,Normal,0.051898,0.016722,-0.020284835,131.83654192898288,-0.020284835,fallback_baseline,131.83654192898288,0.0009560984621305169,1.0,0.026742824999999998
tiktok,0.006798066,tiktok,0.072657,0.023411,Normal,0.051898,0.016722,-0.020284835,-133.51304558306734,-0.020284835,fallback_baseline,133.51304558306734,0.0009560984621305169,1.0,0.027082901
tiktok,0.057349898,tiktok,0.072657,0.023411,Normal,0.051898,0.016722,-0.020284835,-382.72301943792,-0.020284835,fallback_baseline,382.72301943792,0.0009560984621305169,1.0,0.07763473300000001
tiktok,0.12553522,tiktok,0.072657,0.023411,Normal,0.051898,0.016722,-0.020284835,-718.8624161843071,-0.020284835,fallback_baseline,718.8624161843071,0.0009560984621305169,1.0,0.145820055
tiktok,0.47388735,tiktok,0.072657,0.023411,Normal,0.051898,0.016722,-0.020284835,-2436.1656626736176,-0.020284835,fallback_baseline,2436.1656626736176,0.0009560984621305169,1.0,0.494172185
tiktok,0.20988917,tiktok,0.072657,0.023411,Normal,0.051898,0.016722,-0.020284835,-1134.70977210315,-0.020284835,fallback_baseline,1134.70977210315,0.0009560984621305169,1.0,0.23017400500000001
tiktok,0.26481444,tiktok,0.072657,0.023411,Normal,0.051898,0.016722,-0.020284835,-1405.4798818920635,-0.020284835,fallback_baseline,1405.4798818920635,0.0009560984621305169,1.0,0.285099275
tiktok,0.093968734,tiktok,0.072657,0.023411,LogNormal,0.051898,0.016722,0.10978498,-14.406566362721025,0.10978498,fallback_baseline,14.406566362721025,0.0,1.0,0.015816246000000006
tiktok,0.027473137,tiktok,0.072657,0.023411,LogNormal,0.051898,0.016722,0.10978498,-74.97550484592699,0.10978498,fallback_baseline,74.97550484592699,0.0,1.0,0.082311843
tiktok,0.060528647,tiktok,0.072657,0.023411,LogNormal,0.051898,0.016722,0.10978498,-44.86618570227002,0.10978498,fallback_baseline,44.86618570227002,0.0,1.0,0.049256333000000006
tiktok,0.97521865,tiktok,0.072657,0.023411,LogNormal,0.051898,0.016722,0.10978498,788.2987909639369,0.10978498,fallback_baseline,788.2987909639369,0.0,1.0,0.8654336699999999
tiktok,0.25702798,tiktok,0.072657,0.023411,LogNormal,0.051898,0.016722,0.10978498,134.11943965376682,0.10978498,fallback_baseline,134.11943965376682,0.0,1.0,0.14724299999999999
tiktok,0.1733981,tiktok,0.072657,0.023411,LogNormal,0.051898,0.016722,0.10978498,57.94337258156808,0.10978498,fallback_baseline,57.94337258156808,0.0,1.0,0.06361312
tiktok,0.28698146,tiktok,0.072657,0.023411,LogNormal,0.051898,0.016722,0.10978498,161.40320834416514,0.10978498,fallback_baseline,161.40320834416514,0.0,1.0,0.17719648000000002
tiktok,0.87554884,tiktok,0.072657,0.023411,LogNormal,0.051898,0.016722,0.10978498,697.5124101675839,0.10978498,fallback_baseline,697.5124101675839,0.0,1.0,0.76576386
tiktok,-0.04843617,tiktok,0.072657,0.033445,Normal,0.051898,0.016722,-0.020284835,138.78020205734973,-0.020284835,fallback_baseline,138.78020205734973,0.014911533511663522,1.0,0.028151335
tiktok,-0.0481917,tiktok,0.072657,0.033445,Normal,0.051898,0.016722,-0.020284835,137.57501601565897,-0.020284835,fallback_baseline,137.57501601565897,0.014911533511663522,1.0,0.027906864999999996
tiktok,-0.0039860457,tiktok,0.072657,0.033445,Normal,0.051898,0.016722,-0.020284835,-80.349627196869,-0.020284835,fallback_baseline,80.349627196869,0.014911533511663522,1.0,0.0162987893
tiktok,0.04302614,tiktok,0.072657,0.033445,Normal,0.051898,0.016722,-0.020284835,-312.1098840587069,-0.020284835,fallback_baseline,312.1098840587069,0.014911533511663522,1.0,0.06331097499999999
tiktok,0.12310164,tiktok,0.072657,0.033445,Normal,0.051898,0.016722,-0.020284835,-706.8653750449536,-0.020284835,fallback_baseline,706.8653750449536,0.014911533511663522,1.0,0.143386475
tiktok,0.51036865,tiktok,0.072657,0.033445,Normal,0.051898,0.016722,-0.020284835,-2616.0108524422308,-0.020284835,fallback_baseline,2616.0108524422308,0.014911533511663522,1.0,0.530653485
tiktok,0.20450202,tiktok,0.072657,0.033445,Normal,0.051898,0.016722,-0.020284835,-1108.1522477259489,-0.020284835,fallback_baseline,1108.1522477259489,0.014911533511663522,1.0,0.224786855
tiktok,0.368115,tiktok,0.072657,0.033445,Normal,0.051898,0.016722,-0.020284835,-1914.730068053302,-0.020284835,fallback_baseline,1914.730068053302,0.014911533511663522,1.0,0.388399835
tiktok,0.08380432,tiktok,0.072657,0.033445,LogNormal,0.051898,0.016722,0.10978498,-23.66504051829312,0.10978498,fallback_baseline,23.66504051829312,0.0,1.0,0.025980660000000003
tiktok,0.029818993,tiktok,0.072657,0.033445,LogNormal,0.051898,0.016722,0.10978498,-72.83873167349486,0.10978498,fallback_baseline,72.83873167349486,0.0,1.0,0.079965987
tiktok,0.05843553,tiktok,0.072657,0.033445,LogNormal,0.051898,0.016722,0.10978498,-46.772746144326845,0.10978498,fallback_baseline,46.772746144326845,0.0,1.0,0.051349450000000005
tiktok,0.91039276,tiktok,0.072657,0.033445,LogNormal,0.051898,0.016722,0.10978498,729.2507408572648,0.10978498,fallback_baseline,729.2507408572648,0.0,1.0,0.80060778
tiktok,0.22610724,tiktok,0.072657,0.033445,LogNormal,0.051898,0.016722,0.10978498,105.95462147918592,0.10978498,fallback_baseline,105.95462147918592,0.0,1.0,0.11632225999999998
tiktok,0.20377502,tiktok,0.072657,0.033445,LogNormal,0.051898,0.016722,0.10978498,85.61284066363176,0.10978498,fallback_baseline,85.61284066363176,0.0,1.0,0.09399004
tiktok,0.28925592,tiktok,0.072657,0.033445,LogNormal,0.051898,0.016722,0.10978498,163.47494894110287,0.10978498,fallback_baseline,163.47494894110287,0.0,1.0,0.17947094
tiktok,0.80420464,tiktok,0.072657,0.033445,LogNormal,0.051898,0.016722,0.10978498,632.5270178124548,0.10978498,fallback_baseline,632.5270178124548,0.0,1.0,0.69441966
tiktok,-0.046900198,tiktok,0.103795,0.006689,Normal,0.051898,0.016722,-0.020284835,131.20818088981247,-0.020284835,fallback_baseline,131.20818088981247,0.0,1.0,0.026615362999999996
tiktok,-0.045358904,tiktok,0.103795,0.006689,Normal,0.051898,0.016722,-0.020284835,123.60992337379129,-0.020284835,fallback_baseline,123.60992337379129,0.0,1.0,0.025074068999999997
tiktok,0.011011897,tiktok,0.103795,0.006689,Normal,0.051898,0.016722,-0.020284835,-154.28635234153987,-0.020284835,fallback_baseline,154.28635234153987,0.0,1.0,0.031296732
tiktok,0.10280617,tiktok,0.103795,0.006689,Normal,0.051898,0.016722,-0.020284835,-606.8129467161059,-0.020284835,fallback_baseline,606.8129467161059,0.0,1.0,0.123091005
tiktok,0.10993115,tiktok,0.103795,0.006689,Normal,0.051898,0.016722,-0.020284835,-641.9376100421817,-0.020284835,fallback_baseline,641.9376100421817,0.0,1.0,0.130215985
tiktok,0.2930029,tiktok,0.103795,0.006689,Normal,0.051898,0.016722,-0.020284835,-1544.4431024457433,-0.020284835,fallback_baseline,1544.4431024457433,0.0,1.0,0.313287735
tiktok,0.28003603,tiktok,0.103795,0.006689,Normal,0.051898,0.016722,-0.020284835,-1480.51914151631,-0.020284835,fallback_baseline,1480.51914151631,0.0,1.0,0.300320865
tiktok,0.23474744,tiktok,0.103795,0.006689,Normal,0.051898,0.016722,-0.020284835,-1257.2558514772243,-0.020284835,fallback_baseline,1257.2558514772243,0.0,1.0,0.25503227500000003
tiktok,0.09292735,tiktok,0.103795,0.006689,LogNormal,0.051898,0.016722,0.10978498,-15.355133279616208,0.10978498,fallback_baseline,15.355133279616208,0.0,1.0,0.01685763
tiktok,0.028540859,tiktok,0.103795,0.006689,LogNormal,0.051898,0.016722,0.10978498,-74.00294739772235,0.10978498,fallback_baseline,74.00294739772235,0.0,1.0,0.081244121
tiktok,0.062399227,tiktok,0.103795,0.006689,LogNormal,0.051898,0.016722,0.10978498,-43.16232785213423,0.10978498,fallback_baseline,43.16232785213423,0.0,1.0,0.047385753
tiktok,1.0985875,tiktok,0.103795,0.006689,LogNormal,0.051898,0.016722,0.10978498,900.671949842319,0.10978498,fallback_baseline,900.671949842319,0.0,1.0,0.98880252
tiktok,0.25219035,tiktok,0.103795,0.006689,LogNormal,0.051898,0.016722,0.10978498,129.71298077387272,0.10978498,fallback_baseline,129.71298077387272,0.0,1.0,0.14240537
tiktok,0.17357977,tiktok,0.103795,0.006689,LogNormal,0.051898,0.016722,0.10978498,58.10885059140147,0.10978498,fallback_baseline,58.10885059140147,0.0,1.0,0.06379478999999999
tiktok,0.28890857,tiktok,0.103795,0.006689,LogNormal,0.051898,0.016722,0.10978498,163.15855775535047,0.10978498,fallback_baseline,163.15855775535047,0.0,1.0,0.17912358999999997
tiktok,0.83052033,tiktok,0.103795,0.006689,LogNormal,0.051898,0.016722,0.10978498,656.4972275806763,0.10978498,fallback_baseline,656.4972275806763,0.0,1.0,0.72073535
tiktok,-0.041298464,tiktok,0.103795,0.011706,Normal,0.051898,0.016722,-0.020284835,103.592802209138,-0.020284835,fallback_baseline,103.592802209138,0.0,1.0,0.021013629
tiktok,-0.04905668,tiktok,0.103795,0.011706,Normal,0.051898,0.016722,-0.020284835,141.83918676193323,-0.020284835,fallback_baseline,141.83918676193323,0.0,1.0,0.028771844999999997
tiktok,0.009138508,tiktok,0.103795,0.011706,Normal,0.051898,0.016722,-0.020284835,-145.0509358345779,-0.020284835,fallback_baseline,145.0509358345779,0.0,1.0,0.029423343
tiktok,0.10443258,tiktok,0.103795,0.011706,Normal,0.051898,0.016722,-0.020284835,-614.8308083353894,-0.020284835,fallback_baseline,614.8308083353894,0.0,1.0,0.124717415
tiktok,0.10132779,tiktok,0.103795,0.011706,Normal,0.051898,0.016722,-0.020284835,-599.5248420803027,-0.020284835,fallback_baseline,599.5248420803027,0.0,1.0,0.121612625
tiktok,0.4452241,tiktok,0.103795,0.011706,Normal,0.051898,0.016722,-0.020284835,-2294.861826581286,-0.020284835,fallback_baseline,2294.861826581286,0.0,1.0,0.465508935
tiktok,0.16943198,tiktok,0.103795,0.011706,Normal,0.051898,0.016722,-0.020284835,-935.2642750113571,-0.020284835,fallback_baseline,935.2642750113571,0.0,1.0,0.189716815
tiktok,0.24786735,tiktok,0.103795,0.011706,Normal,0.051898,0.016722,-0.020284835,-1321.934267643784,-0.020284835,fallback_baseline,1321.934267643784,0.0,1.0,0.268152185
tiktok,0.091719046,tiktok,0.103795,0.011706,LogNormal,0.051898,0.016722,0.10978498,-16.455742852984084,0.10978498,fallback_baseline,16.455742852984084,0.0,1.0,0.018065934000000006
tiktok,0.028244326,tiktok,0.103795,0.011706,LogNormal,0.051898,0.016722,0.10978498,-74.27305083081492,0.10978498,fallback_baseline,74.27305083081492,0.0,1.0,0.081540654
tiktok,0.05991581,tiktok,0.103795,0.011706,LogNormal,0.051898,0.016722,0.10978498,-45.42440140718703,0.10978498,fallback_baseline,45.42440140718703,0.0,1.0,0.049869170000000004
tiktok,1.0792532,tiktok,0.103795,0.011706,LogNormal,0.051898,0.016722,0.10978498,883.060888657082,0.10978498,fallback_baseline,883.060888657082,0.0,1.0,0.9694682199999999
tiktok,0.24074832,tiktok,0.103795,0.011706,LogNormal,0.051898,0.016722,0.10978498,119.29076272546571,0.10978498,fallback_baseline,119.29076272546571,0.0,1.0,0.13096333999999998
tiktok,0.19558944,tiktok,0.103795,0.011706,LogNormal,0.051898,0.016722,0.10978498,78.15682983227761,0.10978498,fallback_baseline,78.15682983227761,0.0,1.0,0.08580446
tiktok,0.26701927,tiktok,0.103795,0.011706,LogNormal,0.051898,0.016722,0.10978498,143.220220106612,0.10978498,fallback_baseline,143.220220106612,0.0,1.0,0.15723428999999997
tiktok,0.70965374,tiktok,0.103795,0.011706,LogNormal,0.051898,0.016722,0.10978498,546.4033058074065,0.10978498,fallback_baseline,546.4033058074065,0.0,1.0,0.59986876
tiktok,-0.016445974,tiktok,0.103795,0.016722,Normal,0.051898,0.016722,-0.020284835,-18.924782972107007,-0.020284835,fallback_baseline,18.924782972107007,2.6986923806759933e-10,1.0,0.0038388610000000024
tiktok,-0.037379324,tiktok,0.103795,0.016722,Normal,0.051898,0.016722,-0.020284835,84.27226053354634,-0.020284835,fallback_baseline,84.27226053354634,2.6986923806759933e-10,1.0,0.017094488999999997
tiktok,-0.006690599,tiktok,0.103795,0.016722,Normal,0.051898,0.016722,-0.020284835,-67.01674428212011,-0.020284835,fallback_baseline,67.01674428212011,2.6986923806759933e-10,1.0,0.013594236
tiktok,0.099337064,tiktok,0.103795,0.016722,Normal,0.051898,0.016722,-0.020284835,-589.7109786695331,-0.020284835,fallback_baseline,589.7109786695331,2.6986923806759933e-10,1.0,0.119621899
tiktok,0.07165349,tiktok,0.103795,0.016722,Normal,0.051898,0.016722,-0.020284835,-453.23674064886404,-0.020284835,fallback_baseline,453.23674064886404,2.6986923806759933e-10,1.0,0.091938325
tiktok,0.4294725,tiktok,0.103795,0.016722,Normal,0.051898,0.016722,-0.020284835,-2217.2097283512535,-0.020284835,fallback_baseline,2217.2097283512535,2.6986923806759933e-10,1.0,0.449757335
tiktok,0.19846499,tiktok,0.103795,0.016722,Normal,0.051898,0.016722,-0.020284835,-1078.390950678179,-0.020284835,fallback_baseline,1078.390950678179,2.6986923806759933e-10,1.0,0.218749825
tiktok,0.20138784,tiktok,0.103795,0.016722,Normal,0.051898,0.016722,-0.020284835,-1092.7999907319927,-0.020284835,fallback_baseline,1092.7999907319927,2.6986923806759933e-10,1.0,0.221672675
tiktok,0.098070554,tiktok,0.103795,0.016722,LogNormal,0.051898,0.016722,0.10978498,-10.670335778172934,0.10978498,fallback_baseline,10.670335778172934,0.0,1.0,0.011714426
tiktok,0.028062623,tiktok,0.103795,0.016722,LogNormal,0.051898,0.016722,0.10978498,-74.43855889940501,0.10978498,fallback_baseline,74.43855889940501,0.0,1.0,0.08172235700000001
tiktok,0.06268151,tiktok,0.103795,0.016722,LogNormal,0.051898,0.016722,0.10978498,-42.90520433669524,0.10978498,fallback_baseline,42.90520433669524,0.0,1.0,0.04710347000000001
tiktok,1.052327,tiktok,0.103795,0.016722,LogNormal,0.051898,0.016722,0.10978498,858.5345827817247,0.10978498,fallback_baseline,858.5345827817247,0.0,1.0,0.94254202
tiktok,0.2677167,tiktok,0.103795,0.016722,LogNormal,0.051898,0.016722,0.10978498,143.85548915707773,0.10978498,fallback_baseline,143.85548915707773,0.0,1.0,0.15793171999999997
tiktok,0.19682291,tiktok,0.103795,0.016722,LogNormal,0.051898,0.016722,0.10978498,79.28036239565739,0.10978498,fallback_baseline,79.28036239565739,0.0,1.0,0.08703792999999999
tiktok,0.27147466,tiktok,0.103795,0.016722,LogNormal,0.051898,0.016722,0.10978498,147.2785074971093,0.10978498,fallback_baseline,147.2785074971093,0.0,1.0,0.16168967999999997
tiktok,0.8203721,tiktok,0.103795,0.016722,LogNormal,0.051898,0.016722,0.10978498,647.253494968073,0.10978498,fallback_baseline,647.253494968073,0.0,1.0,0.71058712
tiktok,-0.01240616,tiktok,0.103795,0.023411,Normal,0.051898,0.016722,-0.020284835,-38.84022226456366,-0.020284835,fallback_baseline,38.84022226456366,4.633633467421294e-06,1.0,0.007878675000000002
tiktok,-0.033537634,tiktok,0.103795,0.023411,Normal,0.051898,0.016722,-0.020284835,65.33353118228467,-0.020284835,fallback_baseline,65.33353118228467,4.633633467421294e-06,1.0,0.013252798999999996
tiktok,-0.0063465387,tiktok,0.103795,0.023411,Normal,0.051898,0.016722,-0.020284835,-68.71288970307128,-0.020284835,fallback_baseline,68.71288970307128,4.633633467421294e-06,1.0,0.0139382963
tiktok,0.093337946,tiktok,0.103795,0.023411,Normal,0.051898,0.016722,-0.020284835,-560.1365798637258,-0.020284835,fallback_baseline,560.1365798637258,4.633633467421294e-06,1.0,0.113622781
tiktok,0.07737784,tiktok,0.103795,0.023411,Normal,0.051898,0.016722,-0.020284835,-481.45659060081084,-0.020284835,fallback_baseline,481.45659060081084,4.633633467421294e-06,1.0,0.097662675
tiktok,0.26010913,tiktok,0.103795,0.023411,Normal,0.051898,0.016722,-0.020284835,-1382.2836863104876,-0.020284835,fallback_baseline,1382.2836863104876,4.633633467421294e-06,1.0,0.280393965
tiktok,0.24570183,tiktok,0.103795,0.023411,Normal,0.051898,0.016722,-0.020284835,-1311.2587063192773,-0.020284835,fallback_baseline,1311.2587063192773,4.633633467421294e-06,1.0,0.265986665
tiktok,0.14027554,tiktok,0.103795,0.023411,Normal,0.051898,0.016722,-0.020284835,-791.5291152232691,-0.020284835,fallback_baseline,791.5291152232691,4.633633467421294e-06,1.0,0.160560375
tiktok,0.09039534,tiktok,0.103795,0.023411,LogNormal,0.051898,0.016722,0.10978498,-17.661468809303422,0.10978498,fallback_baseline,17.661468809303422,0.0,1.0,0.01938964
tiktok,0.030242035,tiktok,0.103795,0.023411,LogNormal,0.051898,0.016722,0.10978498,-72.45339480865233,0.10978498,fallback_baseline,72.45339480865233,0.0,1.0,0.079542945
tiktok,0.06555058,tiktok,0.103795,0.023411,LogNormal,0.051898,0.016722,0.10978498,-40.29185048810867,0.10978498,fallback_baseline,40.29185048810867,0.0,1.0,0.04423440000000001
tiktok,1.0100437,tiktok,0.103795,0.023411,LogNormal,0.051898,0.016722,0.10978498,820.0199335100301,0.10978498,fallback_baseline,820.0199335100301,0.0,1.0,0.90025872
tiktok,0.24778414,tiktok,0.103795,0.023411,LogNormal,0.051898,0.016722,0.10978498,125.69949003953,0.10978498,fallback_baseline,125.69949003953,0.0,1.0,0.13799916
tiktok,0.17855434,tiktok,0.103795,0.023411,LogNormal,0.051898,0.016722,0.10978498,62.640044202767996,0.10978498,fallback_baseline,62.640044202767996,0.0,1.0,0.06876936
tiktok,0.29136732,tiktok,0.103795,0.023411,LogNormal,0.051898,0.016722,0.10978498,165.39816284522706,0.10978498,fallback_baseline,165.39816284522706,0.0,1.0,0.18158233999999998
tiktok,0.79012215,tiktok,0.103795,0.023411,LogNormal,0.051898,0.016722,0.10978498,619.6996802294813,0.10978498,fallback_baseline,619.6996802294813,0.0,1.0,0.6803371699999999
tiktok,-0.055844814,tiktok,0.103795,0.033445,Normal,0.051898,0.016722,-0.020284835,175.30326965932923,-0.020284835,fallback_baseline,175.30326965932923,0.0009563816753886956,1.0,0.035559979
tiktok,-0.030127164,tiktok,0.103795,0.033445,Normal,0.051898,0.016722,-0.020284835,48.52062636940355,-0.020284835,fallback_baseline,48.52062636940355,0.0009563816753886956,1.0,0.009842329
tiktok,0.018839274,tiktok,0.103795,0.033445,Normal,0.051898,0.016722,-0.020284835,-192.87368617984814,-0.020284835,fallback_baseline,192.87368617984814,0.0009563816753886956,1.0,0.039124109000000004
tiktok,0.071773335,tiktok,0.103795,0.033445,Normal,0.051898,0.016722,-0.020284835,-453.8275514688682,-0.020284835,fallback_baseline,453.8275514688682,0.0009563816753886956,1.0,0.09205817
tiktok,0.12599623,tiktok,0.103795,0.033445,Normal,0.051898,0.016722,-0.020284835,-721.1350992009548,-0.020284835,fallback_baseline,721.1350992009548,0.0009563816753886956,1.0,0.146281065
tiktok,0.4054188,tiktok,0.103795,0.033445,Normal,0.051898,0.016722,-0.020284835,-2098.630011040267,-0.020284835,fallback_baseline,2098.630011040267,0.0009563816753886956,1.0,0.425703635
tiktok,-0.0049259067,tiktok,0.103795,0.033445,Normal,0.051898,0.016722,-0.020284835,-75.71630875972124,-0.020284835,fallback_baseline,75.71630875972124,0.0009563816753886956,1.0,0.015358928300000001
tiktok,0.3308426,tiktok,0.103795,0.033445,Normal,0.051898,0.016722,-0.020284835,-1730.9849205083501,-0.020284835,fallback_baseline,1730.9849205083501,0.0009563816753886956,1.0,0.351127435
tiktok,0.092677906,tiktok,0.103795,0.033445,LogNormal,0.051898,0.016722,0.10978498,-15.582344688681456,0.10978498,fallback_baseline,15.582344688681456,0.0,1.0,0.017107074
tiktok,0.0321063,tiktok,0.103795,0.033445,LogNormal,0.051898,0.016722,0.10978498,-70.75528911149776,0.10978498,fallback_baseline,70.75528911149776,0.0,1.0,0.07767868
tiktok,0.06716905,tiktok,0.103795,0.033445,LogNormal,0.051898,0.016722,0.10978498,-38.81763243022863,0.10978498,fallback_baseline,38.81763243022863,0.0,1.0,0.04261593000000001
tiktok,0.9288473,tiktok,0.103795,0.033445,LogNormal,0.051898,0.016722,0.10978498,746.060453807069,0.10978498,fallback_baseline,746.060453807069,0.0,1.0,0.81906232
tiktok,0.26308012,tiktok,0.103795,0.033445,LogNormal,0.051898,0.016722,0.10978498,139.63216097502587,0.10978498,fallback_baseline,139.63216097502587,0.0,1.0,0.15329513999999997
tiktok,0.1556486,tiktok,0.103795,0.033445,LogNormal,0.051898,0.016722,0.10978498,41.775860413692286,0.10978498,fallback_baseline,41.775860413692286,0.0,1.0,0.045863619999999994
tiktok,0.2901787,tiktok,0.103795,0.033445,LogNormal,0.051898,0.016722,0.10978498,164.31548286477803,0.10978498,fallback_baseline,164.31548286477803,0.0,1.0,0.18039372
tiktok,0.81000865,tiktok,0.103795,0.033445,LogNormal,0.051898,0.016722,0.10978498,637.813724609687,0.10978498,fallback_baseline,637.813724609687,0.0,1.0,0.70022367
amazon,-0.006359525,amazon,0.020759,0.006689,Normal,0.020759,0.006689,-0.006359525,-0.0,-0.006359525,fallback_baseline,0.0,0.0009563816753886956,1.0,0.0
amazon,-0.0055701127,amazon,0.020759,0.006689,Normal,0.020759,0.006689,-0.006359525,-12.41307015854172,-0.006359525,fallback_baseline,12.41307015854172,0.0009563816753886956,1.0,0.0007894123000000003
amazon,-0.047360785,amazon,0.020759,0.006689,Normal,0.020759,0.006689,-0.006359525,644.7220507820946,-0.006359525,fallback_baseline,644.7220507820946,0.0009563816753886956,1.0,0.041001260000000005
amazon,-0.046970256,amazon,0.020759,0.006689,Normal,0.020759,0.006689,-0.006359525,638.5811990675405,-0.006359525,fallback_baseline,638.5811990675405,0.0009563816753886956,1.0,0.040610731000000004
amazon,0.10686187,amazon,0.020759,0.006689,Normal,0.020759,0.006689,-0.006359525,-1780.3435791195097,-0.006359525,fallback_baseline,1780.3435791195097,0.0009563816753886956,1.0,0.113221395
amazon,0.5121589,amazon,0.020759,0.006689,Normal,0.020759,0.006689,-0.006359525,-8153.414366639018,-0.006359525,fallback_baseline,8153.414366639018,0.0009563816753886956,1.0,0.518518425
amazon,0.32577264,amazon,0.020759,0.006689,Normal,0.020759,0.006689,-0.006359525,-5222.593904418962,-0.006359525,fallback_baseline,5222.593904418962,0.0009563816753886956,1.0,0.332132165
amazon,0.022127764,amazon,0.020759,0.006689,Normal,0.020759,0.006689,-0.006359525,-447.9468042031441,-0.006359525,fallback_baseline,447.9468042031441,0.0009563816753886956,1.0,0.028487289000000002
amazon,0.08926594,amazon,0.020759,0.006689,LogNormal,0.020759,0.006689,0.08926594,0.0,0.08926594,fallback_baseline,0.0,0.0,1.0,0.0
amazon,0.04254442,amazon,0.020759,0.006689,LogNormal,0.020759,0.006689,0.08926594,-52.339694176748715,0.08926594,fallback_baseline,52.339694176748715,0.0,1.0,0.04672152
amazon,0.0751553,amazon,0.020759,0.006689,LogNormal,0.020759,0.006689,0.08926594,-15.807417700412953,0.08926594,fallback_baseline,15.807417700412953,0.0,1.0,0.014110640000000008
amazon,0.1313381,amazon,0.020759,0.006689,LogNormal,0.020759,0.006689,0.08926594,47.13125745385083,0.08926594,fallback_baseline,47.13125745385083,0.0,1.0,0.04207216000000001
amazon,0.2527295,amazon,0.020759,0.006689,LogNormal,0.020759,0.006689,0.08926594,183.1197430957429,0.08926594,fallback_baseline,183.1197430957429,0.0,1.0,0.16346356
amazon,0.28986335,amazon,0.020759,0.006689,LogNormal,0.020759,0.006689,0.08926594,224.7188681371641,0.08926594,fallback_baseline,224.7188681371641,0.0,1.0,0.20059741000000003
amazon,0.36630908,amazon,0.020759,0.006689,LogNormal,0.020759,0.006689,0.08926594,310.3570521970642,0.08926594,fallback_baseline,310.3570521970642,0.0,1.0,0.27704314
amazon,1.0214866,amazon,0.020759,0.006689,LogNormal,0.020759,0.006689,0.08926594,1044.3184264905517,0.08926594,fallback_baseline,1044.3184264905517,0.0,1.0,0.93222066
