run_id,prior_key,targets,target_channel,channel,roi_prior_mu,roi_prior_sigma,roi_prior_dist,adstock_alpha_m,saturation_ec_m,saturation_slope_m,max_lag,adstock_decay_spec,is_baseline,estimated_roi,posterior_roi_sd,posterior_roi_p05,posterior_roi_p50,posterior_roi_p95,prior_roi_mu_channel,prior_roi_sigma_channel,prior_roi_dist_channel,prior_posterior_kl_gaussian,prior_posterior_wasserstein,qc_overall_status,qc_summary,qc_pass_fail,qc_needs_review,qc_text,qc_r2,qc_mape,qc_wmape,qc_bayesian_ppp,qc_baseline_neg_prob
multi|meta|0.500000|0.500000|LogNormal|alpha=0p3|ec=0p5|slope=1p2|lag=4|decay=geometric,"{""roi_prior_overrides"": {""meta"": {""dist"": ""LogNormal"", ""mu"": 0.5, ""sigma"": 0.5}}, ""structural_overrides"": {""adstock_decay_spec"": ""geometric"", ""alpha_m"": 0.3, ""ec_m"": 0.5, ""max_lag"": 4, ""slope_m"": 1.2}}",meta,meta,meta,0.5,0.5,LogNormal,0.3,0.5,1.2,4,geometric,True,0.029280560844733,0.010006085152067,0.0138470839709043,0.0283773858100175,0.046292670816183,0.5,0.5,LogNormal,3.8547684995691824,0.4469581167257646,PASS,Passed with reviews: Review is needed.,PASS,True,"========================================
Model Quality Checks
========================================
Overall Status: PASS
Summary: Passed with reviews: Review is needed.

Check Results:
----------------------------------------
Convergence Check:
  Status: PASS
  Recommendation: The model has likely converged, as all parameters have R-hat values < 1.2.
----------------------------------------
Baseline Check:
  Status: PASS
  Recommendation: The posterior probability that the baseline is negative is 0.00. We recommend visually inspecting the baseline time series in the Model Fit charts to confirm this.
----------------------------------------
BayesianPPP Check:
  Status: PASS
  Recommendation: The Bayesian posterior predictive p-value is 0.90. The observed total outcome is consistent with the model's posterior predictive distribution.
----------------------------------------
GoodnessOfFit Check:
  Status: PASS
  Recommendation: R-squared = 0.8841, MAPE = 0.0548, and wMAPE = 0.0540. These goodness-of-fit metrics are intended for guidance and relative comparison.
----------------------------------------
PriorPosteriorShift Check:
  Status: PASS
  Recommendation: The model has successfully learned from the data. This is a positive sign that your data was informative.
----------------------------------------
ROIConsistency Check:
  Status: REVIEW
  Recommendation: We've detected an unusually low ROI estimate (for channels `meta`, `google`) where the posterior point estimate falls into the extreme tail of your custom prior. Please review this result to determine if it is reasonable within your business context.",0.8841,0.0548,0.054,0.9,0.0
multi|meta|0.500000|0.500000|LogNormal|alpha=0p3|ec=0p5|slope=1p2|lag=4|decay=geometric,"{""roi_prior_overrides"": {""meta"": {""dist"": ""LogNormal"", ""mu"": 0.5, ""sigma"": 0.5}}, ""structural_overrides"": {""adstock_decay_spec"": ""geometric"", ""alpha_m"": 0.3, ""ec_m"": 0.5, ""max_lag"": 4, ""slope_m"": 1.2}}",meta,meta,google,0.5,0.5,LogNormal,0.3,0.5,1.2,4,geometric,True,0.0139941585313257,0.0061258891604371,0.0055775473359972,0.0131913190707564,0.025741961505264,0.4,0.5,LogNormal,4.200160255808328,0.3830070329238803,PASS,Passed with reviews: Review is needed.,PASS,True,"========================================
Model Quality Checks
========================================
Overall Status: PASS
Summary: Passed with reviews: Review is needed.

Check Results:
----------------------------------------
Convergence Check:
  Status: PASS
  Recommendation: The model has likely converged, as all parameters have R-hat values < 1.2.
----------------------------------------
Baseline Check:
  Status: PASS
  Recommendation: The posterior probability that the baseline is negative is 0.00. We recommend visually inspecting the baseline time series in the Model Fit charts to confirm this.
----------------------------------------
BayesianPPP Check:
  Status: PASS
  Recommendation: The Bayesian posterior predictive p-value is 0.90. The observed total outcome is consistent with the model's posterior predictive distribution.
----------------------------------------
GoodnessOfFit Check:
  Status: PASS
  Recommendation: R-squared = 0.8841, MAPE = 0.0548, and wMAPE = 0.0540. These goodness-of-fit metrics are intended for guidance and relative comparison.
----------------------------------------
PriorPosteriorShift Check:
  Status: PASS
  Recommendation: The model has successfully learned from the data. This is a positive sign that your data was informative.
----------------------------------------
ROIConsistency Check:
  Status: REVIEW
  Recommendation: We've detected an unusually low ROI estimate (for channels `meta`, `google`) where the posterior point estimate falls into the extreme tail of your custom prior. Please review this result to determine if it is reasonable within your business context.",0.8841,0.0548,0.054,0.9,0.0
multi|meta|0.500000|0.500000|LogNormal|alpha=0p3|ec=0p5|slope=1p2|lag=4|decay=geometric,"{""roi_prior_overrides"": {""meta"": {""dist"": ""LogNormal"", ""mu"": 0.5, ""sigma"": 0.5}}, ""structural_overrides"": {""adstock_decay_spec"": ""geometric"", ""alpha_m"": 0.3, ""ec_m"": 0.5, ""max_lag"": 4, ""slope_m"": 1.2}}",meta,meta,snapchat,0.5,0.5,LogNormal,0.3,0.5,1.2,4,geometric,True,0.03020469453244,0.0140056459119291,0.0100362443365156,0.0283850617706775,0.055136046744883,0.4,0.5,LogNormal,3.349037022805227,0.3638826578259126,PASS,Passed with reviews: Review is needed.,PASS,True,"========================================
Model Quality Checks
========================================
Overall Status: PASS
Summary: Passed with reviews: Review is needed.

Check Results:
----------------------------------------
Convergence Check:
  Status: PASS
  Recommendation: The model has likely converged, as all parameters have R-hat values < 1.2.
----------------------------------------
Baseline Check:
  Status: PASS
  Recommendation: The posterior probability that the baseline is negative is 0.00. We recommend visually inspecting the baseline time series in the Model Fit charts to confirm this.
----------------------------------------
BayesianPPP Check:
  Status: PASS
  Recommendation: The Bayesian posterior predictive p-value is 0.90. The observed total outcome is consistent with the model's posterior predictive distribution.
----------------------------------------
GoodnessOfFit Check:
  Status: PASS
  Recommendation: R-squared = 0.8841, MAPE = 0.0548, and wMAPE = 0.0540. These goodness-of-fit metrics are intended for guidance and relative comparison.
----------------------------------------
PriorPosteriorShift Check:
  Status: PASS
  Recommendation: The model has successfully learned from the data. This is a positive sign that your data was informative.
----------------------------------------
ROIConsistency Check:
  Status: REVIEW
  Recommendation: We've detected an unusually low ROI estimate (for channels `meta`, `google`) where the posterior point estimate falls into the extreme tail of your custom prior. Please review this result to determine if it is reasonable within your business context.",0.8841,0.0548,0.054,0.9,0.0
multi|meta|0.500000|0.500000|LogNormal|alpha=0p3|ec=0p5|slope=1p2|lag=4|decay=geometric,"{""roi_prior_overrides"": {""meta"": {""dist"": ""LogNormal"", ""mu"": 0.5, ""sigma"": 0.5}}, ""structural_overrides"": {""adstock_decay_spec"": ""geometric"", ""alpha_m"": 0.3, ""ec_m"": 0.5, ""max_lag"": 4, ""slope_m"": 1.2}}",meta,meta,tiktok,0.5,0.5,LogNormal,0.3,0.5,1.2,4,geometric,True,0.0287884467632587,0.0135185184648836,0.0105488827917724,0.0266212420538067,0.0536383530125021,0.4,0.5,LogNormal,3.3865091500073823,0.3822495742214664,PASS,Passed with reviews: Review is needed.,PASS,True,"========================================
Model Quality Checks
========================================
Overall Status: PASS
Summary: Passed with reviews: Review is needed.

Check Results:
----------------------------------------
Convergence Check:
  Status: PASS
  Recommendation: The model has likely converged, as all parameters have R-hat values < 1.2.
----------------------------------------
Baseline Check:
  Status: PASS
  Recommendation: The posterior probability that the baseline is negative is 0.00. We recommend visually inspecting the baseline time series in the Model Fit charts to confirm this.
----------------------------------------
BayesianPPP Check:
  Status: PASS
  Recommendation: The Bayesian posterior predictive p-value is 0.90. The observed total outcome is consistent with the model's posterior predictive distribution.
----------------------------------------
GoodnessOfFit Check:
  Status: PASS
  Recommendation: R-squared = 0.8841, MAPE = 0.0548, and wMAPE = 0.0540. These goodness-of-fit metrics are intended for guidance and relative comparison.
----------------------------------------
PriorPosteriorShift Check:
  Status: PASS
  Recommendation: The model has successfully learned from the data. This is a positive sign that your data was informative.
----------------------------------------
ROIConsistency Check:
  Status: REVIEW
  Recommendation: We've detected an unusually low ROI estimate (for channels `meta`, `google`) where the posterior point estimate falls into the extreme tail of your custom prior. Please review this result to determine if it is reasonable within your business context.",0.8841,0.0548,0.054,0.9,0.0
multi|meta|0.500000|0.500000|LogNormal|alpha=0p3|ec=0p5|slope=1p2|lag=4|decay=geometric,"{""roi_prior_overrides"": {""meta"": {""dist"": ""LogNormal"", ""mu"": 0.5, ""sigma"": 0.5}}, ""structural_overrides"": {""adstock_decay_spec"": ""geometric"", ""alpha_m"": 0.3, ""ec_m"": 0.5, ""max_lag"": 4, ""slope_m"": 1.2}}",meta,meta,moloco,0.5,0.5,LogNormal,0.3,0.5,1.2,4,geometric,True,0.0709003097071157,0.0334987230124958,0.0237496732734143,0.0674970224499702,0.1363316006958484,0.4,0.5,LogNormal,2.4219583205363757,0.335028605263067,PASS,Passed with reviews: Review is needed.,PASS,True,"========================================
Model Quality Checks
========================================
Overall Status: PASS
Summary: Passed with reviews: Review is needed.

Check Results:
----------------------------------------
Convergence Check:
  Status: PASS
  Recommendation: The model has likely converged, as all parameters have R-hat values < 1.2.
----------------------------------------
Baseline Check:
  Status: PASS
  Recommendation: The posterior probability that the baseline is negative is 0.00. We recommend visually inspecting the baseline time series in the Model Fit charts to confirm this.
----------------------------------------
BayesianPPP Check:
  Status: PASS
  Recommendation: The Bayesian posterior predictive p-value is 0.90. The observed total outcome is consistent with the model's posterior predictive distribution.
----------------------------------------
GoodnessOfFit Check:
  Status: PASS
  Recommendation: R-squared = 0.8841, MAPE = 0.0548, and wMAPE = 0.0540. These goodness-of-fit metrics are intended for guidance and relative comparison.
----------------------------------------
PriorPosteriorShift Check:
  Status: PASS
  Recommendation: The model has successfully learned from the data. This is a positive sign that your data was informative.
----------------------------------------
ROIConsistency Check:
  Status: REVIEW
  Recommendation: We've detected an unusually low ROI estimate (for channels `meta`, `google`) where the posterior point estimate falls into the extreme tail of your custom prior. Please review this result to determine if it is reasonable within your business context.",0.8841,0.0548,0.054,0.9,0.0
multi|meta|0.500000|0.500000|LogNormal|alpha=0p3|ec=0p5|slope=1p2|lag=4|decay=geometric,"{""roi_prior_overrides"": {""meta"": {""dist"": ""LogNormal"", ""mu"": 0.5, ""sigma"": 0.5}}, ""structural_overrides"": {""adstock_decay_spec"": ""geometric"", ""alpha_m"": 0.3, ""ec_m"": 0.5, ""max_lag"": 4, ""slope_m"": 1.2}}",meta,meta,liveintent,0.5,0.5,LogNormal,0.3,0.5,1.2,4,geometric,True,0.1021999410221663,0.0593960569871977,0.0279089012183249,0.0902600549161434,0.2090533755719661,0.4,0.5,LogNormal,1.8148057883694493,0.304400493532282,PASS,Passed with reviews: Review is needed.,PASS,True,"========================================
Model Quality Checks
========================================
Overall Status: PASS
Summary: Passed with reviews: Review is needed.

Check Results:
----------------------------------------
Convergence Check:
  Status: PASS
  Recommendation: The model has likely converged, as all parameters have R-hat values < 1.2.
----------------------------------------
Baseline Check:
  Status: PASS
  Recommendation: The posterior probability that the baseline is negative is 0.00. We recommend visually inspecting the baseline time series in the Model Fit charts to confirm this.
----------------------------------------
BayesianPPP Check:
  Status: PASS
  Recommendation: The Bayesian posterior predictive p-value is 0.90. The observed total outcome is consistent with the model's posterior predictive distribution.
----------------------------------------
GoodnessOfFit Check:
  Status: PASS
  Recommendation: R-squared = 0.8841, MAPE = 0.0548, and wMAPE = 0.0540. These goodness-of-fit metrics are intended for guidance and relative comparison.
----------------------------------------
PriorPosteriorShift Check:
  Status: PASS
  Recommendation: The model has successfully learned from the data. This is a positive sign that your data was informative.
----------------------------------------
ROIConsistency Check:
  Status: REVIEW
  Recommendation: We've detected an unusually low ROI estimate (for channels `meta`, `google`) where the posterior point estimate falls into the extreme tail of your custom prior. Please review this result to determine if it is reasonable within your business context.",0.8841,0.0548,0.054,0.9,0.0
multi|meta|0.500000|0.500000|LogNormal|alpha=0p3|ec=0p5|slope=1p2|lag=4|decay=geometric,"{""roi_prior_overrides"": {""meta"": {""dist"": ""LogNormal"", ""mu"": 0.5, ""sigma"": 0.5}}, ""structural_overrides"": {""adstock_decay_spec"": ""geometric"", ""alpha_m"": 0.3, ""ec_m"": 0.5, ""max_lag"": 4, ""slope_m"": 1.2}}",meta,meta,beehiiv,0.5,0.5,LogNormal,0.3,0.5,1.2,4,geometric,True,0.1893086385765733,0.1183300575836542,0.040099230594933,0.1659338995814323,0.4200867876410484,0.4,0.5,LogNormal,1.05791598500212,0.2052821867632531,PASS,Passed with reviews: Review is needed.,PASS,True,"========================================
Model Quality Checks
========================================
Overall Status: PASS
Summary: Passed with reviews: Review is needed.

Check Results:
----------------------------------------
Convergence Check:
  Status: PASS
  Recommendation: The model has likely converged, as all parameters have R-hat values < 1.2.
----------------------------------------
Baseline Check:
  Status: PASS
  Recommendation: The posterior probability that the baseline is negative is 0.00. We recommend visually inspecting the baseline time series in the Model Fit charts to confirm this.
----------------------------------------
BayesianPPP Check:
  Status: PASS
  Recommendation: The Bayesian posterior predictive p-value is 0.90. The observed total outcome is consistent with the model's posterior predictive distribution.
----------------------------------------
GoodnessOfFit Check:
  Status: PASS
  Recommendation: R-squared = 0.8841, MAPE = 0.0548, and wMAPE = 0.0540. These goodness-of-fit metrics are intended for guidance and relative comparison.
----------------------------------------
PriorPosteriorShift Check:
  Status: PASS
  Recommendation: The model has successfully learned from the data. This is a positive sign that your data was informative.
----------------------------------------
ROIConsistency Check:
  Status: REVIEW
  Recommendation: We've detected an unusually low ROI estimate (for channels `meta`, `google`) where the posterior point estimate falls into the extreme tail of your custom prior. Please review this result to determine if it is reasonable within your business context.",0.8841,0.0548,0.054,0.9,0.0
multi|meta|0.500000|0.500000|LogNormal|alpha=0p3|ec=0p5|slope=1p2|lag=4|decay=geometric,"{""roi_prior_overrides"": {""meta"": {""dist"": ""LogNormal"", ""mu"": 0.5, ""sigma"": 0.5}}, ""structural_overrides"": {""adstock_decay_spec"": ""geometric"", ""alpha_m"": 0.3, ""ec_m"": 0.5, ""max_lag"": 4, ""slope_m"": 1.2}}",meta,meta,amazon,0.5,0.5,LogNormal,0.3,0.5,1.2,4,geometric,True,0.1427200755911568,0.0870262617190748,0.0316873177886009,0.1256441920995712,0.3074017763137817,0.4,0.5,LogNormal,1.395931225943114,0.2712758657962416,PASS,Passed with reviews: Review is needed.,PASS,True,"========================================
Model Quality Checks
========================================
Overall Status: PASS
Summary: Passed with reviews: Review is needed.

Check Results:
----------------------------------------
Convergence Check:
  Status: PASS
  Recommendation: The model has likely converged, as all parameters have R-hat values < 1.2.
----------------------------------------
Baseline Check:
  Status: PASS
  Recommendation: The posterior probability that the baseline is negative is 0.00. We recommend visually inspecting the baseline time series in the Model Fit charts to confirm this.
----------------------------------------
BayesianPPP Check:
  Status: PASS
  Recommendation: The Bayesian posterior predictive p-value is 0.90. The observed total outcome is consistent with the model's posterior predictive distribution.
----------------------------------------
GoodnessOfFit Check:
  Status: PASS
  Recommendation: R-squared = 0.8841, MAPE = 0.0548, and wMAPE = 0.0540. These goodness-of-fit metrics are intended for guidance and relative comparison.
----------------------------------------
PriorPosteriorShift Check:
  Status: PASS
  Recommendation: The model has successfully learned from the data. This is a positive sign that your data was informative.
----------------------------------------
ROIConsistency Check:
  Status: REVIEW
  Recommendation: We've detected an unusually low ROI estimate (for channels `meta`, `google`) where the posterior point estimate falls into the extreme tail of your custom prior. Please review this result to determine if it is reasonable within your business context.",0.8841,0.0548,0.054,0.9,0.0
multi|meta|0.500000|1.000000|LogNormal|alpha=0p3|ec=0p5|slope=1p2|lag=4|decay=geometric,"{""roi_prior_overrides"": {""meta"": {""dist"": ""LogNormal"", ""mu"": 0.5, ""sigma"": 1.0}}, ""structural_overrides"": {""adstock_decay_spec"": ""geometric"", ""alpha_m"": 0.3, ""ec_m"": 0.5, ""max_lag"": 4, ""slope_m"": 1.2}}",meta,meta,meta,0.5,1.0,LogNormal,0.3,0.5,1.2,4,geometric,False,0.018110017456056,0.0099007879345342,0.0047241763677448,0.0169029869139194,0.0368958292528986,0.5,1.0,LogNormal,4.23129892610073,0.4350045445560538,PASS,Passed with reviews: Review is needed.,PASS,True,"========================================
Model Quality Checks
========================================
Overall Status: PASS
Summary: Passed with reviews: Review is needed.

Check Results:
----------------------------------------
Convergence Check:
  Status: PASS
  Recommendation: The model has likely converged, as all parameters have R-hat values < 1.2.
----------------------------------------
Baseline Check:
  Status: PASS
  Recommendation: The posterior probability that the baseline is negative is 0.00. We recommend visually inspecting the baseline time series in the Model Fit charts to confirm this.
----------------------------------------
BayesianPPP Check:
  Status: PASS
  Recommendation: The Bayesian posterior predictive p-value is 0.90. The observed total outcome is consistent with the model's posterior predictive distribution.
----------------------------------------
GoodnessOfFit Check:
  Status: PASS
  Recommendation: R-squared = 0.8881, MAPE = 0.0538, and wMAPE = 0.0531. These goodness-of-fit metrics are intended for guidance and relative comparison.
----------------------------------------
PriorPosteriorShift Check:
  Status: PASS
  Recommendation: The model has successfully learned from the data. This is a positive sign that your data was informative.
----------------------------------------
ROIConsistency Check:
  Status: REVIEW
  Recommendation: We've detected an unusually low ROI estimate (for channel `google`) where the posterior point estimate falls into the extreme tail of your custom prior. Please review this result to determine if it is reasonable within your business context.",0.8881,0.0538,0.0531,0.9,0.0
multi|meta|0.500000|1.000000|LogNormal|alpha=0p3|ec=0p5|slope=1p2|lag=4|decay=geometric,"{""roi_prior_overrides"": {""meta"": {""dist"": ""LogNormal"", ""mu"": 0.5, ""sigma"": 1.0}}, ""structural_overrides"": {""adstock_decay_spec"": ""geometric"", ""alpha_m"": 0.3, ""ec_m"": 0.5, ""max_lag"": 4, ""slope_m"": 1.2}}",meta,meta,google,0.5,1.0,LogNormal,0.3,0.5,1.2,4,geometric,False,0.0143291834470195,0.0061091156743233,0.0059072118252515,0.0136459805071353,0.0260328621603548,0.4,0.5,LogNormal,4.202384669936918,0.3826720794966008,PASS,Passed with reviews: Review is needed.,PASS,True,"========================================
Model Quality Checks
========================================
Overall Status: PASS
Summary: Passed with reviews: Review is needed.

Check Results:
----------------------------------------
Convergence Check:
  Status: PASS
  Recommendation: The model has likely converged, as all parameters have R-hat values < 1.2.
----------------------------------------
Baseline Check:
  Status: PASS
  Recommendation: The posterior probability that the baseline is negative is 0.00. We recommend visually inspecting the baseline time series in the Model Fit charts to confirm this.
----------------------------------------
BayesianPPP Check:
  Status: PASS
  Recommendation: The Bayesian posterior predictive p-value is 0.90. The observed total outcome is consistent with the model's posterior predictive distribution.
----------------------------------------
GoodnessOfFit Check:
  Status: PASS
  Recommendation: R-squared = 0.8881, MAPE = 0.0538, and wMAPE = 0.0531. These goodness-of-fit metrics are intended for guidance and relative comparison.
----------------------------------------
PriorPosteriorShift Check:
  Status: PASS
  Recommendation: The model has successfully learned from the data. This is a positive sign that your data was informative.
----------------------------------------
ROIConsistency Check:
  Status: REVIEW
  Recommendation: We've detected an unusually low ROI estimate (for channel `google`) where the posterior point estimate falls into the extreme tail of your custom prior. Please review this result to determine if it is reasonable within your business context.",0.8881,0.0538,0.0531,0.9,0.0
multi|meta|0.500000|1.000000|LogNormal|alpha=0p3|ec=0p5|slope=1p2|lag=4|decay=geometric,"{""roi_prior_overrides"": {""meta"": {""dist"": ""LogNormal"", ""mu"": 0.5, ""sigma"": 1.0}}, ""structural_overrides"": {""adstock_decay_spec"": ""geometric"", ""alpha_m"": 0.3, ""ec_m"": 0.5, ""max_lag"": 4, ""slope_m"": 1.2}}",meta,meta,snapchat,0.5,1.0,LogNormal,0.3,0.5,1.2,4,geometric,False,0.0317409450186338,0.0145746706954414,0.0117051274515688,0.0298935547471046,0.0585064956918358,0.4,0.5,LogNormal,3.306977265438932,0.3623549872034448,PASS,Passed with reviews: Review is needed.,PASS,True,"========================================
Model Quality Checks
========================================
Overall Status: PASS
Summary: Passed with reviews: Review is needed.

Check Results:
----------------------------------------
Convergence Check:
  Status: PASS
  Recommendation: The model has likely converged, as all parameters have R-hat values < 1.2.
----------------------------------------
Baseline Check:
  Status: PASS
  Recommendation: The posterior probability that the baseline is negative is 0.00. We recommend visually inspecting the baseline time series in the Model Fit charts to confirm this.
----------------------------------------
BayesianPPP Check:
  Status: PASS
  Recommendation: The Bayesian posterior predictive p-value is 0.90. The observed total outcome is consistent with the model's posterior predictive distribution.
----------------------------------------
GoodnessOfFit Check:
  Status: PASS
  Recommendation: R-squared = 0.8881, MAPE = 0.0538, and wMAPE = 0.0531. These goodness-of-fit metrics are intended for guidance and relative comparison.
----------------------------------------
PriorPosteriorShift Check:
  Status: PASS
  Recommendation: The model has successfully learned from the data. This is a positive sign that your data was informative.
----------------------------------------
ROIConsistency Check:
  Status: REVIEW
  Recommendation: We've detected an unusually low ROI estimate (for channel `google`) where the posterior point estimate falls into the extreme tail of your custom prior. Please review this result to determine if it is reasonable within your business context.",0.8881,0.0538,0.0531,0.9,0.0
multi|meta|0.500000|1.000000|LogNormal|alpha=0p3|ec=0p5|slope=1p2|lag=4|decay=geometric,"{""roi_prior_overrides"": {""meta"": {""dist"": ""LogNormal"", ""mu"": 0.5, ""sigma"": 1.0}}, ""structural_overrides"": {""adstock_decay_spec"": ""geometric"", ""alpha_m"": 0.3, ""ec_m"": 0.5, ""max_lag"": 4, ""slope_m"": 1.2}}",meta,meta,tiktok,0.5,1.0,LogNormal,0.3,0.5,1.2,4,geometric,False,0.0273980833403766,0.0126331976115187,0.0104671422857791,0.0258098831400275,0.0504529066383838,0.4,0.5,LogNormal,3.456263590171812,0.3836394293033469,PASS,Passed with reviews: Review is needed.,PASS,True,"========================================
Model Quality Checks
========================================
Overall Status: PASS
Summary: Passed with reviews: Review is needed.

Check Results:
----------------------------------------
Convergence Check:
  Status: PASS
  Recommendation: The model has likely converged, as all parameters have R-hat values < 1.2.
----------------------------------------
Baseline Check:
  Status: PASS
  Recommendation: The posterior probability that the baseline is negative is 0.00. We recommend visually inspecting the baseline time series in the Model Fit charts to confirm this.
----------------------------------------
BayesianPPP Check:
  Status: PASS
  Recommendation: The Bayesian posterior predictive p-value is 0.90. The observed total outcome is consistent with the model's posterior predictive distribution.
----------------------------------------
GoodnessOfFit Check:
  Status: PASS
  Recommendation: R-squared = 0.8881, MAPE = 0.0538, and wMAPE = 0.0531. These goodness-of-fit metrics are intended for guidance and relative comparison.
----------------------------------------
PriorPosteriorShift Check:
  Status: PASS
  Recommendation: The model has successfully learned from the data. This is a positive sign that your data was informative.
----------------------------------------
ROIConsistency Check:
  Status: REVIEW
  Recommendation: We've detected an unusually low ROI estimate (for channel `google`) where the posterior point estimate falls into the extreme tail of your custom prior. Please review this result to determine if it is reasonable within your business context.",0.8881,0.0538,0.0531,0.9,0.0
multi|meta|0.500000|1.000000|LogNormal|alpha=0p3|ec=0p5|slope=1p2|lag=4|decay=geometric,"{""roi_prior_overrides"": {""meta"": {""dist"": ""LogNormal"", ""mu"": 0.5, ""sigma"": 1.0}}, ""structural_overrides"": {""adstock_decay_spec"": ""geometric"", ""alpha_m"": 0.3, ""ec_m"": 0.5, ""max_lag"": 4, ""slope_m"": 1.2}}",meta,meta,moloco,0.5,1.0,LogNormal,0.3,0.5,1.2,4,geometric,False,0.0747210042749065,0.0337633222066213,0.026294894143939,0.0705364048480987,0.1351553291082382,0.4,0.5,LogNormal,2.409125800914519,0.3312029189400225,PASS,Passed with reviews: Review is needed.,PASS,True,"========================================
Model Quality Checks
========================================
Overall Status: PASS
Summary: Passed with reviews: Review is needed.

Check Results:
----------------------------------------
Convergence Check:
  Status: PASS
  Recommendation: The model has likely converged, as all parameters have R-hat values < 1.2.
----------------------------------------
Baseline Check:
  Status: PASS
  Recommendation: The posterior probability that the baseline is negative is 0.00. We recommend visually inspecting the baseline time series in the Model Fit charts to confirm this.
----------------------------------------
BayesianPPP Check:
  Status: PASS
  Recommendation: The Bayesian posterior predictive p-value is 0.90. The observed total outcome is consistent with the model's posterior predictive distribution.
----------------------------------------
GoodnessOfFit Check:
  Status: PASS
  Recommendation: R-squared = 0.8881, MAPE = 0.0538, and wMAPE = 0.0531. These goodness-of-fit metrics are intended for guidance and relative comparison.
----------------------------------------
PriorPosteriorShift Check:
  Status: PASS
  Recommendation: The model has successfully learned from the data. This is a positive sign that your data was informative.
----------------------------------------
ROIConsistency Check:
  Status: REVIEW
  Recommendation: We've detected an unusually low ROI estimate (for channel `google`) where the posterior point estimate falls into the extreme tail of your custom prior. Please review this result to determine if it is reasonable within your business context.",0.8881,0.0538,0.0531,0.9,0.0
multi|meta|0.500000|1.000000|LogNormal|alpha=0p3|ec=0p5|slope=1p2|lag=4|decay=geometric,"{""roi_prior_overrides"": {""meta"": {""dist"": ""LogNormal"", ""mu"": 0.5, ""sigma"": 1.0}}, ""structural_overrides"": {""adstock_decay_spec"": ""geometric"", ""alpha_m"": 0.3, ""ec_m"": 0.5, ""max_lag"": 4, ""slope_m"": 1.2}}",meta,meta,liveintent,0.5,1.0,LogNormal,0.3,0.5,1.2,4,geometric,False,0.1042646198424821,0.0605818597047103,0.0292073603719472,0.0947716496884822,0.2218569137156009,0.4,0.5,LogNormal,1.7928717485706689,0.3024164870055721,PASS,Passed with reviews: Review is needed.,PASS,True,"========================================
Model Quality Checks
========================================
Overall Status: PASS
Summary: Passed with reviews: Review is needed.

Check Results:
----------------------------------------
Convergence Check:
  Status: PASS
  Recommendation: The model has likely converged, as all parameters have R-hat values < 1.2.
----------------------------------------
Baseline Check:
  Status: PASS
  Recommendation: The posterior probability that the baseline is negative is 0.00. We recommend visually inspecting the baseline time series in the Model Fit charts to confirm this.
----------------------------------------
BayesianPPP Check:
  Status: PASS
  Recommendation: The Bayesian posterior predictive p-value is 0.90. The observed total outcome is consistent with the model's posterior predictive distribution.
----------------------------------------
GoodnessOfFit Check:
  Status: PASS
  Recommendation: R-squared = 0.8881, MAPE = 0.0538, and wMAPE = 0.0531. These goodness-of-fit metrics are intended for guidance and relative comparison.
----------------------------------------
PriorPosteriorShift Check:
  Status: PASS
  Recommendation: The model has successfully learned from the data. This is a positive sign that your data was informative.
----------------------------------------
ROIConsistency Check:
  Status: REVIEW
  Recommendation: We've detected an unusually low ROI estimate (for channel `google`) where the posterior point estimate falls into the extreme tail of your custom prior. Please review this result to determine if it is reasonable within your business context.",0.8881,0.0538,0.0531,0.9,0.0
multi|meta|0.500000|1.000000|LogNormal|alpha=0p3|ec=0p5|slope=1p2|lag=4|decay=geometric,"{""roi_prior_overrides"": {""meta"": {""dist"": ""LogNormal"", ""mu"": 0.5, ""sigma"": 1.0}}, ""structural_overrides"": {""adstock_decay_spec"": ""geometric"", ""alpha_m"": 0.3, ""ec_m"": 0.5, ""max_lag"": 4, ""slope_m"": 1.2}}",meta,meta,beehiiv,0.5,1.0,LogNormal,0.3,0.5,1.2,4,geometric,False,0.1969542981723013,0.1309083011070004,0.0384767685085535,0.1686214432120323,0.4658325687050818,0.4,0.5,LogNormal,0.9568400925379767,0.1975436786391797,PASS,Passed with reviews: Review is needed.,PASS,True,"========================================
Model Quality Checks
========================================
Overall Status: PASS
Summary: Passed with reviews: Review is needed.

Check Results:
----------------------------------------
Convergence Check:
  Status: PASS
  Recommendation: The model has likely converged, as all parameters have R-hat values < 1.2.
----------------------------------------
Baseline Check:
  Status: PASS
  Recommendation: The posterior probability that the baseline is negative is 0.00. We recommend visually inspecting the baseline time series in the Model Fit charts to confirm this.
----------------------------------------
BayesianPPP Check:
  Status: PASS
  Recommendation: The Bayesian posterior predictive p-value is 0.90. The observed total outcome is consistent with the model's posterior predictive distribution.
----------------------------------------
GoodnessOfFit Check:
  Status: PASS
  Recommendation: R-squared = 0.8881, MAPE = 0.0538, and wMAPE = 0.0531. These goodness-of-fit metrics are intended for guidance and relative comparison.
----------------------------------------
PriorPosteriorShift Check:
  Status: PASS
  Recommendation: The model has successfully learned from the data. This is a positive sign that your data was informative.
----------------------------------------
ROIConsistency Check:
  Status: REVIEW
  Recommendation: We've detected an unusually low ROI estimate (for channel `google`) where the posterior point estimate falls into the extreme tail of your custom prior. Please review this result to determine if it is reasonable within your business context.",0.8881,0.0538,0.0531,0.9,0.0
multi|meta|0.500000|1.000000|LogNormal|alpha=0p3|ec=0p5|slope=1p2|lag=4|decay=geometric,"{""roi_prior_overrides"": {""meta"": {""dist"": ""LogNormal"", ""mu"": 0.5, ""sigma"": 1.0}}, ""structural_overrides"": {""adstock_decay_spec"": ""geometric"", ""alpha_m"": 0.3, ""ec_m"": 0.5, ""max_lag"": 4, ""slope_m"": 1.2}}",meta,meta,amazon,0.5,1.0,LogNormal,0.3,0.5,1.2,4,geometric,False,0.1422959603865941,0.0861561770649179,0.0376708382740616,0.1253506541252136,0.3008356854319572,0.4,0.5,LogNormal,1.4061149545017957,0.2716895997296558,PASS,Passed with reviews: Review is needed.,PASS,True,"========================================
Model Quality Checks
========================================
Overall Status: PASS
Summary: Passed with reviews: Review is needed.

Check Results:
----------------------------------------
Convergence Check:
  Status: PASS
  Recommendation: The model has likely converged, as all parameters have R-hat values < 1.2.
----------------------------------------
Baseline Check:
  Status: PASS
  Recommendation: The posterior probability that the baseline is negative is 0.00. We recommend visually inspecting the baseline time series in the Model Fit charts to confirm this.
----------------------------------------
BayesianPPP Check:
  Status: PASS
  Recommendation: The Bayesian posterior predictive p-value is 0.90. The observed total outcome is consistent with the model's posterior predictive distribution.
----------------------------------------
GoodnessOfFit Check:
  Status: PASS
  Recommendation: R-squared = 0.8881, MAPE = 0.0538, and wMAPE = 0.0531. These goodness-of-fit metrics are intended for guidance and relative comparison.
----------------------------------------
PriorPosteriorShift Check:
  Status: PASS
  Recommendation: The model has successfully learned from the data. This is a positive sign that your data was informative.
----------------------------------------
ROIConsistency Check:
  Status: REVIEW
  Recommendation: We've detected an unusually low ROI estimate (for channel `google`) where the posterior point estimate falls into the extreme tail of your custom prior. Please review this result to determine if it is reasonable within your business context.",0.8881,0.0538,0.0531,0.9,0.0
multi|meta|0.500000|1.500000|LogNormal|alpha=0p3|ec=0p5|slope=1p2|lag=4|decay=geometric,"{""roi_prior_overrides"": {""meta"": {""dist"": ""LogNormal"", ""mu"": 0.5, ""sigma"": 1.5}}, ""structural_overrides"": {""adstock_decay_spec"": ""geometric"", ""alpha_m"": 0.3, ""ec_m"": 0.5, ""max_lag"": 4, ""slope_m"": 1.2}}",meta,meta,meta,0.5,1.5,LogNormal,0.3,0.5,1.2,4,geometric,False,0.0142268546335981,0.009312552624098,0.0026054089306853,0.0122822052799165,0.0319176023826003,0.5,1.5,LogNormal,4.634315435245294,0.421046437918576,PASS,Passed with reviews: Review is needed.,PASS,True,"========================================
Model Quality Checks
========================================
Overall Status: PASS
Summary: Passed with reviews: Review is needed.

Check Results:
----------------------------------------
Convergence Check:
  Status: PASS
  Recommendation: The model has likely converged, as all parameters have R-hat values < 1.2.
----------------------------------------
Baseline Check:
  Status: PASS
  Recommendation: The posterior probability that the baseline is negative is 0.00. We recommend visually inspecting the baseline time series in the Model Fit charts to confirm this.
----------------------------------------
BayesianPPP Check:
  Status: PASS
  Recommendation: The Bayesian posterior predictive p-value is 0.96. The observed total outcome is consistent with the model's posterior predictive distribution.
----------------------------------------
GoodnessOfFit Check:
  Status: PASS
  Recommendation: R-squared = 0.8892, MAPE = 0.0535, and wMAPE = 0.0530. These goodness-of-fit metrics are intended for guidance and relative comparison.
----------------------------------------
PriorPosteriorShift Check:
  Status: PASS
  Recommendation: The model has successfully learned from the data. This is a positive sign that your data was informative.
----------------------------------------
ROIConsistency Check:
  Status: REVIEW
  Recommendation: We've detected an unusually low ROI estimate (for channel `google`) where the posterior point estimate falls into the extreme tail of your custom prior. Please review this result to determine if it is reasonable within your business context.",0.8892,0.0535,0.053,0.96,0.0
multi|meta|0.500000|1.500000|LogNormal|alpha=0p3|ec=0p5|slope=1p2|lag=4|decay=geometric,"{""roi_prior_overrides"": {""meta"": {""dist"": ""LogNormal"", ""mu"": 0.5, ""sigma"": 1.5}}, ""structural_overrides"": {""adstock_decay_spec"": ""geometric"", ""alpha_m"": 0.3, ""ec_m"": 0.5, ""max_lag"": 4, ""slope_m"": 1.2}}",meta,meta,google,0.5,1.5,LogNormal,0.3,0.5,1.2,4,geometric,False,0.0139916747432046,0.0061353334396143,0.005508909956552,0.0131381214596331,0.0254724267870187,0.4,0.5,LogNormal,4.198623810318797,0.3830091346054965,PASS,Passed with reviews: Review is needed.,PASS,True,"========================================
Model Quality Checks
========================================
Overall Status: PASS
Summary: Passed with reviews: Review is needed.

Check Results:
----------------------------------------
Convergence Check:
  Status: PASS
  Recommendation: The model has likely converged, as all parameters have R-hat values < 1.2.
----------------------------------------
Baseline Check:
  Status: PASS
  Recommendation: The posterior probability that the baseline is negative is 0.00. We recommend visually inspecting the baseline time series in the Model Fit charts to confirm this.
----------------------------------------
BayesianPPP Check:
  Status: PASS
  Recommendation: The Bayesian posterior predictive p-value is 0.96. The observed total outcome is consistent with the model's posterior predictive distribution.
----------------------------------------
GoodnessOfFit Check:
  Status: PASS
  Recommendation: R-squared = 0.8892, MAPE = 0.0535, and wMAPE = 0.0530. These goodness-of-fit metrics are intended for guidance and relative comparison.
----------------------------------------
PriorPosteriorShift Check:
  Status: PASS
  Recommendation: The model has successfully learned from the data. This is a positive sign that your data was informative.
----------------------------------------
ROIConsistency Check:
  Status: REVIEW
  Recommendation: We've detected an unusually low ROI estimate (for channel `google`) where the posterior point estimate falls into the extreme tail of your custom prior. Please review this result to determine if it is reasonable within your business context.",0.8892,0.0535,0.053,0.96,0.0
multi|meta|0.500000|1.500000|LogNormal|alpha=0p3|ec=0p5|slope=1p2|lag=4|decay=geometric,"{""roi_prior_overrides"": {""meta"": {""dist"": ""LogNormal"", ""mu"": 0.5, ""sigma"": 1.5}}, ""structural_overrides"": {""adstock_decay_spec"": ""geometric"", ""alpha_m"": 0.3, ""ec_m"": 0.5, ""max_lag"": 4, ""slope_m"": 1.2}}",meta,meta,snapchat,0.5,1.5,LogNormal,0.3,0.5,1.2,4,geometric,False,0.0319770092594747,0.013447997448851,0.0126577544491738,0.030873498879373,0.0556204533204436,0.4,0.5,LogNormal,3.387021432718574,0.362123819271921,PASS,Passed with reviews: Review is needed.,PASS,True,"========================================
Model Quality Checks
========================================
Overall Status: PASS
Summary: Passed with reviews: Review is needed.

Check Results:
----------------------------------------
Convergence Check:
  Status: PASS
  Recommendation: The model has likely converged, as all parameters have R-hat values < 1.2.
----------------------------------------
Baseline Check:
  Status: PASS
  Recommendation: The posterior probability that the baseline is negative is 0.00. We recommend visually inspecting the baseline time series in the Model Fit charts to confirm this.
----------------------------------------
BayesianPPP Check:
  Status: PASS
  Recommendation: The Bayesian posterior predictive p-value is 0.96. The observed total outcome is consistent with the model's posterior predictive distribution.
----------------------------------------
GoodnessOfFit Check:
  Status: PASS
  Recommendation: R-squared = 0.8892, MAPE = 0.0535, and wMAPE = 0.0530. These goodness-of-fit metrics are intended for guidance and relative comparison.
----------------------------------------
PriorPosteriorShift Check:
  Status: PASS
  Recommendation: The model has successfully learned from the data. This is a positive sign that your data was informative.
----------------------------------------
ROIConsistency Check:
  Status: REVIEW
  Recommendation: We've detected an unusually low ROI estimate (for channel `google`) where the posterior point estimate falls into the extreme tail of your custom prior. Please review this result to determine if it is reasonable within your business context.",0.8892,0.0535,0.053,0.96,0.0
multi|meta|0.500000|1.500000|LogNormal|alpha=0p3|ec=0p5|slope=1p2|lag=4|decay=geometric,"{""roi_prior_overrides"": {""meta"": {""dist"": ""LogNormal"", ""mu"": 0.5, ""sigma"": 1.5}}, ""structural_overrides"": {""adstock_decay_spec"": ""geometric"", ""alpha_m"": 0.3, ""ec_m"": 0.5, ""max_lag"": 4, ""slope_m"": 1.2}}",meta,meta,tiktok,0.5,1.5,LogNormal,0.3,0.5,1.2,4,geometric,False,0.0270794821282227,0.01222062818844,0.010362175386399,0.0255741653963923,0.0498498639091849,0.4,0.5,LogNormal,3.4899208522235114,0.3839512906568306,PASS,Passed with reviews: Review is needed.,PASS,True,"========================================
Model Quality Checks
========================================
Overall Status: PASS
Summary: Passed with reviews: Review is needed.

Check Results:
----------------------------------------
Convergence Check:
  Status: PASS
  Recommendation: The model has likely converged, as all parameters have R-hat values < 1.2.
----------------------------------------
Baseline Check:
  Status: PASS
  Recommendation: The posterior probability that the baseline is negative is 0.00. We recommend visually inspecting the baseline time series in the Model Fit charts to confirm this.
----------------------------------------
BayesianPPP Check:
  Status: PASS
  Recommendation: The Bayesian posterior predictive p-value is 0.96. The observed total outcome is consistent with the model's posterior predictive distribution.
----------------------------------------
GoodnessOfFit Check:
  Status: PASS
  Recommendation: R-squared = 0.8892, MAPE = 0.0535, and wMAPE = 0.0530. These goodness-of-fit metrics are intended for guidance and relative comparison.
----------------------------------------
PriorPosteriorShift Check:
  Status: PASS
  Recommendation: The model has successfully learned from the data. This is a positive sign that your data was informative.
----------------------------------------
ROIConsistency Check:
  Status: REVIEW
  Recommendation: We've detected an unusually low ROI estimate (for channel `google`) where the posterior point estimate falls into the extreme tail of your custom prior. Please review this result to determine if it is reasonable within your business context.",0.8892,0.0535,0.053,0.96,0.0
multi|meta|0.500000|1.500000|LogNormal|alpha=0p3|ec=0p5|slope=1p2|lag=4|decay=geometric,"{""roi_prior_overrides"": {""meta"": {""dist"": ""LogNormal"", ""mu"": 0.5, ""sigma"": 1.5}}, ""structural_overrides"": {""adstock_decay_spec"": ""geometric"", ""alpha_m"": 0.3, ""ec_m"": 0.5, ""max_lag"": 4, ""slope_m"": 1.2}}",meta,meta,moloco,0.5,1.5,LogNormal,0.3,0.5,1.2,4,geometric,False,0.0747853642671058,0.0338805736977702,0.026864446979016,0.0695018954575061,0.1375956811010837,0.4,0.5,LogNormal,2.405591200691477,0.3311439768086755,PASS,Passed with reviews: Review is needed.,PASS,True,"========================================
Model Quality Checks
========================================
Overall Status: PASS
Summary: Passed with reviews: Review is needed.

Check Results:
----------------------------------------
Convergence Check:
  Status: PASS
  Recommendation: The model has likely converged, as all parameters have R-hat values < 1.2.
----------------------------------------
Baseline Check:
  Status: PASS
  Recommendation: The posterior probability that the baseline is negative is 0.00. We recommend visually inspecting the baseline time series in the Model Fit charts to confirm this.
----------------------------------------
BayesianPPP Check:
  Status: PASS
  Recommendation: The Bayesian posterior predictive p-value is 0.96. The observed total outcome is consistent with the model's posterior predictive distribution.
----------------------------------------
GoodnessOfFit Check:
  Status: PASS
  Recommendation: R-squared = 0.8892, MAPE = 0.0535, and wMAPE = 0.0530. These goodness-of-fit metrics are intended for guidance and relative comparison.
----------------------------------------
PriorPosteriorShift Check:
  Status: PASS
  Recommendation: The model has successfully learned from the data. This is a positive sign that your data was informative.
----------------------------------------
ROIConsistency Check:
  Status: REVIEW
  Recommendation: We've detected an unusually low ROI estimate (for channel `google`) where the posterior point estimate falls into the extreme tail of your custom prior. Please review this result to determine if it is reasonable within your business context.",0.8892,0.0535,0.053,0.96,0.0
multi|meta|0.500000|1.500000|LogNormal|alpha=0p3|ec=0p5|slope=1p2|lag=4|decay=geometric,"{""roi_prior_overrides"": {""meta"": {""dist"": ""LogNormal"", ""mu"": 0.5, ""sigma"": 1.5}}, ""structural_overrides"": {""adstock_decay_spec"": ""geometric"", ""alpha_m"": 0.3, ""ec_m"": 0.5, ""max_lag"": 4, ""slope_m"": 1.2}}",meta,meta,liveintent,0.5,1.5,LogNormal,0.3,0.5,1.2,4,geometric,False,0.1033058214839547,0.0579170025532189,0.0289278577081859,0.0940180607140064,0.2191023185849189,0.4,0.5,LogNormal,1.8383607326822984,0.3032716708654156,PASS,Passed with reviews: Review is needed.,PASS,True,"========================================
Model Quality Checks
========================================
Overall Status: PASS
Summary: Passed with reviews: Review is needed.

Check Results:
----------------------------------------
Convergence Check:
  Status: PASS
  Recommendation: The model has likely converged, as all parameters have R-hat values < 1.2.
----------------------------------------
Baseline Check:
  Status: PASS
  Recommendation: The posterior probability that the baseline is negative is 0.00. We recommend visually inspecting the baseline time series in the Model Fit charts to confirm this.
----------------------------------------
BayesianPPP Check:
  Status: PASS
  Recommendation: The Bayesian posterior predictive p-value is 0.96. The observed total outcome is consistent with the model's posterior predictive distribution.
----------------------------------------
GoodnessOfFit Check:
  Status: PASS
  Recommendation: R-squared = 0.8892, MAPE = 0.0535, and wMAPE = 0.0530. These goodness-of-fit metrics are intended for guidance and relative comparison.
----------------------------------------
PriorPosteriorShift Check:
  Status: PASS
  Recommendation: The model has successfully learned from the data. This is a positive sign that your data was informative.
----------------------------------------
ROIConsistency Check:
  Status: REVIEW
  Recommendation: We've detected an unusually low ROI estimate (for channel `google`) where the posterior point estimate falls into the extreme tail of your custom prior. Please review this result to determine if it is reasonable within your business context.",0.8892,0.0535,0.053,0.96,0.0
multi|meta|0.500000|1.500000|LogNormal|alpha=0p3|ec=0p5|slope=1p2|lag=4|decay=geometric,"{""roi_prior_overrides"": {""meta"": {""dist"": ""LogNormal"", ""mu"": 0.5, ""sigma"": 1.5}}, ""structural_overrides"": {""adstock_decay_spec"": ""geometric"", ""alpha_m"": 0.3, ""ec_m"": 0.5, ""max_lag"": 4, ""slope_m"": 1.2}}",meta,meta,beehiiv,0.5,1.5,LogNormal,0.3,0.5,1.2,4,geometric,False,0.1861898032474952,0.1109442076013288,0.0423286084085702,0.1687415167689323,0.4025000795722007,0.4,0.5,LogNormal,1.1216274925663092,0.2083698506724427,PASS,Passed with reviews: Review is needed.,PASS,True,"========================================
Model Quality Checks
========================================
Overall Status: PASS
Summary: Passed with reviews: Review is needed.

Check Results:
----------------------------------------
Convergence Check:
  Status: PASS
  Recommendation: The model has likely converged, as all parameters have R-hat values < 1.2.
----------------------------------------
Baseline Check:
  Status: PASS
  Recommendation: The posterior probability that the baseline is negative is 0.00. We recommend visually inspecting the baseline time series in the Model Fit charts to confirm this.
----------------------------------------
BayesianPPP Check:
  Status: PASS
  Recommendation: The Bayesian posterior predictive p-value is 0.96. The observed total outcome is consistent with the model's posterior predictive distribution.
----------------------------------------
GoodnessOfFit Check:
  Status: PASS
  Recommendation: R-squared = 0.8892, MAPE = 0.0535, and wMAPE = 0.0530. These goodness-of-fit metrics are intended for guidance and relative comparison.
----------------------------------------
PriorPosteriorShift Check:
  Status: PASS
  Recommendation: The model has successfully learned from the data. This is a positive sign that your data was informative.
----------------------------------------
ROIConsistency Check:
  Status: REVIEW
  Recommendation: We've detected an unusually low ROI estimate (for channel `google`) where the posterior point estimate falls into the extreme tail of your custom prior. Please review this result to determine if it is reasonable within your business context.",0.8892,0.0535,0.053,0.96,0.0
multi|meta|0.500000|1.500000|LogNormal|alpha=0p3|ec=0p5|slope=1p2|lag=4|decay=geometric,"{""roi_prior_overrides"": {""meta"": {""dist"": ""LogNormal"", ""mu"": 0.5, ""sigma"": 1.5}}, ""structural_overrides"": {""adstock_decay_spec"": ""geometric"", ""alpha_m"": 0.3, ""ec_m"": 0.5, ""max_lag"": 4, ""slope_m"": 1.2}}",meta,meta,amazon,0.5,1.5,LogNormal,0.3,0.5,1.2,4,geometric,False,0.1415070054602498,0.0846586699387238,0.0363699294626712,0.125400573015213,0.294794139266014,0.4,0.5,LogNormal,1.4239520113188773,0.272474699671097,PASS,Passed with reviews: Review is needed.,PASS,True,"========================================
Model Quality Checks
========================================
Overall Status: PASS
Summary: Passed with reviews: Review is needed.

Check Results:
----------------------------------------
Convergence Check:
  Status: PASS
  Recommendation: The model has likely converged, as all parameters have R-hat values < 1.2.
----------------------------------------
Baseline Check:
  Status: PASS
  Recommendation: The posterior probability that the baseline is negative is 0.00. We recommend visually inspecting the baseline time series in the Model Fit charts to confirm this.
----------------------------------------
BayesianPPP Check:
  Status: PASS
  Recommendation: The Bayesian posterior predictive p-value is 0.96. The observed total outcome is consistent with the model's posterior predictive distribution.
----------------------------------------
GoodnessOfFit Check:
  Status: PASS
  Recommendation: R-squared = 0.8892, MAPE = 0.0535, and wMAPE = 0.0530. These goodness-of-fit metrics are intended for guidance and relative comparison.
----------------------------------------
PriorPosteriorShift Check:
  Status: PASS
  Recommendation: The model has successfully learned from the data. This is a positive sign that your data was informative.
----------------------------------------
ROIConsistency Check:
  Status: REVIEW
  Recommendation: We've detected an unusually low ROI estimate (for channel `google`) where the posterior point estimate falls into the extreme tail of your custom prior. Please review this result to determine if it is reasonable within your business context.",0.8892,0.0535,0.053,0.96,0.0
multi|meta|1.000000|0.500000|LogNormal|alpha=0p3|ec=0p5|slope=1p2|lag=4|decay=geometric,"{""roi_prior_overrides"": {""meta"": {""dist"": ""LogNormal"", ""mu"": 1.0, ""sigma"": 0.5}}, ""structural_overrides"": {""adstock_decay_spec"": ""geometric"", ""alpha_m"": 0.3, ""ec_m"": 0.5, ""max_lag"": 4, ""slope_m"": 1.2}}",meta,meta,meta,1.0,0.5,LogNormal,0.3,0.5,1.2,4,geometric,False,0.0598073105467483,0.0116489650348838,0.0414660217240452,0.0593195632100105,0.0802319392561912,1.0,0.5,LogNormal,5.027586743939672,0.9188066503592376,PASS,Passed with reviews: Review is needed.,PASS,True,"========================================
Model Quality Checks
========================================
Overall Status: PASS
Summary: Passed with reviews: Review is needed.

Check Results:
----------------------------------------
Convergence Check:
  Status: PASS
  Recommendation: The model has likely converged, as all parameters have R-hat values < 1.2.
----------------------------------------
Baseline Check:
  Status: PASS
  Recommendation: The posterior probability that the baseline is negative is 0.00. We recommend visually inspecting the baseline time series in the Model Fit charts to confirm this.
----------------------------------------
BayesianPPP Check:
  Status: PASS
  Recommendation: The Bayesian posterior predictive p-value is 0.88. The observed total outcome is consistent with the model's posterior predictive distribution.
----------------------------------------
GoodnessOfFit Check:
  Status: PASS
  Recommendation: R-squared = 0.8613, MAPE = 0.0604, and wMAPE = 0.0594. These goodness-of-fit metrics are intended for guidance and relative comparison.
----------------------------------------
PriorPosteriorShift Check:
  Status: PASS
  Recommendation: The model has successfully learned from the data. This is a positive sign that your data was informative.
----------------------------------------
ROIConsistency Check:
  Status: REVIEW
  Recommendation: We've detected an unusually low ROI estimate (for channels `meta`, `google`) where the posterior point estimate falls into the extreme tail of your custom prior. Please review this result to determine if it is reasonable within your business context.",0.8613,0.0604,0.0594,0.88,0.0
multi|meta|1.000000|0.500000|LogNormal|alpha=0p3|ec=0p5|slope=1p2|lag=4|decay=geometric,"{""roi_prior_overrides"": {""meta"": {""dist"": ""LogNormal"", ""mu"": 1.0, ""sigma"": 0.5}}, ""structural_overrides"": {""adstock_decay_spec"": ""geometric"", ""alpha_m"": 0.3, ""ec_m"": 0.5, ""max_lag"": 4, ""slope_m"": 1.2}}",meta,meta,google,1.0,0.5,LogNormal,0.3,0.5,1.2,4,geometric,False,0.0153994258124536,0.0067559345979778,0.0060068315826356,0.0146456635557115,0.0278102158568799,0.4,0.5,LogNormal,4.100113268742364,0.3816034119865536,PASS,Passed with reviews: Review is needed.,PASS,True,"========================================
Model Quality Checks
========================================
Overall Status: PASS
Summary: Passed with reviews: Review is needed.

Check Results:
----------------------------------------
Convergence Check:
  Status: PASS
  Recommendation: The model has likely converged, as all parameters have R-hat values < 1.2.
----------------------------------------
Baseline Check:
  Status: PASS
  Recommendation: The posterior probability that the baseline is negative is 0.00. We recommend visually inspecting the baseline time series in the Model Fit charts to confirm this.
----------------------------------------
BayesianPPP Check:
  Status: PASS
  Recommendation: The Bayesian posterior predictive p-value is 0.88. The observed total outcome is consistent with the model's posterior predictive distribution.
----------------------------------------
GoodnessOfFit Check:
  Status: PASS
  Recommendation: R-squared = 0.8613, MAPE = 0.0604, and wMAPE = 0.0594. These goodness-of-fit metrics are intended for guidance and relative comparison.
----------------------------------------
PriorPosteriorShift Check:
  Status: PASS
  Recommendation: The model has successfully learned from the data. This is a positive sign that your data was informative.
----------------------------------------
ROIConsistency Check:
  Status: REVIEW
  Recommendation: We've detected an unusually low ROI estimate (for channels `meta`, `google`) where the posterior point estimate falls into the extreme tail of your custom prior. Please review this result to determine if it is reasonable within your business context.",0.8613,0.0604,0.0594,0.88,0.0
multi|meta|1.000000|0.500000|LogNormal|alpha=0p3|ec=0p5|slope=1p2|lag=4|decay=geometric,"{""roi_prior_overrides"": {""meta"": {""dist"": ""LogNormal"", ""mu"": 1.0, ""sigma"": 0.5}}, ""structural_overrides"": {""adstock_decay_spec"": ""geometric"", ""alpha_m"": 0.3, ""ec_m"": 0.5, ""max_lag"": 4, ""slope_m"": 1.2}}",meta,meta,snapchat,1.0,0.5,LogNormal,0.3,0.5,1.2,4,geometric,False,0.0290388396428897,0.013941489455198,0.0103270782157778,0.0267114471644163,0.054252921231091,0.4,0.5,LogNormal,3.355351946465875,0.3650604532312679,PASS,Passed with reviews: Review is needed.,PASS,True,"========================================
Model Quality Checks
========================================
Overall Status: PASS
Summary: Passed with reviews: Review is needed.

Check Results:
----------------------------------------
Convergence Check:
  Status: PASS
  Recommendation: The model has likely converged, as all parameters have R-hat values < 1.2.
----------------------------------------
Baseline Check:
  Status: PASS
  Recommendation: The posterior probability that the baseline is negative is 0.00. We recommend visually inspecting the baseline time series in the Model Fit charts to confirm this.
----------------------------------------
BayesianPPP Check:
  Status: PASS
  Recommendation: The Bayesian posterior predictive p-value is 0.88. The observed total outcome is consistent with the model's posterior predictive distribution.
----------------------------------------
GoodnessOfFit Check:
  Status: PASS
  Recommendation: R-squared = 0.8613, MAPE = 0.0604, and wMAPE = 0.0594. These goodness-of-fit metrics are intended for guidance and relative comparison.
----------------------------------------
PriorPosteriorShift Check:
  Status: PASS
  Recommendation: The model has successfully learned from the data. This is a positive sign that your data was informative.
----------------------------------------
ROIConsistency Check:
  Status: REVIEW
  Recommendation: We've detected an unusually low ROI estimate (for channels `meta`, `google`) where the posterior point estimate falls into the extreme tail of your custom prior. Please review this result to determine if it is reasonable within your business context.",0.8613,0.0604,0.0594,0.88,0.0
multi|meta|1.000000|0.500000|LogNormal|alpha=0p3|ec=0p5|slope=1p2|lag=4|decay=geometric,"{""roi_prior_overrides"": {""meta"": {""dist"": ""LogNormal"", ""mu"": 1.0, ""sigma"": 0.5}}, ""structural_overrides"": {""adstock_decay_spec"": ""geometric"", ""alpha_m"": 0.3, ""ec_m"": 0.5, ""max_lag"": 4, ""slope_m"": 1.2}}",meta,meta,tiktok,1.0,0.5,LogNormal,0.3,0.5,1.2,4,geometric,False,0.032928806123867,0.0155305725956857,0.0119534921832382,0.0309190591797232,0.0618199046701192,0.4,0.5,LogNormal,3.2417625117636053,0.3781125325636993,PASS,Passed with reviews: Review is needed.,PASS,True,"========================================
Model Quality Checks
========================================
Overall Status: PASS
Summary: Passed with reviews: Review is needed.

Check Results:
----------------------------------------
Convergence Check:
  Status: PASS
  Recommendation: The model has likely converged, as all parameters have R-hat values < 1.2.
----------------------------------------
Baseline Check:
  Status: PASS
  Recommendation: The posterior probability that the baseline is negative is 0.00. We recommend visually inspecting the baseline time series in the Model Fit charts to confirm this.
----------------------------------------
BayesianPPP Check:
  Status: PASS
  Recommendation: The Bayesian posterior predictive p-value is 0.88. The observed total outcome is consistent with the model's posterior predictive distribution.
----------------------------------------
GoodnessOfFit Check:
  Status: PASS
  Recommendation: R-squared = 0.8613, MAPE = 0.0604, and wMAPE = 0.0594. These goodness-of-fit metrics are intended for guidance and relative comparison.
----------------------------------------
PriorPosteriorShift Check:
  Status: PASS
  Recommendation: The model has successfully learned from the data. This is a positive sign that your data was informative.
----------------------------------------
ROIConsistency Check:
  Status: REVIEW
  Recommendation: We've detected an unusually low ROI estimate (for channels `meta`, `google`) where the posterior point estimate falls into the extreme tail of your custom prior. Please review this result to determine if it is reasonable within your business context.",0.8613,0.0604,0.0594,0.88,0.0
multi|meta|1.000000|0.500000|LogNormal|alpha=0p3|ec=0p5|slope=1p2|lag=4|decay=geometric,"{""roi_prior_overrides"": {""meta"": {""dist"": ""LogNormal"", ""mu"": 1.0, ""sigma"": 0.5}}, ""structural_overrides"": {""adstock_decay_spec"": ""geometric"", ""alpha_m"": 0.3, ""ec_m"": 0.5, ""max_lag"": 4, ""slope_m"": 1.2}}",meta,meta,moloco,1.0,0.5,LogNormal,0.3,0.5,1.2,4,geometric,False,0.0670060266538833,0.03210100356493,0.0229456339031457,0.0621943809092044,0.128217826783657,0.4,0.5,LogNormal,2.469551726499354,0.3389249190975959,PASS,Passed with reviews: Review is needed.,PASS,True,"========================================
Model Quality Checks
========================================
Overall Status: PASS
Summary: Passed with reviews: Review is needed.

Check Results:
----------------------------------------
Convergence Check:
  Status: PASS
  Recommendation: The model has likely converged, as all parameters have R-hat values < 1.2.
----------------------------------------
Baseline Check:
  Status: PASS
  Recommendation: The posterior probability that the baseline is negative is 0.00. We recommend visually inspecting the baseline time series in the Model Fit charts to confirm this.
----------------------------------------
BayesianPPP Check:
  Status: PASS
  Recommendation: The Bayesian posterior predictive p-value is 0.88. The observed total outcome is consistent with the model's posterior predictive distribution.
----------------------------------------
GoodnessOfFit Check:
  Status: PASS
  Recommendation: R-squared = 0.8613, MAPE = 0.0604, and wMAPE = 0.0594. These goodness-of-fit metrics are intended for guidance and relative comparison.
----------------------------------------
PriorPosteriorShift Check:
  Status: PASS
  Recommendation: The model has successfully learned from the data. This is a positive sign that your data was informative.
----------------------------------------
ROIConsistency Check:
  Status: REVIEW
  Recommendation: We've detected an unusually low ROI estimate (for channels `meta`, `google`) where the posterior point estimate falls into the extreme tail of your custom prior. Please review this result to determine if it is reasonable within your business context.",0.8613,0.0604,0.0594,0.88,0.0
multi|meta|1.000000|0.500000|LogNormal|alpha=0p3|ec=0p5|slope=1p2|lag=4|decay=geometric,"{""roi_prior_overrides"": {""meta"": {""dist"": ""LogNormal"", ""mu"": 1.0, ""sigma"": 0.5}}, ""structural_overrides"": {""adstock_decay_spec"": ""geometric"", ""alpha_m"": 0.3, ""ec_m"": 0.5, ""max_lag"": 4, ""slope_m"": 1.2}}",meta,meta,liveintent,1.0,0.5,LogNormal,0.3,0.5,1.2,4,geometric,False,0.1024235305578137,0.0638563834471032,0.0272242498584091,0.0899565666913986,0.2183684624731539,0.4,0.5,LogNormal,1.743230331007132,0.3041922442245707,PASS,Passed with reviews: Review is needed.,PASS,True,"========================================
Model Quality Checks
========================================
Overall Status: PASS
Summary: Passed with reviews: Review is needed.

Check Results:
----------------------------------------
Convergence Check:
  Status: PASS
  Recommendation: The model has likely converged, as all parameters have R-hat values < 1.2.
----------------------------------------
Baseline Check:
  Status: PASS
  Recommendation: The posterior probability that the baseline is negative is 0.00. We recommend visually inspecting the baseline time series in the Model Fit charts to confirm this.
----------------------------------------
BayesianPPP Check:
  Status: PASS
  Recommendation: The Bayesian posterior predictive p-value is 0.88. The observed total outcome is consistent with the model's posterior predictive distribution.
----------------------------------------
GoodnessOfFit Check:
  Status: PASS
  Recommendation: R-squared = 0.8613, MAPE = 0.0604, and wMAPE = 0.0594. These goodness-of-fit metrics are intended for guidance and relative comparison.
----------------------------------------
PriorPosteriorShift Check:
  Status: PASS
  Recommendation: The model has successfully learned from the data. This is a positive sign that your data was informative.
----------------------------------------
ROIConsistency Check:
  Status: REVIEW
  Recommendation: We've detected an unusually low ROI estimate (for channels `meta`, `google`) where the posterior point estimate falls into the extreme tail of your custom prior. Please review this result to determine if it is reasonable within your business context.",0.8613,0.0604,0.0594,0.88,0.0
multi|meta|1.000000|0.500000|LogNormal|alpha=0p3|ec=0p5|slope=1p2|lag=4|decay=geometric,"{""roi_prior_overrides"": {""meta"": {""dist"": ""LogNormal"", ""mu"": 1.0, ""sigma"": 0.5}}, ""structural_overrides"": {""adstock_decay_spec"": ""geometric"", ""alpha_m"": 0.3, ""ec_m"": 0.5, ""max_lag"": 4, ""slope_m"": 1.2}}",meta,meta,beehiiv,1.0,0.5,LogNormal,0.3,0.5,1.2,4,geometric,False,0.1766428249197391,0.1089512206963246,0.0395714098587632,0.1522345468401909,0.3825828030705452,0.4,0.5,LogNormal,1.1472254252080507,0.2179238819170853,PASS,Passed with reviews: Review is needed.,PASS,True,"========================================
Model Quality Checks
========================================
Overall Status: PASS
Summary: Passed with reviews: Review is needed.

Check Results:
----------------------------------------
Convergence Check:
  Status: PASS
  Recommendation: The model has likely converged, as all parameters have R-hat values < 1.2.
----------------------------------------
Baseline Check:
  Status: PASS
  Recommendation: The posterior probability that the baseline is negative is 0.00. We recommend visually inspecting the baseline time series in the Model Fit charts to confirm this.
----------------------------------------
BayesianPPP Check:
  Status: PASS
  Recommendation: The Bayesian posterior predictive p-value is 0.88. The observed total outcome is consistent with the model's posterior predictive distribution.
----------------------------------------
GoodnessOfFit Check:
  Status: PASS
  Recommendation: R-squared = 0.8613, MAPE = 0.0604, and wMAPE = 0.0594. These goodness-of-fit metrics are intended for guidance and relative comparison.
----------------------------------------
PriorPosteriorShift Check:
  Status: PASS
  Recommendation: The model has successfully learned from the data. This is a positive sign that your data was informative.
----------------------------------------
ROIConsistency Check:
  Status: REVIEW
  Recommendation: We've detected an unusually low ROI estimate (for channels `meta`, `google`) where the posterior point estimate falls into the extreme tail of your custom prior. Please review this result to determine if it is reasonable within your business context.",0.8613,0.0604,0.0594,0.88,0.0
multi|meta|1.000000|0.500000|LogNormal|alpha=0p3|ec=0p5|slope=1p2|lag=4|decay=geometric,"{""roi_prior_overrides"": {""meta"": {""dist"": ""LogNormal"", ""mu"": 1.0, ""sigma"": 0.5}}, ""structural_overrides"": {""adstock_decay_spec"": ""geometric"", ""alpha_m"": 0.3, ""ec_m"": 0.5, ""max_lag"": 4, ""slope_m"": 1.2}}",meta,meta,amazon,1.0,0.5,LogNormal,0.3,0.5,1.2,4,geometric,False,0.1461916690385745,0.0897889579047241,0.0333295820280909,0.1286369413137436,0.3231247708201408,0.4,0.5,LogNormal,1.3621075455277762,0.2677875217032344,PASS,Passed with reviews: Review is needed.,PASS,True,"========================================
Model Quality Checks
========================================
Overall Status: PASS
Summary: Passed with reviews: Review is needed.

Check Results:
----------------------------------------
Convergence Check:
  Status: PASS
  Recommendation: The model has likely converged, as all parameters have R-hat values < 1.2.
----------------------------------------
Baseline Check:
  Status: PASS
  Recommendation: The posterior probability that the baseline is negative is 0.00. We recommend visually inspecting the baseline time series in the Model Fit charts to confirm this.
----------------------------------------
BayesianPPP Check:
  Status: PASS
  Recommendation: The Bayesian posterior predictive p-value is 0.88. The observed total outcome is consistent with the model's posterior predictive distribution.
----------------------------------------
GoodnessOfFit Check:
  Status: PASS
  Recommendation: R-squared = 0.8613, MAPE = 0.0604, and wMAPE = 0.0594. These goodness-of-fit metrics are intended for guidance and relative comparison.
----------------------------------------
PriorPosteriorShift Check:
  Status: PASS
  Recommendation: The model has successfully learned from the data. This is a positive sign that your data was informative.
----------------------------------------
ROIConsistency Check:
  Status: REVIEW
  Recommendation: We've detected an unusually low ROI estimate (for channels `meta`, `google`) where the posterior point estimate falls into the extreme tail of your custom prior. Please review this result to determine if it is reasonable within your business context.",0.8613,0.0604,0.0594,0.88,0.0
multi|meta|1.000000|1.000000|LogNormal|alpha=0p3|ec=0p5|slope=1p2|lag=4|decay=geometric,"{""roi_prior_overrides"": {""meta"": {""dist"": ""LogNormal"", ""mu"": 1.0, ""sigma"": 1.0}}, ""structural_overrides"": {""adstock_decay_spec"": ""geometric"", ""alpha_m"": 0.3, ""ec_m"": 0.5, ""max_lag"": 4, ""slope_m"": 1.2}}",meta,meta,meta,1.0,1.0,LogNormal,0.3,0.5,1.2,4,geometric,False,0.032282392316653,0.0103278749975311,0.0164533351548016,0.0316404309123754,0.0510946268215775,1.0,1.0,LogNormal,4.541200745382172,0.9201782902069878,PASS,Passed with reviews: Review is needed.,PASS,True,"========================================
Model Quality Checks
========================================
Overall Status: PASS
Summary: Passed with reviews: Review is needed.

Check Results:
----------------------------------------
Convergence Check:
  Status: PASS
  Recommendation: The model has likely converged, as all parameters have R-hat values < 1.2.
----------------------------------------
Baseline Check:
  Status: PASS
  Recommendation: The posterior probability that the baseline is negative is 0.01. We recommend visually inspecting the baseline time series in the Model Fit charts to confirm this.
----------------------------------------
BayesianPPP Check:
  Status: PASS
  Recommendation: The Bayesian posterior predictive p-value is 0.86. The observed total outcome is consistent with the model's posterior predictive distribution.
----------------------------------------
GoodnessOfFit Check:
  Status: PASS
  Recommendation: R-squared = 0.8821, MAPE = 0.0552, and wMAPE = 0.0544. These goodness-of-fit metrics are intended for guidance and relative comparison.
----------------------------------------
PriorPosteriorShift Check:
  Status: PASS
  Recommendation: The model has successfully learned from the data. This is a positive sign that your data was informative.
----------------------------------------
ROIConsistency Check:
  Status: REVIEW
  Recommendation: We've detected an unusually low ROI estimate (for channels `meta`, `google`) where the posterior point estimate falls into the extreme tail of your custom prior. Please review this result to determine if it is reasonable within your business context.",0.8821,0.0552,0.0544,0.86,0.01
multi|meta|1.000000|1.000000|LogNormal|alpha=0p3|ec=0p5|slope=1p2|lag=4|decay=geometric,"{""roi_prior_overrides"": {""meta"": {""dist"": ""LogNormal"", ""mu"": 1.0, ""sigma"": 1.0}}, ""structural_overrides"": {""adstock_decay_spec"": ""geometric"", ""alpha_m"": 0.3, ""ec_m"": 0.5, ""max_lag"": 4, ""slope_m"": 1.2}}",meta,meta,google,1.0,1.0,LogNormal,0.3,0.5,1.2,4,geometric,False,0.0149116113275522,0.0063564392913614,0.0063330228906124,0.0140713239088654,0.0262805515900254,0.4,0.5,LogNormal,4.161806680520648,0.3820901932007796,PASS,Passed with reviews: Review is needed.,PASS,True,"========================================
Model Quality Checks
========================================
Overall Status: PASS
Summary: Passed with reviews: Review is needed.

Check Results:
----------------------------------------
Convergence Check:
  Status: PASS
  Recommendation: The model has likely converged, as all parameters have R-hat values < 1.2.
----------------------------------------
Baseline Check:
  Status: PASS
  Recommendation: The posterior probability that the baseline is negative is 0.01. We recommend visually inspecting the baseline time series in the Model Fit charts to confirm this.
----------------------------------------
BayesianPPP Check:
  Status: PASS
  Recommendation: The Bayesian posterior predictive p-value is 0.86. The observed total outcome is consistent with the model's posterior predictive distribution.
----------------------------------------
GoodnessOfFit Check:
  Status: PASS
  Recommendation: R-squared = 0.8821, MAPE = 0.0552, and wMAPE = 0.0544. These goodness-of-fit metrics are intended for guidance and relative comparison.
----------------------------------------
PriorPosteriorShift Check:
  Status: PASS
  Recommendation: The model has successfully learned from the data. This is a positive sign that your data was informative.
----------------------------------------
ROIConsistency Check:
  Status: REVIEW
  Recommendation: We've detected an unusually low ROI estimate (for channels `meta`, `google`) where the posterior point estimate falls into the extreme tail of your custom prior. Please review this result to determine if it is reasonable within your business context.",0.8821,0.0552,0.0544,0.86,0.01
multi|meta|1.000000|1.000000|LogNormal|alpha=0p3|ec=0p5|slope=1p2|lag=4|decay=geometric,"{""roi_prior_overrides"": {""meta"": {""dist"": ""LogNormal"", ""mu"": 1.0, ""sigma"": 1.0}}, ""structural_overrides"": {""adstock_decay_spec"": ""geometric"", ""alpha_m"": 0.3, ""ec_m"": 0.5, ""max_lag"": 4, ""slope_m"": 1.2}}",meta,meta,snapchat,1.0,1.0,LogNormal,0.3,0.5,1.2,4,geometric,False,0.0304320002694536,0.0137479528256829,0.0113316564355045,0.028868063353002,0.0558365169912576,0.4,0.5,LogNormal,3.367257196062486,0.3636616891012972,PASS,Passed with reviews: Review is needed.,PASS,True,"========================================
Model Quality Checks
========================================
Overall Status: PASS
Summary: Passed with reviews: Review is needed.

Check Results:
----------------------------------------
Convergence Check:
  Status: PASS
  Recommendation: The model has likely converged, as all parameters have R-hat values < 1.2.
----------------------------------------
Baseline Check:
  Status: PASS
  Recommendation: The posterior probability that the baseline is negative is 0.01. We recommend visually inspecting the baseline time series in the Model Fit charts to confirm this.
----------------------------------------
BayesianPPP Check:
  Status: PASS
  Recommendation: The Bayesian posterior predictive p-value is 0.86. The observed total outcome is consistent with the model's posterior predictive distribution.
----------------------------------------
GoodnessOfFit Check:
  Status: PASS
  Recommendation: R-squared = 0.8821, MAPE = 0.0552, and wMAPE = 0.0544. These goodness-of-fit metrics are intended for guidance and relative comparison.
----------------------------------------
PriorPosteriorShift Check:
  Status: PASS
  Recommendation: The model has successfully learned from the data. This is a positive sign that your data was informative.
----------------------------------------
ROIConsistency Check:
  Status: REVIEW
  Recommendation: We've detected an unusually low ROI estimate (for channels `meta`, `google`) where the posterior point estimate falls into the extreme tail of your custom prior. Please review this result to determine if it is reasonable within your business context.",0.8821,0.0552,0.0544,0.86,0.01
multi|meta|1.000000|1.000000|LogNormal|alpha=0p3|ec=0p5|slope=1p2|lag=4|decay=geometric,"{""roi_prior_overrides"": {""meta"": {""dist"": ""LogNormal"", ""mu"": 1.0, ""sigma"": 1.0}}, ""structural_overrides"": {""adstock_decay_spec"": ""geometric"", ""alpha_m"": 0.3, ""ec_m"": 0.5, ""max_lag"": 4, ""slope_m"": 1.2}}",meta,meta,tiktok,1.0,1.0,LogNormal,0.3,0.5,1.2,4,geometric,False,0.0288960994331864,0.0137588498703949,0.0105312657542526,0.0269748885184526,0.055898194015026,0.4,0.5,LogNormal,3.3687406763421044,0.3821393552715949,PASS,Passed with reviews: Review is needed.,PASS,True,"========================================
Model Quality Checks
========================================
Overall Status: PASS
Summary: Passed with reviews: Review is needed.

Check Results:
----------------------------------------
Convergence Check:
  Status: PASS
  Recommendation: The model has likely converged, as all parameters have R-hat values < 1.2.
----------------------------------------
Baseline Check:
  Status: PASS
  Recommendation: The posterior probability that the baseline is negative is 0.01. We recommend visually inspecting the baseline time series in the Model Fit charts to confirm this.
----------------------------------------
BayesianPPP Check:
  Status: PASS
  Recommendation: The Bayesian posterior predictive p-value is 0.86. The observed total outcome is consistent with the model's posterior predictive distribution.
----------------------------------------
GoodnessOfFit Check:
  Status: PASS
  Recommendation: R-squared = 0.8821, MAPE = 0.0552, and wMAPE = 0.0544. These goodness-of-fit metrics are intended for guidance and relative comparison.
----------------------------------------
PriorPosteriorShift Check:
  Status: PASS
  Recommendation: The model has successfully learned from the data. This is a positive sign that your data was informative.
----------------------------------------
ROIConsistency Check:
  Status: REVIEW
  Recommendation: We've detected an unusually low ROI estimate (for channels `meta`, `google`) where the posterior point estimate falls into the extreme tail of your custom prior. Please review this result to determine if it is reasonable within your business context.",0.8821,0.0552,0.0544,0.86,0.01
multi|meta|1.000000|1.000000|LogNormal|alpha=0p3|ec=0p5|slope=1p2|lag=4|decay=geometric,"{""roi_prior_overrides"": {""meta"": {""dist"": ""LogNormal"", ""mu"": 1.0, ""sigma"": 1.0}}, ""structural_overrides"": {""adstock_decay_spec"": ""geometric"", ""alpha_m"": 0.3, ""ec_m"": 0.5, ""max_lag"": 4, ""slope_m"": 1.2}}",meta,meta,moloco,1.0,1.0,LogNormal,0.3,0.5,1.2,4,geometric,False,0.072094821021116,0.0325591988198389,0.0265645585954189,0.0675949640572071,0.1336369946599006,0.4,0.5,LogNormal,2.4487119795188224,0.3338358613591778,PASS,Passed with reviews: Review is needed.,PASS,True,"========================================
Model Quality Checks
========================================
Overall Status: PASS
Summary: Passed with reviews: Review is needed.

Check Results:
----------------------------------------
Convergence Check:
  Status: PASS
  Recommendation: The model has likely converged, as all parameters have R-hat values < 1.2.
----------------------------------------
Baseline Check:
  Status: PASS
  Recommendation: The posterior probability that the baseline is negative is 0.01. We recommend visually inspecting the baseline time series in the Model Fit charts to confirm this.
----------------------------------------
BayesianPPP Check:
  Status: PASS
  Recommendation: The Bayesian posterior predictive p-value is 0.86. The observed total outcome is consistent with the model's posterior predictive distribution.
----------------------------------------
GoodnessOfFit Check:
  Status: PASS
  Recommendation: R-squared = 0.8821, MAPE = 0.0552, and wMAPE = 0.0544. These goodness-of-fit metrics are intended for guidance and relative comparison.
----------------------------------------
PriorPosteriorShift Check:
  Status: PASS
  Recommendation: The model has successfully learned from the data. This is a positive sign that your data was informative.
----------------------------------------
ROIConsistency Check:
  Status: REVIEW
  Recommendation: We've detected an unusually low ROI estimate (for channels `meta`, `google`) where the posterior point estimate falls into the extreme tail of your custom prior. Please review this result to determine if it is reasonable within your business context.",0.8821,0.0552,0.0544,0.86,0.01
multi|meta|1.000000|1.000000|LogNormal|alpha=0p3|ec=0p5|slope=1p2|lag=4|decay=geometric,"{""roi_prior_overrides"": {""meta"": {""dist"": ""LogNormal"", ""mu"": 1.0, ""sigma"": 1.0}}, ""structural_overrides"": {""adstock_decay_spec"": ""geometric"", ""alpha_m"": 0.3, ""ec_m"": 0.5, ""max_lag"": 4, ""slope_m"": 1.2}}",meta,meta,liveintent,1.0,1.0,LogNormal,0.3,0.5,1.2,4,geometric,False,0.1043899109730652,0.062914528076921,0.0310482525266706,0.0915108174085617,0.2290876209735869,0.4,0.5,LogNormal,1.7555181155245705,0.3022253099825961,PASS,Passed with reviews: Review is needed.,PASS,True,"========================================
Model Quality Checks
========================================
Overall Status: PASS
Summary: Passed with reviews: Review is needed.

Check Results:
----------------------------------------
Convergence Check:
  Status: PASS
  Recommendation: The model has likely converged, as all parameters have R-hat values < 1.2.
----------------------------------------
Baseline Check:
  Status: PASS
  Recommendation: The posterior probability that the baseline is negative is 0.01. We recommend visually inspecting the baseline time series in the Model Fit charts to confirm this.
----------------------------------------
BayesianPPP Check:
  Status: PASS
  Recommendation: The Bayesian posterior predictive p-value is 0.86. The observed total outcome is consistent with the model's posterior predictive distribution.
----------------------------------------
GoodnessOfFit Check:
  Status: PASS
  Recommendation: R-squared = 0.8821, MAPE = 0.0552, and wMAPE = 0.0544. These goodness-of-fit metrics are intended for guidance and relative comparison.
----------------------------------------
PriorPosteriorShift Check:
  Status: PASS
  Recommendation: The model has successfully learned from the data. This is a positive sign that your data was informative.
----------------------------------------
ROIConsistency Check:
  Status: REVIEW
  Recommendation: We've detected an unusually low ROI estimate (for channels `meta`, `google`) where the posterior point estimate falls into the extreme tail of your custom prior. Please review this result to determine if it is reasonable within your business context.",0.8821,0.0552,0.0544,0.86,0.01
multi|meta|1.000000|1.000000|LogNormal|alpha=0p3|ec=0p5|slope=1p2|lag=4|decay=geometric,"{""roi_prior_overrides"": {""meta"": {""dist"": ""LogNormal"", ""mu"": 1.0, ""sigma"": 1.0}}, ""structural_overrides"": {""adstock_decay_spec"": ""geometric"", ""alpha_m"": 0.3, ""ec_m"": 0.5, ""max_lag"": 4, ""slope_m"": 1.2}}",meta,meta,beehiiv,1.0,1.0,LogNormal,0.3,0.5,1.2,4,geometric,False,0.1849304734286852,0.1193033772674265,0.0386995125561952,0.1596473902463913,0.4250386059284209,0.4,0.5,LogNormal,1.0539148548618242,0.2095777304121796,PASS,Passed with reviews: Review is needed.,PASS,True,"========================================
Model Quality Checks
========================================
Overall Status: PASS
Summary: Passed with reviews: Review is needed.

Check Results:
----------------------------------------
Convergence Check:
  Status: PASS
  Recommendation: The model has likely converged, as all parameters have R-hat values < 1.2.
----------------------------------------
Baseline Check:
  Status: PASS
  Recommendation: The posterior probability that the baseline is negative is 0.01. We recommend visually inspecting the baseline time series in the Model Fit charts to confirm this.
----------------------------------------
BayesianPPP Check:
  Status: PASS
  Recommendation: The Bayesian posterior predictive p-value is 0.86. The observed total outcome is consistent with the model's posterior predictive distribution.
----------------------------------------
GoodnessOfFit Check:
  Status: PASS
  Recommendation: R-squared = 0.8821, MAPE = 0.0552, and wMAPE = 0.0544. These goodness-of-fit metrics are intended for guidance and relative comparison.
----------------------------------------
PriorPosteriorShift Check:
  Status: PASS
  Recommendation: The model has successfully learned from the data. This is a positive sign that your data was informative.
----------------------------------------
ROIConsistency Check:
  Status: REVIEW
  Recommendation: We've detected an unusually low ROI estimate (for channels `meta`, `google`) where the posterior point estimate falls into the extreme tail of your custom prior. Please review this result to determine if it is reasonable within your business context.",0.8821,0.0552,0.0544,0.86,0.01
multi|meta|1.000000|1.000000|LogNormal|alpha=0p3|ec=0p5|slope=1p2|lag=4|decay=geometric,"{""roi_prior_overrides"": {""meta"": {""dist"": ""LogNormal"", ""mu"": 1.0, ""sigma"": 1.0}}, ""structural_overrides"": {""adstock_decay_spec"": ""geometric"", ""alpha_m"": 0.3, ""ec_m"": 0.5, ""max_lag"": 4, ""slope_m"": 1.2}}",meta,meta,amazon,1.0,1.0,LogNormal,0.3,0.5,1.2,4,geometric,False,0.1425963186674441,0.0881399199992194,0.0352428067475557,0.1233909949660301,0.3079037234187124,0.4,0.5,LogNormal,1.383733147986585,0.2713552225481483,PASS,Passed with reviews: Review is needed.,PASS,True,"========================================
Model Quality Checks
========================================
Overall Status: PASS
Summary: Passed with reviews: Review is needed.

Check Results:
----------------------------------------
Convergence Check:
  Status: PASS
  Recommendation: The model has likely converged, as all parameters have R-hat values < 1.2.
----------------------------------------
Baseline Check:
  Status: PASS
  Recommendation: The posterior probability that the baseline is negative is 0.01. We recommend visually inspecting the baseline time series in the Model Fit charts to confirm this.
----------------------------------------
BayesianPPP Check:
  Status: PASS
  Recommendation: The Bayesian posterior predictive p-value is 0.86. The observed total outcome is consistent with the model's posterior predictive distribution.
----------------------------------------
GoodnessOfFit Check:
  Status: PASS
  Recommendation: R-squared = 0.8821, MAPE = 0.0552, and wMAPE = 0.0544. These goodness-of-fit metrics are intended for guidance and relative comparison.
----------------------------------------
PriorPosteriorShift Check:
  Status: PASS
  Recommendation: The model has successfully learned from the data. This is a positive sign that your data was informative.
----------------------------------------
ROIConsistency Check:
  Status: REVIEW
  Recommendation: We've detected an unusually low ROI estimate (for channels `meta`, `google`) where the posterior point estimate falls into the extreme tail of your custom prior. Please review this result to determine if it is reasonable within your business context.",0.8821,0.0552,0.0544,0.86,0.01
multi|meta|1.000000|1.500000|LogNormal|alpha=0p3|ec=0p5|slope=1p2|lag=4|decay=geometric,"{""roi_prior_overrides"": {""meta"": {""dist"": ""LogNormal"", ""mu"": 1.0, ""sigma"": 1.5}}, ""structural_overrides"": {""adstock_decay_spec"": ""geometric"", ""alpha_m"": 0.3, ""ec_m"": 0.5, ""max_lag"": 4, ""slope_m"": 1.2}}",meta,meta,meta,1.0,1.5,LogNormal,0.3,0.5,1.2,4,geometric,False,0.0238717303498803,0.009987544211716,0.0094100057613104,0.0226236497983336,0.0420521276071667,1.0,1.5,LogNormal,4.723643015935944,0.903990018500877,PASS,Passed with reviews: Review is needed.,PASS,True,"========================================
Model Quality Checks
========================================
Overall Status: PASS
Summary: Passed with reviews: Review is needed.

Check Results:
----------------------------------------
Convergence Check:
  Status: PASS
  Recommendation: The model has likely converged, as all parameters have R-hat values < 1.2.
----------------------------------------
Baseline Check:
  Status: PASS
  Recommendation: The posterior probability that the baseline is negative is 0.00. We recommend visually inspecting the baseline time series in the Model Fit charts to confirm this.
----------------------------------------
BayesianPPP Check:
  Status: PASS
  Recommendation: The Bayesian posterior predictive p-value is 0.93. The observed total outcome is consistent with the model's posterior predictive distribution.
----------------------------------------
GoodnessOfFit Check:
  Status: PASS
  Recommendation: R-squared = 0.8863, MAPE = 0.0541, and wMAPE = 0.0534. These goodness-of-fit metrics are intended for guidance and relative comparison.
----------------------------------------
PriorPosteriorShift Check:
  Status: PASS
  Recommendation: The model has successfully learned from the data. This is a positive sign that your data was informative.
----------------------------------------
ROIConsistency Check:
  Status: REVIEW
  Recommendation: We've detected an unusually low ROI estimate (for channels `meta`, `google`) where the posterior point estimate falls into the extreme tail of your custom prior. Please review this result to determine if it is reasonable within your business context.",0.8863,0.0541,0.0534,0.93,0.0
multi|meta|1.000000|1.500000|LogNormal|alpha=0p3|ec=0p5|slope=1p2|lag=4|decay=geometric,"{""roi_prior_overrides"": {""meta"": {""dist"": ""LogNormal"", ""mu"": 1.0, ""sigma"": 1.5}}, ""structural_overrides"": {""adstock_decay_spec"": ""geometric"", ""alpha_m"": 0.3, ""ec_m"": 0.5, ""max_lag"": 4, ""slope_m"": 1.2}}",meta,meta,google,1.0,1.5,LogNormal,0.3,0.5,1.2,4,geometric,False,0.0143924185319338,0.0061899520810014,0.0057693820213899,0.0134164718911051,0.0261208241805434,0.4,0.5,LogNormal,4.18914379789727,0.3826103834599156,PASS,Passed with reviews: Review is needed.,PASS,True,"========================================
Model Quality Checks
========================================
Overall Status: PASS
Summary: Passed with reviews: Review is needed.

Check Results:
----------------------------------------
Convergence Check:
  Status: PASS
  Recommendation: The model has likely converged, as all parameters have R-hat values < 1.2.
----------------------------------------
Baseline Check:
  Status: PASS
  Recommendation: The posterior probability that the baseline is negative is 0.00. We recommend visually inspecting the baseline time series in the Model Fit charts to confirm this.
----------------------------------------
BayesianPPP Check:
  Status: PASS
  Recommendation: The Bayesian posterior predictive p-value is 0.93. The observed total outcome is consistent with the model's posterior predictive distribution.
----------------------------------------
GoodnessOfFit Check:
  Status: PASS
  Recommendation: R-squared = 0.8863, MAPE = 0.0541, and wMAPE = 0.0534. These goodness-of-fit metrics are intended for guidance and relative comparison.
----------------------------------------
PriorPosteriorShift Check:
  Status: PASS
  Recommendation: The model has successfully learned from the data. This is a positive sign that your data was informative.
----------------------------------------
ROIConsistency Check:
  Status: REVIEW
  Recommendation: We've detected an unusually low ROI estimate (for channels `meta`, `google`) where the posterior point estimate falls into the extreme tail of your custom prior. Please review this result to determine if it is reasonable within your business context.",0.8863,0.0541,0.0534,0.93,0.0
multi|meta|1.000000|1.500000|LogNormal|alpha=0p3|ec=0p5|slope=1p2|lag=4|decay=geometric,"{""roi_prior_overrides"": {""meta"": {""dist"": ""LogNormal"", ""mu"": 1.0, ""sigma"": 1.5}}, ""structural_overrides"": {""adstock_decay_spec"": ""geometric"", ""alpha_m"": 0.3, ""ec_m"": 0.5, ""max_lag"": 4, ""slope_m"": 1.2}}",meta,meta,snapchat,1.0,1.5,LogNormal,0.3,0.5,1.2,4,geometric,False,0.0304818502881486,0.0141776756705732,0.0108383841346949,0.0288676992058753,0.0573041195049881,0.4,0.5,LogNormal,3.3364288457002487,0.3636143496512546,PASS,Passed with reviews: Review is needed.,PASS,True,"========================================
Model Quality Checks
========================================
Overall Status: PASS
Summary: Passed with reviews: Review is needed.

Check Results:
----------------------------------------
Convergence Check:
  Status: PASS
  Recommendation: The model has likely converged, as all parameters have R-hat values < 1.2.
----------------------------------------
Baseline Check:
  Status: PASS
  Recommendation: The posterior probability that the baseline is negative is 0.00. We recommend visually inspecting the baseline time series in the Model Fit charts to confirm this.
----------------------------------------
BayesianPPP Check:
  Status: PASS
  Recommendation: The Bayesian posterior predictive p-value is 0.93. The observed total outcome is consistent with the model's posterior predictive distribution.
----------------------------------------
GoodnessOfFit Check:
  Status: PASS
  Recommendation: R-squared = 0.8863, MAPE = 0.0541, and wMAPE = 0.0534. These goodness-of-fit metrics are intended for guidance and relative comparison.
----------------------------------------
PriorPosteriorShift Check:
  Status: PASS
  Recommendation: The model has successfully learned from the data. This is a positive sign that your data was informative.
----------------------------------------
ROIConsistency Check:
  Status: REVIEW
  Recommendation: We've detected an unusually low ROI estimate (for channels `meta`, `google`) where the posterior point estimate falls into the extreme tail of your custom prior. Please review this result to determine if it is reasonable within your business context.",0.8863,0.0541,0.0534,0.93,0.0
multi|meta|1.000000|1.500000|LogNormal|alpha=0p3|ec=0p5|slope=1p2|lag=4|decay=geometric,"{""roi_prior_overrides"": {""meta"": {""dist"": ""LogNormal"", ""mu"": 1.0, ""sigma"": 1.5}}, ""structural_overrides"": {""adstock_decay_spec"": ""geometric"", ""alpha_m"": 0.3, ""ec_m"": 0.5, ""max_lag"": 4, ""slope_m"": 1.2}}",meta,meta,tiktok,1.0,1.5,LogNormal,0.3,0.5,1.2,4,geometric,False,0.0278443036276924,0.0130801270658222,0.0095463253557682,0.026144104078412,0.0508193228393793,0.4,0.5,LogNormal,3.4208559420607534,0.3831985345651618,PASS,Passed with reviews: Review is needed.,PASS,True,"========================================
Model Quality Checks
========================================
Overall Status: PASS
Summary: Passed with reviews: Review is needed.

Check Results:
----------------------------------------
Convergence Check:
  Status: PASS
  Recommendation: The model has likely converged, as all parameters have R-hat values < 1.2.
----------------------------------------
Baseline Check:
  Status: PASS
  Recommendation: The posterior probability that the baseline is negative is 0.00. We recommend visually inspecting the baseline time series in the Model Fit charts to confirm this.
----------------------------------------
BayesianPPP Check:
  Status: PASS
  Recommendation: The Bayesian posterior predictive p-value is 0.93. The observed total outcome is consistent with the model's posterior predictive distribution.
----------------------------------------
GoodnessOfFit Check:
  Status: PASS
  Recommendation: R-squared = 0.8863, MAPE = 0.0541, and wMAPE = 0.0534. These goodness-of-fit metrics are intended for guidance and relative comparison.
----------------------------------------
PriorPosteriorShift Check:
  Status: PASS
  Recommendation: The model has successfully learned from the data. This is a positive sign that your data was informative.
----------------------------------------
ROIConsistency Check:
  Status: REVIEW
  Recommendation: We've detected an unusually low ROI estimate (for channels `meta`, `google`) where the posterior point estimate falls into the extreme tail of your custom prior. Please review this result to determine if it is reasonable within your business context.",0.8863,0.0541,0.0534,0.93,0.0
multi|meta|1.000000|1.500000|LogNormal|alpha=0p3|ec=0p5|slope=1p2|lag=4|decay=geometric,"{""roi_prior_overrides"": {""meta"": {""dist"": ""LogNormal"", ""mu"": 1.0, ""sigma"": 1.5}}, ""structural_overrides"": {""adstock_decay_spec"": ""geometric"", ""alpha_m"": 0.3, ""ec_m"": 0.5, ""max_lag"": 4, ""slope_m"": 1.2}}",meta,meta,moloco,1.0,1.5,LogNormal,0.3,0.5,1.2,4,geometric,False,0.0724410467645308,0.0337325409712559,0.0259158665314316,0.0692808255553245,0.1339306838810443,0.4,0.5,LogNormal,2.413010623837383,0.3334796216440603,PASS,Passed with reviews: Review is needed.,PASS,True,"========================================
Model Quality Checks
========================================
Overall Status: PASS
Summary: Passed with reviews: Review is needed.

Check Results:
----------------------------------------
Convergence Check:
  Status: PASS
  Recommendation: The model has likely converged, as all parameters have R-hat values < 1.2.
----------------------------------------
Baseline Check:
  Status: PASS
  Recommendation: The posterior probability that the baseline is negative is 0.00. We recommend visually inspecting the baseline time series in the Model Fit charts to confirm this.
----------------------------------------
BayesianPPP Check:
  Status: PASS
  Recommendation: The Bayesian posterior predictive p-value is 0.93. The observed total outcome is consistent with the model's posterior predictive distribution.
----------------------------------------
GoodnessOfFit Check:
  Status: PASS
  Recommendation: R-squared = 0.8863, MAPE = 0.0541, and wMAPE = 0.0534. These goodness-of-fit metrics are intended for guidance and relative comparison.
----------------------------------------
PriorPosteriorShift Check:
  Status: PASS
  Recommendation: The model has successfully learned from the data. This is a positive sign that your data was informative.
----------------------------------------
ROIConsistency Check:
  Status: REVIEW
  Recommendation: We've detected an unusually low ROI estimate (for channels `meta`, `google`) where the posterior point estimate falls into the extreme tail of your custom prior. Please review this result to determine if it is reasonable within your business context.",0.8863,0.0541,0.0534,0.93,0.0
multi|meta|1.000000|1.500000|LogNormal|alpha=0p3|ec=0p5|slope=1p2|lag=4|decay=geometric,"{""roi_prior_overrides"": {""meta"": {""dist"": ""LogNormal"", ""mu"": 1.0, ""sigma"": 1.5}}, ""structural_overrides"": {""adstock_decay_spec"": ""geometric"", ""alpha_m"": 0.3, ""ec_m"": 0.5, ""max_lag"": 4, ""slope_m"": 1.2}}",meta,meta,liveintent,1.0,1.5,LogNormal,0.3,0.5,1.2,4,geometric,False,0.1032163177213321,0.0607408910357803,0.0274429449811577,0.0914605222642421,0.2210299119353294,0.4,0.5,LogNormal,1.791530989063196,0.3034298577577196,PASS,Passed with reviews: Review is needed.,PASS,True,"========================================
Model Quality Checks
========================================
Overall Status: PASS
Summary: Passed with reviews: Review is needed.

Check Results:
----------------------------------------
Convergence Check:
  Status: PASS
  Recommendation: The model has likely converged, as all parameters have R-hat values < 1.2.
----------------------------------------
Baseline Check:
  Status: PASS
  Recommendation: The posterior probability that the baseline is negative is 0.00. We recommend visually inspecting the baseline time series in the Model Fit charts to confirm this.
----------------------------------------
BayesianPPP Check:
  Status: PASS
  Recommendation: The Bayesian posterior predictive p-value is 0.93. The observed total outcome is consistent with the model's posterior predictive distribution.
----------------------------------------
GoodnessOfFit Check:
  Status: PASS
  Recommendation: R-squared = 0.8863, MAPE = 0.0541, and wMAPE = 0.0534. These goodness-of-fit metrics are intended for guidance and relative comparison.
----------------------------------------
PriorPosteriorShift Check:
  Status: PASS
  Recommendation: The model has successfully learned from the data. This is a positive sign that your data was informative.
----------------------------------------
ROIConsistency Check:
  Status: REVIEW
  Recommendation: We've detected an unusually low ROI estimate (for channels `meta`, `google`) where the posterior point estimate falls into the extreme tail of your custom prior. Please review this result to determine if it is reasonable within your business context.",0.8863,0.0541,0.0534,0.93,0.0
multi|meta|1.000000|1.500000|LogNormal|alpha=0p3|ec=0p5|slope=1p2|lag=4|decay=geometric,"{""roi_prior_overrides"": {""meta"": {""dist"": ""LogNormal"", ""mu"": 1.0, ""sigma"": 1.5}}, ""structural_overrides"": {""adstock_decay_spec"": ""geometric"", ""alpha_m"": 0.3, ""ec_m"": 0.5, ""max_lag"": 4, ""slope_m"": 1.2}}",meta,meta,beehiiv,1.0,1.5,LogNormal,0.3,0.5,1.2,4,geometric,False,0.1817469445833315,0.1154963031062304,0.0396551573649048,0.1550123021006584,0.4117607429623603,0.4,0.5,LogNormal,1.087317161170701,0.2127836176910251,PASS,Passed with reviews: Review is needed.,PASS,True,"========================================
Model Quality Checks
========================================
Overall Status: PASS
Summary: Passed with reviews: Review is needed.

Check Results:
----------------------------------------
Convergence Check:
  Status: PASS
  Recommendation: The model has likely converged, as all parameters have R-hat values < 1.2.
----------------------------------------
Baseline Check:
  Status: PASS
  Recommendation: The posterior probability that the baseline is negative is 0.00. We recommend visually inspecting the baseline time series in the Model Fit charts to confirm this.
----------------------------------------
BayesianPPP Check:
  Status: PASS
  Recommendation: The Bayesian posterior predictive p-value is 0.93. The observed total outcome is consistent with the model's posterior predictive distribution.
----------------------------------------
GoodnessOfFit Check:
  Status: PASS
  Recommendation: R-squared = 0.8863, MAPE = 0.0541, and wMAPE = 0.0534. These goodness-of-fit metrics are intended for guidance and relative comparison.
----------------------------------------
PriorPosteriorShift Check:
  Status: PASS
  Recommendation: The model has successfully learned from the data. This is a positive sign that your data was informative.
----------------------------------------
ROIConsistency Check:
  Status: REVIEW
  Recommendation: We've detected an unusually low ROI estimate (for channels `meta`, `google`) where the posterior point estimate falls into the extreme tail of your custom prior. Please review this result to determine if it is reasonable within your business context.",0.8863,0.0541,0.0534,0.93,0.0
multi|meta|1.000000|1.500000|LogNormal|alpha=0p3|ec=0p5|slope=1p2|lag=4|decay=geometric,"{""roi_prior_overrides"": {""meta"": {""dist"": ""LogNormal"", ""mu"": 1.0, ""sigma"": 1.5}}, ""structural_overrides"": {""adstock_decay_spec"": ""geometric"", ""alpha_m"": 0.3, ""ec_m"": 0.5, ""max_lag"": 4, ""slope_m"": 1.2}}",meta,meta,amazon,1.0,1.5,LogNormal,0.3,0.5,1.2,4,geometric,False,0.1401148761156946,0.0879779866679042,0.0335861980915069,0.1203638836741447,0.3056518480181693,0.4,0.5,LogNormal,1.3880822742471766,0.2738696626906879,PASS,Passed with reviews: Review is needed.,PASS,True,"========================================
Model Quality Checks
========================================
Overall Status: PASS
Summary: Passed with reviews: Review is needed.

Check Results:
----------------------------------------
Convergence Check:
  Status: PASS
  Recommendation: The model has likely converged, as all parameters have R-hat values < 1.2.
----------------------------------------
Baseline Check:
  Status: PASS
  Recommendation: The posterior probability that the baseline is negative is 0.00. We recommend visually inspecting the baseline time series in the Model Fit charts to confirm this.
----------------------------------------
BayesianPPP Check:
  Status: PASS
  Recommendation: The Bayesian posterior predictive p-value is 0.93. The observed total outcome is consistent with the model's posterior predictive distribution.
----------------------------------------
GoodnessOfFit Check:
  Status: PASS
  Recommendation: R-squared = 0.8863, MAPE = 0.0541, and wMAPE = 0.0534. These goodness-of-fit metrics are intended for guidance and relative comparison.
----------------------------------------
PriorPosteriorShift Check:
  Status: PASS
  Recommendation: The model has successfully learned from the data. This is a positive sign that your data was informative.
----------------------------------------
ROIConsistency Check:
  Status: REVIEW
  Recommendation: We've detected an unusually low ROI estimate (for channels `meta`, `google`) where the posterior point estimate falls into the extreme tail of your custom prior. Please review this result to determine if it is reasonable within your business context.",0.8863,0.0541,0.0534,0.93,0.0
multi|meta|1.500000|0.500000|LogNormal|alpha=0p3|ec=0p5|slope=1p2|lag=4|decay=geometric,"{""roi_prior_overrides"": {""meta"": {""dist"": ""LogNormal"", ""mu"": 1.5, ""sigma"": 0.5}}, ""structural_overrides"": {""adstock_decay_spec"": ""geometric"", ""alpha_m"": 0.3, ""ec_m"": 0.5, ""max_lag"": 4, ""slope_m"": 1.2}}",meta,meta,meta,1.5,0.5,LogNormal,0.3,0.5,1.2,4,geometric,False,0.1013495570731659,0.0155526783687256,0.0778068829327821,0.1001776345074176,0.1278952814638614,1.5,0.5,LogNormal,6.883305126874923,1.3787751289158985,PASS,Passed with reviews: Review is needed.,PASS,True,"========================================
Model Quality Checks
========================================
Overall Status: PASS
Summary: Passed with reviews: Review is needed.

Check Results:
----------------------------------------
Convergence Check:
  Status: PASS
  Recommendation: The model has likely converged, as all parameters have R-hat values < 1.2.
----------------------------------------
Baseline Check:
  Status: PASS
  Recommendation: The posterior probability that the baseline is negative is 0.00. We recommend visually inspecting the baseline time series in the Model Fit charts to confirm this.
----------------------------------------
BayesianPPP Check:
  Status: PASS
  Recommendation: The Bayesian posterior predictive p-value is 0.92. The observed total outcome is consistent with the model's posterior predictive distribution.
----------------------------------------
GoodnessOfFit Check:
  Status: PASS
  Recommendation: R-squared = 0.8063, MAPE = 0.0713, and wMAPE = 0.0697. These goodness-of-fit metrics are intended for guidance and relative comparison.
----------------------------------------
PriorPosteriorShift Check:
  Status: PASS
  Recommendation: The model has successfully learned from the data. This is a positive sign that your data was informative.
----------------------------------------
ROIConsistency Check:
  Status: REVIEW
  Recommendation: We've detected an unusually low ROI estimate (for channels `meta`, `google`) where the posterior point estimate falls into the extreme tail of your custom prior. Please review this result to determine if it is reasonable within your business context.",0.8063,0.0713,0.0697,0.92,0.0
multi|meta|1.500000|0.500000|LogNormal|alpha=0p3|ec=0p5|slope=1p2|lag=4|decay=geometric,"{""roi_prior_overrides"": {""meta"": {""dist"": ""LogNormal"", ""mu"": 1.5, ""sigma"": 0.5}}, ""structural_overrides"": {""adstock_decay_spec"": ""geometric"", ""alpha_m"": 0.3, ""ec_m"": 0.5, ""max_lag"": 4, ""slope_m"": 1.2}}",meta,meta,google,1.5,0.5,LogNormal,0.3,0.5,1.2,4,geometric,False,0.0165643719544944,0.0069325810636357,0.0068274180870503,0.0161076551303267,0.0288715251721441,0.4,0.5,LogNormal,4.072517789776494,0.380442246850225,PASS,Passed with reviews: Review is needed.,PASS,True,"========================================
Model Quality Checks
========================================
Overall Status: PASS
Summary: Passed with reviews: Review is needed.

Check Results:
----------------------------------------
Convergence Check:
  Status: PASS
  Recommendation: The model has likely converged, as all parameters have R-hat values < 1.2.
----------------------------------------
Baseline Check:
  Status: PASS
  Recommendation: The posterior probability that the baseline is negative is 0.00. We recommend visually inspecting the baseline time series in the Model Fit charts to confirm this.
----------------------------------------
BayesianPPP Check:
  Status: PASS
  Recommendation: The Bayesian posterior predictive p-value is 0.92. The observed total outcome is consistent with the model's posterior predictive distribution.
----------------------------------------
GoodnessOfFit Check:
  Status: PASS
  Recommendation: R-squared = 0.8063, MAPE = 0.0713, and wMAPE = 0.0697. These goodness-of-fit metrics are intended for guidance and relative comparison.
----------------------------------------
PriorPosteriorShift Check:
  Status: PASS
  Recommendation: The model has successfully learned from the data. This is a positive sign that your data was informative.
----------------------------------------
ROIConsistency Check:
  Status: REVIEW
  Recommendation: We've detected an unusually low ROI estimate (for channels `meta`, `google`) where the posterior point estimate falls into the extreme tail of your custom prior. Please review this result to determine if it is reasonable within your business context.",0.8063,0.0713,0.0697,0.92,0.0
multi|meta|1.500000|0.500000|LogNormal|alpha=0p3|ec=0p5|slope=1p2|lag=4|decay=geometric,"{""roi_prior_overrides"": {""meta"": {""dist"": ""LogNormal"", ""mu"": 1.5, ""sigma"": 0.5}}, ""structural_overrides"": {""adstock_decay_spec"": ""geometric"", ""alpha_m"": 0.3, ""ec_m"": 0.5, ""max_lag"": 4, ""slope_m"": 1.2}}",meta,meta,snapchat,1.5,0.5,LogNormal,0.3,0.5,1.2,4,geometric,False,0.0277258011442609,0.0132625349480388,0.0100025949534028,0.0260797860100865,0.0504558818414807,0.4,0.5,LogNormal,3.407192907317528,0.366363159055561,PASS,Passed with reviews: Review is needed.,PASS,True,"========================================
Model Quality Checks
========================================
Overall Status: PASS
Summary: Passed with reviews: Review is needed.

Check Results:
----------------------------------------
Convergence Check:
  Status: PASS
  Recommendation: The model has likely converged, as all parameters have R-hat values < 1.2.
----------------------------------------
Baseline Check:
  Status: PASS
  Recommendation: The posterior probability that the baseline is negative is 0.00. We recommend visually inspecting the baseline time series in the Model Fit charts to confirm this.
----------------------------------------
BayesianPPP Check:
  Status: PASS
  Recommendation: The Bayesian posterior predictive p-value is 0.92. The observed total outcome is consistent with the model's posterior predictive distribution.
----------------------------------------
GoodnessOfFit Check:
  Status: PASS
  Recommendation: R-squared = 0.8063, MAPE = 0.0713, and wMAPE = 0.0697. These goodness-of-fit metrics are intended for guidance and relative comparison.
----------------------------------------
PriorPosteriorShift Check:
  Status: PASS
  Recommendation: The model has successfully learned from the data. This is a positive sign that your data was informative.
----------------------------------------
ROIConsistency Check:
  Status: REVIEW
  Recommendation: We've detected an unusually low ROI estimate (for channels `meta`, `google`) where the posterior point estimate falls into the extreme tail of your custom prior. Please review this result to determine if it is reasonable within your business context.",0.8063,0.0713,0.0697,0.92,0.0
multi|meta|1.500000|0.500000|LogNormal|alpha=0p3|ec=0p5|slope=1p2|lag=4|decay=geometric,"{""roi_prior_overrides"": {""meta"": {""dist"": ""LogNormal"", ""mu"": 1.5, ""sigma"": 0.5}}, ""structural_overrides"": {""adstock_decay_spec"": ""geometric"", ""alpha_m"": 0.3, ""ec_m"": 0.5, ""max_lag"": 4, ""slope_m"": 1.2}}",meta,meta,tiktok,1.5,0.5,LogNormal,0.3,0.5,1.2,4,geometric,False,0.0385293383415167,0.0185483953407825,0.0138032152317464,0.035822058096528,0.0733225159347057,0.4,0.5,LogNormal,3.056234982069584,0.3725110117869493,PASS,Passed with reviews: Review is needed.,PASS,True,"========================================
Model Quality Checks
========================================
Overall Status: PASS
Summary: Passed with reviews: Review is needed.

Check Results:
----------------------------------------
Convergence Check:
  Status: PASS
  Recommendation: The model has likely converged, as all parameters have R-hat values < 1.2.
----------------------------------------
Baseline Check:
  Status: PASS
  Recommendation: The posterior probability that the baseline is negative is 0.00. We recommend visually inspecting the baseline time series in the Model Fit charts to confirm this.
----------------------------------------
BayesianPPP Check:
  Status: PASS
  Recommendation: The Bayesian posterior predictive p-value is 0.92. The observed total outcome is consistent with the model's posterior predictive distribution.
----------------------------------------
GoodnessOfFit Check:
  Status: PASS
  Recommendation: R-squared = 0.8063, MAPE = 0.0713, and wMAPE = 0.0697. These goodness-of-fit metrics are intended for guidance and relative comparison.
----------------------------------------
PriorPosteriorShift Check:
  Status: PASS
  Recommendation: The model has successfully learned from the data. This is a positive sign that your data was informative.
----------------------------------------
ROIConsistency Check:
  Status: REVIEW
  Recommendation: We've detected an unusually low ROI estimate (for channels `meta`, `google`) where the posterior point estimate falls into the extreme tail of your custom prior. Please review this result to determine if it is reasonable within your business context.",0.8063,0.0713,0.0697,0.92,0.0
multi|meta|1.500000|0.500000|LogNormal|alpha=0p3|ec=0p5|slope=1p2|lag=4|decay=geometric,"{""roi_prior_overrides"": {""meta"": {""dist"": ""LogNormal"", ""mu"": 1.5, ""sigma"": 0.5}}, ""structural_overrides"": {""adstock_decay_spec"": ""geometric"", ""alpha_m"": 0.3, ""ec_m"": 0.5, ""max_lag"": 4, ""slope_m"": 1.2}}",meta,meta,moloco,1.5,0.5,LogNormal,0.3,0.5,1.2,4,geometric,False,0.0656586901455496,0.03340311542047,0.0211375276558101,0.0603783633559942,0.1259376361966133,0.4,0.5,LogNormal,2.431758685917467,0.3402885947988744,PASS,Passed with reviews: Review is needed.,PASS,True,"========================================
Model Quality Checks
========================================
Overall Status: PASS
Summary: Passed with reviews: Review is needed.

Check Results:
----------------------------------------
Convergence Check:
  Status: PASS
  Recommendation: The model has likely converged, as all parameters have R-hat values < 1.2.
----------------------------------------
Baseline Check:
  Status: PASS
  Recommendation: The posterior probability that the baseline is negative is 0.00. We recommend visually inspecting the baseline time series in the Model Fit charts to confirm this.
----------------------------------------
BayesianPPP Check:
  Status: PASS
  Recommendation: The Bayesian posterior predictive p-value is 0.92. The observed total outcome is consistent with the model's posterior predictive distribution.
----------------------------------------
GoodnessOfFit Check:
  Status: PASS
  Recommendation: R-squared = 0.8063, MAPE = 0.0713, and wMAPE = 0.0697. These goodness-of-fit metrics are intended for guidance and relative comparison.
----------------------------------------
PriorPosteriorShift Check:
  Status: PASS
  Recommendation: The model has successfully learned from the data. This is a positive sign that your data was informative.
----------------------------------------
ROIConsistency Check:
  Status: REVIEW
  Recommendation: We've detected an unusually low ROI estimate (for channels `meta`, `google`) where the posterior point estimate falls into the extreme tail of your custom prior. Please review this result to determine if it is reasonable within your business context.",0.8063,0.0713,0.0697,0.92,0.0
multi|meta|1.500000|0.500000|LogNormal|alpha=0p3|ec=0p5|slope=1p2|lag=4|decay=geometric,"{""roi_prior_overrides"": {""meta"": {""dist"": ""LogNormal"", ""mu"": 1.5, ""sigma"": 0.5}}, ""structural_overrides"": {""adstock_decay_spec"": ""geometric"", ""alpha_m"": 0.3, ""ec_m"": 0.5, ""max_lag"": 4, ""slope_m"": 1.2}}",meta,meta,liveintent,1.5,0.5,LogNormal,0.3,0.5,1.2,4,geometric,False,0.0976839893357828,0.0595275160137378,0.0264005821198225,0.0848838426172733,0.2203059263527393,0.4,0.5,LogNormal,1.8180464296904928,0.3089099077686705,PASS,Passed with reviews: Review is needed.,PASS,True,"========================================
Model Quality Checks
========================================
Overall Status: PASS
Summary: Passed with reviews: Review is needed.

Check Results:
----------------------------------------
Convergence Check:
  Status: PASS
  Recommendation: The model has likely converged, as all parameters have R-hat values < 1.2.
----------------------------------------
Baseline Check:
  Status: PASS
  Recommendation: The posterior probability that the baseline is negative is 0.00. We recommend visually inspecting the baseline time series in the Model Fit charts to confirm this.
----------------------------------------
BayesianPPP Check:
  Status: PASS
  Recommendation: The Bayesian posterior predictive p-value is 0.92. The observed total outcome is consistent with the model's posterior predictive distribution.
----------------------------------------
GoodnessOfFit Check:
  Status: PASS
  Recommendation: R-squared = 0.8063, MAPE = 0.0713, and wMAPE = 0.0697. These goodness-of-fit metrics are intended for guidance and relative comparison.
----------------------------------------
PriorPosteriorShift Check:
  Status: PASS
  Recommendation: The model has successfully learned from the data. This is a positive sign that your data was informative.
----------------------------------------
ROIConsistency Check:
  Status: REVIEW
  Recommendation: We've detected an unusually low ROI estimate (for channels `meta`, `google`) where the posterior point estimate falls into the extreme tail of your custom prior. Please review this result to determine if it is reasonable within your business context.",0.8063,0.0713,0.0697,0.92,0.0
multi|meta|1.500000|0.500000|LogNormal|alpha=0p3|ec=0p5|slope=1p2|lag=4|decay=geometric,"{""roi_prior_overrides"": {""meta"": {""dist"": ""LogNormal"", ""mu"": 1.5, ""sigma"": 0.5}}, ""structural_overrides"": {""adstock_decay_spec"": ""geometric"", ""alpha_m"": 0.3, ""ec_m"": 0.5, ""max_lag"": 4, ""slope_m"": 1.2}}",meta,meta,beehiiv,1.5,0.5,LogNormal,0.3,0.5,1.2,4,geometric,False,0.1640353532081159,0.104082175424974,0.0410622736439108,0.1392714530229568,0.3681336730718612,0.4,0.5,LogNormal,1.202452190520228,0.230505098489532,PASS,Passed with reviews: Review is needed.,PASS,True,"========================================
Model Quality Checks
========================================
Overall Status: PASS
Summary: Passed with reviews: Review is needed.

Check Results:
----------------------------------------
Convergence Check:
  Status: PASS
  Recommendation: The model has likely converged, as all parameters have R-hat values < 1.2.
----------------------------------------
Baseline Check:
  Status: PASS
  Recommendation: The posterior probability that the baseline is negative is 0.00. We recommend visually inspecting the baseline time series in the Model Fit charts to confirm this.
----------------------------------------
BayesianPPP Check:
  Status: PASS
  Recommendation: The Bayesian posterior predictive p-value is 0.92. The observed total outcome is consistent with the model's posterior predictive distribution.
----------------------------------------
GoodnessOfFit Check:
  Status: PASS
  Recommendation: R-squared = 0.8063, MAPE = 0.0713, and wMAPE = 0.0697. These goodness-of-fit metrics are intended for guidance and relative comparison.
----------------------------------------
PriorPosteriorShift Check:
  Status: PASS
  Recommendation: The model has successfully learned from the data. This is a positive sign that your data was informative.
----------------------------------------
ROIConsistency Check:
  Status: REVIEW
  Recommendation: We've detected an unusually low ROI estimate (for channels `meta`, `google`) where the posterior point estimate falls into the extreme tail of your custom prior. Please review this result to determine if it is reasonable within your business context.",0.8063,0.0713,0.0697,0.92,0.0
multi|meta|1.500000|0.500000|LogNormal|alpha=0p3|ec=0p5|slope=1p2|lag=4|decay=geometric,"{""roi_prior_overrides"": {""meta"": {""dist"": ""LogNormal"", ""mu"": 1.5, ""sigma"": 0.5}}, ""structural_overrides"": {""adstock_decay_spec"": ""geometric"", ""alpha_m"": 0.3, ""ec_m"": 0.5, ""max_lag"": 4, ""slope_m"": 1.2}}",meta,meta,amazon,1.5,0.5,LogNormal,0.3,0.5,1.2,4,geometric,False,0.158410331866083,0.1037299391569706,0.0350476192310452,0.1318347528576851,0.3635620117187499,0.4,0.5,LogNormal,1.2110682515836644,0.2555889750647941,PASS,Passed with reviews: Review is needed.,PASS,True,"========================================
Model Quality Checks
========================================
Overall Status: PASS
Summary: Passed with reviews: Review is needed.

Check Results:
----------------------------------------
Convergence Check:
  Status: PASS
  Recommendation: The model has likely converged, as all parameters have R-hat values < 1.2.
----------------------------------------
Baseline Check:
  Status: PASS
  Recommendation: The posterior probability that the baseline is negative is 0.00. We recommend visually inspecting the baseline time series in the Model Fit charts to confirm this.
----------------------------------------
BayesianPPP Check:
  Status: PASS
  Recommendation: The Bayesian posterior predictive p-value is 0.92. The observed total outcome is consistent with the model's posterior predictive distribution.
----------------------------------------
GoodnessOfFit Check:
  Status: PASS
  Recommendation: R-squared = 0.8063, MAPE = 0.0713, and wMAPE = 0.0697. These goodness-of-fit metrics are intended for guidance and relative comparison.
----------------------------------------
PriorPosteriorShift Check:
  Status: PASS
  Recommendation: The model has successfully learned from the data. This is a positive sign that your data was informative.
----------------------------------------
ROIConsistency Check:
  Status: REVIEW
  Recommendation: We've detected an unusually low ROI estimate (for channels `meta`, `google`) where the posterior point estimate falls into the extreme tail of your custom prior. Please review this result to determine if it is reasonable within your business context.",0.8063,0.0713,0.0697,0.92,0.0
multi|meta|1.500000|1.000000|LogNormal|alpha=0p3|ec=0p5|slope=1p2|lag=4|decay=geometric,"{""roi_prior_overrides"": {""meta"": {""dist"": ""LogNormal"", ""mu"": 1.5, ""sigma"": 1.0}}, ""structural_overrides"": {""adstock_decay_spec"": ""geometric"", ""alpha_m"": 0.3, ""ec_m"": 0.5, ""max_lag"": 4, ""slope_m"": 1.2}}",meta,meta,meta,1.5,1.0,LogNormal,0.3,0.5,1.2,4,geometric,False,0.0487444552453234,0.0112870642948851,0.0317620953544974,0.0481139216572046,0.0682048328220844,1.5,1.0,LogNormal,5.037232988659484,1.4062204851210702,PASS,Passed with reviews: Review is needed.,PASS,True,"========================================
Model Quality Checks
========================================
Overall Status: PASS
Summary: Passed with reviews: Review is needed.

Check Results:
----------------------------------------
Convergence Check:
  Status: PASS
  Recommendation: The model has likely converged, as all parameters have R-hat values < 1.2.
----------------------------------------
Baseline Check:
  Status: PASS
  Recommendation: The posterior probability that the baseline is negative is 0.00. We recommend visually inspecting the baseline time series in the Model Fit charts to confirm this.
----------------------------------------
BayesianPPP Check:
  Status: PASS
  Recommendation: The Bayesian posterior predictive p-value is 0.93. The observed total outcome is consistent with the model's posterior predictive distribution.
----------------------------------------
GoodnessOfFit Check:
  Status: PASS
  Recommendation: R-squared = 0.8712, MAPE = 0.0578, and wMAPE = 0.0569. These goodness-of-fit metrics are intended for guidance and relative comparison.
----------------------------------------
PriorPosteriorShift Check:
  Status: PASS
  Recommendation: The model has successfully learned from the data. This is a positive sign that your data was informative.
----------------------------------------
ROIConsistency Check:
  Status: REVIEW
  Recommendation: We've detected an unusually low ROI estimate (for channels `meta`, `google`) where the posterior point estimate falls into the extreme tail of your custom prior. Please review this result to determine if it is reasonable within your business context.",0.8712,0.0578,0.0569,0.93,0.0
multi|meta|1.500000|1.000000|LogNormal|alpha=0p3|ec=0p5|slope=1p2|lag=4|decay=geometric,"{""roi_prior_overrides"": {""meta"": {""dist"": ""LogNormal"", ""mu"": 1.5, ""sigma"": 1.0}}, ""structural_overrides"": {""adstock_decay_spec"": ""geometric"", ""alpha_m"": 0.3, ""ec_m"": 0.5, ""max_lag"": 4, ""slope_m"": 1.2}}",meta,meta,google,1.5,1.0,LogNormal,0.3,0.5,1.2,4,geometric,False,0.0151750972773879,0.0065274381257921,0.0060862749582156,0.0141220823861658,0.027200699225068,0.4,0.5,LogNormal,4.1348591822892935,0.3818237961993309,PASS,Passed with reviews: Review is needed.,PASS,True,"========================================
Model Quality Checks
========================================
Overall Status: PASS
Summary: Passed with reviews: Review is needed.

Check Results:
----------------------------------------
Convergence Check:
  Status: PASS
  Recommendation: The model has likely converged, as all parameters have R-hat values < 1.2.
----------------------------------------
Baseline Check:
  Status: PASS
  Recommendation: The posterior probability that the baseline is negative is 0.00. We recommend visually inspecting the baseline time series in the Model Fit charts to confirm this.
----------------------------------------
BayesianPPP Check:
  Status: PASS
  Recommendation: The Bayesian posterior predictive p-value is 0.93. The observed total outcome is consistent with the model's posterior predictive distribution.
----------------------------------------
GoodnessOfFit Check:
  Status: PASS
  Recommendation: R-squared = 0.8712, MAPE = 0.0578, and wMAPE = 0.0569. These goodness-of-fit metrics are intended for guidance and relative comparison.
----------------------------------------
PriorPosteriorShift Check:
  Status: PASS
  Recommendation: The model has successfully learned from the data. This is a positive sign that your data was informative.
----------------------------------------
ROIConsistency Check:
  Status: REVIEW
  Recommendation: We've detected an unusually low ROI estimate (for channels `meta`, `google`) where the posterior point estimate falls into the extreme tail of your custom prior. Please review this result to determine if it is reasonable within your business context.",0.8712,0.0578,0.0569,0.93,0.0
multi|meta|1.500000|1.000000|LogNormal|alpha=0p3|ec=0p5|slope=1p2|lag=4|decay=geometric,"{""roi_prior_overrides"": {""meta"": {""dist"": ""LogNormal"", ""mu"": 1.5, ""sigma"": 1.0}}, ""structural_overrides"": {""adstock_decay_spec"": ""geometric"", ""alpha_m"": 0.3, ""ec_m"": 0.5, ""max_lag"": 4, ""slope_m"": 1.2}}",meta,meta,snapchat,1.5,1.0,LogNormal,0.3,0.5,1.2,4,geometric,False,0.0295174331237406,0.0136450876101562,0.0107309568673372,0.0274074655026197,0.0543191330507397,0.4,0.5,LogNormal,3.376115565154364,0.3645778993820312,PASS,Passed with reviews: Review is needed.,PASS,True,"========================================
Model Quality Checks
========================================
Overall Status: PASS
Summary: Passed with reviews: Review is needed.

Check Results:
----------------------------------------
Convergence Check:
  Status: PASS
  Recommendation: The model has likely converged, as all parameters have R-hat values < 1.2.
----------------------------------------
Baseline Check:
  Status: PASS
  Recommendation: The posterior probability that the baseline is negative is 0.00. We recommend visually inspecting the baseline time series in the Model Fit charts to confirm this.
----------------------------------------
BayesianPPP Check:
  Status: PASS
  Recommendation: The Bayesian posterior predictive p-value is 0.93. The observed total outcome is consistent with the model's posterior predictive distribution.
----------------------------------------
GoodnessOfFit Check:
  Status: PASS
  Recommendation: R-squared = 0.8712, MAPE = 0.0578, and wMAPE = 0.0569. These goodness-of-fit metrics are intended for guidance and relative comparison.
----------------------------------------
PriorPosteriorShift Check:
  Status: PASS
  Recommendation: The model has successfully learned from the data. This is a positive sign that your data was informative.
----------------------------------------
ROIConsistency Check:
  Status: REVIEW
  Recommendation: We've detected an unusually low ROI estimate (for channels `meta`, `google`) where the posterior point estimate falls into the extreme tail of your custom prior. Please review this result to determine if it is reasonable within your business context.",0.8712,0.0578,0.0569,0.93,0.0
multi|meta|1.500000|1.000000|LogNormal|alpha=0p3|ec=0p5|slope=1p2|lag=4|decay=geometric,"{""roi_prior_overrides"": {""meta"": {""dist"": ""LogNormal"", ""mu"": 1.5, ""sigma"": 1.0}}, ""structural_overrides"": {""adstock_decay_spec"": ""geometric"", ""alpha_m"": 0.3, ""ec_m"": 0.5, ""max_lag"": 4, ""slope_m"": 1.2}}",meta,meta,tiktok,1.5,1.0,LogNormal,0.3,0.5,1.2,4,geometric,False,0.0307713768429433,0.0141147086634998,0.0116142372600734,0.0291677601635456,0.0561481365934014,0.4,0.5,LogNormal,3.340448679453436,0.3802763263139208,PASS,Passed with reviews: Review is needed.,PASS,True,"========================================
Model Quality Checks
========================================
Overall Status: PASS
Summary: Passed with reviews: Review is needed.

Check Results:
----------------------------------------
Convergence Check:
  Status: PASS
  Recommendation: The model has likely converged, as all parameters have R-hat values < 1.2.
----------------------------------------
Baseline Check:
  Status: PASS
  Recommendation: The posterior probability that the baseline is negative is 0.00. We recommend visually inspecting the baseline time series in the Model Fit charts to confirm this.
----------------------------------------
BayesianPPP Check:
  Status: PASS
  Recommendation: The Bayesian posterior predictive p-value is 0.93. The observed total outcome is consistent with the model's posterior predictive distribution.
----------------------------------------
GoodnessOfFit Check:
  Status: PASS
  Recommendation: R-squared = 0.8712, MAPE = 0.0578, and wMAPE = 0.0569. These goodness-of-fit metrics are intended for guidance and relative comparison.
----------------------------------------
PriorPosteriorShift Check:
  Status: PASS
  Recommendation: The model has successfully learned from the data. This is a positive sign that your data was informative.
----------------------------------------
ROIConsistency Check:
  Status: REVIEW
  Recommendation: We've detected an unusually low ROI estimate (for channels `meta`, `google`) where the posterior point estimate falls into the extreme tail of your custom prior. Please review this result to determine if it is reasonable within your business context.",0.8712,0.0578,0.0569,0.93,0.0
multi|meta|1.500000|1.000000|LogNormal|alpha=0p3|ec=0p5|slope=1p2|lag=4|decay=geometric,"{""roi_prior_overrides"": {""meta"": {""dist"": ""LogNormal"", ""mu"": 1.5, ""sigma"": 1.0}}, ""structural_overrides"": {""adstock_decay_spec"": ""geometric"", ""alpha_m"": 0.3, ""ec_m"": 0.5, ""max_lag"": 4, ""slope_m"": 1.2}}",meta,meta,moloco,1.5,1.0,LogNormal,0.3,0.5,1.2,4,geometric,False,0.0703099257564948,0.0326254184966043,0.023398729134351,0.066747922450304,0.1309873349964618,0.4,0.5,LogNormal,2.449036331353013,0.3356174398731507,PASS,Passed with reviews: Review is needed.,PASS,True,"========================================
Model Quality Checks
========================================
Overall Status: PASS
Summary: Passed with reviews: Review is needed.

Check Results:
----------------------------------------
Convergence Check:
  Status: PASS
  Recommendation: The model has likely converged, as all parameters have R-hat values < 1.2.
----------------------------------------
Baseline Check:
  Status: PASS
  Recommendation: The posterior probability that the baseline is negative is 0.00. We recommend visually inspecting the baseline time series in the Model Fit charts to confirm this.
----------------------------------------
BayesianPPP Check:
  Status: PASS
  Recommendation: The Bayesian posterior predictive p-value is 0.93. The observed total outcome is consistent with the model's posterior predictive distribution.
----------------------------------------
GoodnessOfFit Check:
  Status: PASS
  Recommendation: R-squared = 0.8712, MAPE = 0.0578, and wMAPE = 0.0569. These goodness-of-fit metrics are intended for guidance and relative comparison.
----------------------------------------
PriorPosteriorShift Check:
  Status: PASS
  Recommendation: The model has successfully learned from the data. This is a positive sign that your data was informative.
----------------------------------------
ROIConsistency Check:
  Status: REVIEW
  Recommendation: We've detected an unusually low ROI estimate (for channels `meta`, `google`) where the posterior point estimate falls into the extreme tail of your custom prior. Please review this result to determine if it is reasonable within your business context.",0.8712,0.0578,0.0569,0.93,0.0
multi|meta|1.500000|1.000000|LogNormal|alpha=0p3|ec=0p5|slope=1p2|lag=4|decay=geometric,"{""roi_prior_overrides"": {""meta"": {""dist"": ""LogNormal"", ""mu"": 1.5, ""sigma"": 1.0}}, ""structural_overrides"": {""adstock_decay_spec"": ""geometric"", ""alpha_m"": 0.3, ""ec_m"": 0.5, ""max_lag"": 4, ""slope_m"": 1.2}}",meta,meta,liveintent,1.5,1.0,LogNormal,0.3,0.5,1.2,4,geometric,False,0.1033024348823043,0.0598851633784664,0.0307948851957917,0.0909343957901001,0.2175765439867973,0.4,0.5,LogNormal,1.8054106697022152,0.3033079286559642,PASS,Passed with reviews: Review is needed.,PASS,True,"========================================
Model Quality Checks
========================================
Overall Status: PASS
Summary: Passed with reviews: Review is needed.

Check Results:
----------------------------------------
Convergence Check:
  Status: PASS
  Recommendation: The model has likely converged, as all parameters have R-hat values < 1.2.
----------------------------------------
Baseline Check:
  Status: PASS
  Recommendation: The posterior probability that the baseline is negative is 0.00. We recommend visually inspecting the baseline time series in the Model Fit charts to confirm this.
----------------------------------------
BayesianPPP Check:
  Status: PASS
  Recommendation: The Bayesian posterior predictive p-value is 0.93. The observed total outcome is consistent with the model's posterior predictive distribution.
----------------------------------------
GoodnessOfFit Check:
  Status: PASS
  Recommendation: R-squared = 0.8712, MAPE = 0.0578, and wMAPE = 0.0569. These goodness-of-fit metrics are intended for guidance and relative comparison.
----------------------------------------
PriorPosteriorShift Check:
  Status: PASS
  Recommendation: The model has successfully learned from the data. This is a positive sign that your data was informative.
----------------------------------------
ROIConsistency Check:
  Status: REVIEW
  Recommendation: We've detected an unusually low ROI estimate (for channels `meta`, `google`) where the posterior point estimate falls into the extreme tail of your custom prior. Please review this result to determine if it is reasonable within your business context.",0.8712,0.0578,0.0569,0.93,0.0
multi|meta|1.500000|1.000000|LogNormal|alpha=0p3|ec=0p5|slope=1p2|lag=4|decay=geometric,"{""roi_prior_overrides"": {""meta"": {""dist"": ""LogNormal"", ""mu"": 1.5, ""sigma"": 1.0}}, ""structural_overrides"": {""adstock_decay_spec"": ""geometric"", ""alpha_m"": 0.3, ""ec_m"": 0.5, ""max_lag"": 4, ""slope_m"": 1.2}}",meta,meta,beehiiv,1.5,1.0,LogNormal,0.3,0.5,1.2,4,geometric,False,0.1775703480498244,0.1131797653947482,0.0359582867473363,0.151853434741497,0.4089600384235382,0.4,0.5,LogNormal,1.1101999182837192,0.2169781441893349,PASS,Passed with reviews: Review is needed.,PASS,True,"========================================
Model Quality Checks
========================================
Overall Status: PASS
Summary: Passed with reviews: Review is needed.

Check Results:
----------------------------------------
Convergence Check:
  Status: PASS
  Recommendation: The model has likely converged, as all parameters have R-hat values < 1.2.
----------------------------------------
Baseline Check:
  Status: PASS
  Recommendation: The posterior probability that the baseline is negative is 0.00. We recommend visually inspecting the baseline time series in the Model Fit charts to confirm this.
----------------------------------------
BayesianPPP Check:
  Status: PASS
  Recommendation: The Bayesian posterior predictive p-value is 0.93. The observed total outcome is consistent with the model's posterior predictive distribution.
----------------------------------------
GoodnessOfFit Check:
  Status: PASS
  Recommendation: R-squared = 0.8712, MAPE = 0.0578, and wMAPE = 0.0569. These goodness-of-fit metrics are intended for guidance and relative comparison.
----------------------------------------
PriorPosteriorShift Check:
  Status: PASS
  Recommendation: The model has successfully learned from the data. This is a positive sign that your data was informative.
----------------------------------------
ROIConsistency Check:
  Status: REVIEW
  Recommendation: We've detected an unusually low ROI estimate (for channels `meta`, `google`) where the posterior point estimate falls into the extreme tail of your custom prior. Please review this result to determine if it is reasonable within your business context.",0.8712,0.0578,0.0569,0.93,0.0
multi|meta|1.500000|1.000000|LogNormal|alpha=0p3|ec=0p5|slope=1p2|lag=4|decay=geometric,"{""roi_prior_overrides"": {""meta"": {""dist"": ""LogNormal"", ""mu"": 1.5, ""sigma"": 1.0}}, ""structural_overrides"": {""adstock_decay_spec"": ""geometric"", ""alpha_m"": 0.3, ""ec_m"": 0.5, ""max_lag"": 4, ""slope_m"": 1.2}}",meta,meta,amazon,1.5,1.0,LogNormal,0.3,0.5,1.2,4,geometric,False,0.1465167666824224,0.0906842005839346,0.0330157559365034,0.1277367547154426,0.3182919532060623,0.4,0.5,LogNormal,1.3521796983154708,0.267492994059534,PASS,Passed with reviews: Review is needed.,PASS,True,"========================================
Model Quality Checks
========================================
Overall Status: PASS
Summary: Passed with reviews: Review is needed.

Check Results:
----------------------------------------
Convergence Check:
  Status: PASS
  Recommendation: The model has likely converged, as all parameters have R-hat values < 1.2.
----------------------------------------
Baseline Check:
  Status: PASS
  Recommendation: The posterior probability that the baseline is negative is 0.00. We recommend visually inspecting the baseline time series in the Model Fit charts to confirm this.
----------------------------------------
BayesianPPP Check:
  Status: PASS
  Recommendation: The Bayesian posterior predictive p-value is 0.93. The observed total outcome is consistent with the model's posterior predictive distribution.
----------------------------------------
GoodnessOfFit Check:
  Status: PASS
  Recommendation: R-squared = 0.8712, MAPE = 0.0578, and wMAPE = 0.0569. These goodness-of-fit metrics are intended for guidance and relative comparison.
----------------------------------------
PriorPosteriorShift Check:
  Status: PASS
  Recommendation: The model has successfully learned from the data. This is a positive sign that your data was informative.
----------------------------------------
ROIConsistency Check:
  Status: REVIEW
  Recommendation: We've detected an unusually low ROI estimate (for channels `meta`, `google`) where the posterior point estimate falls into the extreme tail of your custom prior. Please review this result to determine if it is reasonable within your business context.",0.8712,0.0578,0.0569,0.93,0.0
multi|meta|1.500000|1.500000|LogNormal|alpha=0p3|ec=0p5|slope=1p2|lag=4|decay=geometric,"{""roi_prior_overrides"": {""meta"": {""dist"": ""LogNormal"", ""mu"": 1.5, ""sigma"": 1.5}}, ""structural_overrides"": {""adstock_decay_spec"": ""geometric"", ""alpha_m"": 0.3, ""ec_m"": 0.5, ""max_lag"": 4, ""slope_m"": 1.2}}",meta,meta,meta,1.5,1.5,LogNormal,0.3,0.5,1.2,4,geometric,False,0.034823332161953,0.0104255990908687,0.0185398062691092,0.0342388190329074,0.0529688630253076,1.5,1.5,LogNormal,4.946034234549566,1.3938621355752625,PASS,Passed with reviews: Review is needed.,PASS,True,"========================================
Model Quality Checks
========================================
Overall Status: PASS
Summary: Passed with reviews: Review is needed.

Check Results:
----------------------------------------
Convergence Check:
  Status: PASS
  Recommendation: The model has likely converged, as all parameters have R-hat values < 1.2.
----------------------------------------
Baseline Check:
  Status: PASS
  Recommendation: The posterior probability that the baseline is negative is 0.00. We recommend visually inspecting the baseline time series in the Model Fit charts to confirm this.
----------------------------------------
BayesianPPP Check:
  Status: PASS
  Recommendation: The Bayesian posterior predictive p-value is 0.94. The observed total outcome is consistent with the model's posterior predictive distribution.
----------------------------------------
GoodnessOfFit Check:
  Status: PASS
  Recommendation: R-squared = 0.8811, MAPE = 0.0554, and wMAPE = 0.0546. These goodness-of-fit metrics are intended for guidance and relative comparison.
----------------------------------------
PriorPosteriorShift Check:
  Status: PASS
  Recommendation: The model has successfully learned from the data. This is a positive sign that your data was informative.
----------------------------------------
ROIConsistency Check:
  Status: REVIEW
  Recommendation: We've detected an unusually low ROI estimate (for channels `meta`, `google`) where the posterior point estimate falls into the extreme tail of your custom prior. Please review this result to determine if it is reasonable within your business context.",0.8811,0.0554,0.0546,0.94,0.0
multi|meta|1.500000|1.500000|LogNormal|alpha=0p3|ec=0p5|slope=1p2|lag=4|decay=geometric,"{""roi_prior_overrides"": {""meta"": {""dist"": ""LogNormal"", ""mu"": 1.5, ""sigma"": 1.5}}, ""structural_overrides"": {""adstock_decay_spec"": ""geometric"", ""alpha_m"": 0.3, ""ec_m"": 0.5, ""max_lag"": 4, ""slope_m"": 1.2}}",meta,meta,google,1.5,1.5,LogNormal,0.3,0.5,1.2,4,geometric,False,0.0143410958256572,0.0059248996771444,0.0060012394096702,0.0138799245469272,0.0246755089610815,0.4,0.5,LogNormal,4.23298013328214,0.3826599364139439,PASS,Passed with reviews: Review is needed.,PASS,True,"========================================
Model Quality Checks
========================================
Overall Status: PASS
Summary: Passed with reviews: Review is needed.

Check Results:
----------------------------------------
Convergence Check:
  Status: PASS
  Recommendation: The model has likely converged, as all parameters have R-hat values < 1.2.
----------------------------------------
Baseline Check:
  Status: PASS
  Recommendation: The posterior probability that the baseline is negative is 0.00. We recommend visually inspecting the baseline time series in the Model Fit charts to confirm this.
----------------------------------------
BayesianPPP Check:
  Status: PASS
  Recommendation: The Bayesian posterior predictive p-value is 0.94. The observed total outcome is consistent with the model's posterior predictive distribution.
----------------------------------------
GoodnessOfFit Check:
  Status: PASS
  Recommendation: R-squared = 0.8811, MAPE = 0.0554, and wMAPE = 0.0546. These goodness-of-fit metrics are intended for guidance and relative comparison.
----------------------------------------
PriorPosteriorShift Check:
  Status: PASS
  Recommendation: The model has successfully learned from the data. This is a positive sign that your data was informative.
----------------------------------------
ROIConsistency Check:
  Status: REVIEW
  Recommendation: We've detected an unusually low ROI estimate (for channels `meta`, `google`) where the posterior point estimate falls into the extreme tail of your custom prior. Please review this result to determine if it is reasonable within your business context.",0.8811,0.0554,0.0546,0.94,0.0
multi|meta|1.500000|1.500000|LogNormal|alpha=0p3|ec=0p5|slope=1p2|lag=4|decay=geometric,"{""roi_prior_overrides"": {""meta"": {""dist"": ""LogNormal"", ""mu"": 1.5, ""sigma"": 1.5}}, ""structural_overrides"": {""adstock_decay_spec"": ""geometric"", ""alpha_m"": 0.3, ""ec_m"": 0.5, ""max_lag"": 4, ""slope_m"": 1.2}}",meta,meta,snapchat,1.5,1.5,LogNormal,0.3,0.5,1.2,4,geometric,False,0.0298276867393481,0.0136637993655461,0.0109820833429694,0.0279808025807142,0.0543559363111853,0.4,0.5,LogNormal,3.3742866267543232,0.3642679312164219,PASS,Passed with reviews: Review is needed.,PASS,True,"========================================
Model Quality Checks
========================================
Overall Status: PASS
Summary: Passed with reviews: Review is needed.

Check Results:
----------------------------------------
Convergence Check:
  Status: PASS
  Recommendation: The model has likely converged, as all parameters have R-hat values < 1.2.
----------------------------------------
Baseline Check:
  Status: PASS
  Recommendation: The posterior probability that the baseline is negative is 0.00. We recommend visually inspecting the baseline time series in the Model Fit charts to confirm this.
----------------------------------------
BayesianPPP Check:
  Status: PASS
  Recommendation: The Bayesian posterior predictive p-value is 0.94. The observed total outcome is consistent with the model's posterior predictive distribution.
----------------------------------------
GoodnessOfFit Check:
  Status: PASS
  Recommendation: R-squared = 0.8811, MAPE = 0.0554, and wMAPE = 0.0546. These goodness-of-fit metrics are intended for guidance and relative comparison.
----------------------------------------
PriorPosteriorShift Check:
  Status: PASS
  Recommendation: The model has successfully learned from the data. This is a positive sign that your data was informative.
----------------------------------------
ROIConsistency Check:
  Status: REVIEW
  Recommendation: We've detected an unusually low ROI estimate (for channels `meta`, `google`) where the posterior point estimate falls into the extreme tail of your custom prior. Please review this result to determine if it is reasonable within your business context.",0.8811,0.0554,0.0546,0.94,0.0
multi|meta|1.500000|1.500000|LogNormal|alpha=0p3|ec=0p5|slope=1p2|lag=4|decay=geometric,"{""roi_prior_overrides"": {""meta"": {""dist"": ""LogNormal"", ""mu"": 1.5, ""sigma"": 1.5}}, ""structural_overrides"": {""adstock_decay_spec"": ""geometric"", ""alpha_m"": 0.3, ""ec_m"": 0.5, ""max_lag"": 4, ""slope_m"": 1.2}}",meta,meta,tiktok,1.5,1.5,LogNormal,0.3,0.5,1.2,4,geometric,False,0.029597279302931,0.0139274331252504,0.0106371383182704,0.0277959266677498,0.0557768799364566,0.4,0.5,LogNormal,3.355531894940809,0.381438121236337,PASS,Passed with reviews: Review is needed.,PASS,True,"========================================
Model Quality Checks
========================================
Overall Status: PASS
Summary: Passed with reviews: Review is needed.

Check Results:
----------------------------------------
Convergence Check:
  Status: PASS
  Recommendation: The model has likely converged, as all parameters have R-hat values < 1.2.
----------------------------------------
Baseline Check:
  Status: PASS
  Recommendation: The posterior probability that the baseline is negative is 0.00. We recommend visually inspecting the baseline time series in the Model Fit charts to confirm this.
----------------------------------------
BayesianPPP Check:
  Status: PASS
  Recommendation: The Bayesian posterior predictive p-value is 0.94. The observed total outcome is consistent with the model's posterior predictive distribution.
----------------------------------------
GoodnessOfFit Check:
  Status: PASS
  Recommendation: R-squared = 0.8811, MAPE = 0.0554, and wMAPE = 0.0546. These goodness-of-fit metrics are intended for guidance and relative comparison.
----------------------------------------
PriorPosteriorShift Check:
  Status: PASS
  Recommendation: The model has successfully learned from the data. This is a positive sign that your data was informative.
----------------------------------------
ROIConsistency Check:
  Status: REVIEW
  Recommendation: We've detected an unusually low ROI estimate (for channels `meta`, `google`) where the posterior point estimate falls into the extreme tail of your custom prior. Please review this result to determine if it is reasonable within your business context.",0.8811,0.0554,0.0546,0.94,0.0
multi|meta|1.500000|1.500000|LogNormal|alpha=0p3|ec=0p5|slope=1p2|lag=4|decay=geometric,"{""roi_prior_overrides"": {""meta"": {""dist"": ""LogNormal"", ""mu"": 1.5, ""sigma"": 1.5}}, ""structural_overrides"": {""adstock_decay_spec"": ""geometric"", ""alpha_m"": 0.3, ""ec_m"": 0.5, ""max_lag"": 4, ""slope_m"": 1.2}}",meta,meta,moloco,1.5,1.5,LogNormal,0.3,0.5,1.2,4,geometric,False,0.0698334357530499,0.0319041283242961,0.0237426075153052,0.0652133896946907,0.1273424066603183,0.4,0.5,LogNormal,2.471928349551533,0.3360987588648224,PASS,Passed with reviews: Review is needed.,PASS,True,"========================================
Model Quality Checks
========================================
Overall Status: PASS
Summary: Passed with reviews: Review is needed.

Check Results:
----------------------------------------
Convergence Check:
  Status: PASS
  Recommendation: The model has likely converged, as all parameters have R-hat values < 1.2.
----------------------------------------
Baseline Check:
  Status: PASS
  Recommendation: The posterior probability that the baseline is negative is 0.00. We recommend visually inspecting the baseline time series in the Model Fit charts to confirm this.
----------------------------------------
BayesianPPP Check:
  Status: PASS
  Recommendation: The Bayesian posterior predictive p-value is 0.94. The observed total outcome is consistent with the model's posterior predictive distribution.
----------------------------------------
GoodnessOfFit Check:
  Status: PASS
  Recommendation: R-squared = 0.8811, MAPE = 0.0554, and wMAPE = 0.0546. These goodness-of-fit metrics are intended for guidance and relative comparison.
----------------------------------------
PriorPosteriorShift Check:
  Status: PASS
  Recommendation: The model has successfully learned from the data. This is a positive sign that your data was informative.
----------------------------------------
ROIConsistency Check:
  Status: REVIEW
  Recommendation: We've detected an unusually low ROI estimate (for channels `meta`, `google`) where the posterior point estimate falls into the extreme tail of your custom prior. Please review this result to determine if it is reasonable within your business context.",0.8811,0.0554,0.0546,0.94,0.0
multi|meta|1.500000|1.500000|LogNormal|alpha=0p3|ec=0p5|slope=1p2|lag=4|decay=geometric,"{""roi_prior_overrides"": {""meta"": {""dist"": ""LogNormal"", ""mu"": 1.5, ""sigma"": 1.5}}, ""structural_overrides"": {""adstock_decay_spec"": ""geometric"", ""alpha_m"": 0.3, ""ec_m"": 0.5, ""max_lag"": 4, ""slope_m"": 1.2}}",meta,meta,liveintent,1.5,1.5,LogNormal,0.3,0.5,1.2,4,geometric,False,0.1015509902080521,0.0606103507133659,0.0250553782097995,0.0879843421280384,0.2261892959475516,0.4,0.5,LogNormal,1.7956332682000995,0.3050110465765156,PASS,Passed with reviews: Review is needed.,PASS,True,"========================================
Model Quality Checks
========================================
Overall Status: PASS
Summary: Passed with reviews: Review is needed.

Check Results:
----------------------------------------
Convergence Check:
  Status: PASS
  Recommendation: The model has likely converged, as all parameters have R-hat values < 1.2.
----------------------------------------
Baseline Check:
  Status: PASS
  Recommendation: The posterior probability that the baseline is negative is 0.00. We recommend visually inspecting the baseline time series in the Model Fit charts to confirm this.
----------------------------------------
BayesianPPP Check:
  Status: PASS
  Recommendation: The Bayesian posterior predictive p-value is 0.94. The observed total outcome is consistent with the model's posterior predictive distribution.
----------------------------------------
GoodnessOfFit Check:
  Status: PASS
  Recommendation: R-squared = 0.8811, MAPE = 0.0554, and wMAPE = 0.0546. These goodness-of-fit metrics are intended for guidance and relative comparison.
----------------------------------------
PriorPosteriorShift Check:
  Status: PASS
  Recommendation: The model has successfully learned from the data. This is a positive sign that your data was informative.
----------------------------------------
ROIConsistency Check:
  Status: REVIEW
  Recommendation: We've detected an unusually low ROI estimate (for channels `meta`, `google`) where the posterior point estimate falls into the extreme tail of your custom prior. Please review this result to determine if it is reasonable within your business context.",0.8811,0.0554,0.0546,0.94,0.0
multi|meta|1.500000|1.500000|LogNormal|alpha=0p3|ec=0p5|slope=1p2|lag=4|decay=geometric,"{""roi_prior_overrides"": {""meta"": {""dist"": ""LogNormal"", ""mu"": 1.5, ""sigma"": 1.5}}, ""structural_overrides"": {""adstock_decay_spec"": ""geometric"", ""alpha_m"": 0.3, ""ec_m"": 0.5, ""max_lag"": 4, ""slope_m"": 1.2}}",meta,meta,beehiiv,1.5,1.5,LogNormal,0.3,0.5,1.2,4,geometric,False,0.1851208843880643,0.1156248941237453,0.0426906758919358,0.1584434434771537,0.4027742236852645,0.4,0.5,LogNormal,1.0833411192111384,0.209544219811121,PASS,Passed with reviews: Review is needed.,PASS,True,"========================================
Model Quality Checks
========================================
Overall Status: PASS
Summary: Passed with reviews: Review is needed.

Check Results:
----------------------------------------
Convergence Check:
  Status: PASS
  Recommendation: The model has likely converged, as all parameters have R-hat values < 1.2.
----------------------------------------
Baseline Check:
  Status: PASS
  Recommendation: The posterior probability that the baseline is negative is 0.00. We recommend visually inspecting the baseline time series in the Model Fit charts to confirm this.
----------------------------------------
BayesianPPP Check:
  Status: PASS
  Recommendation: The Bayesian posterior predictive p-value is 0.94. The observed total outcome is consistent with the model's posterior predictive distribution.
----------------------------------------
GoodnessOfFit Check:
  Status: PASS
  Recommendation: R-squared = 0.8811, MAPE = 0.0554, and wMAPE = 0.0546. These goodness-of-fit metrics are intended for guidance and relative comparison.
----------------------------------------
PriorPosteriorShift Check:
  Status: PASS
  Recommendation: The model has successfully learned from the data. This is a positive sign that your data was informative.
----------------------------------------
ROIConsistency Check:
  Status: REVIEW
  Recommendation: We've detected an unusually low ROI estimate (for channels `meta`, `google`) where the posterior point estimate falls into the extreme tail of your custom prior. Please review this result to determine if it is reasonable within your business context.",0.8811,0.0554,0.0546,0.94,0.0
multi|meta|1.500000|1.500000|LogNormal|alpha=0p3|ec=0p5|slope=1p2|lag=4|decay=geometric,"{""roi_prior_overrides"": {""meta"": {""dist"": ""LogNormal"", ""mu"": 1.5, ""sigma"": 1.5}}, ""structural_overrides"": {""adstock_decay_spec"": ""geometric"", ""alpha_m"": 0.3, ""ec_m"": 0.5, ""max_lag"": 4, ""slope_m"": 1.2}}",meta,meta,amazon,1.5,1.5,LogNormal,0.3,0.5,1.2,4,geometric,False,0.1403814728984919,0.0829868861987649,0.0314433543011546,0.1245336309075355,0.2991444259881971,0.4,0.5,LogNormal,1.4445027065044185,0.2735788454694847,PASS,Passed with reviews: Review is needed.,PASS,True,"========================================
Model Quality Checks
========================================
Overall Status: PASS
Summary: Passed with reviews: Review is needed.

Check Results:
----------------------------------------
Convergence Check:
  Status: PASS
  Recommendation: The model has likely converged, as all parameters have R-hat values < 1.2.
----------------------------------------
Baseline Check:
  Status: PASS
  Recommendation: The posterior probability that the baseline is negative is 0.00. We recommend visually inspecting the baseline time series in the Model Fit charts to confirm this.
----------------------------------------
BayesianPPP Check:
  Status: PASS
  Recommendation: The Bayesian posterior predictive p-value is 0.94. The observed total outcome is consistent with the model's posterior predictive distribution.
----------------------------------------
GoodnessOfFit Check:
  Status: PASS
  Recommendation: R-squared = 0.8811, MAPE = 0.0554, and wMAPE = 0.0546. These goodness-of-fit metrics are intended for guidance and relative comparison.
----------------------------------------
PriorPosteriorShift Check:
  Status: PASS
  Recommendation: The model has successfully learned from the data. This is a positive sign that your data was informative.
----------------------------------------
ROIConsistency Check:
  Status: REVIEW
  Recommendation: We've detected an unusually low ROI estimate (for channels `meta`, `google`) where the posterior point estimate falls into the extreme tail of your custom prior. Please review this result to determine if it is reasonable within your business context.",0.8811,0.0554,0.0546,0.94,0.0
multi|meta|2.000000|0.500000|LogNormal|alpha=0p3|ec=0p5|slope=1p2|lag=4|decay=geometric,"{""roi_prior_overrides"": {""meta"": {""dist"": ""LogNormal"", ""mu"": 2.0, ""sigma"": 0.5}}, ""structural_overrides"": {""adstock_decay_spec"": ""geometric"", ""alpha_m"": 0.3, ""ec_m"": 0.5, ""max_lag"": 4, ""slope_m"": 1.2}}",meta,meta,meta,2.0,0.5,LogNormal,0.3,0.5,1.2,4,geometric,False,0.1683433792367577,0.0237897196428465,0.130585166811943,0.1669461727142334,0.2100404456257819,2.0,0.5,LogNormal,9.256418413133645,1.8126731910412548,PASS,Passed with reviews: Review is needed.,PASS,True,"========================================
Model Quality Checks
========================================
Overall Status: PASS
Summary: Passed with reviews: Review is needed.

Check Results:
----------------------------------------
Convergence Check:
  Status: PASS
  Recommendation: The model has likely converged, as all parameters have R-hat values < 1.2.
----------------------------------------
Baseline Check:
  Status: PASS
  Recommendation: The posterior probability that the baseline is negative is 0.03. We recommend visually inspecting the baseline time series in the Model Fit charts to confirm this.
----------------------------------------
BayesianPPP Check:
  Status: PASS
  Recommendation: The Bayesian posterior predictive p-value is 0.88. The observed total outcome is consistent with the model's posterior predictive distribution.
----------------------------------------
GoodnessOfFit Check:
  Status: PASS
  Recommendation: R-squared = 0.6577, MAPE = 0.0925, and wMAPE = 0.0897. These goodness-of-fit metrics are intended for guidance and relative comparison.
----------------------------------------
PriorPosteriorShift Check:
  Status: PASS
  Recommendation: The model has successfully learned from the data. This is a positive sign that your data was informative.
----------------------------------------
ROIConsistency Check:
  Status: REVIEW
  Recommendation: We've detected an unusually low ROI estimate (for channels `meta`, `google`) where the posterior point estimate falls into the extreme tail of your custom prior. Please review this result to determine if it is reasonable within your business context.",0.6577,0.0925,0.0897,0.88,0.03
multi|meta|2.000000|0.500000|LogNormal|alpha=0p3|ec=0p5|slope=1p2|lag=4|decay=geometric,"{""roi_prior_overrides"": {""meta"": {""dist"": ""LogNormal"", ""mu"": 2.0, ""sigma"": 0.5}}, ""structural_overrides"": {""adstock_decay_spec"": ""geometric"", ""alpha_m"": 0.3, ""ec_m"": 0.5, ""max_lag"": 4, ""slope_m"": 1.2}}",meta,meta,google,2.0,0.5,LogNormal,0.3,0.5,1.2,4,geometric,False,0.0182311233786943,0.0076678540952904,0.0075394733576104,0.0173106454312801,0.0313768245279788,0.4,0.5,LogNormal,3.96918384344597,0.3787710716721431,PASS,Passed with reviews: Review is needed.,PASS,True,"========================================
Model Quality Checks
========================================
Overall Status: PASS
Summary: Passed with reviews: Review is needed.

Check Results:
----------------------------------------
Convergence Check:
  Status: PASS
  Recommendation: The model has likely converged, as all parameters have R-hat values < 1.2.
----------------------------------------
Baseline Check:
  Status: PASS
  Recommendation: The posterior probability that the baseline is negative is 0.03. We recommend visually inspecting the baseline time series in the Model Fit charts to confirm this.
----------------------------------------
BayesianPPP Check:
  Status: PASS
  Recommendation: The Bayesian posterior predictive p-value is 0.88. The observed total outcome is consistent with the model's posterior predictive distribution.
----------------------------------------
GoodnessOfFit Check:
  Status: PASS
  Recommendation: R-squared = 0.6577, MAPE = 0.0925, and wMAPE = 0.0897. These goodness-of-fit metrics are intended for guidance and relative comparison.
----------------------------------------
PriorPosteriorShift Check:
  Status: PASS
  Recommendation: The model has successfully learned from the data. This is a positive sign that your data was informative.
----------------------------------------
ROIConsistency Check:
  Status: REVIEW
  Recommendation: We've detected an unusually low ROI estimate (for channels `meta`, `google`) where the posterior point estimate falls into the extreme tail of your custom prior. Please review this result to determine if it is reasonable within your business context.",0.6577,0.0925,0.0897,0.88,0.03
multi|meta|2.000000|0.500000|LogNormal|alpha=0p3|ec=0p5|slope=1p2|lag=4|decay=geometric,"{""roi_prior_overrides"": {""meta"": {""dist"": ""LogNormal"", ""mu"": 2.0, ""sigma"": 0.5}}, ""structural_overrides"": {""adstock_decay_spec"": ""geometric"", ""alpha_m"": 0.3, ""ec_m"": 0.5, ""max_lag"": 4, ""slope_m"": 1.2}}",meta,meta,snapchat,2.0,0.5,LogNormal,0.3,0.5,1.2,4,geometric,False,0.0278565832464179,0.0132038205976998,0.0095637838356196,0.0261196577921509,0.0518920380622148,0.4,0.5,LogNormal,3.4114319985124464,0.3662359777238694,PASS,Passed with reviews: Review is needed.,PASS,True,"========================================
Model Quality Checks
========================================
Overall Status: PASS
Summary: Passed with reviews: Review is needed.

Check Results:
----------------------------------------
Convergence Check:
  Status: PASS
  Recommendation: The model has likely converged, as all parameters have R-hat values < 1.2.
----------------------------------------
Baseline Check:
  Status: PASS
  Recommendation: The posterior probability that the baseline is negative is 0.03. We recommend visually inspecting the baseline time series in the Model Fit charts to confirm this.
----------------------------------------
BayesianPPP Check:
  Status: PASS
  Recommendation: The Bayesian posterior predictive p-value is 0.88. The observed total outcome is consistent with the model's posterior predictive distribution.
----------------------------------------
GoodnessOfFit Check:
  Status: PASS
  Recommendation: R-squared = 0.6577, MAPE = 0.0925, and wMAPE = 0.0897. These goodness-of-fit metrics are intended for guidance and relative comparison.
----------------------------------------
PriorPosteriorShift Check:
  Status: PASS
  Recommendation: The model has successfully learned from the data. This is a positive sign that your data was informative.
----------------------------------------
ROIConsistency Check:
  Status: REVIEW
  Recommendation: We've detected an unusually low ROI estimate (for channels `meta`, `google`) where the posterior point estimate falls into the extreme tail of your custom prior. Please review this result to determine if it is reasonable within your business context.",0.6577,0.0925,0.0897,0.88,0.03
multi|meta|2.000000|0.500000|LogNormal|alpha=0p3|ec=0p5|slope=1p2|lag=4|decay=geometric,"{""roi_prior_overrides"": {""meta"": {""dist"": ""LogNormal"", ""mu"": 2.0, ""sigma"": 0.5}}, ""structural_overrides"": {""adstock_decay_spec"": ""geometric"", ""alpha_m"": 0.3, ""ec_m"": 0.5, ""max_lag"": 4, ""slope_m"": 1.2}}",meta,meta,tiktok,2.0,0.5,LogNormal,0.3,0.5,1.2,4,geometric,False,0.0475421293110897,0.0231876606573356,0.0163591803982853,0.0442648157477378,0.0907778248190879,0.4,0.5,LogNormal,2.8205162658949336,0.3634959736733412,PASS,Passed with reviews: Review is needed.,PASS,True,"========================================
Model Quality Checks
========================================
Overall Status: PASS
Summary: Passed with reviews: Review is needed.

Check Results:
----------------------------------------
Convergence Check:
  Status: PASS
  Recommendation: The model has likely converged, as all parameters have R-hat values < 1.2.
----------------------------------------
Baseline Check:
  Status: PASS
  Recommendation: The posterior probability that the baseline is negative is 0.03. We recommend visually inspecting the baseline time series in the Model Fit charts to confirm this.
----------------------------------------
BayesianPPP Check:
  Status: PASS
  Recommendation: The Bayesian posterior predictive p-value is 0.88. The observed total outcome is consistent with the model's posterior predictive distribution.
----------------------------------------
GoodnessOfFit Check:
  Status: PASS
  Recommendation: R-squared = 0.6577, MAPE = 0.0925, and wMAPE = 0.0897. These goodness-of-fit metrics are intended for guidance and relative comparison.
----------------------------------------
PriorPosteriorShift Check:
  Status: PASS
  Recommendation: The model has successfully learned from the data. This is a positive sign that your data was informative.
----------------------------------------
ROIConsistency Check:
  Status: REVIEW
  Recommendation: We've detected an unusually low ROI estimate (for channels `meta`, `google`) where the posterior point estimate falls into the extreme tail of your custom prior. Please review this result to determine if it is reasonable within your business context.",0.6577,0.0925,0.0897,0.88,0.03
multi|meta|2.000000|0.500000|LogNormal|alpha=0p3|ec=0p5|slope=1p2|lag=4|decay=geometric,"{""roi_prior_overrides"": {""meta"": {""dist"": ""LogNormal"", ""mu"": 2.0, ""sigma"": 0.5}}, ""structural_overrides"": {""adstock_decay_spec"": ""geometric"", ""alpha_m"": 0.3, ""ec_m"": 0.5, ""max_lag"": 4, ""slope_m"": 1.2}}",meta,meta,moloco,2.0,0.5,LogNormal,0.3,0.5,1.2,4,geometric,False,0.0664076986253106,0.033752184954227,0.0222605931572616,0.0608540046960115,0.1268912427127361,0.4,0.5,LogNormal,2.420409010865942,0.3395444291340233,PASS,Passed with reviews: Review is needed.,PASS,True,"========================================
Model Quality Checks
========================================
Overall Status: PASS
Summary: Passed with reviews: Review is needed.

Check Results:
----------------------------------------
Convergence Check:
  Status: PASS
  Recommendation: The model has likely converged, as all parameters have R-hat values < 1.2.
----------------------------------------
Baseline Check:
  Status: PASS
  Recommendation: The posterior probability that the baseline is negative is 0.03. We recommend visually inspecting the baseline time series in the Model Fit charts to confirm this.
----------------------------------------
BayesianPPP Check:
  Status: PASS
  Recommendation: The Bayesian posterior predictive p-value is 0.88. The observed total outcome is consistent with the model's posterior predictive distribution.
----------------------------------------
GoodnessOfFit Check:
  Status: PASS
  Recommendation: R-squared = 0.6577, MAPE = 0.0925, and wMAPE = 0.0897. These goodness-of-fit metrics are intended for guidance and relative comparison.
----------------------------------------
PriorPosteriorShift Check:
  Status: PASS
  Recommendation: The model has successfully learned from the data. This is a positive sign that your data was informative.
----------------------------------------
ROIConsistency Check:
  Status: REVIEW
  Recommendation: We've detected an unusually low ROI estimate (for channels `meta`, `google`) where the posterior point estimate falls into the extreme tail of your custom prior. Please review this result to determine if it is reasonable within your business context.",0.6577,0.0925,0.0897,0.88,0.03
multi|meta|2.000000|0.500000|LogNormal|alpha=0p3|ec=0p5|slope=1p2|lag=4|decay=geometric,"{""roi_prior_overrides"": {""meta"": {""dist"": ""LogNormal"", ""mu"": 2.0, ""sigma"": 0.5}}, ""structural_overrides"": {""adstock_decay_spec"": ""geometric"", ""alpha_m"": 0.3, ""ec_m"": 0.5, ""max_lag"": 4, ""slope_m"": 1.2}}",meta,meta,liveintent,2.0,0.5,LogNormal,0.3,0.5,1.2,4,geometric,False,0.0982958144058162,0.0609167047746107,0.0270498235709965,0.0852461606264114,0.2249538369476795,0.4,0.5,LogNormal,1.7945731839368977,0.3083016037606433,PASS,Passed with reviews: Review is needed.,PASS,True,"========================================
Model Quality Checks
========================================
Overall Status: PASS
Summary: Passed with reviews: Review is needed.

Check Results:
----------------------------------------
Convergence Check:
  Status: PASS
  Recommendation: The model has likely converged, as all parameters have R-hat values < 1.2.
----------------------------------------
Baseline Check:
  Status: PASS
  Recommendation: The posterior probability that the baseline is negative is 0.03. We recommend visually inspecting the baseline time series in the Model Fit charts to confirm this.
----------------------------------------
BayesianPPP Check:
  Status: PASS
  Recommendation: The Bayesian posterior predictive p-value is 0.88. The observed total outcome is consistent with the model's posterior predictive distribution.
----------------------------------------
GoodnessOfFit Check:
  Status: PASS
  Recommendation: R-squared = 0.6577, MAPE = 0.0925, and wMAPE = 0.0897. These goodness-of-fit metrics are intended for guidance and relative comparison.
----------------------------------------
PriorPosteriorShift Check:
  Status: PASS
  Recommendation: The model has successfully learned from the data. This is a positive sign that your data was informative.
----------------------------------------
ROIConsistency Check:
  Status: REVIEW
  Recommendation: We've detected an unusually low ROI estimate (for channels `meta`, `google`) where the posterior point estimate falls into the extreme tail of your custom prior. Please review this result to determine if it is reasonable within your business context.",0.6577,0.0925,0.0897,0.88,0.03
multi|meta|2.000000|0.500000|LogNormal|alpha=0p3|ec=0p5|slope=1p2|lag=4|decay=geometric,"{""roi_prior_overrides"": {""meta"": {""dist"": ""LogNormal"", ""mu"": 2.0, ""sigma"": 0.5}}, ""structural_overrides"": {""adstock_decay_spec"": ""geometric"", ""alpha_m"": 0.3, ""ec_m"": 0.5, ""max_lag"": 4, ""slope_m"": 1.2}}",meta,meta,beehiiv,2.0,0.5,LogNormal,0.3,0.5,1.2,4,geometric,False,0.1582592560296567,0.1036111874347111,0.0362400859594345,0.1341539397835731,0.3539302378892897,0.4,0.5,LogNormal,1.2123105185193617,0.2362195153922993,PASS,Passed with reviews: Review is needed.,PASS,True,"========================================
Model Quality Checks
========================================
Overall Status: PASS
Summary: Passed with reviews: Review is needed.

Check Results:
----------------------------------------
Convergence Check:
  Status: PASS
  Recommendation: The model has likely converged, as all parameters have R-hat values < 1.2.
----------------------------------------
Baseline Check:
  Status: PASS
  Recommendation: The posterior probability that the baseline is negative is 0.03. We recommend visually inspecting the baseline time series in the Model Fit charts to confirm this.
----------------------------------------
BayesianPPP Check:
  Status: PASS
  Recommendation: The Bayesian posterior predictive p-value is 0.88. The observed total outcome is consistent with the model's posterior predictive distribution.
----------------------------------------
GoodnessOfFit Check:
  Status: PASS
  Recommendation: R-squared = 0.6577, MAPE = 0.0925, and wMAPE = 0.0897. These goodness-of-fit metrics are intended for guidance and relative comparison.
----------------------------------------
PriorPosteriorShift Check:
  Status: PASS
  Recommendation: The model has successfully learned from the data. This is a positive sign that your data was informative.
----------------------------------------
ROIConsistency Check:
  Status: REVIEW
  Recommendation: We've detected an unusually low ROI estimate (for channels `meta`, `google`) where the posterior point estimate falls into the extreme tail of your custom prior. Please review this result to determine if it is reasonable within your business context.",0.6577,0.0925,0.0897,0.88,0.03
multi|meta|2.000000|0.500000|LogNormal|alpha=0p3|ec=0p5|slope=1p2|lag=4|decay=geometric,"{""roi_prior_overrides"": {""meta"": {""dist"": ""LogNormal"", ""mu"": 2.0, ""sigma"": 0.5}}, ""structural_overrides"": {""adstock_decay_spec"": ""geometric"", ""alpha_m"": 0.3, ""ec_m"": 0.5, ""max_lag"": 4, ""slope_m"": 1.2}}",meta,meta,amazon,2.0,0.5,LogNormal,0.3,0.5,1.2,4,geometric,False,0.180427642527502,0.1282965696700894,0.032128289528191,0.1465680673718452,0.4420865327119826,0.4,0.5,LogNormal,0.9896076238563998,0.233624326164293,PASS,Passed with reviews: Review is needed.,PASS,True,"========================================
Model Quality Checks
========================================
Overall Status: PASS
Summary: Passed with reviews: Review is needed.

Check Results:
----------------------------------------
Convergence Check:
  Status: PASS
  Recommendation: The model has likely converged, as all parameters have R-hat values < 1.2.
----------------------------------------
Baseline Check:
  Status: PASS
  Recommendation: The posterior probability that the baseline is negative is 0.03. We recommend visually inspecting the baseline time series in the Model Fit charts to confirm this.
----------------------------------------
BayesianPPP Check:
  Status: PASS
  Recommendation: The Bayesian posterior predictive p-value is 0.88. The observed total outcome is consistent with the model's posterior predictive distribution.
----------------------------------------
GoodnessOfFit Check:
  Status: PASS
  Recommendation: R-squared = 0.6577, MAPE = 0.0925, and wMAPE = 0.0897. These goodness-of-fit metrics are intended for guidance and relative comparison.
----------------------------------------
PriorPosteriorShift Check:
  Status: PASS
  Recommendation: The model has successfully learned from the data. This is a positive sign that your data was informative.
----------------------------------------
ROIConsistency Check:
  Status: REVIEW
  Recommendation: We've detected an unusually low ROI estimate (for channels `meta`, `google`) where the posterior point estimate falls into the extreme tail of your custom prior. Please review this result to determine if it is reasonable within your business context.",0.6577,0.0925,0.0897,0.88,0.03
multi|meta|2.000000|1.000000|LogNormal|alpha=0p3|ec=0p5|slope=1p2|lag=4|decay=geometric,"{""roi_prior_overrides"": {""meta"": {""dist"": ""LogNormal"", ""mu"": 2.0, ""sigma"": 1.0}}, ""structural_overrides"": {""adstock_decay_spec"": ""geometric"", ""alpha_m"": 0.3, ""ec_m"": 0.5, ""max_lag"": 4, ""slope_m"": 1.2}}",meta,meta,meta,2.0,1.0,LogNormal,0.3,0.5,1.2,4,geometric,False,0.0676667802004764,0.0132220677794137,0.047584762237966,0.0673086121678352,0.0909186106175184,2.0,1.0,LogNormal,5.692911291532166,1.8895582565843905,PASS,Passed with reviews: Review is needed.,PASS,True,"========================================
Model Quality Checks
========================================
Overall Status: PASS
Summary: Passed with reviews: Review is needed.

Check Results:
----------------------------------------
Convergence Check:
  Status: PASS
  Recommendation: The model has likely converged, as all parameters have R-hat values < 1.2.
----------------------------------------
Baseline Check:
  Status: PASS
  Recommendation: The posterior probability that the baseline is negative is 0.00. We recommend visually inspecting the baseline time series in the Model Fit charts to confirm this.
----------------------------------------
BayesianPPP Check:
  Status: PASS
  Recommendation: The Bayesian posterior predictive p-value is 0.92. The observed total outcome is consistent with the model's posterior predictive distribution.
----------------------------------------
GoodnessOfFit Check:
  Status: PASS
  Recommendation: R-squared = 0.8529, MAPE = 0.0622, and wMAPE = 0.0612. These goodness-of-fit metrics are intended for guidance and relative comparison.
----------------------------------------
PriorPosteriorShift Check:
  Status: PASS
  Recommendation: The model has successfully learned from the data. This is a positive sign that your data was informative.
----------------------------------------
ROIConsistency Check:
  Status: REVIEW
  Recommendation: We've detected an unusually low ROI estimate (for channels `meta`, `google`) where the posterior point estimate falls into the extreme tail of your custom prior. Please review this result to determine if it is reasonable within your business context.",0.8529,0.0622,0.0612,0.92,0.0
multi|meta|2.000000|1.000000|LogNormal|alpha=0p3|ec=0p5|slope=1p2|lag=4|decay=geometric,"{""roi_prior_overrides"": {""meta"": {""dist"": ""LogNormal"", ""mu"": 2.0, ""sigma"": 1.0}}, ""structural_overrides"": {""adstock_decay_spec"": ""geometric"", ""alpha_m"": 0.3, ""ec_m"": 0.5, ""max_lag"": 4, ""slope_m"": 1.2}}",meta,meta,google,2.0,1.0,LogNormal,0.3,0.5,1.2,4,geometric,False,0.0162062050993942,0.0069599368817522,0.0059889960102736,0.0157618671655654,0.0286697292700409,0.4,0.5,LogNormal,4.069129928281956,0.3807939902904295,PASS,Passed with reviews: Review is needed.,PASS,True,"========================================
Model Quality Checks
========================================
Overall Status: PASS
Summary: Passed with reviews: Review is needed.

Check Results:
----------------------------------------
Convergence Check:
  Status: PASS
  Recommendation: The model has likely converged, as all parameters have R-hat values < 1.2.
----------------------------------------
Baseline Check:
  Status: PASS
  Recommendation: The posterior probability that the baseline is negative is 0.00. We recommend visually inspecting the baseline time series in the Model Fit charts to confirm this.
----------------------------------------
BayesianPPP Check:
  Status: PASS
  Recommendation: The Bayesian posterior predictive p-value is 0.92. The observed total outcome is consistent with the model's posterior predictive distribution.
----------------------------------------
GoodnessOfFit Check:
  Status: PASS
  Recommendation: R-squared = 0.8529, MAPE = 0.0622, and wMAPE = 0.0612. These goodness-of-fit metrics are intended for guidance and relative comparison.
----------------------------------------
PriorPosteriorShift Check:
  Status: PASS
  Recommendation: The model has successfully learned from the data. This is a positive sign that your data was informative.
----------------------------------------
ROIConsistency Check:
  Status: REVIEW
  Recommendation: We've detected an unusually low ROI estimate (for channels `meta`, `google`) where the posterior point estimate falls into the extreme tail of your custom prior. Please review this result to determine if it is reasonable within your business context.",0.8529,0.0622,0.0612,0.92,0.0
multi|meta|2.000000|1.000000|LogNormal|alpha=0p3|ec=0p5|slope=1p2|lag=4|decay=geometric,"{""roi_prior_overrides"": {""meta"": {""dist"": ""LogNormal"", ""mu"": 2.0, ""sigma"": 1.0}}, ""structural_overrides"": {""adstock_decay_spec"": ""geometric"", ""alpha_m"": 0.3, ""ec_m"": 0.5, ""max_lag"": 4, ""slope_m"": 1.2}}",meta,meta,snapchat,2.0,1.0,LogNormal,0.3,0.5,1.2,4,geometric,False,0.0288474438353053,0.0137974290443776,0.0097168069332838,0.0271267695352435,0.0534515891224145,0.4,0.5,LogNormal,3.366015002738939,0.3652453465830506,PASS,Passed with reviews: Review is needed.,PASS,True,"========================================
Model Quality Checks
========================================
Overall Status: PASS
Summary: Passed with reviews: Review is needed.

Check Results:
----------------------------------------
Convergence Check:
  Status: PASS
  Recommendation: The model has likely converged, as all parameters have R-hat values < 1.2.
----------------------------------------
Baseline Check:
  Status: PASS
  Recommendation: The posterior probability that the baseline is negative is 0.00. We recommend visually inspecting the baseline time series in the Model Fit charts to confirm this.
----------------------------------------
BayesianPPP Check:
  Status: PASS
  Recommendation: The Bayesian posterior predictive p-value is 0.92. The observed total outcome is consistent with the model's posterior predictive distribution.
----------------------------------------
GoodnessOfFit Check:
  Status: PASS
  Recommendation: R-squared = 0.8529, MAPE = 0.0622, and wMAPE = 0.0612. These goodness-of-fit metrics are intended for guidance and relative comparison.
----------------------------------------
PriorPosteriorShift Check:
  Status: PASS
  Recommendation: The model has successfully learned from the data. This is a positive sign that your data was informative.
----------------------------------------
ROIConsistency Check:
  Status: REVIEW
  Recommendation: We've detected an unusually low ROI estimate (for channels `meta`, `google`) where the posterior point estimate falls into the extreme tail of your custom prior. Please review this result to determine if it is reasonable within your business context.",0.8529,0.0622,0.0612,0.92,0.0
multi|meta|2.000000|1.000000|LogNormal|alpha=0p3|ec=0p5|slope=1p2|lag=4|decay=geometric,"{""roi_prior_overrides"": {""meta"": {""dist"": ""LogNormal"", ""mu"": 2.0, ""sigma"": 1.0}}, ""structural_overrides"": {""adstock_decay_spec"": ""geometric"", ""alpha_m"": 0.3, ""ec_m"": 0.5, ""max_lag"": 4, ""slope_m"": 1.2}}",meta,meta,tiktok,2.0,1.0,LogNormal,0.3,0.5,1.2,4,geometric,False,0.0330518835883898,0.0153626524378838,0.0121655373834073,0.0314752906560897,0.0615149391815066,0.4,0.5,LogNormal,3.252442563308814,0.3780029465083821,PASS,Passed with reviews: Review is needed.,PASS,True,"========================================
Model Quality Checks
========================================
Overall Status: PASS
Summary: Passed with reviews: Review is needed.

Check Results:
----------------------------------------
Convergence Check:
  Status: PASS
  Recommendation: The model has likely converged, as all parameters have R-hat values < 1.2.
----------------------------------------
Baseline Check:
  Status: PASS
  Recommendation: The posterior probability that the baseline is negative is 0.00. We recommend visually inspecting the baseline time series in the Model Fit charts to confirm this.
----------------------------------------
BayesianPPP Check:
  Status: PASS
  Recommendation: The Bayesian posterior predictive p-value is 0.92. The observed total outcome is consistent with the model's posterior predictive distribution.
----------------------------------------
GoodnessOfFit Check:
  Status: PASS
  Recommendation: R-squared = 0.8529, MAPE = 0.0622, and wMAPE = 0.0612. These goodness-of-fit metrics are intended for guidance and relative comparison.
----------------------------------------
PriorPosteriorShift Check:
  Status: PASS
  Recommendation: The model has successfully learned from the data. This is a positive sign that your data was informative.
----------------------------------------
ROIConsistency Check:
  Status: REVIEW
  Recommendation: We've detected an unusually low ROI estimate (for channels `meta`, `google`) where the posterior point estimate falls into the extreme tail of your custom prior. Please review this result to determine if it is reasonable within your business context.",0.8529,0.0622,0.0612,0.92,0.0
multi|meta|2.000000|1.000000|LogNormal|alpha=0p3|ec=0p5|slope=1p2|lag=4|decay=geometric,"{""roi_prior_overrides"": {""meta"": {""dist"": ""LogNormal"", ""mu"": 2.0, ""sigma"": 1.0}}, ""structural_overrides"": {""adstock_decay_spec"": ""geometric"", ""alpha_m"": 0.3, ""ec_m"": 0.5, ""max_lag"": 4, ""slope_m"": 1.2}}",meta,meta,moloco,2.0,1.0,LogNormal,0.3,0.5,1.2,4,geometric,False,0.0673559608357027,0.0325450577005024,0.0231821515597403,0.0626279041171073,0.1292143084108829,0.4,0.5,LogNormal,2.455405053598719,0.3385712944712158,PASS,Passed with reviews: Review is needed.,PASS,True,"========================================
Model Quality Checks
========================================
Overall Status: PASS
Summary: Passed with reviews: Review is needed.

Check Results:
----------------------------------------
Convergence Check:
  Status: PASS
  Recommendation: The model has likely converged, as all parameters have R-hat values < 1.2.
----------------------------------------
Baseline Check:
  Status: PASS
  Recommendation: The posterior probability that the baseline is negative is 0.00. We recommend visually inspecting the baseline time series in the Model Fit charts to confirm this.
----------------------------------------
BayesianPPP Check:
  Status: PASS
  Recommendation: The Bayesian posterior predictive p-value is 0.92. The observed total outcome is consistent with the model's posterior predictive distribution.
----------------------------------------
GoodnessOfFit Check:
  Status: PASS
  Recommendation: R-squared = 0.8529, MAPE = 0.0622, and wMAPE = 0.0612. These goodness-of-fit metrics are intended for guidance and relative comparison.
----------------------------------------
PriorPosteriorShift Check:
  Status: PASS
  Recommendation: The model has successfully learned from the data. This is a positive sign that your data was informative.
----------------------------------------
ROIConsistency Check:
  Status: REVIEW
  Recommendation: We've detected an unusually low ROI estimate (for channels `meta`, `google`) where the posterior point estimate falls into the extreme tail of your custom prior. Please review this result to determine if it is reasonable within your business context.",0.8529,0.0622,0.0612,0.92,0.0
multi|meta|2.000000|1.000000|LogNormal|alpha=0p3|ec=0p5|slope=1p2|lag=4|decay=geometric,"{""roi_prior_overrides"": {""meta"": {""dist"": ""LogNormal"", ""mu"": 2.0, ""sigma"": 1.0}}, ""structural_overrides"": {""adstock_decay_spec"": ""geometric"", ""alpha_m"": 0.3, ""ec_m"": 0.5, ""max_lag"": 4, ""slope_m"": 1.2}}",meta,meta,liveintent,2.0,1.0,LogNormal,0.3,0.5,1.2,4,geometric,False,0.0995573992227825,0.0603450244782809,0.0300970632582902,0.0862208865582943,0.2156172476708888,0.4,0.5,LogNormal,1.802344155395613,0.3070860360651781,PASS,Passed with reviews: Review is needed.,PASS,True,"========================================
Model Quality Checks
========================================
Overall Status: PASS
Summary: Passed with reviews: Review is needed.

Check Results:
----------------------------------------
Convergence Check:
  Status: PASS
  Recommendation: The model has likely converged, as all parameters have R-hat values < 1.2.
----------------------------------------
Baseline Check:
  Status: PASS
  Recommendation: The posterior probability that the baseline is negative is 0.00. We recommend visually inspecting the baseline time series in the Model Fit charts to confirm this.
----------------------------------------
BayesianPPP Check:
  Status: PASS
  Recommendation: The Bayesian posterior predictive p-value is 0.92. The observed total outcome is consistent with the model's posterior predictive distribution.
----------------------------------------
GoodnessOfFit Check:
  Status: PASS
  Recommendation: R-squared = 0.8529, MAPE = 0.0622, and wMAPE = 0.0612. These goodness-of-fit metrics are intended for guidance and relative comparison.
----------------------------------------
PriorPosteriorShift Check:
  Status: PASS
  Recommendation: The model has successfully learned from the data. This is a positive sign that your data was informative.
----------------------------------------
ROIConsistency Check:
  Status: REVIEW
  Recommendation: We've detected an unusually low ROI estimate (for channels `meta`, `google`) where the posterior point estimate falls into the extreme tail of your custom prior. Please review this result to determine if it is reasonable within your business context.",0.8529,0.0622,0.0612,0.92,0.0
multi|meta|2.000000|1.000000|LogNormal|alpha=0p3|ec=0p5|slope=1p2|lag=4|decay=geometric,"{""roi_prior_overrides"": {""meta"": {""dist"": ""LogNormal"", ""mu"": 2.0, ""sigma"": 1.0}}, ""structural_overrides"": {""adstock_decay_spec"": ""geometric"", ""alpha_m"": 0.3, ""ec_m"": 0.5, ""max_lag"": 4, ""slope_m"": 1.2}}",meta,meta,beehiiv,2.0,1.0,LogNormal,0.3,0.5,1.2,4,geometric,False,0.1754682001370626,0.1152026328923381,0.0362813996151089,0.1488442718982696,0.4033045858144759,0.4,0.5,LogNormal,1.0952878470033924,0.2191280412295054,PASS,Passed with reviews: Review is needed.,PASS,True,"========================================
Model Quality Checks
========================================
Overall Status: PASS
Summary: Passed with reviews: Review is needed.

Check Results:
----------------------------------------
Convergence Check:
  Status: PASS
  Recommendation: The model has likely converged, as all parameters have R-hat values < 1.2.
----------------------------------------
Baseline Check:
  Status: PASS
  Recommendation: The posterior probability that the baseline is negative is 0.00. We recommend visually inspecting the baseline time series in the Model Fit charts to confirm this.
----------------------------------------
BayesianPPP Check:
  Status: PASS
  Recommendation: The Bayesian posterior predictive p-value is 0.92. The observed total outcome is consistent with the model's posterior predictive distribution.
----------------------------------------
GoodnessOfFit Check:
  Status: PASS
  Recommendation: R-squared = 0.8529, MAPE = 0.0622, and wMAPE = 0.0612. These goodness-of-fit metrics are intended for guidance and relative comparison.
----------------------------------------
PriorPosteriorShift Check:
  Status: PASS
  Recommendation: The model has successfully learned from the data. This is a positive sign that your data was informative.
----------------------------------------
ROIConsistency Check:
  Status: REVIEW
  Recommendation: We've detected an unusually low ROI estimate (for channels `meta`, `google`) where the posterior point estimate falls into the extreme tail of your custom prior. Please review this result to determine if it is reasonable within your business context.",0.8529,0.0622,0.0612,0.92,0.0
multi|meta|2.000000|1.000000|LogNormal|alpha=0p3|ec=0p5|slope=1p2|lag=4|decay=geometric,"{""roi_prior_overrides"": {""meta"": {""dist"": ""LogNormal"", ""mu"": 2.0, ""sigma"": 1.0}}, ""structural_overrides"": {""adstock_decay_spec"": ""geometric"", ""alpha_m"": 0.3, ""ec_m"": 0.5, ""max_lag"": 4, ""slope_m"": 1.2}}",meta,meta,amazon,2.0,1.0,LogNormal,0.3,0.5,1.2,4,geometric,False,0.1531048530507056,0.0988552278304066,0.0353484792634844,0.1277017891407013,0.3454791262745857,0.4,0.5,LogNormal,1.2624108030182355,0.2608163628373499,PASS,Passed with reviews: Review is needed.,PASS,True,"========================================
Model Quality Checks
========================================
Overall Status: PASS
Summary: Passed with reviews: Review is needed.

Check Results:
----------------------------------------
Convergence Check:
  Status: PASS
  Recommendation: The model has likely converged, as all parameters have R-hat values < 1.2.
----------------------------------------
Baseline Check:
  Status: PASS
  Recommendation: The posterior probability that the baseline is negative is 0.00. We recommend visually inspecting the baseline time series in the Model Fit charts to confirm this.
----------------------------------------
BayesianPPP Check:
  Status: PASS
  Recommendation: The Bayesian posterior predictive p-value is 0.92. The observed total outcome is consistent with the model's posterior predictive distribution.
----------------------------------------
GoodnessOfFit Check:
  Status: PASS
  Recommendation: R-squared = 0.8529, MAPE = 0.0622, and wMAPE = 0.0612. These goodness-of-fit metrics are intended for guidance and relative comparison.
----------------------------------------
PriorPosteriorShift Check:
  Status: PASS
  Recommendation: The model has successfully learned from the data. This is a positive sign that your data was informative.
----------------------------------------
ROIConsistency Check:
  Status: REVIEW
  Recommendation: We've detected an unusually low ROI estimate (for channels `meta`, `google`) where the posterior point estimate falls into the extreme tail of your custom prior. Please review this result to determine if it is reasonable within your business context.",0.8529,0.0622,0.0612,0.92,0.0
multi|meta|2.000000|1.500000|LogNormal|alpha=0p3|ec=0p5|slope=1p2|lag=4|decay=geometric,"{""roi_prior_overrides"": {""meta"": {""dist"": ""LogNormal"", ""mu"": 2.0, ""sigma"": 1.5}}, ""structural_overrides"": {""adstock_decay_spec"": ""geometric"", ""alpha_m"": 0.3, ""ec_m"": 0.5, ""max_lag"": 4, ""slope_m"": 1.2}}",meta,meta,meta,2.0,1.5,LogNormal,0.3,0.5,1.2,4,geometric,False,0.0451820241877188,0.0115464678419178,0.0274575876072049,0.0445359703153371,0.0651868499815464,2.0,1.5,LogNormal,5.216051175774416,1.8859802539640005,PASS,Passed with reviews: Review is needed.,PASS,True,"========================================
Model Quality Checks
========================================
Overall Status: PASS
Summary: Passed with reviews: Review is needed.

Check Results:
----------------------------------------
Convergence Check:
  Status: PASS
  Recommendation: The model has likely converged, as all parameters have R-hat values < 1.2.
----------------------------------------
Baseline Check:
  Status: PASS
  Recommendation: The posterior probability that the baseline is negative is 0.00. We recommend visually inspecting the baseline time series in the Model Fit charts to confirm this.
----------------------------------------
BayesianPPP Check:
  Status: PASS
  Recommendation: The Bayesian posterior predictive p-value is 0.93. The observed total outcome is consistent with the model's posterior predictive distribution.
----------------------------------------
GoodnessOfFit Check:
  Status: PASS
  Recommendation: R-squared = 0.8740, MAPE = 0.0572, and wMAPE = 0.0562. These goodness-of-fit metrics are intended for guidance and relative comparison.
----------------------------------------
PriorPosteriorShift Check:
  Status: PASS
  Recommendation: The model has successfully learned from the data. This is a positive sign that your data was informative.
----------------------------------------
ROIConsistency Check:
  Status: REVIEW
  Recommendation: We've detected an unusually low ROI estimate (for channels `meta`, `google`) where the posterior point estimate falls into the extreme tail of your custom prior. Please review this result to determine if it is reasonable within your business context.",0.874,0.0572,0.0562,0.93,0.0
multi|meta|2.000000|1.500000|LogNormal|alpha=0p3|ec=0p5|slope=1p2|lag=4|decay=geometric,"{""roi_prior_overrides"": {""meta"": {""dist"": ""LogNormal"", ""mu"": 2.0, ""sigma"": 1.5}}, ""structural_overrides"": {""adstock_decay_spec"": ""geometric"", ""alpha_m"": 0.3, ""ec_m"": 0.5, ""max_lag"": 4, ""slope_m"": 1.2}}",meta,meta,google,2.0,1.5,LogNormal,0.3,0.5,1.2,4,geometric,False,0.0151652735520231,0.0064609296619727,0.0065872010309249,0.0140902083367109,0.0274174961261451,0.4,0.5,LogNormal,4.145113901044485,0.381835044306026,PASS,Passed with reviews: Review is needed.,PASS,True,"========================================
Model Quality Checks
========================================
Overall Status: PASS
Summary: Passed with reviews: Review is needed.

Check Results:
----------------------------------------
Convergence Check:
  Status: PASS
  Recommendation: The model has likely converged, as all parameters have R-hat values < 1.2.
----------------------------------------
Baseline Check:
  Status: PASS
  Recommendation: The posterior probability that the baseline is negative is 0.00. We recommend visually inspecting the baseline time series in the Model Fit charts to confirm this.
----------------------------------------
BayesianPPP Check:
  Status: PASS
  Recommendation: The Bayesian posterior predictive p-value is 0.93. The observed total outcome is consistent with the model's posterior predictive distribution.
----------------------------------------
GoodnessOfFit Check:
  Status: PASS
  Recommendation: R-squared = 0.8740, MAPE = 0.0572, and wMAPE = 0.0562. These goodness-of-fit metrics are intended for guidance and relative comparison.
----------------------------------------
PriorPosteriorShift Check:
  Status: PASS
  Recommendation: The model has successfully learned from the data. This is a positive sign that your data was informative.
----------------------------------------
ROIConsistency Check:
  Status: REVIEW
  Recommendation: We've detected an unusually low ROI estimate (for channels `meta`, `google`) where the posterior point estimate falls into the extreme tail of your custom prior. Please review this result to determine if it is reasonable within your business context.",0.874,0.0572,0.0562,0.93,0.0
multi|meta|2.000000|1.500000|LogNormal|alpha=0p3|ec=0p5|slope=1p2|lag=4|decay=geometric,"{""roi_prior_overrides"": {""meta"": {""dist"": ""LogNormal"", ""mu"": 2.0, ""sigma"": 1.5}}, ""structural_overrides"": {""adstock_decay_spec"": ""geometric"", ""alpha_m"": 0.3, ""ec_m"": 0.5, ""max_lag"": 4, ""slope_m"": 1.2}}",meta,meta,snapchat,2.0,1.5,LogNormal,0.3,0.5,1.2,4,geometric,False,0.0293126095231855,0.0137359001245036,0.0099226030055433,0.0283730048686265,0.0539191115647554,0.4,0.5,LogNormal,3.3697908787506754,0.364778906021752,PASS,Passed with reviews: Review is needed.,PASS,True,"========================================
Model Quality Checks
========================================
Overall Status: PASS
Summary: Passed with reviews: Review is needed.

Check Results:
----------------------------------------
Convergence Check:
  Status: PASS
  Recommendation: The model has likely converged, as all parameters have R-hat values < 1.2.
----------------------------------------
Baseline Check:
  Status: PASS
  Recommendation: The posterior probability that the baseline is negative is 0.00. We recommend visually inspecting the baseline time series in the Model Fit charts to confirm this.
----------------------------------------
BayesianPPP Check:
  Status: PASS
  Recommendation: The Bayesian posterior predictive p-value is 0.93. The observed total outcome is consistent with the model's posterior predictive distribution.
----------------------------------------
GoodnessOfFit Check:
  Status: PASS
  Recommendation: R-squared = 0.8740, MAPE = 0.0572, and wMAPE = 0.0562. These goodness-of-fit metrics are intended for guidance and relative comparison.
----------------------------------------
PriorPosteriorShift Check:
  Status: PASS
  Recommendation: The model has successfully learned from the data. This is a positive sign that your data was informative.
----------------------------------------
ROIConsistency Check:
  Status: REVIEW
  Recommendation: We've detected an unusually low ROI estimate (for channels `meta`, `google`) where the posterior point estimate falls into the extreme tail of your custom prior. Please review this result to determine if it is reasonable within your business context.",0.874,0.0572,0.0562,0.93,0.0
multi|meta|2.000000|1.500000|LogNormal|alpha=0p3|ec=0p5|slope=1p2|lag=4|decay=geometric,"{""roi_prior_overrides"": {""meta"": {""dist"": ""LogNormal"", ""mu"": 2.0, ""sigma"": 1.5}}, ""structural_overrides"": {""adstock_decay_spec"": ""geometric"", ""alpha_m"": 0.3, ""ec_m"": 0.5, ""max_lag"": 4, ""slope_m"": 1.2}}",meta,meta,tiktok,2.0,1.5,LogNormal,0.3,0.5,1.2,4,geometric,False,0.0300708958075847,0.0142349627420078,0.0108534664846956,0.0281887017190456,0.0574874687939882,0.4,0.5,LogNormal,3.333007347632403,0.3809769957119577,PASS,Passed with reviews: Review is needed.,PASS,True,"========================================
Model Quality Checks
========================================
Overall Status: PASS
Summary: Passed with reviews: Review is needed.

Check Results:
----------------------------------------
Convergence Check:
  Status: PASS
  Recommendation: The model has likely converged, as all parameters have R-hat values < 1.2.
----------------------------------------
Baseline Check:
  Status: PASS
  Recommendation: The posterior probability that the baseline is negative is 0.00. We recommend visually inspecting the baseline time series in the Model Fit charts to confirm this.
----------------------------------------
BayesianPPP Check:
  Status: PASS
  Recommendation: The Bayesian posterior predictive p-value is 0.93. The observed total outcome is consistent with the model's posterior predictive distribution.
----------------------------------------
GoodnessOfFit Check:
  Status: PASS
  Recommendation: R-squared = 0.8740, MAPE = 0.0572, and wMAPE = 0.0562. These goodness-of-fit metrics are intended for guidance and relative comparison.
----------------------------------------
PriorPosteriorShift Check:
  Status: PASS
  Recommendation: The model has successfully learned from the data. This is a positive sign that your data was informative.
----------------------------------------
ROIConsistency Check:
  Status: REVIEW
  Recommendation: We've detected an unusually low ROI estimate (for channels `meta`, `google`) where the posterior point estimate falls into the extreme tail of your custom prior. Please review this result to determine if it is reasonable within your business context.",0.874,0.0572,0.0562,0.93,0.0
multi|meta|2.000000|1.500000|LogNormal|alpha=0p3|ec=0p5|slope=1p2|lag=4|decay=geometric,"{""roi_prior_overrides"": {""meta"": {""dist"": ""LogNormal"", ""mu"": 2.0, ""sigma"": 1.5}}, ""structural_overrides"": {""adstock_decay_spec"": ""geometric"", ""alpha_m"": 0.3, ""ec_m"": 0.5, ""max_lag"": 4, ""slope_m"": 1.2}}",meta,meta,moloco,2.0,1.5,LogNormal,0.3,0.5,1.2,4,geometric,False,0.0697642552002798,0.0323382623977449,0.0246944289654493,0.0666059032082557,0.130096660554409,0.4,0.5,LogNormal,2.458559795631104,0.3361774005158415,PASS,Passed with reviews: Review is needed.,PASS,True,"========================================
Model Quality Checks
========================================
Overall Status: PASS
Summary: Passed with reviews: Review is needed.

Check Results:
----------------------------------------
Convergence Check:
  Status: PASS
  Recommendation: The model has likely converged, as all parameters have R-hat values < 1.2.
----------------------------------------
Baseline Check:
  Status: PASS
  Recommendation: The posterior probability that the baseline is negative is 0.00. We recommend visually inspecting the baseline time series in the Model Fit charts to confirm this.
----------------------------------------
BayesianPPP Check:
  Status: PASS
  Recommendation: The Bayesian posterior predictive p-value is 0.93. The observed total outcome is consistent with the model's posterior predictive distribution.
----------------------------------------
GoodnessOfFit Check:
  Status: PASS
  Recommendation: R-squared = 0.8740, MAPE = 0.0572, and wMAPE = 0.0562. These goodness-of-fit metrics are intended for guidance and relative comparison.
----------------------------------------
PriorPosteriorShift Check:
  Status: PASS
  Recommendation: The model has successfully learned from the data. This is a positive sign that your data was informative.
----------------------------------------
ROIConsistency Check:
  Status: REVIEW
  Recommendation: We've detected an unusually low ROI estimate (for channels `meta`, `google`) where the posterior point estimate falls into the extreme tail of your custom prior. Please review this result to determine if it is reasonable within your business context.",0.874,0.0572,0.0562,0.93,0.0
multi|meta|2.000000|1.500000|LogNormal|alpha=0p3|ec=0p5|slope=1p2|lag=4|decay=geometric,"{""roi_prior_overrides"": {""meta"": {""dist"": ""LogNormal"", ""mu"": 2.0, ""sigma"": 1.5}}, ""structural_overrides"": {""adstock_decay_spec"": ""geometric"", ""alpha_m"": 0.3, ""ec_m"": 0.5, ""max_lag"": 4, ""slope_m"": 1.2}}",meta,meta,liveintent,2.0,1.5,LogNormal,0.3,0.5,1.2,4,geometric,False,0.1020040898614873,0.0584580877659841,0.030299068801105,0.0921748429536819,0.2090786382555961,0.4,0.5,LogNormal,1.8307358703700047,0.3045953529766438,PASS,Passed with reviews: Review is needed.,PASS,True,"========================================
Model Quality Checks
========================================
Overall Status: PASS
Summary: Passed with reviews: Review is needed.

Check Results:
----------------------------------------
Convergence Check:
  Status: PASS
  Recommendation: The model has likely converged, as all parameters have R-hat values < 1.2.
----------------------------------------
Baseline Check:
  Status: PASS
  Recommendation: The posterior probability that the baseline is negative is 0.00. We recommend visually inspecting the baseline time series in the Model Fit charts to confirm this.
----------------------------------------
BayesianPPP Check:
  Status: PASS
  Recommendation: The Bayesian posterior predictive p-value is 0.93. The observed total outcome is consistent with the model's posterior predictive distribution.
----------------------------------------
GoodnessOfFit Check:
  Status: PASS
  Recommendation: R-squared = 0.8740, MAPE = 0.0572, and wMAPE = 0.0562. These goodness-of-fit metrics are intended for guidance and relative comparison.
----------------------------------------
PriorPosteriorShift Check:
  Status: PASS
  Recommendation: The model has successfully learned from the data. This is a positive sign that your data was informative.
----------------------------------------
ROIConsistency Check:
  Status: REVIEW
  Recommendation: We've detected an unusually low ROI estimate (for channels `meta`, `google`) where the posterior point estimate falls into the extreme tail of your custom prior. Please review this result to determine if it is reasonable within your business context.",0.874,0.0572,0.0562,0.93,0.0
multi|meta|2.000000|1.500000|LogNormal|alpha=0p3|ec=0p5|slope=1p2|lag=4|decay=geometric,"{""roi_prior_overrides"": {""meta"": {""dist"": ""LogNormal"", ""mu"": 2.0, ""sigma"": 1.5}}, ""structural_overrides"": {""adstock_decay_spec"": ""geometric"", ""alpha_m"": 0.3, ""ec_m"": 0.5, ""max_lag"": 4, ""slope_m"": 1.2}}",meta,meta,beehiiv,2.0,1.5,LogNormal,0.3,0.5,1.2,4,geometric,False,0.1756911472324281,0.1069841158047773,0.0392492344602942,0.1542092785239219,0.3848848477005958,0.4,0.5,LogNormal,1.1654478503316503,0.21884270553253,PASS,Passed with reviews: Review is needed.,PASS,True,"========================================
Model Quality Checks
========================================
Overall Status: PASS
Summary: Passed with reviews: Review is needed.

Check Results:
----------------------------------------
Convergence Check:
  Status: PASS
  Recommendation: The model has likely converged, as all parameters have R-hat values < 1.2.
----------------------------------------
Baseline Check:
  Status: PASS
  Recommendation: The posterior probability that the baseline is negative is 0.00. We recommend visually inspecting the baseline time series in the Model Fit charts to confirm this.
----------------------------------------
BayesianPPP Check:
  Status: PASS
  Recommendation: The Bayesian posterior predictive p-value is 0.93. The observed total outcome is consistent with the model's posterior predictive distribution.
----------------------------------------
GoodnessOfFit Check:
  Status: PASS
  Recommendation: R-squared = 0.8740, MAPE = 0.0572, and wMAPE = 0.0562. These goodness-of-fit metrics are intended for guidance and relative comparison.
----------------------------------------
PriorPosteriorShift Check:
  Status: PASS
  Recommendation: The model has successfully learned from the data. This is a positive sign that your data was informative.
----------------------------------------
ROIConsistency Check:
  Status: REVIEW
  Recommendation: We've detected an unusually low ROI estimate (for channels `meta`, `google`) where the posterior point estimate falls into the extreme tail of your custom prior. Please review this result to determine if it is reasonable within your business context.",0.874,0.0572,0.0562,0.93,0.0
multi|meta|2.000000|1.500000|LogNormal|alpha=0p3|ec=0p5|slope=1p2|lag=4|decay=geometric,"{""roi_prior_overrides"": {""meta"": {""dist"": ""LogNormal"", ""mu"": 2.0, ""sigma"": 1.5}}, ""structural_overrides"": {""adstock_decay_spec"": ""geometric"", ""alpha_m"": 0.3, ""ec_m"": 0.5, ""max_lag"": 4, ""slope_m"": 1.2}}",meta,meta,amazon,2.0,1.5,LogNormal,0.3,0.5,1.2,4,geometric,False,0.1448393989711379,0.0921418015661385,0.0314085615798831,0.1248507648706436,0.312351432442665,0.4,0.5,LogNormal,1.3384734744452431,0.2691421263517213,PASS,Passed with reviews: Review is needed.,PASS,True,"========================================
Model Quality Checks
========================================
Overall Status: PASS
Summary: Passed with reviews: Review is needed.

Check Results:
----------------------------------------
Convergence Check:
  Status: PASS
  Recommendation: The model has likely converged, as all parameters have R-hat values < 1.2.
----------------------------------------
Baseline Check:
  Status: PASS
  Recommendation: The posterior probability that the baseline is negative is 0.00. We recommend visually inspecting the baseline time series in the Model Fit charts to confirm this.
----------------------------------------
BayesianPPP Check:
  Status: PASS
  Recommendation: The Bayesian posterior predictive p-value is 0.93. The observed total outcome is consistent with the model's posterior predictive distribution.
----------------------------------------
GoodnessOfFit Check:
  Status: PASS
  Recommendation: R-squared = 0.8740, MAPE = 0.0572, and wMAPE = 0.0562. These goodness-of-fit metrics are intended for guidance and relative comparison.
----------------------------------------
PriorPosteriorShift Check:
  Status: PASS
  Recommendation: The model has successfully learned from the data. This is a positive sign that your data was informative.
----------------------------------------
ROIConsistency Check:
  Status: REVIEW
  Recommendation: We've detected an unusually low ROI estimate (for channels `meta`, `google`) where the posterior point estimate falls into the extreme tail of your custom prior. Please review this result to determine if it is reasonable within your business context.",0.874,0.0572,0.0562,0.93,0.0
multi|meta|2.500000|0.500000|LogNormal|alpha=0p3|ec=0p5|slope=1p2|lag=4|decay=geometric,"{""roi_prior_overrides"": {""meta"": {""dist"": ""LogNormal"", ""mu"": 2.5, ""sigma"": 0.5}}, ""structural_overrides"": {""adstock_decay_spec"": ""geometric"", ""alpha_m"": 0.3, ""ec_m"": 0.5, ""max_lag"": 4, ""slope_m"": 1.2}}",meta,meta,meta,2.5,0.5,LogNormal,0.3,0.5,1.2,4,geometric,False,0.2877861459429065,0.038191772473562,0.2301673136651515,0.2849628031253814,0.3538145422935486,2.5,0.5,LogNormal,11.862685481414196,2.1937873187361534,PASS,Passed with reviews: Review is needed.,PASS,True,"========================================
Model Quality Checks
========================================
Overall Status: PASS
Summary: Passed with reviews: Review is needed.

Check Results:
----------------------------------------
Convergence Check:
  Status: PASS
  Recommendation: The model has likely converged, as all parameters have R-hat values < 1.2.
----------------------------------------
Baseline Check:
  Status: REVIEW
  Recommendation: The posterior probability that the baseline is negative is 0.26. This indicates that the baseline time series occasionally dips into negative values. We recommend visually inspecting the baseline time series in the Model Fit charts, but don't be overly concerned. An occasional, small dip may indicate minor statistical error, which is inherent in any model.
----------------------------------------
BayesianPPP Check:
  Status: PASS
  Recommendation: The Bayesian posterior predictive p-value is 0.75. The observed total outcome is consistent with the model's posterior predictive distribution.
----------------------------------------
GoodnessOfFit Check:
  Status: PASS
  Recommendation: R-squared = 0.2087, MAPE = 0.1326, and wMAPE = 0.1271. These goodness-of-fit metrics are intended for guidance and relative comparison.
----------------------------------------
PriorPosteriorShift Check:
  Status: PASS
  Recommendation: The model has successfully learned from the data. This is a positive sign that your data was informative.
----------------------------------------
ROIConsistency Check:
  Status: REVIEW
  Recommendation: We've detected an unusually low ROI estimate (for channels `meta`, `google`) where the posterior point estimate falls into the extreme tail of your custom prior. Please review this result to determine if it is reasonable within your business context.",0.2087,0.1326,0.1271,0.75,0.26
multi|meta|2.500000|0.500000|LogNormal|alpha=0p3|ec=0p5|slope=1p2|lag=4|decay=geometric,"{""roi_prior_overrides"": {""meta"": {""dist"": ""LogNormal"", ""mu"": 2.5, ""sigma"": 0.5}}, ""structural_overrides"": {""adstock_decay_spec"": ""geometric"", ""alpha_m"": 0.3, ""ec_m"": 0.5, ""max_lag"": 4, ""slope_m"": 1.2}}",meta,meta,google,2.5,0.5,LogNormal,0.3,0.5,1.2,4,geometric,False,0.0186255735593537,0.0083473801566707,0.0070558927953243,0.0175577457994222,0.0341994863003492,0.4,0.5,LogNormal,3.8836926262793607,0.3783749793971867,PASS,Passed with reviews: Review is needed.,PASS,True,"========================================
Model Quality Checks
========================================
Overall Status: PASS
Summary: Passed with reviews: Review is needed.

Check Results:
----------------------------------------
Convergence Check:
  Status: PASS
  Recommendation: The model has likely converged, as all parameters have R-hat values < 1.2.
----------------------------------------
Baseline Check:
  Status: REVIEW
  Recommendation: The posterior probability that the baseline is negative is 0.26. This indicates that the baseline time series occasionally dips into negative values. We recommend visually inspecting the baseline time series in the Model Fit charts, but don't be overly concerned. An occasional, small dip may indicate minor statistical error, which is inherent in any model.
----------------------------------------
BayesianPPP Check:
  Status: PASS
  Recommendation: The Bayesian posterior predictive p-value is 0.75. The observed total outcome is consistent with the model's posterior predictive distribution.
----------------------------------------
GoodnessOfFit Check:
  Status: PASS
  Recommendation: R-squared = 0.2087, MAPE = 0.1326, and wMAPE = 0.1271. These goodness-of-fit metrics are intended for guidance and relative comparison.
----------------------------------------
PriorPosteriorShift Check:
  Status: PASS
  Recommendation: The model has successfully learned from the data. This is a positive sign that your data was informative.
----------------------------------------
ROIConsistency Check:
  Status: REVIEW
  Recommendation: We've detected an unusually low ROI estimate (for channels `meta`, `google`) where the posterior point estimate falls into the extreme tail of your custom prior. Please review this result to determine if it is reasonable within your business context.",0.2087,0.1326,0.1271,0.75,0.26
multi|meta|2.500000|0.500000|LogNormal|alpha=0p3|ec=0p5|slope=1p2|lag=4|decay=geometric,"{""roi_prior_overrides"": {""meta"": {""dist"": ""LogNormal"", ""mu"": 2.5, ""sigma"": 0.5}}, ""structural_overrides"": {""adstock_decay_spec"": ""geometric"", ""alpha_m"": 0.3, ""ec_m"": 0.5, ""max_lag"": 4, ""slope_m"": 1.2}}",meta,meta,snapchat,2.5,0.5,LogNormal,0.3,0.5,1.2,4,geometric,False,0.0288564999907976,0.0141094343969298,0.0100591834168881,0.026617320254445,0.0550715113058686,0.4,0.5,LogNormal,3.343657566100722,0.3652283327861877,PASS,Passed with reviews: Review is needed.,PASS,True,"========================================
Model Quality Checks
========================================
Overall Status: PASS
Summary: Passed with reviews: Review is needed.

Check Results:
----------------------------------------
Convergence Check:
  Status: PASS
  Recommendation: The model has likely converged, as all parameters have R-hat values < 1.2.
----------------------------------------
Baseline Check:
  Status: REVIEW
  Recommendation: The posterior probability that the baseline is negative is 0.26. This indicates that the baseline time series occasionally dips into negative values. We recommend visually inspecting the baseline time series in the Model Fit charts, but don't be overly concerned. An occasional, small dip may indicate minor statistical error, which is inherent in any model.
----------------------------------------
BayesianPPP Check:
  Status: PASS
  Recommendation: The Bayesian posterior predictive p-value is 0.75. The observed total outcome is consistent with the model's posterior predictive distribution.
----------------------------------------
GoodnessOfFit Check:
  Status: PASS
  Recommendation: R-squared = 0.2087, MAPE = 0.1326, and wMAPE = 0.1271. These goodness-of-fit metrics are intended for guidance and relative comparison.
----------------------------------------
PriorPosteriorShift Check:
  Status: PASS
  Recommendation: The model has successfully learned from the data. This is a positive sign that your data was informative.
----------------------------------------
ROIConsistency Check:
  Status: REVIEW
  Recommendation: We've detected an unusually low ROI estimate (for channels `meta`, `google`) where the posterior point estimate falls into the extreme tail of your custom prior. Please review this result to determine if it is reasonable within your business context.",0.2087,0.1326,0.1271,0.75,0.26
multi|meta|2.500000|0.500000|LogNormal|alpha=0p3|ec=0p5|slope=1p2|lag=4|decay=geometric,"{""roi_prior_overrides"": {""meta"": {""dist"": ""LogNormal"", ""mu"": 2.5, ""sigma"": 0.5}}, ""structural_overrides"": {""adstock_decay_spec"": ""geometric"", ""alpha_m"": 0.3, ""ec_m"": 0.5, ""max_lag"": 4, ""slope_m"": 1.2}}",meta,meta,tiktok,2.5,0.5,LogNormal,0.3,0.5,1.2,4,geometric,False,0.0575952743828141,0.0292408202696873,0.0190453059971332,0.0523991417139768,0.1139975607395172,0.4,0.5,LogNormal,2.5752344543252588,0.3534472540293102,PASS,Passed with reviews: Review is needed.,PASS,True,"========================================
Model Quality Checks
========================================
Overall Status: PASS
Summary: Passed with reviews: Review is needed.

Check Results:
----------------------------------------
Convergence Check:
  Status: PASS
  Recommendation: The model has likely converged, as all parameters have R-hat values < 1.2.
----------------------------------------
Baseline Check:
  Status: REVIEW
  Recommendation: The posterior probability that the baseline is negative is 0.26. This indicates that the baseline time series occasionally dips into negative values. We recommend visually inspecting the baseline time series in the Model Fit charts, but don't be overly concerned. An occasional, small dip may indicate minor statistical error, which is inherent in any model.
----------------------------------------
BayesianPPP Check:
  Status: PASS
  Recommendation: The Bayesian posterior predictive p-value is 0.75. The observed total outcome is consistent with the model's posterior predictive distribution.
----------------------------------------
GoodnessOfFit Check:
  Status: PASS
  Recommendation: R-squared = 0.2087, MAPE = 0.1326, and wMAPE = 0.1271. These goodness-of-fit metrics are intended for guidance and relative comparison.
----------------------------------------
PriorPosteriorShift Check:
  Status: PASS
  Recommendation: The model has successfully learned from the data. This is a positive sign that your data was informative.
----------------------------------------
ROIConsistency Check:
  Status: REVIEW
  Recommendation: We've detected an unusually low ROI estimate (for channels `meta`, `google`) where the posterior point estimate falls into the extreme tail of your custom prior. Please review this result to determine if it is reasonable within your business context.",0.2087,0.1326,0.1271,0.75,0.26
multi|meta|2.500000|0.500000|LogNormal|alpha=0p3|ec=0p5|slope=1p2|lag=4|decay=geometric,"{""roi_prior_overrides"": {""meta"": {""dist"": ""LogNormal"", ""mu"": 2.5, ""sigma"": 0.5}}, ""structural_overrides"": {""adstock_decay_spec"": ""geometric"", ""alpha_m"": 0.3, ""ec_m"": 0.5, ""max_lag"": 4, ""slope_m"": 1.2}}",meta,meta,moloco,2.5,0.5,LogNormal,0.3,0.5,1.2,4,geometric,False,0.0700112936094713,0.0391384552288152,0.0207707320339977,0.0621876064687967,0.1442778378725051,0.4,0.5,LogNormal,2.2683513351172606,0.3359444574494574,PASS,Passed with reviews: Review is needed.,PASS,True,"========================================
Model Quality Checks
========================================
Overall Status: PASS
Summary: Passed with reviews: Review is needed.

Check Results:
----------------------------------------
Convergence Check:
  Status: PASS
  Recommendation: The model has likely converged, as all parameters have R-hat values < 1.2.
----------------------------------------
Baseline Check:
  Status: REVIEW
  Recommendation: The posterior probability that the baseline is negative is 0.26. This indicates that the baseline time series occasionally dips into negative values. We recommend visually inspecting the baseline time series in the Model Fit charts, but don't be overly concerned. An occasional, small dip may indicate minor statistical error, which is inherent in any model.
----------------------------------------
BayesianPPP Check:
  Status: PASS
  Recommendation: The Bayesian posterior predictive p-value is 0.75. The observed total outcome is consistent with the model's posterior predictive distribution.
----------------------------------------
GoodnessOfFit Check:
  Status: PASS
  Recommendation: R-squared = 0.2087, MAPE = 0.1326, and wMAPE = 0.1271. These goodness-of-fit metrics are intended for guidance and relative comparison.
----------------------------------------
PriorPosteriorShift Check:
  Status: PASS
  Recommendation: The model has successfully learned from the data. This is a positive sign that your data was informative.
----------------------------------------
ROIConsistency Check:
  Status: REVIEW
  Recommendation: We've detected an unusually low ROI estimate (for channels `meta`, `google`) where the posterior point estimate falls into the extreme tail of your custom prior. Please review this result to determine if it is reasonable within your business context.",0.2087,0.1326,0.1271,0.75,0.26
multi|meta|2.500000|0.500000|LogNormal|alpha=0p3|ec=0p5|slope=1p2|lag=4|decay=geometric,"{""roi_prior_overrides"": {""meta"": {""dist"": ""LogNormal"", ""mu"": 2.5, ""sigma"": 0.5}}, ""structural_overrides"": {""adstock_decay_spec"": ""geometric"", ""alpha_m"": 0.3, ""ec_m"": 0.5, ""max_lag"": 4, ""slope_m"": 1.2}}",meta,meta,liveintent,2.5,0.5,LogNormal,0.3,0.5,1.2,4,geometric,False,0.0937623880279716,0.0590528712366091,0.0259841089136898,0.0810679905116558,0.2035805262625217,0.4,0.5,LogNormal,1.83071236631551,0.3128156794057552,PASS,Passed with reviews: Review is needed.,PASS,True,"========================================
Model Quality Checks
========================================
Overall Status: PASS
Summary: Passed with reviews: Review is needed.

Check Results:
----------------------------------------
Convergence Check:
  Status: PASS
  Recommendation: The model has likely converged, as all parameters have R-hat values < 1.2.
----------------------------------------
Baseline Check:
  Status: REVIEW
  Recommendation: The posterior probability that the baseline is negative is 0.26. This indicates that the baseline time series occasionally dips into negative values. We recommend visually inspecting the baseline time series in the Model Fit charts, but don't be overly concerned. An occasional, small dip may indicate minor statistical error, which is inherent in any model.
----------------------------------------
BayesianPPP Check:
  Status: PASS
  Recommendation: The Bayesian posterior predictive p-value is 0.75. The observed total outcome is consistent with the model's posterior predictive distribution.
----------------------------------------
GoodnessOfFit Check:
  Status: PASS
  Recommendation: R-squared = 0.2087, MAPE = 0.1326, and wMAPE = 0.1271. These goodness-of-fit metrics are intended for guidance and relative comparison.
----------------------------------------
PriorPosteriorShift Check:
  Status: PASS
  Recommendation: The model has successfully learned from the data. This is a positive sign that your data was informative.
----------------------------------------
ROIConsistency Check:
  Status: REVIEW
  Recommendation: We've detected an unusually low ROI estimate (for channels `meta`, `google`) where the posterior point estimate falls into the extreme tail of your custom prior. Please review this result to determine if it is reasonable within your business context.",0.2087,0.1326,0.1271,0.75,0.26
multi|meta|2.500000|0.500000|LogNormal|alpha=0p3|ec=0p5|slope=1p2|lag=4|decay=geometric,"{""roi_prior_overrides"": {""meta"": {""dist"": ""LogNormal"", ""mu"": 2.5, ""sigma"": 0.5}}, ""structural_overrides"": {""adstock_decay_spec"": ""geometric"", ""alpha_m"": 0.3, ""ec_m"": 0.5, ""max_lag"": 4, ""slope_m"": 1.2}}",meta,meta,beehiiv,2.5,0.5,LogNormal,0.3,0.5,1.2,4,geometric,False,0.1416938332359616,0.0958219054778181,0.0327596679329872,0.1162687949836254,0.3342394813895223,0.4,0.5,LogNormal,1.3039246078668545,0.2528868921489496,PASS,Passed with reviews: Review is needed.,PASS,True,"========================================
Model Quality Checks
========================================
Overall Status: PASS
Summary: Passed with reviews: Review is needed.

Check Results:
----------------------------------------
Convergence Check:
  Status: PASS
  Recommendation: The model has likely converged, as all parameters have R-hat values < 1.2.
----------------------------------------
Baseline Check:
  Status: REVIEW
  Recommendation: The posterior probability that the baseline is negative is 0.26. This indicates that the baseline time series occasionally dips into negative values. We recommend visually inspecting the baseline time series in the Model Fit charts, but don't be overly concerned. An occasional, small dip may indicate minor statistical error, which is inherent in any model.
----------------------------------------
BayesianPPP Check:
  Status: PASS
  Recommendation: The Bayesian posterior predictive p-value is 0.75. The observed total outcome is consistent with the model's posterior predictive distribution.
----------------------------------------
GoodnessOfFit Check:
  Status: PASS
  Recommendation: R-squared = 0.2087, MAPE = 0.1326, and wMAPE = 0.1271. These goodness-of-fit metrics are intended for guidance and relative comparison.
----------------------------------------
PriorPosteriorShift Check:
  Status: PASS
  Recommendation: The model has successfully learned from the data. This is a positive sign that your data was informative.
----------------------------------------
ROIConsistency Check:
  Status: REVIEW
  Recommendation: We've detected an unusually low ROI estimate (for channels `meta`, `google`) where the posterior point estimate falls into the extreme tail of your custom prior. Please review this result to determine if it is reasonable within your business context.",0.2087,0.1326,0.1271,0.75,0.26
multi|meta|2.500000|0.500000|LogNormal|alpha=0p3|ec=0p5|slope=1p2|lag=4|decay=geometric,"{""roi_prior_overrides"": {""meta"": {""dist"": ""LogNormal"", ""mu"": 2.5, ""sigma"": 0.5}}, ""structural_overrides"": {""adstock_decay_spec"": ""geometric"", ""alpha_m"": 0.3, ""ec_m"": 0.5, ""max_lag"": 4, ""slope_m"": 1.2}}",meta,meta,amazon,2.5,0.5,LogNormal,0.3,0.5,1.2,4,geometric,False,0.2275559652829542,0.1696940218312738,0.0409020503982901,0.1874792277812957,0.5641930490732193,0.4,0.5,LogNormal,0.6976771669772701,0.1865075216387512,PASS,Passed with reviews: Review is needed.,PASS,True,"========================================
Model Quality Checks
========================================
Overall Status: PASS
Summary: Passed with reviews: Review is needed.

Check Results:
----------------------------------------
Convergence Check:
  Status: PASS
  Recommendation: The model has likely converged, as all parameters have R-hat values < 1.2.
----------------------------------------
Baseline Check:
  Status: REVIEW
  Recommendation: The posterior probability that the baseline is negative is 0.26. This indicates that the baseline time series occasionally dips into negative values. We recommend visually inspecting the baseline time series in the Model Fit charts, but don't be overly concerned. An occasional, small dip may indicate minor statistical error, which is inherent in any model.
----------------------------------------
BayesianPPP Check:
  Status: PASS
  Recommendation: The Bayesian posterior predictive p-value is 0.75. The observed total outcome is consistent with the model's posterior predictive distribution.
----------------------------------------
GoodnessOfFit Check:
  Status: PASS
  Recommendation: R-squared = 0.2087, MAPE = 0.1326, and wMAPE = 0.1271. These goodness-of-fit metrics are intended for guidance and relative comparison.
----------------------------------------
PriorPosteriorShift Check:
  Status: PASS
  Recommendation: The model has successfully learned from the data. This is a positive sign that your data was informative.
----------------------------------------
ROIConsistency Check:
  Status: REVIEW
  Recommendation: We've detected an unusually low ROI estimate (for channels `meta`, `google`) where the posterior point estimate falls into the extreme tail of your custom prior. Please review this result to determine if it is reasonable within your business context.",0.2087,0.1326,0.1271,0.75,0.26
multi|meta|2.500000|1.000000|LogNormal|alpha=0p3|ec=0p5|slope=1p2|lag=4|decay=geometric,"{""roi_prior_overrides"": {""meta"": {""dist"": ""LogNormal"", ""mu"": 2.5, ""sigma"": 1.0}}, ""structural_overrides"": {""adstock_decay_spec"": ""geometric"", ""alpha_m"": 0.3, ""ec_m"": 0.5, ""max_lag"": 4, ""slope_m"": 1.2}}",meta,meta,meta,2.5,1.0,LogNormal,0.3,0.5,1.2,4,geometric,False,0.0903944223963966,0.014632947425983,0.0677756022661924,0.0899356007575988,0.1164546608924865,2.5,1.0,LogNormal,6.62768620110195,2.3685501938788875,PASS,Passed with reviews: Review is needed.,PASS,True,"========================================
Model Quality Checks
========================================
Overall Status: PASS
Summary: Passed with reviews: Review is needed.

Check Results:
----------------------------------------
Convergence Check:
  Status: PASS
  Recommendation: The model has likely converged, as all parameters have R-hat values < 1.2.
----------------------------------------
Baseline Check:
  Status: PASS
  Recommendation: The posterior probability that the baseline is negative is 0.01. We recommend visually inspecting the baseline time series in the Model Fit charts to confirm this.
----------------------------------------
BayesianPPP Check:
  Status: PASS
  Recommendation: The Bayesian posterior predictive p-value is 0.90. The observed total outcome is consistent with the model's posterior predictive distribution.
----------------------------------------
GoodnessOfFit Check:
  Status: PASS
  Recommendation: R-squared = 0.8234, MAPE = 0.0681, and wMAPE = 0.0667. These goodness-of-fit metrics are intended for guidance and relative comparison.
----------------------------------------
PriorPosteriorShift Check:
  Status: PASS
  Recommendation: The model has successfully learned from the data. This is a positive sign that your data was informative.
----------------------------------------
ROIConsistency Check:
  Status: REVIEW
  Recommendation: We've detected an unusually low ROI estimate (for channels `meta`, `google`) where the posterior point estimate falls into the extreme tail of your custom prior. Please review this result to determine if it is reasonable within your business context.",0.8234,0.0681,0.0667,0.9,0.01
multi|meta|2.500000|1.000000|LogNormal|alpha=0p3|ec=0p5|slope=1p2|lag=4|decay=geometric,"{""roi_prior_overrides"": {""meta"": {""dist"": ""LogNormal"", ""mu"": 2.5, ""sigma"": 1.0}}, ""structural_overrides"": {""adstock_decay_spec"": ""geometric"", ""alpha_m"": 0.3, ""ec_m"": 0.5, ""max_lag"": 4, ""slope_m"": 1.2}}",meta,meta,google,2.5,1.0,LogNormal,0.3,0.5,1.2,4,geometric,False,0.0164874147018417,0.0070305365725161,0.0065851324936375,0.0157076995819807,0.0293549835681915,0.4,0.5,LogNormal,4.058607732460748,0.3805128766816665,PASS,Passed with reviews: Review is needed.,PASS,True,"========================================
Model Quality Checks
========================================
Overall Status: PASS
Summary: Passed with reviews: Review is needed.

Check Results:
----------------------------------------
Convergence Check:
  Status: PASS
  Recommendation: The model has likely converged, as all parameters have R-hat values < 1.2.
----------------------------------------
Baseline Check:
  Status: PASS
  Recommendation: The posterior probability that the baseline is negative is 0.01. We recommend visually inspecting the baseline time series in the Model Fit charts to confirm this.
----------------------------------------
BayesianPPP Check:
  Status: PASS
  Recommendation: The Bayesian posterior predictive p-value is 0.90. The observed total outcome is consistent with the model's posterior predictive distribution.
----------------------------------------
GoodnessOfFit Check:
  Status: PASS
  Recommendation: R-squared = 0.8234, MAPE = 0.0681, and wMAPE = 0.0667. These goodness-of-fit metrics are intended for guidance and relative comparison.
----------------------------------------
PriorPosteriorShift Check:
  Status: PASS
  Recommendation: The model has successfully learned from the data. This is a positive sign that your data was informative.
----------------------------------------
ROIConsistency Check:
  Status: REVIEW
  Recommendation: We've detected an unusually low ROI estimate (for channels `meta`, `google`) where the posterior point estimate falls into the extreme tail of your custom prior. Please review this result to determine if it is reasonable within your business context.",0.8234,0.0681,0.0667,0.9,0.01
multi|meta|2.500000|1.000000|LogNormal|alpha=0p3|ec=0p5|slope=1p2|lag=4|decay=geometric,"{""roi_prior_overrides"": {""meta"": {""dist"": ""LogNormal"", ""mu"": 2.5, ""sigma"": 1.0}}, ""structural_overrides"": {""adstock_decay_spec"": ""geometric"", ""alpha_m"": 0.3, ""ec_m"": 0.5, ""max_lag"": 4, ""slope_m"": 1.2}}",meta,meta,snapchat,2.5,1.0,LogNormal,0.3,0.5,1.2,4,geometric,False,0.0282096655309821,0.01349967032295,0.0103317639790475,0.0262144198641181,0.05091861076653,0.4,0.5,LogNormal,3.388763421605036,0.3658836199986848,PASS,Passed with reviews: Review is needed.,PASS,True,"========================================
Model Quality Checks
========================================
Overall Status: PASS
Summary: Passed with reviews: Review is needed.

Check Results:
----------------------------------------
Convergence Check:
  Status: PASS
  Recommendation: The model has likely converged, as all parameters have R-hat values < 1.2.
----------------------------------------
Baseline Check:
  Status: PASS
  Recommendation: The posterior probability that the baseline is negative is 0.01. We recommend visually inspecting the baseline time series in the Model Fit charts to confirm this.
----------------------------------------
BayesianPPP Check:
  Status: PASS
  Recommendation: The Bayesian posterior predictive p-value is 0.90. The observed total outcome is consistent with the model's posterior predictive distribution.
----------------------------------------
GoodnessOfFit Check:
  Status: PASS
  Recommendation: R-squared = 0.8234, MAPE = 0.0681, and wMAPE = 0.0667. These goodness-of-fit metrics are intended for guidance and relative comparison.
----------------------------------------
PriorPosteriorShift Check:
  Status: PASS
  Recommendation: The model has successfully learned from the data. This is a positive sign that your data was informative.
----------------------------------------
ROIConsistency Check:
  Status: REVIEW
  Recommendation: We've detected an unusually low ROI estimate (for channels `meta`, `google`) where the posterior point estimate falls into the extreme tail of your custom prior. Please review this result to determine if it is reasonable within your business context.",0.8234,0.0681,0.0667,0.9,0.01
multi|meta|2.500000|1.000000|LogNormal|alpha=0p3|ec=0p5|slope=1p2|lag=4|decay=geometric,"{""roi_prior_overrides"": {""meta"": {""dist"": ""LogNormal"", ""mu"": 2.5, ""sigma"": 1.0}}, ""structural_overrides"": {""adstock_decay_spec"": ""geometric"", ""alpha_m"": 0.3, ""ec_m"": 0.5, ""max_lag"": 4, ""slope_m"": 1.2}}",meta,meta,tiktok,2.5,1.0,LogNormal,0.3,0.5,1.2,4,geometric,False,0.0370580563616628,0.0172388453573894,0.0133823839016258,0.0349400043487548,0.0701993443071842,0.4,0.5,LogNormal,3.13149087454139,0.373975739705626,PASS,Passed with reviews: Review is needed.,PASS,True,"========================================
Model Quality Checks
========================================
Overall Status: PASS
Summary: Passed with reviews: Review is needed.

Check Results:
----------------------------------------
Convergence Check:
  Status: PASS
  Recommendation: The model has likely converged, as all parameters have R-hat values < 1.2.
----------------------------------------
Baseline Check:
  Status: PASS
  Recommendation: The posterior probability that the baseline is negative is 0.01. We recommend visually inspecting the baseline time series in the Model Fit charts to confirm this.
----------------------------------------
BayesianPPP Check:
  Status: PASS
  Recommendation: The Bayesian posterior predictive p-value is 0.90. The observed total outcome is consistent with the model's posterior predictive distribution.
----------------------------------------
GoodnessOfFit Check:
  Status: PASS
  Recommendation: R-squared = 0.8234, MAPE = 0.0681, and wMAPE = 0.0667. These goodness-of-fit metrics are intended for guidance and relative comparison.
----------------------------------------
PriorPosteriorShift Check:
  Status: PASS
  Recommendation: The model has successfully learned from the data. This is a positive sign that your data was informative.
----------------------------------------
ROIConsistency Check:
  Status: REVIEW
  Recommendation: We've detected an unusually low ROI estimate (for channels `meta`, `google`) where the posterior point estimate falls into the extreme tail of your custom prior. Please review this result to determine if it is reasonable within your business context.",0.8234,0.0681,0.0667,0.9,0.01
multi|meta|2.500000|1.000000|LogNormal|alpha=0p3|ec=0p5|slope=1p2|lag=4|decay=geometric,"{""roi_prior_overrides"": {""meta"": {""dist"": ""LogNormal"", ""mu"": 2.5, ""sigma"": 1.0}}, ""structural_overrides"": {""adstock_decay_spec"": ""geometric"", ""alpha_m"": 0.3, ""ec_m"": 0.5, ""max_lag"": 4, ""slope_m"": 1.2}}",meta,meta,moloco,2.5,1.0,LogNormal,0.3,0.5,1.2,4,geometric,False,0.0661214692657813,0.0322553247232259,0.0217289407737553,0.0613457728177309,0.1252414599061011,0.4,0.5,LogNormal,2.465955519628739,0.3398096212341226,PASS,Passed with reviews: Review is needed.,PASS,True,"========================================
Model Quality Checks
========================================
Overall Status: PASS
Summary: Passed with reviews: Review is needed.

Check Results:
----------------------------------------
Convergence Check:
  Status: PASS
  Recommendation: The model has likely converged, as all parameters have R-hat values < 1.2.
----------------------------------------
Baseline Check:
  Status: PASS
  Recommendation: The posterior probability that the baseline is negative is 0.01. We recommend visually inspecting the baseline time series in the Model Fit charts to confirm this.
----------------------------------------
BayesianPPP Check:
  Status: PASS
  Recommendation: The Bayesian posterior predictive p-value is 0.90. The observed total outcome is consistent with the model's posterior predictive distribution.
----------------------------------------
GoodnessOfFit Check:
  Status: PASS
  Recommendation: R-squared = 0.8234, MAPE = 0.0681, and wMAPE = 0.0667. These goodness-of-fit metrics are intended for guidance and relative comparison.
----------------------------------------
PriorPosteriorShift Check:
  Status: PASS
  Recommendation: The model has successfully learned from the data. This is a positive sign that your data was informative.
----------------------------------------
ROIConsistency Check:
  Status: REVIEW
  Recommendation: We've detected an unusually low ROI estimate (for channels `meta`, `google`) where the posterior point estimate falls into the extreme tail of your custom prior. Please review this result to determine if it is reasonable within your business context.",0.8234,0.0681,0.0667,0.9,0.01
multi|meta|2.500000|1.000000|LogNormal|alpha=0p3|ec=0p5|slope=1p2|lag=4|decay=geometric,"{""roi_prior_overrides"": {""meta"": {""dist"": ""LogNormal"", ""mu"": 2.5, ""sigma"": 1.0}}, ""structural_overrides"": {""adstock_decay_spec"": ""geometric"", ""alpha_m"": 0.3, ""ec_m"": 0.5, ""max_lag"": 4, ""slope_m"": 1.2}}",meta,meta,liveintent,2.5,1.0,LogNormal,0.3,0.5,1.2,4,geometric,False,0.1008807903621345,0.0612236533622186,0.0265805970877409,0.0886474885046482,0.2167140416800975,0.4,0.5,LogNormal,1.786515765337119,0.3057208298014247,PASS,Passed with reviews: Review is needed.,PASS,True,"========================================
Model Quality Checks
========================================
Overall Status: PASS
Summary: Passed with reviews: Review is needed.

Check Results:
----------------------------------------
Convergence Check:
  Status: PASS
  Recommendation: The model has likely converged, as all parameters have R-hat values < 1.2.
----------------------------------------
Baseline Check:
  Status: PASS
  Recommendation: The posterior probability that the baseline is negative is 0.01. We recommend visually inspecting the baseline time series in the Model Fit charts to confirm this.
----------------------------------------
BayesianPPP Check:
  Status: PASS
  Recommendation: The Bayesian posterior predictive p-value is 0.90. The observed total outcome is consistent with the model's posterior predictive distribution.
----------------------------------------
GoodnessOfFit Check:
  Status: PASS
  Recommendation: R-squared = 0.8234, MAPE = 0.0681, and wMAPE = 0.0667. These goodness-of-fit metrics are intended for guidance and relative comparison.
----------------------------------------
PriorPosteriorShift Check:
  Status: PASS
  Recommendation: The model has successfully learned from the data. This is a positive sign that your data was informative.
----------------------------------------
ROIConsistency Check:
  Status: REVIEW
  Recommendation: We've detected an unusually low ROI estimate (for channels `meta`, `google`) where the posterior point estimate falls into the extreme tail of your custom prior. Please review this result to determine if it is reasonable within your business context.",0.8234,0.0681,0.0667,0.9,0.01
multi|meta|2.500000|1.000000|LogNormal|alpha=0p3|ec=0p5|slope=1p2|lag=4|decay=geometric,"{""roi_prior_overrides"": {""meta"": {""dist"": ""LogNormal"", ""mu"": 2.5, ""sigma"": 1.0}}, ""structural_overrides"": {""adstock_decay_spec"": ""geometric"", ""alpha_m"": 0.3, ""ec_m"": 0.5, ""max_lag"": 4, ""slope_m"": 1.2}}",meta,meta,beehiiv,2.5,1.0,LogNormal,0.3,0.5,1.2,4,geometric,False,0.1721509290090762,0.1093901316919229,0.0432897450402379,0.1432431861758232,0.3803242504596709,0.4,0.5,LogNormal,1.1474502165418878,0.2224739867343056,PASS,Passed with reviews: Review is needed.,PASS,True,"========================================
Model Quality Checks
========================================
Overall Status: PASS
Summary: Passed with reviews: Review is needed.

Check Results:
----------------------------------------
Convergence Check:
  Status: PASS
  Recommendation: The model has likely converged, as all parameters have R-hat values < 1.2.
----------------------------------------
Baseline Check:
  Status: PASS
  Recommendation: The posterior probability that the baseline is negative is 0.01. We recommend visually inspecting the baseline time series in the Model Fit charts to confirm this.
----------------------------------------
BayesianPPP Check:
  Status: PASS
  Recommendation: The Bayesian posterior predictive p-value is 0.90. The observed total outcome is consistent with the model's posterior predictive distribution.
----------------------------------------
GoodnessOfFit Check:
  Status: PASS
  Recommendation: R-squared = 0.8234, MAPE = 0.0681, and wMAPE = 0.0667. These goodness-of-fit metrics are intended for guidance and relative comparison.
----------------------------------------
PriorPosteriorShift Check:
  Status: PASS
  Recommendation: The model has successfully learned from the data. This is a positive sign that your data was informative.
----------------------------------------
ROIConsistency Check:
  Status: REVIEW
  Recommendation: We've detected an unusually low ROI estimate (for channels `meta`, `google`) where the posterior point estimate falls into the extreme tail of your custom prior. Please review this result to determine if it is reasonable within your business context.",0.8234,0.0681,0.0667,0.9,0.01
multi|meta|2.500000|1.000000|LogNormal|alpha=0p3|ec=0p5|slope=1p2|lag=4|decay=geometric,"{""roi_prior_overrides"": {""meta"": {""dist"": ""LogNormal"", ""mu"": 2.5, ""sigma"": 1.0}}, ""structural_overrides"": {""adstock_decay_spec"": ""geometric"", ""alpha_m"": 0.3, ""ec_m"": 0.5, ""max_lag"": 4, ""slope_m"": 1.2}}",meta,meta,amazon,2.5,1.0,LogNormal,0.3,0.5,1.2,4,geometric,False,0.1536749273643363,0.0958587109416231,0.0337090328335762,0.1335525512695312,0.3420874893665314,0.4,0.5,LogNormal,1.2914626198279058,0.2603105885647174,PASS,Passed with reviews: Review is needed.,PASS,True,"========================================
Model Quality Checks
========================================
Overall Status: PASS
Summary: Passed with reviews: Review is needed.

Check Results:
----------------------------------------
Convergence Check:
  Status: PASS
  Recommendation: The model has likely converged, as all parameters have R-hat values < 1.2.
----------------------------------------
Baseline Check:
  Status: PASS
  Recommendation: The posterior probability that the baseline is negative is 0.01. We recommend visually inspecting the baseline time series in the Model Fit charts to confirm this.
----------------------------------------
BayesianPPP Check:
  Status: PASS
  Recommendation: The Bayesian posterior predictive p-value is 0.90. The observed total outcome is consistent with the model's posterior predictive distribution.
----------------------------------------
GoodnessOfFit Check:
  Status: PASS
  Recommendation: R-squared = 0.8234, MAPE = 0.0681, and wMAPE = 0.0667. These goodness-of-fit metrics are intended for guidance and relative comparison.
----------------------------------------
PriorPosteriorShift Check:
  Status: PASS
  Recommendation: The model has successfully learned from the data. This is a positive sign that your data was informative.
----------------------------------------
ROIConsistency Check:
  Status: REVIEW
  Recommendation: We've detected an unusually low ROI estimate (for channels `meta`, `google`) where the posterior point estimate falls into the extreme tail of your custom prior. Please review this result to determine if it is reasonable within your business context.",0.8234,0.0681,0.0667,0.9,0.01
multi|meta|2.500000|1.500000|LogNormal|alpha=0p3|ec=0p5|slope=1p2|lag=4|decay=geometric,"{""roi_prior_overrides"": {""meta"": {""dist"": ""LogNormal"", ""mu"": 2.5, ""sigma"": 1.5}}, ""structural_overrides"": {""adstock_decay_spec"": ""geometric"", ""alpha_m"": 0.3, ""ec_m"": 0.5, ""max_lag"": 4, ""slope_m"": 1.2}}",meta,meta,meta,2.5,1.5,LogNormal,0.3,0.5,1.2,4,geometric,False,0.0579719195716703,0.0121123742985781,0.0391848690807819,0.0572145525366067,0.0785955242812633,2.5,1.5,LogNormal,5.644247866689543,2.375694781738793,PASS,Passed with reviews: Review is needed.,PASS,True,"========================================
Model Quality Checks
========================================
Overall Status: PASS
Summary: Passed with reviews: Review is needed.

Check Results:
----------------------------------------
Convergence Check:
  Status: PASS
  Recommendation: The model has likely converged, as all parameters have R-hat values < 1.2.
----------------------------------------
Baseline Check:
  Status: PASS
  Recommendation: The posterior probability that the baseline is negative is 0.00. We recommend visually inspecting the baseline time series in the Model Fit charts to confirm this.
----------------------------------------
BayesianPPP Check:
  Status: PASS
  Recommendation: The Bayesian posterior predictive p-value is 0.95. The observed total outcome is consistent with the model's posterior predictive distribution.
----------------------------------------
GoodnessOfFit Check:
  Status: PASS
  Recommendation: R-squared = 0.8633, MAPE = 0.0598, and wMAPE = 0.0588. These goodness-of-fit metrics are intended for guidance and relative comparison.
----------------------------------------
PriorPosteriorShift Check:
  Status: PASS
  Recommendation: The model has successfully learned from the data. This is a positive sign that your data was informative.
----------------------------------------
ROIConsistency Check:
  Status: REVIEW
  Recommendation: We've detected an unusually low ROI estimate (for channels `meta`, `google`) where the posterior point estimate falls into the extreme tail of your custom prior. Please review this result to determine if it is reasonable within your business context.",0.8633,0.0598,0.0588,0.95,0.0
multi|meta|2.500000|1.500000|LogNormal|alpha=0p3|ec=0p5|slope=1p2|lag=4|decay=geometric,"{""roi_prior_overrides"": {""meta"": {""dist"": ""LogNormal"", ""mu"": 2.5, ""sigma"": 1.5}}, ""structural_overrides"": {""adstock_decay_spec"": ""geometric"", ""alpha_m"": 0.3, ""ec_m"": 0.5, ""max_lag"": 4, ""slope_m"": 1.2}}",meta,meta,google,2.5,1.5,LogNormal,0.3,0.5,1.2,4,geometric,False,0.0155077113896065,0.0065994711546272,0.0064256118610501,0.014639850705862,0.0282055375166237,0.4,0.5,LogNormal,4.123374326727771,0.3814909640074755,PASS,Passed with reviews: Review is needed.,PASS,True,"========================================
Model Quality Checks
========================================
Overall Status: PASS
Summary: Passed with reviews: Review is needed.

Check Results:
----------------------------------------
Convergence Check:
  Status: PASS
  Recommendation: The model has likely converged, as all parameters have R-hat values < 1.2.
----------------------------------------
Baseline Check:
  Status: PASS
  Recommendation: The posterior probability that the baseline is negative is 0.00. We recommend visually inspecting the baseline time series in the Model Fit charts to confirm this.
----------------------------------------
BayesianPPP Check:
  Status: PASS
  Recommendation: The Bayesian posterior predictive p-value is 0.95. The observed total outcome is consistent with the model's posterior predictive distribution.
----------------------------------------
GoodnessOfFit Check:
  Status: PASS
  Recommendation: R-squared = 0.8633, MAPE = 0.0598, and wMAPE = 0.0588. These goodness-of-fit metrics are intended for guidance and relative comparison.
----------------------------------------
PriorPosteriorShift Check:
  Status: PASS
  Recommendation: The model has successfully learned from the data. This is a positive sign that your data was informative.
----------------------------------------
ROIConsistency Check:
  Status: REVIEW
  Recommendation: We've detected an unusually low ROI estimate (for channels `meta`, `google`) where the posterior point estimate falls into the extreme tail of your custom prior. Please review this result to determine if it is reasonable within your business context.",0.8633,0.0598,0.0588,0.95,0.0
multi|meta|2.500000|1.500000|LogNormal|alpha=0p3|ec=0p5|slope=1p2|lag=4|decay=geometric,"{""roi_prior_overrides"": {""meta"": {""dist"": ""LogNormal"", ""mu"": 2.5, ""sigma"": 1.5}}, ""structural_overrides"": {""adstock_decay_spec"": ""geometric"", ""alpha_m"": 0.3, ""ec_m"": 0.5, ""max_lag"": 4, ""slope_m"": 1.2}}",meta,meta,snapchat,2.5,1.5,LogNormal,0.3,0.5,1.2,4,geometric,False,0.0287150606249148,0.0130965192298422,0.0108064249157905,0.0267070140689611,0.0530757162719965,0.4,0.5,LogNormal,3.418309661212639,0.3653761743286068,PASS,Passed with reviews: Review is needed.,PASS,True,"========================================
Model Quality Checks
========================================
Overall Status: PASS
Summary: Passed with reviews: Review is needed.

Check Results:
----------------------------------------
Convergence Check:
  Status: PASS
  Recommendation: The model has likely converged, as all parameters have R-hat values < 1.2.
----------------------------------------
Baseline Check:
  Status: PASS
  Recommendation: The posterior probability that the baseline is negative is 0.00. We recommend visually inspecting the baseline time series in the Model Fit charts to confirm this.
----------------------------------------
BayesianPPP Check:
  Status: PASS
  Recommendation: The Bayesian posterior predictive p-value is 0.95. The observed total outcome is consistent with the model's posterior predictive distribution.
----------------------------------------
GoodnessOfFit Check:
  Status: PASS
  Recommendation: R-squared = 0.8633, MAPE = 0.0598, and wMAPE = 0.0588. These goodness-of-fit metrics are intended for guidance and relative comparison.
----------------------------------------
PriorPosteriorShift Check:
  Status: PASS
  Recommendation: The model has successfully learned from the data. This is a positive sign that your data was informative.
----------------------------------------
ROIConsistency Check:
  Status: REVIEW
  Recommendation: We've detected an unusually low ROI estimate (for channels `meta`, `google`) where the posterior point estimate falls into the extreme tail of your custom prior. Please review this result to determine if it is reasonable within your business context.",0.8633,0.0598,0.0588,0.95,0.0
multi|meta|2.500000|1.500000|LogNormal|alpha=0p3|ec=0p5|slope=1p2|lag=4|decay=geometric,"{""roi_prior_overrides"": {""meta"": {""dist"": ""LogNormal"", ""mu"": 2.5, ""sigma"": 1.5}}, ""structural_overrides"": {""adstock_decay_spec"": ""geometric"", ""alpha_m"": 0.3, ""ec_m"": 0.5, ""max_lag"": 4, ""slope_m"": 1.2}}",meta,meta,tiktok,2.5,1.5,LogNormal,0.3,0.5,1.2,4,geometric,False,0.0314524868041432,0.0145582544411164,0.0110370243433862,0.029351282864809,0.0578525412827729,0.4,0.5,LogNormal,3.308528374637113,0.379578311550792,PASS,Passed with reviews: Review is needed.,PASS,True,"========================================
Model Quality Checks
========================================
Overall Status: PASS
Summary: Passed with reviews: Review is needed.

Check Results:
----------------------------------------
Convergence Check:
  Status: PASS
  Recommendation: The model has likely converged, as all parameters have R-hat values < 1.2.
----------------------------------------
Baseline Check:
  Status: PASS
  Recommendation: The posterior probability that the baseline is negative is 0.00. We recommend visually inspecting the baseline time series in the Model Fit charts to confirm this.
----------------------------------------
BayesianPPP Check:
  Status: PASS
  Recommendation: The Bayesian posterior predictive p-value is 0.95. The observed total outcome is consistent with the model's posterior predictive distribution.
----------------------------------------
GoodnessOfFit Check:
  Status: PASS
  Recommendation: R-squared = 0.8633, MAPE = 0.0598, and wMAPE = 0.0588. These goodness-of-fit metrics are intended for guidance and relative comparison.
----------------------------------------
PriorPosteriorShift Check:
  Status: PASS
  Recommendation: The model has successfully learned from the data. This is a positive sign that your data was informative.
----------------------------------------
ROIConsistency Check:
  Status: REVIEW
  Recommendation: We've detected an unusually low ROI estimate (for channels `meta`, `google`) where the posterior point estimate falls into the extreme tail of your custom prior. Please review this result to determine if it is reasonable within your business context.",0.8633,0.0598,0.0588,0.95,0.0
multi|meta|2.500000|1.500000|LogNormal|alpha=0p3|ec=0p5|slope=1p2|lag=4|decay=geometric,"{""roi_prior_overrides"": {""meta"": {""dist"": ""LogNormal"", ""mu"": 2.5, ""sigma"": 1.5}}, ""structural_overrides"": {""adstock_decay_spec"": ""geometric"", ""alpha_m"": 0.3, ""ec_m"": 0.5, ""max_lag"": 4, ""slope_m"": 1.2}}",meta,meta,moloco,2.5,1.5,LogNormal,0.3,0.5,1.2,4,geometric,False,0.0680851904287313,0.0323694207417011,0.022989556659013,0.0627655647695064,0.1286126047372817,0.4,0.5,LogNormal,2.459824365979843,0.3378616311550838,PASS,Passed with reviews: Review is needed.,PASS,True,"========================================
Model Quality Checks
========================================
Overall Status: PASS
Summary: Passed with reviews: Review is needed.

Check Results:
----------------------------------------
Convergence Check:
  Status: PASS
  Recommendation: The model has likely converged, as all parameters have R-hat values < 1.2.
----------------------------------------
Baseline Check:
  Status: PASS
  Recommendation: The posterior probability that the baseline is negative is 0.00. We recommend visually inspecting the baseline time series in the Model Fit charts to confirm this.
----------------------------------------
BayesianPPP Check:
  Status: PASS
  Recommendation: The Bayesian posterior predictive p-value is 0.95. The observed total outcome is consistent with the model's posterior predictive distribution.
----------------------------------------
GoodnessOfFit Check:
  Status: PASS
  Recommendation: R-squared = 0.8633, MAPE = 0.0598, and wMAPE = 0.0588. These goodness-of-fit metrics are intended for guidance and relative comparison.
----------------------------------------
PriorPosteriorShift Check:
  Status: PASS
  Recommendation: The model has successfully learned from the data. This is a positive sign that your data was informative.
----------------------------------------
ROIConsistency Check:
  Status: REVIEW
  Recommendation: We've detected an unusually low ROI estimate (for channels `meta`, `google`) where the posterior point estimate falls into the extreme tail of your custom prior. Please review this result to determine if it is reasonable within your business context.",0.8633,0.0598,0.0588,0.95,0.0
multi|meta|2.500000|1.500000|LogNormal|alpha=0p3|ec=0p5|slope=1p2|lag=4|decay=geometric,"{""roi_prior_overrides"": {""meta"": {""dist"": ""LogNormal"", ""mu"": 2.5, ""sigma"": 1.5}}, ""structural_overrides"": {""adstock_decay_spec"": ""geometric"", ""alpha_m"": 0.3, ""ec_m"": 0.5, ""max_lag"": 4, ""slope_m"": 1.2}}",meta,meta,liveintent,2.5,1.5,LogNormal,0.3,0.5,1.2,4,geometric,False,0.1035180148932461,0.0638007655084377,0.0292138308286666,0.0912019945681095,0.2194370836019515,0.4,0.5,LogNormal,1.7427871199231828,0.3031018015967757,PASS,Passed with reviews: Review is needed.,PASS,True,"========================================
Model Quality Checks
========================================
Overall Status: PASS
Summary: Passed with reviews: Review is needed.

Check Results:
----------------------------------------
Convergence Check:
  Status: PASS
  Recommendation: The model has likely converged, as all parameters have R-hat values < 1.2.
----------------------------------------
Baseline Check:
  Status: PASS
  Recommendation: The posterior probability that the baseline is negative is 0.00. We recommend visually inspecting the baseline time series in the Model Fit charts to confirm this.
----------------------------------------
BayesianPPP Check:
  Status: PASS
  Recommendation: The Bayesian posterior predictive p-value is 0.95. The observed total outcome is consistent with the model's posterior predictive distribution.
----------------------------------------
GoodnessOfFit Check:
  Status: PASS
  Recommendation: R-squared = 0.8633, MAPE = 0.0598, and wMAPE = 0.0588. These goodness-of-fit metrics are intended for guidance and relative comparison.
----------------------------------------
PriorPosteriorShift Check:
  Status: PASS
  Recommendation: The model has successfully learned from the data. This is a positive sign that your data was informative.
----------------------------------------
ROIConsistency Check:
  Status: REVIEW
  Recommendation: We've detected an unusually low ROI estimate (for channels `meta`, `google`) where the posterior point estimate falls into the extreme tail of your custom prior. Please review this result to determine if it is reasonable within your business context.",0.8633,0.0598,0.0588,0.95,0.0
multi|meta|2.500000|1.500000|LogNormal|alpha=0p3|ec=0p5|slope=1p2|lag=4|decay=geometric,"{""roi_prior_overrides"": {""meta"": {""dist"": ""LogNormal"", ""mu"": 2.5, ""sigma"": 1.5}}, ""structural_overrides"": {""adstock_decay_spec"": ""geometric"", ""alpha_m"": 0.3, ""ec_m"": 0.5, ""max_lag"": 4, ""slope_m"": 1.2}}",meta,meta,beehiiv,2.5,1.5,LogNormal,0.3,0.5,1.2,4,geometric,False,0.181979804514752,0.1148967804746236,0.0401531588286161,0.1574924662709236,0.4024329781532286,0.4,0.5,LogNormal,1.0920420858040374,0.2126824997169181,PASS,Passed with reviews: Review is needed.,PASS,True,"========================================
Model Quality Checks
========================================
Overall Status: PASS
Summary: Passed with reviews: Review is needed.

Check Results:
----------------------------------------
Convergence Check:
  Status: PASS
  Recommendation: The model has likely converged, as all parameters have R-hat values < 1.2.
----------------------------------------
Baseline Check:
  Status: PASS
  Recommendation: The posterior probability that the baseline is negative is 0.00. We recommend visually inspecting the baseline time series in the Model Fit charts to confirm this.
----------------------------------------
BayesianPPP Check:
  Status: PASS
  Recommendation: The Bayesian posterior predictive p-value is 0.95. The observed total outcome is consistent with the model's posterior predictive distribution.
----------------------------------------
GoodnessOfFit Check:
  Status: PASS
  Recommendation: R-squared = 0.8633, MAPE = 0.0598, and wMAPE = 0.0588. These goodness-of-fit metrics are intended for guidance and relative comparison.
----------------------------------------
PriorPosteriorShift Check:
  Status: PASS
  Recommendation: The model has successfully learned from the data. This is a positive sign that your data was informative.
----------------------------------------
ROIConsistency Check:
  Status: REVIEW
  Recommendation: We've detected an unusually low ROI estimate (for channels `meta`, `google`) where the posterior point estimate falls into the extreme tail of your custom prior. Please review this result to determine if it is reasonable within your business context.",0.8633,0.0598,0.0588,0.95,0.0
multi|meta|2.500000|1.500000|LogNormal|alpha=0p3|ec=0p5|slope=1p2|lag=4|decay=geometric,"{""roi_prior_overrides"": {""meta"": {""dist"": ""LogNormal"", ""mu"": 2.5, ""sigma"": 1.5}}, ""structural_overrides"": {""adstock_decay_spec"": ""geometric"", ""alpha_m"": 0.3, ""ec_m"": 0.5, ""max_lag"": 4, ""slope_m"": 1.2}}",meta,meta,amazon,2.5,1.5,LogNormal,0.3,0.5,1.2,4,geometric,False,0.1498725447089721,0.0940028431716781,0.0358527297154068,0.129520982503891,0.3217748090624809,0.4,0.5,LogNormal,1.3140836269318388,0.264081535475077,PASS,Passed with reviews: Review is needed.,PASS,True,"========================================
Model Quality Checks
========================================
Overall Status: PASS
Summary: Passed with reviews: Review is needed.

Check Results:
----------------------------------------
Convergence Check:
  Status: PASS
  Recommendation: The model has likely converged, as all parameters have R-hat values < 1.2.
----------------------------------------
Baseline Check:
  Status: PASS
  Recommendation: The posterior probability that the baseline is negative is 0.00. We recommend visually inspecting the baseline time series in the Model Fit charts to confirm this.
----------------------------------------
BayesianPPP Check:
  Status: PASS
  Recommendation: The Bayesian posterior predictive p-value is 0.95. The observed total outcome is consistent with the model's posterior predictive distribution.
----------------------------------------
GoodnessOfFit Check:
  Status: PASS
  Recommendation: R-squared = 0.8633, MAPE = 0.0598, and wMAPE = 0.0588. These goodness-of-fit metrics are intended for guidance and relative comparison.
----------------------------------------
PriorPosteriorShift Check:
  Status: PASS
  Recommendation: The model has successfully learned from the data. This is a positive sign that your data was informative.
----------------------------------------
ROIConsistency Check:
  Status: REVIEW
  Recommendation: We've detected an unusually low ROI estimate (for channels `meta`, `google`) where the posterior point estimate falls into the extreme tail of your custom prior. Please review this result to determine if it is reasonable within your business context.",0.8633,0.0598,0.0588,0.95,0.0
multi|meta|3.000000|0.500000|LogNormal|alpha=0p3|ec=0p5|slope=1p2|lag=4|decay=geometric,"{""roi_prior_overrides"": {""meta"": {""dist"": ""LogNormal"", ""mu"": 3.0, ""sigma"": 0.5}}, ""structural_overrides"": {""adstock_decay_spec"": ""geometric"", ""alpha_m"": 0.3, ""ec_m"": 0.5, ""max_lag"": 4, ""slope_m"": 1.2}}",meta,meta,meta,3.0,0.5,LogNormal,0.3,0.5,1.2,4,geometric,False,0.4747863409419854,0.0566510111406033,0.384024991095066,0.4715831279754638,0.5683310359716415,3.0,0.5,LogNormal,14.437524984112915,2.507187432125075,PASS,Passed with reviews: Review is needed.,PASS,True,"========================================
Model Quality Checks
========================================
Overall Status: PASS
Summary: Passed with reviews: Review is needed.

Check Results:
----------------------------------------
Convergence Check:
  Status: PASS
  Recommendation: The model has likely converged, as all parameters have R-hat values < 1.2.
----------------------------------------
Baseline Check:
  Status: REVIEW
  Recommendation: The posterior probability that the baseline is negative is 0.68. This indicates that the baseline time series occasionally dips into negative values. We recommend visually inspecting the baseline time series in the Model Fit charts, but don't be overly concerned. An occasional, small dip may indicate minor statistical error, which is inherent in any model.
----------------------------------------
BayesianPPP Check:
  Status: PASS
  Recommendation: The Bayesian posterior predictive p-value is 0.59. The observed total outcome is consistent with the model's posterior predictive distribution.
----------------------------------------
GoodnessOfFit Check:
  Status: REVIEW
  Recommendation: R-squared = -0.9827, MAPE = 0.1983, and wMAPE = 0.1882. A negative R-squared signals a potential conflict between your priors and the data, and it warrants investigation. If this conflict is intentional (due to an informative prior), no further action is needed. If it's unintentional, we recommend relaxing your priors to be less restrictive.
----------------------------------------
PriorPosteriorShift Check:
  Status: PASS
  Recommendation: The model has successfully learned from the data. This is a positive sign that your data was informative.
----------------------------------------
ROIConsistency Check:
  Status: REVIEW
  Recommendation: We've detected an unusually low ROI estimate (for channels `meta`, `google`) where the posterior point estimate falls into the extreme tail of your custom prior. Please review this result to determine if it is reasonable within your business context.",-0.9827,0.1983,0.1882,0.59,0.68
multi|meta|3.000000|0.500000|LogNormal|alpha=0p3|ec=0p5|slope=1p2|lag=4|decay=geometric,"{""roi_prior_overrides"": {""meta"": {""dist"": ""LogNormal"", ""mu"": 3.0, ""sigma"": 0.5}}, ""structural_overrides"": {""adstock_decay_spec"": ""geometric"", ""alpha_m"": 0.3, ""ec_m"": 0.5, ""max_lag"": 4, ""slope_m"": 1.2}}",meta,meta,google,3.0,0.5,LogNormal,0.3,0.5,1.2,4,geometric,False,0.0179693990839102,0.0083523659969182,0.006863407138735,0.0165889021009206,0.0339958943426608,0.4,0.5,LogNormal,3.8840975308800503,0.3790279014193655,PASS,Passed with reviews: Review is needed.,PASS,True,"========================================
Model Quality Checks
========================================
Overall Status: PASS
Summary: Passed with reviews: Review is needed.

Check Results:
----------------------------------------
Convergence Check:
  Status: PASS
  Recommendation: The model has likely converged, as all parameters have R-hat values < 1.2.
----------------------------------------
Baseline Check:
  Status: REVIEW
  Recommendation: The posterior probability that the baseline is negative is 0.68. This indicates that the baseline time series occasionally dips into negative values. We recommend visually inspecting the baseline time series in the Model Fit charts, but don't be overly concerned. An occasional, small dip may indicate minor statistical error, which is inherent in any model.
----------------------------------------
BayesianPPP Check:
  Status: PASS
  Recommendation: The Bayesian posterior predictive p-value is 0.59. The observed total outcome is consistent with the model's posterior predictive distribution.
----------------------------------------
GoodnessOfFit Check:
  Status: REVIEW
  Recommendation: R-squared = -0.9827, MAPE = 0.1983, and wMAPE = 0.1882. A negative R-squared signals a potential conflict between your priors and the data, and it warrants investigation. If this conflict is intentional (due to an informative prior), no further action is needed. If it's unintentional, we recommend relaxing your priors to be less restrictive.
----------------------------------------
PriorPosteriorShift Check:
  Status: PASS
  Recommendation: The model has successfully learned from the data. This is a positive sign that your data was informative.
----------------------------------------
ROIConsistency Check:
  Status: REVIEW
  Recommendation: We've detected an unusually low ROI estimate (for channels `meta`, `google`) where the posterior point estimate falls into the extreme tail of your custom prior. Please review this result to determine if it is reasonable within your business context.",-0.9827,0.1983,0.1882,0.59,0.68
multi|meta|3.000000|0.500000|LogNormal|alpha=0p3|ec=0p5|slope=1p2|lag=4|decay=geometric,"{""roi_prior_overrides"": {""meta"": {""dist"": ""LogNormal"", ""mu"": 3.0, ""sigma"": 0.5}}, ""structural_overrides"": {""adstock_decay_spec"": ""geometric"", ""alpha_m"": 0.3, ""ec_m"": 0.5, ""max_lag"": 4, ""slope_m"": 1.2}}",meta,meta,snapchat,3.0,0.5,LogNormal,0.3,0.5,1.2,4,geometric,False,0.0286693824115597,0.0149296593611997,0.0100745424162596,0.026018782518804,0.0580809341743588,0.4,0.5,LogNormal,3.2874769474326277,0.3654273985359596,PASS,Passed with reviews: Review is needed.,PASS,True,"========================================
Model Quality Checks
========================================
Overall Status: PASS
Summary: Passed with reviews: Review is needed.

Check Results:
----------------------------------------
Convergence Check:
  Status: PASS
  Recommendation: The model has likely converged, as all parameters have R-hat values < 1.2.
----------------------------------------
Baseline Check:
  Status: REVIEW
  Recommendation: The posterior probability that the baseline is negative is 0.68. This indicates that the baseline time series occasionally dips into negative values. We recommend visually inspecting the baseline time series in the Model Fit charts, but don't be overly concerned. An occasional, small dip may indicate minor statistical error, which is inherent in any model.
----------------------------------------
BayesianPPP Check:
  Status: PASS
  Recommendation: The Bayesian posterior predictive p-value is 0.59. The observed total outcome is consistent with the model's posterior predictive distribution.
----------------------------------------
GoodnessOfFit Check:
  Status: REVIEW
  Recommendation: R-squared = -0.9827, MAPE = 0.1983, and wMAPE = 0.1882. A negative R-squared signals a potential conflict between your priors and the data, and it warrants investigation. If this conflict is intentional (due to an informative prior), no further action is needed. If it's unintentional, we recommend relaxing your priors to be less restrictive.
----------------------------------------
PriorPosteriorShift Check:
  Status: PASS
  Recommendation: The model has successfully learned from the data. This is a positive sign that your data was informative.
----------------------------------------
ROIConsistency Check:
  Status: REVIEW
  Recommendation: We've detected an unusually low ROI estimate (for channels `meta`, `google`) where the posterior point estimate falls into the extreme tail of your custom prior. Please review this result to determine if it is reasonable within your business context.",-0.9827,0.1983,0.1882,0.59,0.68
multi|meta|3.000000|0.500000|LogNormal|alpha=0p3|ec=0p5|slope=1p2|lag=4|decay=geometric,"{""roi_prior_overrides"": {""meta"": {""dist"": ""LogNormal"", ""mu"": 3.0, ""sigma"": 0.5}}, ""structural_overrides"": {""adstock_decay_spec"": ""geometric"", ""alpha_m"": 0.3, ""ec_m"": 0.5, ""max_lag"": 4, ""slope_m"": 1.2}}",meta,meta,tiktok,3.0,0.5,LogNormal,0.3,0.5,1.2,4,geometric,False,0.0606035769901548,0.0325332409500505,0.0182399127632379,0.0551312081515789,0.1194037914276122,0.4,0.5,LogNormal,2.4648424207625563,0.3504769530036382,PASS,Passed with reviews: Review is needed.,PASS,True,"========================================
Model Quality Checks
========================================
Overall Status: PASS
Summary: Passed with reviews: Review is needed.

Check Results:
----------------------------------------
Convergence Check:
  Status: PASS
  Recommendation: The model has likely converged, as all parameters have R-hat values < 1.2.
----------------------------------------
Baseline Check:
  Status: REVIEW
  Recommendation: The posterior probability that the baseline is negative is 0.68. This indicates that the baseline time series occasionally dips into negative values. We recommend visually inspecting the baseline time series in the Model Fit charts, but don't be overly concerned. An occasional, small dip may indicate minor statistical error, which is inherent in any model.
----------------------------------------
BayesianPPP Check:
  Status: PASS
  Recommendation: The Bayesian posterior predictive p-value is 0.59. The observed total outcome is consistent with the model's posterior predictive distribution.
----------------------------------------
GoodnessOfFit Check:
  Status: REVIEW
  Recommendation: R-squared = -0.9827, MAPE = 0.1983, and wMAPE = 0.1882. A negative R-squared signals a potential conflict between your priors and the data, and it warrants investigation. If this conflict is intentional (due to an informative prior), no further action is needed. If it's unintentional, we recommend relaxing your priors to be less restrictive.
----------------------------------------
PriorPosteriorShift Check:
  Status: PASS
  Recommendation: The model has successfully learned from the data. This is a positive sign that your data was informative.
----------------------------------------
ROIConsistency Check:
  Status: REVIEW
  Recommendation: We've detected an unusually low ROI estimate (for channels `meta`, `google`) where the posterior point estimate falls into the extreme tail of your custom prior. Please review this result to determine if it is reasonable within your business context.",-0.9827,0.1983,0.1882,0.59,0.68
multi|meta|3.000000|0.500000|LogNormal|alpha=0p3|ec=0p5|slope=1p2|lag=4|decay=geometric,"{""roi_prior_overrides"": {""meta"": {""dist"": ""LogNormal"", ""mu"": 3.0, ""sigma"": 0.5}}, ""structural_overrides"": {""adstock_decay_spec"": ""geometric"", ""alpha_m"": 0.3, ""ec_m"": 0.5, ""max_lag"": 4, ""slope_m"": 1.2}}",meta,meta,moloco,3.0,0.5,LogNormal,0.3,0.5,1.2,4,geometric,False,0.0748550977344469,0.0465884329645466,0.0206433845683932,0.0640313178300857,0.1664018511772155,0.4,0.5,LogNormal,2.0890351868578447,0.3311153368630227,PASS,Passed with reviews: Review is needed.,PASS,True,"========================================
Model Quality Checks
========================================
Overall Status: PASS
Summary: Passed with reviews: Review is needed.

Check Results:
----------------------------------------
Convergence Check:
  Status: PASS
  Recommendation: The model has likely converged, as all parameters have R-hat values < 1.2.
----------------------------------------
Baseline Check:
  Status: REVIEW
  Recommendation: The posterior probability that the baseline is negative is 0.68. This indicates that the baseline time series occasionally dips into negative values. We recommend visually inspecting the baseline time series in the Model Fit charts, but don't be overly concerned. An occasional, small dip may indicate minor statistical error, which is inherent in any model.
----------------------------------------
BayesianPPP Check:
  Status: PASS
  Recommendation: The Bayesian posterior predictive p-value is 0.59. The observed total outcome is consistent with the model's posterior predictive distribution.
----------------------------------------
GoodnessOfFit Check:
  Status: REVIEW
  Recommendation: R-squared = -0.9827, MAPE = 0.1983, and wMAPE = 0.1882. A negative R-squared signals a potential conflict between your priors and the data, and it warrants investigation. If this conflict is intentional (due to an informative prior), no further action is needed. If it's unintentional, we recommend relaxing your priors to be less restrictive.
----------------------------------------
PriorPosteriorShift Check:
  Status: PASS
  Recommendation: The model has successfully learned from the data. This is a positive sign that your data was informative.
----------------------------------------
ROIConsistency Check:
  Status: REVIEW
  Recommendation: We've detected an unusually low ROI estimate (for channels `meta`, `google`) where the posterior point estimate falls into the extreme tail of your custom prior. Please review this result to determine if it is reasonable within your business context.",-0.9827,0.1983,0.1882,0.59,0.68
multi|meta|3.000000|0.500000|LogNormal|alpha=0p3|ec=0p5|slope=1p2|lag=4|decay=geometric,"{""roi_prior_overrides"": {""meta"": {""dist"": ""LogNormal"", ""mu"": 3.0, ""sigma"": 0.5}}, ""structural_overrides"": {""adstock_decay_spec"": ""geometric"", ""alpha_m"": 0.3, ""ec_m"": 0.5, ""max_lag"": 4, ""slope_m"": 1.2}}",meta,meta,liveintent,3.0,0.5,LogNormal,0.3,0.5,1.2,4,geometric,False,0.0916672795681127,0.0566616360782078,0.025064175017178,0.0792815648019313,0.2049012273550033,0.4,0.5,LogNormal,1.8740699440552064,0.3149859837290562,PASS,Passed with reviews: Review is needed.,PASS,True,"========================================
Model Quality Checks
========================================
Overall Status: PASS
Summary: Passed with reviews: Review is needed.

Check Results:
----------------------------------------
Convergence Check:
  Status: PASS
  Recommendation: The model has likely converged, as all parameters have R-hat values < 1.2.
----------------------------------------
Baseline Check:
  Status: REVIEW
  Recommendation: The posterior probability that the baseline is negative is 0.68. This indicates that the baseline time series occasionally dips into negative values. We recommend visually inspecting the baseline time series in the Model Fit charts, but don't be overly concerned. An occasional, small dip may indicate minor statistical error, which is inherent in any model.
----------------------------------------
BayesianPPP Check:
  Status: PASS
  Recommendation: The Bayesian posterior predictive p-value is 0.59. The observed total outcome is consistent with the model's posterior predictive distribution.
----------------------------------------
GoodnessOfFit Check:
  Status: REVIEW
  Recommendation: R-squared = -0.9827, MAPE = 0.1983, and wMAPE = 0.1882. A negative R-squared signals a potential conflict between your priors and the data, and it warrants investigation. If this conflict is intentional (due to an informative prior), no further action is needed. If it's unintentional, we recommend relaxing your priors to be less restrictive.
----------------------------------------
PriorPosteriorShift Check:
  Status: PASS
  Recommendation: The model has successfully learned from the data. This is a positive sign that your data was informative.
----------------------------------------
ROIConsistency Check:
  Status: REVIEW
  Recommendation: We've detected an unusually low ROI estimate (for channels `meta`, `google`) where the posterior point estimate falls into the extreme tail of your custom prior. Please review this result to determine if it is reasonable within your business context.",-0.9827,0.1983,0.1882,0.59,0.68
multi|meta|3.000000|0.500000|LogNormal|alpha=0p3|ec=0p5|slope=1p2|lag=4|decay=geometric,"{""roi_prior_overrides"": {""meta"": {""dist"": ""LogNormal"", ""mu"": 3.0, ""sigma"": 0.5}}, ""structural_overrides"": {""adstock_decay_spec"": ""geometric"", ""alpha_m"": 0.3, ""ec_m"": 0.5, ""max_lag"": 4, ""slope_m"": 1.2}}",meta,meta,beehiiv,3.0,0.5,LogNormal,0.3,0.5,1.2,4,geometric,False,0.1232578592553424,0.0843903315570402,0.0282748656347394,0.1051086969673633,0.3005627989768981,0.4,0.5,LogNormal,1.4465711394420648,0.271261955325499,PASS,Passed with reviews: Review is needed.,PASS,True,"========================================
Model Quality Checks
========================================
Overall Status: PASS
Summary: Passed with reviews: Review is needed.

Check Results:
----------------------------------------
Convergence Check:
  Status: PASS
  Recommendation: The model has likely converged, as all parameters have R-hat values < 1.2.
----------------------------------------
Baseline Check:
  Status: REVIEW
  Recommendation: The posterior probability that the baseline is negative is 0.68. This indicates that the baseline time series occasionally dips into negative values. We recommend visually inspecting the baseline time series in the Model Fit charts, but don't be overly concerned. An occasional, small dip may indicate minor statistical error, which is inherent in any model.
----------------------------------------
BayesianPPP Check:
  Status: PASS
  Recommendation: The Bayesian posterior predictive p-value is 0.59. The observed total outcome is consistent with the model's posterior predictive distribution.
----------------------------------------
GoodnessOfFit Check:
  Status: REVIEW
  Recommendation: R-squared = -0.9827, MAPE = 0.1983, and wMAPE = 0.1882. A negative R-squared signals a potential conflict between your priors and the data, and it warrants investigation. If this conflict is intentional (due to an informative prior), no further action is needed. If it's unintentional, we recommend relaxing your priors to be less restrictive.
----------------------------------------
PriorPosteriorShift Check:
  Status: PASS
  Recommendation: The model has successfully learned from the data. This is a positive sign that your data was informative.
----------------------------------------
ROIConsistency Check:
  Status: REVIEW
  Recommendation: We've detected an unusually low ROI estimate (for channels `meta`, `google`) where the posterior point estimate falls into the extreme tail of your custom prior. Please review this result to determine if it is reasonable within your business context.",-0.9827,0.1983,0.1882,0.59,0.68
multi|meta|3.000000|0.500000|LogNormal|alpha=0p3|ec=0p5|slope=1p2|lag=4|decay=geometric,"{""roi_prior_overrides"": {""meta"": {""dist"": ""LogNormal"", ""mu"": 3.0, ""sigma"": 0.5}}, ""structural_overrides"": {""adstock_decay_spec"": ""geometric"", ""alpha_m"": 0.3, ""ec_m"": 0.5, ""max_lag"": 4, ""slope_m"": 1.2}}",meta,meta,amazon,3.0,0.5,LogNormal,0.3,0.5,1.2,4,geometric,False,0.2616569847303132,0.2131875581350482,0.0471729455515742,0.1978139504790306,0.6956973433494565,0.4,0.5,LogNormal,0.4816112151839002,0.1524696169845178,PASS,Passed with reviews: Review is needed.,PASS,True,"========================================
Model Quality Checks
========================================
Overall Status: PASS
Summary: Passed with reviews: Review is needed.

Check Results:
----------------------------------------
Convergence Check:
  Status: PASS
  Recommendation: The model has likely converged, as all parameters have R-hat values < 1.2.
----------------------------------------
Baseline Check:
  Status: REVIEW
  Recommendation: The posterior probability that the baseline is negative is 0.68. This indicates that the baseline time series occasionally dips into negative values. We recommend visually inspecting the baseline time series in the Model Fit charts, but don't be overly concerned. An occasional, small dip may indicate minor statistical error, which is inherent in any model.
----------------------------------------
BayesianPPP Check:
  Status: PASS
  Recommendation: The Bayesian posterior predictive p-value is 0.59. The observed total outcome is consistent with the model's posterior predictive distribution.
----------------------------------------
GoodnessOfFit Check:
  Status: REVIEW
  Recommendation: R-squared = -0.9827, MAPE = 0.1983, and wMAPE = 0.1882. A negative R-squared signals a potential conflict between your priors and the data, and it warrants investigation. If this conflict is intentional (due to an informative prior), no further action is needed. If it's unintentional, we recommend relaxing your priors to be less restrictive.
----------------------------------------
PriorPosteriorShift Check:
  Status: PASS
  Recommendation: The model has successfully learned from the data. This is a positive sign that your data was informative.
----------------------------------------
ROIConsistency Check:
  Status: REVIEW
  Recommendation: We've detected an unusually low ROI estimate (for channels `meta`, `google`) where the posterior point estimate falls into the extreme tail of your custom prior. Please review this result to determine if it is reasonable within your business context.",-0.9827,0.1983,0.1882,0.59,0.68
multi|meta|3.000000|1.000000|LogNormal|alpha=0p3|ec=0p5|slope=1p2|lag=4|decay=geometric,"{""roi_prior_overrides"": {""meta"": {""dist"": ""LogNormal"", ""mu"": 3.0, ""sigma"": 1.0}}, ""structural_overrides"": {""adstock_decay_spec"": ""geometric"", ""alpha_m"": 0.3, ""ec_m"": 0.5, ""max_lag"": 4, ""slope_m"": 1.2}}",meta,meta,meta,3.0,1.0,LogNormal,0.3,0.5,1.2,4,geometric,False,0.1200437089179952,0.0182769739877788,0.091422276943922,0.1185554601252079,0.1520692110061645,3.0,1.0,LogNormal,7.649354406592925,2.840196011003433,PASS,Passed with reviews: Review is needed.,PASS,True,"========================================
Model Quality Checks
========================================
Overall Status: PASS
Summary: Passed with reviews: Review is needed.

Check Results:
----------------------------------------
Convergence Check:
  Status: PASS
  Recommendation: The model has likely converged, as all parameters have R-hat values < 1.2.
----------------------------------------
Baseline Check:
  Status: PASS
  Recommendation: The posterior probability that the baseline is negative is 0.01. We recommend visually inspecting the baseline time series in the Model Fit charts to confirm this.
----------------------------------------
BayesianPPP Check:
  Status: PASS
  Recommendation: The Bayesian posterior predictive p-value is 0.87. The observed total outcome is consistent with the model's posterior predictive distribution.
----------------------------------------
GoodnessOfFit Check:
  Status: PASS
  Recommendation: R-squared = 0.7721, MAPE = 0.0769, and wMAPE = 0.0750. These goodness-of-fit metrics are intended for guidance and relative comparison.
----------------------------------------
PriorPosteriorShift Check:
  Status: PASS
  Recommendation: The model has successfully learned from the data. This is a positive sign that your data was informative.
----------------------------------------
ROIConsistency Check:
  Status: REVIEW
  Recommendation: We've detected an unusually low ROI estimate (for channels `meta`, `google`) where the posterior point estimate falls into the extreme tail of your custom prior. Please review this result to determine if it is reasonable within your business context.",0.7721,0.0769,0.075,0.87,0.01
multi|meta|3.000000|1.000000|LogNormal|alpha=0p3|ec=0p5|slope=1p2|lag=4|decay=geometric,"{""roi_prior_overrides"": {""meta"": {""dist"": ""LogNormal"", ""mu"": 3.0, ""sigma"": 1.0}}, ""structural_overrides"": {""adstock_decay_spec"": ""geometric"", ""alpha_m"": 0.3, ""ec_m"": 0.5, ""max_lag"": 4, ""slope_m"": 1.2}}",meta,meta,google,3.0,1.0,LogNormal,0.3,0.5,1.2,4,geometric,False,0.0172577599009188,0.007437957505425,0.0068575060227885,0.0166709860786795,0.0309904852882027,0.4,0.5,LogNormal,4.001105707243677,0.3797437102933576,PASS,Passed with reviews: Review is needed.,PASS,True,"========================================
Model Quality Checks
========================================
Overall Status: PASS
Summary: Passed with reviews: Review is needed.

Check Results:
----------------------------------------
Convergence Check:
  Status: PASS
  Recommendation: The model has likely converged, as all parameters have R-hat values < 1.2.
----------------------------------------
Baseline Check:
  Status: PASS
  Recommendation: The posterior probability that the baseline is negative is 0.01. We recommend visually inspecting the baseline time series in the Model Fit charts to confirm this.
----------------------------------------
BayesianPPP Check:
  Status: PASS
  Recommendation: The Bayesian posterior predictive p-value is 0.87. The observed total outcome is consistent with the model's posterior predictive distribution.
----------------------------------------
GoodnessOfFit Check:
  Status: PASS
  Recommendation: R-squared = 0.7721, MAPE = 0.0769, and wMAPE = 0.0750. These goodness-of-fit metrics are intended for guidance and relative comparison.
----------------------------------------
PriorPosteriorShift Check:
  Status: PASS
  Recommendation: The model has successfully learned from the data. This is a positive sign that your data was informative.
----------------------------------------
ROIConsistency Check:
  Status: REVIEW
  Recommendation: We've detected an unusually low ROI estimate (for channels `meta`, `google`) where the posterior point estimate falls into the extreme tail of your custom prior. Please review this result to determine if it is reasonable within your business context.",0.7721,0.0769,0.075,0.87,0.01
multi|meta|3.000000|1.000000|LogNormal|alpha=0p3|ec=0p5|slope=1p2|lag=4|decay=geometric,"{""roi_prior_overrides"": {""meta"": {""dist"": ""LogNormal"", ""mu"": 3.0, ""sigma"": 1.0}}, ""structural_overrides"": {""adstock_decay_spec"": ""geometric"", ""alpha_m"": 0.3, ""ec_m"": 0.5, ""max_lag"": 4, ""slope_m"": 1.2}}",meta,meta,snapchat,3.0,1.0,LogNormal,0.3,0.5,1.2,4,geometric,False,0.0275478411624984,0.0130043647011779,0.0092337829060852,0.0255568753927946,0.0504865750670433,0.4,0.5,LogNormal,3.4271024993143517,0.3665524190616956,PASS,Passed with reviews: Review is needed.,PASS,True,"========================================
Model Quality Checks
========================================
Overall Status: PASS
Summary: Passed with reviews: Review is needed.

Check Results:
----------------------------------------
Convergence Check:
  Status: PASS
  Recommendation: The model has likely converged, as all parameters have R-hat values < 1.2.
----------------------------------------
Baseline Check:
  Status: PASS
  Recommendation: The posterior probability that the baseline is negative is 0.01. We recommend visually inspecting the baseline time series in the Model Fit charts to confirm this.
----------------------------------------
BayesianPPP Check:
  Status: PASS
  Recommendation: The Bayesian posterior predictive p-value is 0.87. The observed total outcome is consistent with the model's posterior predictive distribution.
----------------------------------------
GoodnessOfFit Check:
  Status: PASS
  Recommendation: R-squared = 0.7721, MAPE = 0.0769, and wMAPE = 0.0750. These goodness-of-fit metrics are intended for guidance and relative comparison.
----------------------------------------
PriorPosteriorShift Check:
  Status: PASS
  Recommendation: The model has successfully learned from the data. This is a positive sign that your data was informative.
----------------------------------------
ROIConsistency Check:
  Status: REVIEW
  Recommendation: We've detected an unusually low ROI estimate (for channels `meta`, `google`) where the posterior point estimate falls into the extreme tail of your custom prior. Please review this result to determine if it is reasonable within your business context.",0.7721,0.0769,0.075,0.87,0.01
multi|meta|3.000000|1.000000|LogNormal|alpha=0p3|ec=0p5|slope=1p2|lag=4|decay=geometric,"{""roi_prior_overrides"": {""meta"": {""dist"": ""LogNormal"", ""mu"": 3.0, ""sigma"": 1.0}}, ""structural_overrides"": {""adstock_decay_spec"": ""geometric"", ""alpha_m"": 0.3, ""ec_m"": 0.5, ""max_lag"": 4, ""slope_m"": 1.2}}",meta,meta,tiktok,3.0,1.0,LogNormal,0.3,0.5,1.2,4,geometric,False,0.0416374191094655,0.0203328964433252,0.0144112521316856,0.0391679480671882,0.0796212770044803,0.4,0.5,LogNormal,2.9600423416622648,0.3693883223001646,PASS,Passed with reviews: Review is needed.,PASS,True,"========================================
Model Quality Checks
========================================
Overall Status: PASS
Summary: Passed with reviews: Review is needed.

Check Results:
----------------------------------------
Convergence Check:
  Status: PASS
  Recommendation: The model has likely converged, as all parameters have R-hat values < 1.2.
----------------------------------------
Baseline Check:
  Status: PASS
  Recommendation: The posterior probability that the baseline is negative is 0.01. We recommend visually inspecting the baseline time series in the Model Fit charts to confirm this.
----------------------------------------
BayesianPPP Check:
  Status: PASS
  Recommendation: The Bayesian posterior predictive p-value is 0.87. The observed total outcome is consistent with the model's posterior predictive distribution.
----------------------------------------
GoodnessOfFit Check:
  Status: PASS
  Recommendation: R-squared = 0.7721, MAPE = 0.0769, and wMAPE = 0.0750. These goodness-of-fit metrics are intended for guidance and relative comparison.
----------------------------------------
PriorPosteriorShift Check:
  Status: PASS
  Recommendation: The model has successfully learned from the data. This is a positive sign that your data was informative.
----------------------------------------
ROIConsistency Check:
  Status: REVIEW
  Recommendation: We've detected an unusually low ROI estimate (for channels `meta`, `google`) where the posterior point estimate falls into the extreme tail of your custom prior. Please review this result to determine if it is reasonable within your business context.",0.7721,0.0769,0.075,0.87,0.01
multi|meta|3.000000|1.000000|LogNormal|alpha=0p3|ec=0p5|slope=1p2|lag=4|decay=geometric,"{""roi_prior_overrides"": {""meta"": {""dist"": ""LogNormal"", ""mu"": 3.0, ""sigma"": 1.0}}, ""structural_overrides"": {""adstock_decay_spec"": ""geometric"", ""alpha_m"": 0.3, ""ec_m"": 0.5, ""max_lag"": 4, ""slope_m"": 1.2}}",meta,meta,moloco,3.0,1.0,LogNormal,0.3,0.5,1.2,4,geometric,False,0.0656398584041744,0.0338072395653765,0.0212738857604563,0.0589543860405683,0.1264880701899528,0.4,0.5,LogNormal,2.419812398013535,0.340291459697405,PASS,Passed with reviews: Review is needed.,PASS,True,"========================================
Model Quality Checks
========================================
Overall Status: PASS
Summary: Passed with reviews: Review is needed.

Check Results:
----------------------------------------
Convergence Check:
  Status: PASS
  Recommendation: The model has likely converged, as all parameters have R-hat values < 1.2.
----------------------------------------
Baseline Check:
  Status: PASS
  Recommendation: The posterior probability that the baseline is negative is 0.01. We recommend visually inspecting the baseline time series in the Model Fit charts to confirm this.
----------------------------------------
BayesianPPP Check:
  Status: PASS
  Recommendation: The Bayesian posterior predictive p-value is 0.87. The observed total outcome is consistent with the model's posterior predictive distribution.
----------------------------------------
GoodnessOfFit Check:
  Status: PASS
  Recommendation: R-squared = 0.7721, MAPE = 0.0769, and wMAPE = 0.0750. These goodness-of-fit metrics are intended for guidance and relative comparison.
----------------------------------------
PriorPosteriorShift Check:
  Status: PASS
  Recommendation: The model has successfully learned from the data. This is a positive sign that your data was informative.
----------------------------------------
ROIConsistency Check:
  Status: REVIEW
  Recommendation: We've detected an unusually low ROI estimate (for channels `meta`, `google`) where the posterior point estimate falls into the extreme tail of your custom prior. Please review this result to determine if it is reasonable within your business context.",0.7721,0.0769,0.075,0.87,0.01
multi|meta|3.000000|1.000000|LogNormal|alpha=0p3|ec=0p5|slope=1p2|lag=4|decay=geometric,"{""roi_prior_overrides"": {""meta"": {""dist"": ""LogNormal"", ""mu"": 3.0, ""sigma"": 1.0}}, ""structural_overrides"": {""adstock_decay_spec"": ""geometric"", ""alpha_m"": 0.3, ""ec_m"": 0.5, ""max_lag"": 4, ""slope_m"": 1.2}}",meta,meta,liveintent,3.0,1.0,LogNormal,0.3,0.5,1.2,4,geometric,False,0.0997375641336354,0.0626379501350623,0.026694943010807,0.0855049230158329,0.2236832559108733,0.4,0.5,LogNormal,1.7653988581901956,0.3068221322586338,PASS,Passed with reviews: Review is needed.,PASS,True,"========================================
Model Quality Checks
========================================
Overall Status: PASS
Summary: Passed with reviews: Review is needed.

Check Results:
----------------------------------------
Convergence Check:
  Status: PASS
  Recommendation: The model has likely converged, as all parameters have R-hat values < 1.2.
----------------------------------------
Baseline Check:
  Status: PASS
  Recommendation: The posterior probability that the baseline is negative is 0.01. We recommend visually inspecting the baseline time series in the Model Fit charts to confirm this.
----------------------------------------
BayesianPPP Check:
  Status: PASS
  Recommendation: The Bayesian posterior predictive p-value is 0.87. The observed total outcome is consistent with the model's posterior predictive distribution.
----------------------------------------
GoodnessOfFit Check:
  Status: PASS
  Recommendation: R-squared = 0.7721, MAPE = 0.0769, and wMAPE = 0.0750. These goodness-of-fit metrics are intended for guidance and relative comparison.
----------------------------------------
PriorPosteriorShift Check:
  Status: PASS
  Recommendation: The model has successfully learned from the data. This is a positive sign that your data was informative.
----------------------------------------
ROIConsistency Check:
  Status: REVIEW
  Recommendation: We've detected an unusually low ROI estimate (for channels `meta`, `google`) where the posterior point estimate falls into the extreme tail of your custom prior. Please review this result to determine if it is reasonable within your business context.",0.7721,0.0769,0.075,0.87,0.01
multi|meta|3.000000|1.000000|LogNormal|alpha=0p3|ec=0p5|slope=1p2|lag=4|decay=geometric,"{""roi_prior_overrides"": {""meta"": {""dist"": ""LogNormal"", ""mu"": 3.0, ""sigma"": 1.0}}, ""structural_overrides"": {""adstock_decay_spec"": ""geometric"", ""alpha_m"": 0.3, ""ec_m"": 0.5, ""max_lag"": 4, ""slope_m"": 1.2}}",meta,meta,beehiiv,3.0,1.0,LogNormal,0.3,0.5,1.2,4,geometric,False,0.1656716892255159,0.1106155793864312,0.0399603160098195,0.1369923055171966,0.3770411908626555,0.4,0.5,LogNormal,1.142838284075849,0.2288461255845898,PASS,Passed with reviews: Review is needed.,PASS,True,"========================================
Model Quality Checks
========================================
Overall Status: PASS
Summary: Passed with reviews: Review is needed.

Check Results:
----------------------------------------
Convergence Check:
  Status: PASS
  Recommendation: The model has likely converged, as all parameters have R-hat values < 1.2.
----------------------------------------
Baseline Check:
  Status: PASS
  Recommendation: The posterior probability that the baseline is negative is 0.01. We recommend visually inspecting the baseline time series in the Model Fit charts to confirm this.
----------------------------------------
BayesianPPP Check:
  Status: PASS
  Recommendation: The Bayesian posterior predictive p-value is 0.87. The observed total outcome is consistent with the model's posterior predictive distribution.
----------------------------------------
GoodnessOfFit Check:
  Status: PASS
  Recommendation: R-squared = 0.7721, MAPE = 0.0769, and wMAPE = 0.0750. These goodness-of-fit metrics are intended for guidance and relative comparison.
----------------------------------------
PriorPosteriorShift Check:
  Status: PASS
  Recommendation: The model has successfully learned from the data. This is a positive sign that your data was informative.
----------------------------------------
ROIConsistency Check:
  Status: REVIEW
  Recommendation: We've detected an unusually low ROI estimate (for channels `meta`, `google`) where the posterior point estimate falls into the extreme tail of your custom prior. Please review this result to determine if it is reasonable within your business context.",0.7721,0.0769,0.075,0.87,0.01
multi|meta|3.000000|1.000000|LogNormal|alpha=0p3|ec=0p5|slope=1p2|lag=4|decay=geometric,"{""roi_prior_overrides"": {""meta"": {""dist"": ""LogNormal"", ""mu"": 3.0, ""sigma"": 1.0}}, ""structural_overrides"": {""adstock_decay_spec"": ""geometric"", ""alpha_m"": 0.3, ""ec_m"": 0.5, ""max_lag"": 4, ""slope_m"": 1.2}}",meta,meta,amazon,3.0,1.0,LogNormal,0.3,0.5,1.2,4,geometric,False,0.1641006525493382,0.105816321194584,0.0349144870415329,0.1369118839502334,0.3681658431887625,0.4,0.5,LogNormal,1.1865945182140658,0.2498767033876482,PASS,Passed with reviews: Review is needed.,PASS,True,"========================================
Model Quality Checks
========================================
Overall Status: PASS
Summary: Passed with reviews: Review is needed.

Check Results:
----------------------------------------
Convergence Check:
  Status: PASS
  Recommendation: The model has likely converged, as all parameters have R-hat values < 1.2.
----------------------------------------
Baseline Check:
  Status: PASS
  Recommendation: The posterior probability that the baseline is negative is 0.01. We recommend visually inspecting the baseline time series in the Model Fit charts to confirm this.
----------------------------------------
BayesianPPP Check:
  Status: PASS
  Recommendation: The Bayesian posterior predictive p-value is 0.87. The observed total outcome is consistent with the model's posterior predictive distribution.
----------------------------------------
GoodnessOfFit Check:
  Status: PASS
  Recommendation: R-squared = 0.7721, MAPE = 0.0769, and wMAPE = 0.0750. These goodness-of-fit metrics are intended for guidance and relative comparison.
----------------------------------------
PriorPosteriorShift Check:
  Status: PASS
  Recommendation: The model has successfully learned from the data. This is a positive sign that your data was informative.
----------------------------------------
ROIConsistency Check:
  Status: REVIEW
  Recommendation: We've detected an unusually low ROI estimate (for channels `meta`, `google`) where the posterior point estimate falls into the extreme tail of your custom prior. Please review this result to determine if it is reasonable within your business context.",0.7721,0.0769,0.075,0.87,0.01
multi|meta|3.000000|1.500000|LogNormal|alpha=0p3|ec=0p5|slope=1p2|lag=4|decay=geometric,"{""roi_prior_overrides"": {""meta"": {""dist"": ""LogNormal"", ""mu"": 3.0, ""sigma"": 1.5}}, ""structural_overrides"": {""adstock_decay_spec"": ""geometric"", ""alpha_m"": 0.3, ""ec_m"": 0.5, ""max_lag"": 4, ""slope_m"": 1.2}}",meta,meta,meta,3.0,1.5,LogNormal,0.3,0.5,1.2,4,geometric,False,0.0724355955608189,0.0131219261235325,0.052185252122581,0.0716197006404399,0.095010258629918,3.0,1.5,LogNormal,6.143559256616776,2.863401502421109,PASS,Passed with reviews: Review is needed.,PASS,True,"========================================
Model Quality Checks
========================================
Overall Status: PASS
Summary: Passed with reviews: Review is needed.

Check Results:
----------------------------------------
Convergence Check:
  Status: PASS
  Recommendation: The model has likely converged, as all parameters have R-hat values < 1.2.
----------------------------------------
Baseline Check:
  Status: PASS
  Recommendation: The posterior probability that the baseline is negative is 0.00. We recommend visually inspecting the baseline time series in the Model Fit charts to confirm this.
----------------------------------------
BayesianPPP Check:
  Status: PASS
  Recommendation: The Bayesian posterior predictive p-value is 0.96. The observed total outcome is consistent with the model's posterior predictive distribution.
----------------------------------------
GoodnessOfFit Check:
  Status: PASS
  Recommendation: R-squared = 0.8478, MAPE = 0.0632, and wMAPE = 0.0621. These goodness-of-fit metrics are intended for guidance and relative comparison.
----------------------------------------
PriorPosteriorShift Check:
  Status: PASS
  Recommendation: The model has successfully learned from the data. This is a positive sign that your data was informative.
----------------------------------------
ROIConsistency Check:
  Status: REVIEW
  Recommendation: We've detected an unusually low ROI estimate (for channels `meta`, `google`) where the posterior point estimate falls into the extreme tail of your custom prior. Please review this result to determine if it is reasonable within your business context.",0.8478,0.0632,0.0621,0.96,0.0
multi|meta|3.000000|1.500000|LogNormal|alpha=0p3|ec=0p5|slope=1p2|lag=4|decay=geometric,"{""roi_prior_overrides"": {""meta"": {""dist"": ""LogNormal"", ""mu"": 3.0, ""sigma"": 1.5}}, ""structural_overrides"": {""adstock_decay_spec"": ""geometric"", ""alpha_m"": 0.3, ""ec_m"": 0.5, ""max_lag"": 4, ""slope_m"": 1.2}}",meta,meta,google,3.0,1.5,LogNormal,0.3,0.5,1.2,4,geometric,False,0.0155519924673717,0.0065989553243384,0.0061823278199881,0.0149913867935538,0.0274339694529771,0.4,0.5,LogNormal,4.123384379523587,0.3814519971895788,PASS,Passed with reviews: Review is needed.,PASS,True,"========================================
Model Quality Checks
========================================
Overall Status: PASS
Summary: Passed with reviews: Review is needed.

Check Results:
----------------------------------------
Convergence Check:
  Status: PASS
  Recommendation: The model has likely converged, as all parameters have R-hat values < 1.2.
----------------------------------------
Baseline Check:
  Status: PASS
  Recommendation: The posterior probability that the baseline is negative is 0.00. We recommend visually inspecting the baseline time series in the Model Fit charts to confirm this.
----------------------------------------
BayesianPPP Check:
  Status: PASS
  Recommendation: The Bayesian posterior predictive p-value is 0.96. The observed total outcome is consistent with the model's posterior predictive distribution.
----------------------------------------
GoodnessOfFit Check:
  Status: PASS
  Recommendation: R-squared = 0.8478, MAPE = 0.0632, and wMAPE = 0.0621. These goodness-of-fit metrics are intended for guidance and relative comparison.
----------------------------------------
PriorPosteriorShift Check:
  Status: PASS
  Recommendation: The model has successfully learned from the data. This is a positive sign that your data was informative.
----------------------------------------
ROIConsistency Check:
  Status: REVIEW
  Recommendation: We've detected an unusually low ROI estimate (for channels `meta`, `google`) where the posterior point estimate falls into the extreme tail of your custom prior. Please review this result to determine if it is reasonable within your business context.",0.8478,0.0632,0.0621,0.96,0.0
multi|meta|3.000000|1.500000|LogNormal|alpha=0p3|ec=0p5|slope=1p2|lag=4|decay=geometric,"{""roi_prior_overrides"": {""meta"": {""dist"": ""LogNormal"", ""mu"": 3.0, ""sigma"": 1.5}}, ""structural_overrides"": {""adstock_decay_spec"": ""geometric"", ""alpha_m"": 0.3, ""ec_m"": 0.5, ""max_lag"": 4, ""slope_m"": 1.2}}",meta,meta,snapchat,3.0,1.5,LogNormal,0.3,0.5,1.2,4,geometric,False,0.02812396387589,0.0134327011509324,0.0097186260391026,0.0262004034593701,0.0517942670732736,0.4,0.5,LogNormal,3.39386042737687,0.3659646531585185,PASS,Passed with reviews: Review is needed.,PASS,True,"========================================
Model Quality Checks
========================================
Overall Status: PASS
Summary: Passed with reviews: Review is needed.

Check Results:
----------------------------------------
Convergence Check:
  Status: PASS
  Recommendation: The model has likely converged, as all parameters have R-hat values < 1.2.
----------------------------------------
Baseline Check:
  Status: PASS
  Recommendation: The posterior probability that the baseline is negative is 0.00. We recommend visually inspecting the baseline time series in the Model Fit charts to confirm this.
----------------------------------------
BayesianPPP Check:
  Status: PASS
  Recommendation: The Bayesian posterior predictive p-value is 0.96. The observed total outcome is consistent with the model's posterior predictive distribution.
----------------------------------------
GoodnessOfFit Check:
  Status: PASS
  Recommendation: R-squared = 0.8478, MAPE = 0.0632, and wMAPE = 0.0621. These goodness-of-fit metrics are intended for guidance and relative comparison.
----------------------------------------
PriorPosteriorShift Check:
  Status: PASS
  Recommendation: The model has successfully learned from the data. This is a positive sign that your data was informative.
----------------------------------------
ROIConsistency Check:
  Status: REVIEW
  Recommendation: We've detected an unusually low ROI estimate (for channels `meta`, `google`) where the posterior point estimate falls into the extreme tail of your custom prior. Please review this result to determine if it is reasonable within your business context.",0.8478,0.0632,0.0621,0.96,0.0
multi|meta|3.000000|1.500000|LogNormal|alpha=0p3|ec=0p5|slope=1p2|lag=4|decay=geometric,"{""roi_prior_overrides"": {""meta"": {""dist"": ""LogNormal"", ""mu"": 3.0, ""sigma"": 1.5}}, ""structural_overrides"": {""adstock_decay_spec"": ""geometric"", ""alpha_m"": 0.3, ""ec_m"": 0.5, ""max_lag"": 4, ""slope_m"": 1.2}}",meta,meta,tiktok,3.0,1.5,LogNormal,0.3,0.5,1.2,4,geometric,False,0.0345536495500709,0.0163996658599649,0.0118838663212955,0.0325743369758129,0.0642841830849647,0.4,0.5,LogNormal,3.1849871063869624,0.3764841781734928,PASS,Passed with reviews: Review is needed.,PASS,True,"========================================
Model Quality Checks
========================================
Overall Status: PASS
Summary: Passed with reviews: Review is needed.

Check Results:
----------------------------------------
Convergence Check:
  Status: PASS
  Recommendation: The model has likely converged, as all parameters have R-hat values < 1.2.
----------------------------------------
Baseline Check:
  Status: PASS
  Recommendation: The posterior probability that the baseline is negative is 0.00. We recommend visually inspecting the baseline time series in the Model Fit charts to confirm this.
----------------------------------------
BayesianPPP Check:
  Status: PASS
  Recommendation: The Bayesian posterior predictive p-value is 0.96. The observed total outcome is consistent with the model's posterior predictive distribution.
----------------------------------------
GoodnessOfFit Check:
  Status: PASS
  Recommendation: R-squared = 0.8478, MAPE = 0.0632, and wMAPE = 0.0621. These goodness-of-fit metrics are intended for guidance and relative comparison.
----------------------------------------
PriorPosteriorShift Check:
  Status: PASS
  Recommendation: The model has successfully learned from the data. This is a positive sign that your data was informative.
----------------------------------------
ROIConsistency Check:
  Status: REVIEW
  Recommendation: We've detected an unusually low ROI estimate (for channels `meta`, `google`) where the posterior point estimate falls into the extreme tail of your custom prior. Please review this result to determine if it is reasonable within your business context.",0.8478,0.0632,0.0621,0.96,0.0
multi|meta|3.000000|1.500000|LogNormal|alpha=0p3|ec=0p5|slope=1p2|lag=4|decay=geometric,"{""roi_prior_overrides"": {""meta"": {""dist"": ""LogNormal"", ""mu"": 3.0, ""sigma"": 1.5}}, ""structural_overrides"": {""adstock_decay_spec"": ""geometric"", ""alpha_m"": 0.3, ""ec_m"": 0.5, ""max_lag"": 4, ""slope_m"": 1.2}}",meta,meta,moloco,3.0,1.5,LogNormal,0.3,0.5,1.2,4,geometric,False,0.0657166344167975,0.032280918029435,0.0225247224792838,0.0602644197642803,0.1255024507641792,0.4,0.5,LogNormal,2.4657066682001765,0.3402077377395999,PASS,Passed with reviews: Review is needed.,PASS,True,"========================================
Model Quality Checks
========================================
Overall Status: PASS
Summary: Passed with reviews: Review is needed.

Check Results:
----------------------------------------
Convergence Check:
  Status: PASS
  Recommendation: The model has likely converged, as all parameters have R-hat values < 1.2.
----------------------------------------
Baseline Check:
  Status: PASS
  Recommendation: The posterior probability that the baseline is negative is 0.00. We recommend visually inspecting the baseline time series in the Model Fit charts to confirm this.
----------------------------------------
BayesianPPP Check:
  Status: PASS
  Recommendation: The Bayesian posterior predictive p-value is 0.96. The observed total outcome is consistent with the model's posterior predictive distribution.
----------------------------------------
GoodnessOfFit Check:
  Status: PASS
  Recommendation: R-squared = 0.8478, MAPE = 0.0632, and wMAPE = 0.0621. These goodness-of-fit metrics are intended for guidance and relative comparison.
----------------------------------------
PriorPosteriorShift Check:
  Status: PASS
  Recommendation: The model has successfully learned from the data. This is a positive sign that your data was informative.
----------------------------------------
ROIConsistency Check:
  Status: REVIEW
  Recommendation: We've detected an unusually low ROI estimate (for channels `meta`, `google`) where the posterior point estimate falls into the extreme tail of your custom prior. Please review this result to determine if it is reasonable within your business context.",0.8478,0.0632,0.0621,0.96,0.0
multi|meta|3.000000|1.500000|LogNormal|alpha=0p3|ec=0p5|slope=1p2|lag=4|decay=geometric,"{""roi_prior_overrides"": {""meta"": {""dist"": ""LogNormal"", ""mu"": 3.0, ""sigma"": 1.5}}, ""structural_overrides"": {""adstock_decay_spec"": ""geometric"", ""alpha_m"": 0.3, ""ec_m"": 0.5, ""max_lag"": 4, ""slope_m"": 1.2}}",meta,meta,liveintent,3.0,1.5,LogNormal,0.3,0.5,1.2,4,geometric,False,0.100317965397456,0.0627604859786574,0.0267705416306853,0.0864874944090843,0.2215545170009135,0.4,0.5,LogNormal,1.7627788280691503,0.3063281942999291,PASS,Passed with reviews: Review is needed.,PASS,True,"========================================
Model Quality Checks
========================================
Overall Status: PASS
Summary: Passed with reviews: Review is needed.

Check Results:
----------------------------------------
Convergence Check:
  Status: PASS
  Recommendation: The model has likely converged, as all parameters have R-hat values < 1.2.
----------------------------------------
Baseline Check:
  Status: PASS
  Recommendation: The posterior probability that the baseline is negative is 0.00. We recommend visually inspecting the baseline time series in the Model Fit charts to confirm this.
----------------------------------------
BayesianPPP Check:
  Status: PASS
  Recommendation: The Bayesian posterior predictive p-value is 0.96. The observed total outcome is consistent with the model's posterior predictive distribution.
----------------------------------------
GoodnessOfFit Check:
  Status: PASS
  Recommendation: R-squared = 0.8478, MAPE = 0.0632, and wMAPE = 0.0621. These goodness-of-fit metrics are intended for guidance and relative comparison.
----------------------------------------
PriorPosteriorShift Check:
  Status: PASS
  Recommendation: The model has successfully learned from the data. This is a positive sign that your data was informative.
----------------------------------------
ROIConsistency Check:
  Status: REVIEW
  Recommendation: We've detected an unusually low ROI estimate (for channels `meta`, `google`) where the posterior point estimate falls into the extreme tail of your custom prior. Please review this result to determine if it is reasonable within your business context.",0.8478,0.0632,0.0621,0.96,0.0
multi|meta|3.000000|1.500000|LogNormal|alpha=0p3|ec=0p5|slope=1p2|lag=4|decay=geometric,"{""roi_prior_overrides"": {""meta"": {""dist"": ""LogNormal"", ""mu"": 3.0, ""sigma"": 1.5}}, ""structural_overrides"": {""adstock_decay_spec"": ""geometric"", ""alpha_m"": 0.3, ""ec_m"": 0.5, ""max_lag"": 4, ""slope_m"": 1.2}}",meta,meta,beehiiv,3.0,1.5,LogNormal,0.3,0.5,1.2,4,geometric,False,0.1711996817441346,0.1065227607990151,0.0400647036731243,0.14758912473917,0.3661753773689269,0.4,0.5,LogNormal,1.1736427880885951,0.223390457588695,PASS,Passed with reviews: Review is needed.,PASS,True,"========================================
Model Quality Checks
========================================
Overall Status: PASS
Summary: Passed with reviews: Review is needed.

Check Results:
----------------------------------------
Convergence Check:
  Status: PASS
  Recommendation: The model has likely converged, as all parameters have R-hat values < 1.2.
----------------------------------------
Baseline Check:
  Status: PASS
  Recommendation: The posterior probability that the baseline is negative is 0.00. We recommend visually inspecting the baseline time series in the Model Fit charts to confirm this.
----------------------------------------
BayesianPPP Check:
  Status: PASS
  Recommendation: The Bayesian posterior predictive p-value is 0.96. The observed total outcome is consistent with the model's posterior predictive distribution.
----------------------------------------
GoodnessOfFit Check:
  Status: PASS
  Recommendation: R-squared = 0.8478, MAPE = 0.0632, and wMAPE = 0.0621. These goodness-of-fit metrics are intended for guidance and relative comparison.
----------------------------------------
PriorPosteriorShift Check:
  Status: PASS
  Recommendation: The model has successfully learned from the data. This is a positive sign that your data was informative.
----------------------------------------
ROIConsistency Check:
  Status: REVIEW
  Recommendation: We've detected an unusually low ROI estimate (for channels `meta`, `google`) where the posterior point estimate falls into the extreme tail of your custom prior. Please review this result to determine if it is reasonable within your business context.",0.8478,0.0632,0.0621,0.96,0.0
multi|meta|3.000000|1.500000|LogNormal|alpha=0p3|ec=0p5|slope=1p2|lag=4|decay=geometric,"{""roi_prior_overrides"": {""meta"": {""dist"": ""LogNormal"", ""mu"": 3.0, ""sigma"": 1.5}}, ""structural_overrides"": {""adstock_decay_spec"": ""geometric"", ""alpha_m"": 0.3, ""ec_m"": 0.5, ""max_lag"": 4, ""slope_m"": 1.2}}",meta,meta,amazon,3.0,1.5,LogNormal,0.3,0.5,1.2,4,geometric,False,0.1500495405809488,0.0953807249067645,0.033047111146152,0.130386583507061,0.3341583266854286,0.4,0.5,LogNormal,1.2998770150793295,0.2640262793656432,PASS,Passed with reviews: Review is needed.,PASS,True,"========================================
Model Quality Checks
========================================
Overall Status: PASS
Summary: Passed with reviews: Review is needed.

Check Results:
----------------------------------------
Convergence Check:
  Status: PASS
  Recommendation: The model has likely converged, as all parameters have R-hat values < 1.2.
----------------------------------------
Baseline Check:
  Status: PASS
  Recommendation: The posterior probability that the baseline is negative is 0.00. We recommend visually inspecting the baseline time series in the Model Fit charts to confirm this.
----------------------------------------
BayesianPPP Check:
  Status: PASS
  Recommendation: The Bayesian posterior predictive p-value is 0.96. The observed total outcome is consistent with the model's posterior predictive distribution.
----------------------------------------
GoodnessOfFit Check:
  Status: PASS
  Recommendation: R-squared = 0.8478, MAPE = 0.0632, and wMAPE = 0.0621. These goodness-of-fit metrics are intended for guidance and relative comparison.
----------------------------------------
PriorPosteriorShift Check:
  Status: PASS
  Recommendation: The model has successfully learned from the data. This is a positive sign that your data was informative.
----------------------------------------
ROIConsistency Check:
  Status: REVIEW
  Recommendation: We've detected an unusually low ROI estimate (for channels `meta`, `google`) where the posterior point estimate falls into the extreme tail of your custom prior. Please review this result to determine if it is reasonable within your business context.",0.8478,0.0632,0.0621,0.96,0.0
