run_id,targets,prior_key,channel,qc_status_code,qc_summary_short,qc_primary_review_check,qc_flagged_channels,roi_baseline,roi_new,delta_abs,delta_pct,adstock_alpha_m,saturation_ec_m,saturation_slope_m,max_lag,adstock_decay_spec,analysis_stage,run_mode,prior_mode_used,kpi_type,kpi_type_effective,outcome_col_used,revenue_per_kpi,target_channels,sweep_type,two_layer_enabled,prior_design_mode,prior_grid_type,prior_design_label,roi_mu,roi_sigma,roi_dist,qc_scope,qc_target_channels,gate_mode,gate_matched_count,gate_missing_count,gate_warning,data_tag,input_data_csv,roi_prior_mu,roi_prior_sigma,roi_prior_dist,roi_baseline_sd,roi_baseline_p05,roi_baseline_p50,roi_baseline_p95,roi_new_sd,roi_new_p05,roi_new_p50,roi_new_p95,ci_overlap_baseline_new,prior_roi_mu_channel,prior_roi_sigma_channel,prior_roi_dist_channel,prior_posterior_kl_gaussian,prior_posterior_wasserstein,channel_total_spend,incremental_outcome_baseline,incremental_outcome_new,delta_outcome,delta_outcome_abs,dollars_per_subscription,incremental_value_baseline,incremental_value_new,delta_value,delta_value_abs
"multi|amazon,beehiiv,liveintent,meta,moloco,tiktok|pmode=roi|rpk=100.0|target=amazon|mu=0.500000|sigma=1.000000|dist=LogNormal|0.500000|1.000000|LogNormal|alpha=0p64|ec=1p53|slope=1p2|lag=4|decay=geometric",amazon,"{""kpi_type"": ""non_revenue"", ""kpi_type_effective"": ""revenue"", ""prior_design_mode"": ""roi"", ""prior_grid_type"": ""roi"", ""revenue_per_kpi"": 100.0, ""roi_prior_overrides"": {""amazon"": {""dist"": ""LogNormal"", ""mu"": 0.5, ""sigma"": 1.0}, ""beehiiv"": {""dist"": ""LogNormal"", ""mu"": 0.5, ""sigma"": 0.5}, ""liveintent"": {""dist"": ""LogNormal"", ""mu"": 0.5, ""sigma"": 0.5}, ""meta"": {""dist"": ""LogNormal"", ""mu"": 0.5, ""sigma"": 0.5}, ""moloco"": {""dist"": ""LogNormal"", ""mu"": 0.5, ""sigma"": 0.5}, ""tiktok"": {""dist"": ""LogNormal"", ""mu"": 0.5, ""sigma"": 0.5}}, ""run_mode"": ""roi_full"", ""structural_overrides"": {""adstock_decay_spec"": ""geometric"", ""alpha_m"": 0.64, ""ec_m"": 1.53, ""max_lag"": 4, ""slope_m"": 1.2}, ""sweep_type"": ""fixed_full_grid"", ""target_channel"": ""amazon"", ""two_layer_enabled"": false}",amazon,REVIEW,REVIEW:PriorPosteriorShift,PriorPosteriorShift,"amazon,beehiiv,liveintent",0.6377680289559067,0.527808492363159,0.10995953659274771,0.17241305866768364,0.64,1.53,1.2,4,geometric,prior_sweep,roi_full,roi,non_revenue,revenue,__revenue_equiv__,100.0,amazon,fixed_full_grid,False,roi,roi,Revenue-equivalent ROI,0.5,1.0,LogNormal,target_channels,amazon,configured,,,,upload_1bc112d58beb_monthly_mocha,/Users/jasper/Documents/Intern/BlueAlpha/capstone-Blue_Alpha_1/backend/storage/uploads/upload_1bc112d58beb_monthly_mocha.csv,0.5,1.0,LogNormal,0.6114372134697085,0.0995406173169612,0.4413366019725799,2.029905021190642,1.0967137478032505,0.0316936802119016,0.2123492658138275,1.9518210887908911,0.9269692516942015,0.5,1.0,LogNormal,0.0094589721188415,0.0741935939245941,15740.258094,10038.633379867637,8307.84189400115,-1730.7914858664863,1730.7914858664863,100.0,1003863.3379867637,830784.189400115,-173079.14858664863,173079.14858664863
"multi|amazon,beehiiv,liveintent,meta,moloco,tiktok|pmode=roi|rpk=100.0|target=amazon|mu=0.500000|sigma=1.000000|dist=LogNormal|0.500000|1.000000|LogNormal|alpha=0p64|ec=1p53|slope=1p2|lag=4|decay=geometric",amazon,"{""kpi_type"": ""non_revenue"", ""kpi_type_effective"": ""revenue"", ""prior_design_mode"": ""roi"", ""prior_grid_type"": ""roi"", ""revenue_per_kpi"": 100.0, ""roi_prior_overrides"": {""amazon"": {""dist"": ""LogNormal"", ""mu"": 0.5, ""sigma"": 1.0}, ""beehiiv"": {""dist"": ""LogNormal"", ""mu"": 0.5, ""sigma"": 0.5}, ""liveintent"": {""dist"": ""LogNormal"", ""mu"": 0.5, ""sigma"": 0.5}, ""meta"": {""dist"": ""LogNormal"", ""mu"": 0.5, ""sigma"": 0.5}, ""moloco"": {""dist"": ""LogNormal"", ""mu"": 0.5, ""sigma"": 0.5}, ""tiktok"": {""dist"": ""LogNormal"", ""mu"": 0.5, ""sigma"": 0.5}}, ""run_mode"": ""roi_full"", ""structural_overrides"": {""adstock_decay_spec"": ""geometric"", ""alpha_m"": 0.64, ""ec_m"": 1.53, ""max_lag"": 4, ""slope_m"": 1.2}, ""sweep_type"": ""fixed_full_grid"", ""target_channel"": ""amazon"", ""two_layer_enabled"": false}",beehiiv,REVIEW,REVIEW:PriorPosteriorShift,PriorPosteriorShift,"amazon,beehiiv,liveintent",0.762659886876742,0.5178781445433075,0.24478174233343453,0.32095793491364666,0.64,1.53,1.2,4,geometric,prior_sweep,roi_full,roi,non_revenue,revenue,__revenue_equiv__,100.0,amazon,fixed_full_grid,False,roi,roi,Revenue-equivalent ROI,0.5,1.0,LogNormal,target_channels,amazon,configured,,,,upload_1bc112d58beb_monthly_mocha,/Users/jasper/Documents/Intern/BlueAlpha/capstone-Blue_Alpha_1/backend/storage/uploads/upload_1bc112d58beb_monthly_mocha.csv,0.5,1.0,LogNormal,0.8561781928458713,0.1083850640803575,0.4253711998462677,2.5097618103027344,0.5182112828643411,0.094806195423007,0.3573233485221863,1.481797426939009,0.5687112236748302,0.5,0.5,LogNormal,0.0019501808268925,0.0211565654280709,328172.2732613,250283.82880154633,169953.24796712134,-80330.580834425,80330.580834425,100.0,25028382.880154632,16995324.796712134,-8033058.083442498,8033058.083442498
"multi|amazon,beehiiv,liveintent,meta,moloco,tiktok|pmode=roi|rpk=100.0|target=amazon|mu=0.500000|sigma=1.000000|dist=LogNormal|0.500000|1.000000|LogNormal|alpha=0p64|ec=1p53|slope=1p2|lag=4|decay=geometric",amazon,"{""kpi_type"": ""non_revenue"", ""kpi_type_effective"": ""revenue"", ""prior_design_mode"": ""roi"", ""prior_grid_type"": ""roi"", ""revenue_per_kpi"": 100.0, ""roi_prior_overrides"": {""amazon"": {""dist"": ""LogNormal"", ""mu"": 0.5, ""sigma"": 1.0}, ""beehiiv"": {""dist"": ""LogNormal"", ""mu"": 0.5, ""sigma"": 0.5}, ""liveintent"": {""dist"": ""LogNormal"", ""mu"": 0.5, ""sigma"": 0.5}, ""meta"": {""dist"": ""LogNormal"", ""mu"": 0.5, ""sigma"": 0.5}, ""moloco"": {""dist"": ""LogNormal"", ""mu"": 0.5, ""sigma"": 0.5}, ""tiktok"": {""dist"": ""LogNormal"", ""mu"": 0.5, ""sigma"": 0.5}}, ""run_mode"": ""roi_full"", ""structural_overrides"": {""adstock_decay_spec"": ""geometric"", ""alpha_m"": 0.64, ""ec_m"": 1.53, ""max_lag"": 4, ""slope_m"": 1.2}, ""sweep_type"": ""fixed_full_grid"", ""target_channel"": ""amazon"", ""two_layer_enabled"": false}",google,REVIEW,REVIEW:PriorPosteriorShift,PriorPosteriorShift,"amazon,beehiiv,liveintent",0.5177610162024696,0.2533045919829358,0.2644564242195338,0.510769285333986,0.64,1.53,1.2,4,geometric,prior_sweep,roi_full,roi,non_revenue,revenue,__revenue_equiv__,100.0,amazon,fixed_full_grid,False,roi,roi,Revenue-equivalent ROI,0.5,1.0,LogNormal,target_channels,amazon,configured,,,,upload_1bc112d58beb_monthly_mocha,/Users/jasper/Documents/Intern/BlueAlpha/capstone-Blue_Alpha_1/backend/storage/uploads/upload_1bc112d58beb_monthly_mocha.csv,0.5,1.0,LogNormal,0.4950598479489236,0.0569363014772534,0.2887331247329712,1.5954086780548096,0.1835283459735865,0.0490206336602568,0.1997727453708648,0.6358340054750442,0.37435474627226756,0.4,0.5,LogNormal,0.6126433619051299,0.1409493474130334,10298543.94665,5332184.579223297,2608668.472424512,-2723516.106798785,2723516.106798785,100.0,533218457.92232966,260866847.2424512,-272351610.6798785,272351610.6798785
"multi|amazon,beehiiv,liveintent,meta,moloco,tiktok|pmode=roi|rpk=100.0|target=amazon|mu=0.500000|sigma=1.000000|dist=LogNormal|0.500000|1.000000|LogNormal|alpha=0p64|ec=1p53|slope=1p2|lag=4|decay=geometric",amazon,"{""kpi_type"": ""non_revenue"", ""kpi_type_effective"": ""revenue"", ""prior_design_mode"": ""roi"", ""prior_grid_type"": ""roi"", ""revenue_per_kpi"": 100.0, ""roi_prior_overrides"": {""amazon"": {""dist"": ""LogNormal"", ""mu"": 0.5, ""sigma"": 1.0}, ""beehiiv"": {""dist"": ""LogNormal"", ""mu"": 0.5, ""sigma"": 0.5}, ""liveintent"": {""dist"": ""LogNormal"", ""mu"": 0.5, ""sigma"": 0.5}, ""meta"": {""dist"": ""LogNormal"", ""mu"": 0.5, ""sigma"": 0.5}, ""moloco"": {""dist"": ""LogNormal"", ""mu"": 0.5, ""sigma"": 0.5}, ""tiktok"": {""dist"": ""LogNormal"", ""mu"": 0.5, ""sigma"": 0.5}}, ""run_mode"": ""roi_full"", ""structural_overrides"": {""adstock_decay_spec"": ""geometric"", ""alpha_m"": 0.64, ""ec_m"": 1.53, ""max_lag"": 4, ""slope_m"": 1.2}, ""sweep_type"": ""fixed_full_grid"", ""target_channel"": ""amazon"", ""two_layer_enabled"": false}",liveintent,REVIEW,REVIEW:PriorPosteriorShift,PriorPosteriorShift,"amazon,beehiiv,liveintent",0.5128150204243138,0.5118252422163884,0.0009897782079254513,0.0019300881770321077,0.64,1.53,1.2,4,geometric,prior_sweep,roi_full,roi,non_revenue,revenue,__revenue_equiv__,100.0,amazon,fixed_full_grid,False,roi,roi,Revenue-equivalent ROI,0.5,1.0,LogNormal,target_channels,amazon,configured,,,,upload_1bc112d58beb_monthly_mocha,/Users/jasper/Documents/Intern/BlueAlpha/capstone-Blue_Alpha_1/backend/storage/uploads/upload_1bc112d58beb_monthly_mocha.csv,0.5,1.0,LogNormal,0.477736227784908,0.0928924188017845,0.3985480219125747,1.2810815036296836,0.4989220731031747,0.0837674774229526,0.3512749820947647,1.5017002463340754,0.8379727945354903,0.5,0.5,LogNormal,0.0002843237578662,0.0236523072512643,797987.173079,409219.8084608478,408429.97814673017,-789.8303141176584,789.8303141176584,100.0,40921980.84608478,40842997.814673014,-78983.031411767,78983.031411767
"multi|amazon,beehiiv,liveintent,meta,moloco,tiktok|pmode=roi|rpk=100.0|target=amazon|mu=0.500000|sigma=1.000000|dist=LogNormal|0.500000|1.000000|LogNormal|alpha=0p64|ec=1p53|slope=1p2|lag=4|decay=geometric",amazon,"{""kpi_type"": ""non_revenue"", ""kpi_type_effective"": ""revenue"", ""prior_design_mode"": ""roi"", ""prior_grid_type"": ""roi"", ""revenue_per_kpi"": 100.0, ""roi_prior_overrides"": {""amazon"": {""dist"": ""LogNormal"", ""mu"": 0.5, ""sigma"": 1.0}, ""beehiiv"": {""dist"": ""LogNormal"", ""mu"": 0.5, ""sigma"": 0.5}, ""liveintent"": {""dist"": ""LogNormal"", ""mu"": 0.5, ""sigma"": 0.5}, ""meta"": {""dist"": ""LogNormal"", ""mu"": 0.5, ""sigma"": 0.5}, ""moloco"": {""dist"": ""LogNormal"", ""mu"": 0.5, ""sigma"": 0.5}, ""tiktok"": {""dist"": ""LogNormal"", ""mu"": 0.5, ""sigma"": 0.5}}, ""run_mode"": ""roi_full"", ""structural_overrides"": {""adstock_decay_spec"": ""geometric"", ""alpha_m"": 0.64, ""ec_m"": 1.53, ""max_lag"": 4, ""slope_m"": 1.2}, ""sweep_type"": ""fixed_full_grid"", ""target_channel"": ""amazon"", ""two_layer_enabled"": false}",meta,REVIEW,REVIEW:PriorPosteriorShift,PriorPosteriorShift,"amazon,beehiiv,liveintent",0.6200743053123976,0.4458777097829928,0.1741965955294048,0.28092858232795725,0.64,1.53,1.2,4,geometric,prior_sweep,roi_full,roi,non_revenue,revenue,__revenue_equiv__,100.0,amazon,fixed_full_grid,False,roi,roi,Revenue-equivalent ROI,0.5,1.0,LogNormal,target_channels,amazon,configured,,,,upload_1bc112d58beb_monthly_mocha,/Users/jasper/Documents/Intern/BlueAlpha/capstone-Blue_Alpha_1/backend/storage/uploads/upload_1bc112d58beb_monthly_mocha.csv,0.5,1.0,LogNormal,0.4861901734527795,0.1053347028791904,0.4240260720252991,1.5302040576934814,0.3877343846497413,0.0950874499976635,0.3361191749572754,1.1823613226413725,0.7504802146296844,0.5,0.5,LogNormal,0.0608219195489123,0.0610410410535481,840158.1265220001,520960.46665569465,374607.7813091993,-146352.68534649536,146352.68534649536,100.0,52096046.66556946,37460778.130919926,-14635268.534649536,14635268.534649536
"multi|amazon,beehiiv,liveintent,meta,moloco,tiktok|pmode=roi|rpk=100.0|target=amazon|mu=0.500000|sigma=1.000000|dist=LogNormal|0.500000|1.000000|LogNormal|alpha=0p64|ec=1p53|slope=1p2|lag=4|decay=geometric",amazon,"{""kpi_type"": ""non_revenue"", ""kpi_type_effective"": ""revenue"", ""prior_design_mode"": ""roi"", ""prior_grid_type"": ""roi"", ""revenue_per_kpi"": 100.0, ""roi_prior_overrides"": {""amazon"": {""dist"": ""LogNormal"", ""mu"": 0.5, ""sigma"": 1.0}, ""beehiiv"": {""dist"": ""LogNormal"", ""mu"": 0.5, ""sigma"": 0.5}, ""liveintent"": {""dist"": ""LogNormal"", ""mu"": 0.5, ""sigma"": 0.5}, ""meta"": {""dist"": ""LogNormal"", ""mu"": 0.5, ""sigma"": 0.5}, ""moloco"": {""dist"": ""LogNormal"", ""mu"": 0.5, ""sigma"": 0.5}, ""tiktok"": {""dist"": ""LogNormal"", ""mu"": 0.5, ""sigma"": 0.5}}, ""run_mode"": ""roi_full"", ""structural_overrides"": {""adstock_decay_spec"": ""geometric"", ""alpha_m"": 0.64, ""ec_m"": 1.53, ""max_lag"": 4, ""slope_m"": 1.2}, ""sweep_type"": ""fixed_full_grid"", ""target_channel"": ""amazon"", ""two_layer_enabled"": false}",moloco,REVIEW,REVIEW:PriorPosteriorShift,PriorPosteriorShift,"amazon,beehiiv,liveintent",0.6339402654984345,0.5584455056426426,0.0754947598557919,0.11908812858958295,0.64,1.53,1.2,4,geometric,prior_sweep,roi_full,roi,non_revenue,revenue,__revenue_equiv__,100.0,amazon,fixed_full_grid,False,roi,roi,Revenue-equivalent ROI,0.5,1.0,LogNormal,target_channels,amazon,configured,,,,upload_1bc112d58beb_monthly_mocha,/Users/jasper/Documents/Intern/BlueAlpha/capstone-Blue_Alpha_1/backend/storage/uploads/upload_1bc112d58beb_monthly_mocha.csv,0.5,1.0,LogNormal,0.5400197894281911,0.1072283249348402,0.4539413452148437,1.7795422077178955,0.54474850224506,0.0938786845654249,0.384281724691391,1.6562859654426565,0.9189601716069773,0.5,0.5,LogNormal,0.0146174896927735,0.0501842291037145,842234.6095886,533926.4320145674,470342.1324214394,-63584.29959312803,63584.29959312803,100.0,53392643.20145674,47034213.24214394,-6358429.959312804,6358429.959312804
"multi|amazon,beehiiv,liveintent,meta,moloco,tiktok|pmode=roi|rpk=100.0|target=amazon|mu=0.500000|sigma=1.000000|dist=LogNormal|0.500000|1.000000|LogNormal|alpha=0p64|ec=1p53|slope=1p2|lag=4|decay=geometric",amazon,"{""kpi_type"": ""non_revenue"", ""kpi_type_effective"": ""revenue"", ""prior_design_mode"": ""roi"", ""prior_grid_type"": ""roi"", ""revenue_per_kpi"": 100.0, ""roi_prior_overrides"": {""amazon"": {""dist"": ""LogNormal"", ""mu"": 0.5, ""sigma"": 1.0}, ""beehiiv"": {""dist"": ""LogNormal"", ""mu"": 0.5, ""sigma"": 0.5}, ""liveintent"": {""dist"": ""LogNormal"", ""mu"": 0.5, ""sigma"": 0.5}, ""meta"": {""dist"": ""LogNormal"", ""mu"": 0.5, ""sigma"": 0.5}, ""moloco"": {""dist"": ""LogNormal"", ""mu"": 0.5, ""sigma"": 0.5}, ""tiktok"": {""dist"": ""LogNormal"", ""mu"": 0.5, ""sigma"": 0.5}}, ""run_mode"": ""roi_full"", ""structural_overrides"": {""adstock_decay_spec"": ""geometric"", ""alpha_m"": 0.64, ""ec_m"": 1.53, ""max_lag"": 4, ""slope_m"": 1.2}, ""sweep_type"": ""fixed_full_grid"", ""target_channel"": ""amazon"", ""two_layer_enabled"": false}",snapchat,REVIEW,REVIEW:PriorPosteriorShift,PriorPosteriorShift,"amazon,beehiiv,liveintent",0.8269837570687135,0.4272963881438287,0.3996873689248848,0.4833073993394952,0.64,1.53,1.2,4,geometric,prior_sweep,roi_full,roi,non_revenue,revenue,__revenue_equiv__,100.0,amazon,fixed_full_grid,False,roi,roi,Revenue-equivalent ROI,0.5,1.0,LogNormal,target_channels,amazon,configured,,,,upload_1bc112d58beb_monthly_mocha,/Users/jasper/Documents/Intern/BlueAlpha/capstone-Blue_Alpha_1/backend/storage/uploads/upload_1bc112d58beb_monthly_mocha.csv,0.5,1.0,LogNormal,0.8713437341396965,0.0716421011835336,0.4354811757802963,2.750908374786377,0.4189849153749262,0.0537533136084675,0.2703432589769363,1.3125681340694426,0.46008701937365376,0.4,0.5,LogNormal,0.0293600848748114,0.0502017538706475,4342436.908989999,3591124.789830401,1855507.6069538784,-1735617.1828765227,1735617.1828765227,100.0,359112478.9830401,185550760.69538784,-173561718.28765225,173561718.28765225
"multi|amazon,beehiiv,liveintent,meta,moloco,tiktok|pmode=roi|rpk=100.0|target=amazon|mu=0.500000|sigma=1.000000|dist=LogNormal|0.500000|1.000000|LogNormal|alpha=0p64|ec=1p53|slope=1p2|lag=4|decay=geometric",amazon,"{""kpi_type"": ""non_revenue"", ""kpi_type_effective"": ""revenue"", ""prior_design_mode"": ""roi"", ""prior_grid_type"": ""roi"", ""revenue_per_kpi"": 100.0, ""roi_prior_overrides"": {""amazon"": {""dist"": ""LogNormal"", ""mu"": 0.5, ""sigma"": 1.0}, ""beehiiv"": {""dist"": ""LogNormal"", ""mu"": 0.5, ""sigma"": 0.5}, ""liveintent"": {""dist"": ""LogNormal"", ""mu"": 0.5, ""sigma"": 0.5}, ""meta"": {""dist"": ""LogNormal"", ""mu"": 0.5, ""sigma"": 0.5}, ""moloco"": {""dist"": ""LogNormal"", ""mu"": 0.5, ""sigma"": 0.5}, ""tiktok"": {""dist"": ""LogNormal"", ""mu"": 0.5, ""sigma"": 0.5}}, ""run_mode"": ""roi_full"", ""structural_overrides"": {""adstock_decay_spec"": ""geometric"", ""alpha_m"": 0.64, ""ec_m"": 1.53, ""max_lag"": 4, ""slope_m"": 1.2}, ""sweep_type"": ""fixed_full_grid"", ""target_channel"": ""amazon"", ""two_layer_enabled"": false}",tiktok,REVIEW,REVIEW:PriorPosteriorShift,PriorPosteriorShift,"amazon,beehiiv,liveintent",0.464742603781633,0.4854562429633612,0.020713639181728194,0.04457013196806203,0.64,1.53,1.2,4,geometric,prior_sweep,roi_full,roi,non_revenue,revenue,__revenue_equiv__,100.0,amazon,fixed_full_grid,False,roi,roi,Revenue-equivalent ROI,0.5,1.0,LogNormal,target_channels,amazon,configured,,,,upload_1bc112d58beb_monthly_mocha,/Users/jasper/Documents/Intern/BlueAlpha/capstone-Blue_Alpha_1/backend/storage/uploads/upload_1bc112d58beb_monthly_mocha.csv,0.5,1.0,LogNormal,0.4119649280983944,0.0886418987065553,0.3509712815284729,1.194995081424713,0.4580737134472287,0.0853518672287464,0.3495949655771255,1.2834757089614863,0.9234046967282926,0.5,0.5,LogNormal,0.0076640765073077,0.0338594786918453,1752685.0091300001,814547.3947521115,850851.8796304544,36304.48487834283,36304.48487834283,100.0,81454739.47521116,85085187.96304543,3630448.487834275,3630448.487834275
"multi|amazon,beehiiv,liveintent,meta,moloco,tiktok|pmode=roi|rpk=100.0|target=amazon|mu=1.000000|sigma=0.500000|dist=LogNormal|1.000000|0.500000|LogNormal|alpha=0p64|ec=1p53|slope=1p2|lag=4|decay=geometric",amazon,"{""kpi_type"": ""non_revenue"", ""kpi_type_effective"": ""revenue"", ""prior_design_mode"": ""roi"", ""prior_grid_type"": ""roi"", ""revenue_per_kpi"": 100.0, ""roi_prior_overrides"": {""amazon"": {""dist"": ""LogNormal"", ""mu"": 1.0, ""sigma"": 0.5}, ""beehiiv"": {""dist"": ""LogNormal"", ""mu"": 0.5, ""sigma"": 0.5}, ""liveintent"": {""dist"": ""LogNormal"", ""mu"": 0.5, ""sigma"": 0.5}, ""meta"": {""dist"": ""LogNormal"", ""mu"": 0.5, ""sigma"": 0.5}, ""moloco"": {""dist"": ""LogNormal"", ""mu"": 0.5, ""sigma"": 0.5}, ""tiktok"": {""dist"": ""LogNormal"", ""mu"": 0.5, ""sigma"": 0.5}}, ""run_mode"": ""roi_full"", ""structural_overrides"": {""adstock_decay_spec"": ""geometric"", ""alpha_m"": 0.64, ""ec_m"": 1.53, ""max_lag"": 4, ""slope_m"": 1.2}, ""sweep_type"": ""fixed_full_grid"", ""target_channel"": ""amazon"", ""two_layer_enabled"": false}",amazon,REVIEW,REVIEW:PriorPosteriorShift,PriorPosteriorShift,"beehiiv,liveintent",0.6377680289559067,1.0025543929015597,0.364786363945653,0.5719734251070043,0.64,1.53,1.2,4,geometric,prior_sweep,roi_full,roi,non_revenue,revenue,__revenue_equiv__,100.0,amazon,fixed_full_grid,False,roi,roi,Revenue-equivalent ROI,1.0,0.5,LogNormal,target_channels,amazon,configured,,,,upload_1bc112d58beb_monthly_mocha,/Users/jasper/Documents/Intern/BlueAlpha/capstone-Blue_Alpha_1/backend/storage/uploads/upload_1bc112d58beb_monthly_mocha.csv,1.0,0.5,LogNormal,0.6114372134697085,0.0995406173169612,0.4413366019725799,2.029905021190642,0.504593349114906,0.4091218441724777,0.9000069797039032,2.051092565059662,0.8305098815805921,1.0,0.5,LogNormal,9.718859978458116e-05,0.0319860895134042,15740.258094,10038.633379867637,15780.464897544032,5741.831517676395,5741.831517676395,100.0,1003863.3379867637,1578046.4897544032,574183.1517676396,574183.1517676396
"multi|amazon,beehiiv,liveintent,meta,moloco,tiktok|pmode=roi|rpk=100.0|target=amazon|mu=1.000000|sigma=0.500000|dist=LogNormal|1.000000|0.500000|LogNormal|alpha=0p64|ec=1p53|slope=1p2|lag=4|decay=geometric",amazon,"{""kpi_type"": ""non_revenue"", ""kpi_type_effective"": ""revenue"", ""prior_design_mode"": ""roi"", ""prior_grid_type"": ""roi"", ""revenue_per_kpi"": 100.0, ""roi_prior_overrides"": {""amazon"": {""dist"": ""LogNormal"", ""mu"": 1.0, ""sigma"": 0.5}, ""beehiiv"": {""dist"": ""LogNormal"", ""mu"": 0.5, ""sigma"": 0.5}, ""liveintent"": {""dist"": ""LogNormal"", ""mu"": 0.5, ""sigma"": 0.5}, ""meta"": {""dist"": ""LogNormal"", ""mu"": 0.5, ""sigma"": 0.5}, ""moloco"": {""dist"": ""LogNormal"", ""mu"": 0.5, ""sigma"": 0.5}, ""tiktok"": {""dist"": ""LogNormal"", ""mu"": 0.5, ""sigma"": 0.5}}, ""run_mode"": ""roi_full"", ""structural_overrides"": {""adstock_decay_spec"": ""geometric"", ""alpha_m"": 0.64, ""ec_m"": 1.53, ""max_lag"": 4, ""slope_m"": 1.2}, ""sweep_type"": ""fixed_full_grid"", ""target_channel"": ""amazon"", ""two_layer_enabled"": false}",beehiiv,REVIEW,REVIEW:PriorPosteriorShift,PriorPosteriorShift,"beehiiv,liveintent",0.762659886876742,0.4966774838479856,0.2659824030287564,0.3487562511226494,0.64,1.53,1.2,4,geometric,prior_sweep,roi_full,roi,non_revenue,revenue,__revenue_equiv__,100.0,amazon,fixed_full_grid,False,roi,roi,Revenue-equivalent ROI,1.0,0.5,LogNormal,target_channels,amazon,configured,,,,upload_1bc112d58beb_monthly_mocha,/Users/jasper/Documents/Intern/BlueAlpha/capstone-Blue_Alpha_1/backend/storage/uploads/upload_1bc112d58beb_monthly_mocha.csv,1.0,0.5,LogNormal,0.8561781928458713,0.1083850640803575,0.4253711998462677,2.5097618103027344,0.5138767349254892,0.0878405321389436,0.3550365418195724,1.4041037559509273,0.5349962046879305,0.5,0.5,LogNormal,0.0007853526699024,0.0322181871407138,328172.2732613,250283.82880154633,162995.77895209604,-87288.0498494503,87288.0498494503,100.0,25028382.880154632,16299577.895209603,-8728804.984945029,8728804.984945029
"multi|amazon,beehiiv,liveintent,meta,moloco,tiktok|pmode=roi|rpk=100.0|target=amazon|mu=1.000000|sigma=0.500000|dist=LogNormal|1.000000|0.500000|LogNormal|alpha=0p64|ec=1p53|slope=1p2|lag=4|decay=geometric",amazon,"{""kpi_type"": ""non_revenue"", ""kpi_type_effective"": ""revenue"", ""prior_design_mode"": ""roi"", ""prior_grid_type"": ""roi"", ""revenue_per_kpi"": 100.0, ""roi_prior_overrides"": {""amazon"": {""dist"": ""LogNormal"", ""mu"": 1.0, ""sigma"": 0.5}, ""beehiiv"": {""dist"": ""LogNormal"", ""mu"": 0.5, ""sigma"": 0.5}, ""liveintent"": {""dist"": ""LogNormal"", ""mu"": 0.5, ""sigma"": 0.5}, ""meta"": {""dist"": ""LogNormal"", ""mu"": 0.5, ""sigma"": 0.5}, ""moloco"": {""dist"": ""LogNormal"", ""mu"": 0.5, ""sigma"": 0.5}, ""tiktok"": {""dist"": ""LogNormal"", ""mu"": 0.5, ""sigma"": 0.5}}, ""run_mode"": ""roi_full"", ""structural_overrides"": {""adstock_decay_spec"": ""geometric"", ""alpha_m"": 0.64, ""ec_m"": 1.53, ""max_lag"": 4, ""slope_m"": 1.2}, ""sweep_type"": ""fixed_full_grid"", ""target_channel"": ""amazon"", ""two_layer_enabled"": false}",google,REVIEW,REVIEW:PriorPosteriorShift,PriorPosteriorShift,"beehiiv,liveintent",0.5177610162024696,0.2461622731562238,0.2715987430462458,0.5245639098870232,0.64,1.53,1.2,4,geometric,prior_sweep,roi_full,roi,non_revenue,revenue,__revenue_equiv__,100.0,amazon,fixed_full_grid,False,roi,roi,Revenue-equivalent ROI,1.0,0.5,LogNormal,target_channels,amazon,configured,,,,upload_1bc112d58beb_monthly_mocha,/Users/jasper/Documents/Intern/BlueAlpha/capstone-Blue_Alpha_1/backend/storage/uploads/upload_1bc112d58beb_monthly_mocha.csv,1.0,0.5,LogNormal,0.4950598479489236,0.0569363014772534,0.2887331247329712,1.5954086780548096,0.1815512762637163,0.0444701746106147,0.1956098228693008,0.6172141283750533,0.36125083338480646,0.4,0.5,LogNormal,0.6263237949940215,0.1479965048336239,10298543.94665,5332184.579223297,2535112.9881066326,-2797071.591116664,2797071.591116664,100.0,533218457.92232966,253511298.81066325,-279707159.11166644,279707159.11166644
"multi|amazon,beehiiv,liveintent,meta,moloco,tiktok|pmode=roi|rpk=100.0|target=amazon|mu=1.000000|sigma=0.500000|dist=LogNormal|1.000000|0.500000|LogNormal|alpha=0p64|ec=1p53|slope=1p2|lag=4|decay=geometric",amazon,"{""kpi_type"": ""non_revenue"", ""kpi_type_effective"": ""revenue"", ""prior_design_mode"": ""roi"", ""prior_grid_type"": ""roi"", ""revenue_per_kpi"": 100.0, ""roi_prior_overrides"": {""amazon"": {""dist"": ""LogNormal"", ""mu"": 1.0, ""sigma"": 0.5}, ""beehiiv"": {""dist"": ""LogNormal"", ""mu"": 0.5, ""sigma"": 0.5}, ""liveintent"": {""dist"": ""LogNormal"", ""mu"": 0.5, ""sigma"": 0.5}, ""meta"": {""dist"": ""LogNormal"", ""mu"": 0.5, ""sigma"": 0.5}, ""moloco"": {""dist"": ""LogNormal"", ""mu"": 0.5, ""sigma"": 0.5}, ""tiktok"": {""dist"": ""LogNormal"", ""mu"": 0.5, ""sigma"": 0.5}}, ""run_mode"": ""roi_full"", ""structural_overrides"": {""adstock_decay_spec"": ""geometric"", ""alpha_m"": 0.64, ""ec_m"": 1.53, ""max_lag"": 4, ""slope_m"": 1.2}, ""sweep_type"": ""fixed_full_grid"", ""target_channel"": ""amazon"", ""two_layer_enabled"": false}",liveintent,REVIEW,REVIEW:PriorPosteriorShift,PriorPosteriorShift,"beehiiv,liveintent",0.5128150204243138,0.4977206226112321,0.015094397813081695,0.02943439098291678,0.64,1.53,1.2,4,geometric,prior_sweep,roi_full,roi,non_revenue,revenue,__revenue_equiv__,100.0,amazon,fixed_full_grid,False,roi,roi,Revenue-equivalent ROI,1.0,0.5,LogNormal,target_channels,amazon,configured,,,,upload_1bc112d58beb_monthly_mocha,/Users/jasper/Documents/Intern/BlueAlpha/capstone-Blue_Alpha_1/backend/storage/uploads/upload_1bc112d58beb_monthly_mocha.csv,1.0,0.5,LogNormal,0.477736227784908,0.0928924188017845,0.3985480219125747,1.2810815036296836,0.4539791239060757,0.0911480583250522,0.354498416185379,1.3342493414878844,0.9558264486742225,0.5,0.5,LogNormal,0.0087613650314284,0.0193301211842027,797987.173079,409219.8084608478,397174.6726206569,-12045.135840190924,12045.135840190924,100.0,40921980.84608478,39717467.262065694,-1204513.5840190873,1204513.5840190873
"multi|amazon,beehiiv,liveintent,meta,moloco,tiktok|pmode=roi|rpk=100.0|target=amazon|mu=1.000000|sigma=0.500000|dist=LogNormal|1.000000|0.500000|LogNormal|alpha=0p64|ec=1p53|slope=1p2|lag=4|decay=geometric",amazon,"{""kpi_type"": ""non_revenue"", ""kpi_type_effective"": ""revenue"", ""prior_design_mode"": ""roi"", ""prior_grid_type"": ""roi"", ""revenue_per_kpi"": 100.0, ""roi_prior_overrides"": {""amazon"": {""dist"": ""LogNormal"", ""mu"": 1.0, ""sigma"": 0.5}, ""beehiiv"": {""dist"": ""LogNormal"", ""mu"": 0.5, ""sigma"": 0.5}, ""liveintent"": {""dist"": ""LogNormal"", ""mu"": 0.5, ""sigma"": 0.5}, ""meta"": {""dist"": ""LogNormal"", ""mu"": 0.5, ""sigma"": 0.5}, ""moloco"": {""dist"": ""LogNormal"", ""mu"": 0.5, ""sigma"": 0.5}, ""tiktok"": {""dist"": ""LogNormal"", ""mu"": 0.5, ""sigma"": 0.5}}, ""run_mode"": ""roi_full"", ""structural_overrides"": {""adstock_decay_spec"": ""geometric"", ""alpha_m"": 0.64, ""ec_m"": 1.53, ""max_lag"": 4, ""slope_m"": 1.2}, ""sweep_type"": ""fixed_full_grid"", ""target_channel"": ""amazon"", ""two_layer_enabled"": false}",meta,REVIEW,REVIEW:PriorPosteriorShift,PriorPosteriorShift,"beehiiv,liveintent",0.6200743053123976,0.4065775367089858,0.21349676860341182,0.3443083623596541,0.64,1.53,1.2,4,geometric,prior_sweep,roi_full,roi,non_revenue,revenue,__revenue_equiv__,100.0,amazon,fixed_full_grid,False,roi,roi,Revenue-equivalent ROI,1.0,0.5,LogNormal,target_channels,amazon,configured,,,,upload_1bc112d58beb_monthly_mocha,/Users/jasper/Documents/Intern/BlueAlpha/capstone-Blue_Alpha_1/backend/storage/uploads/upload_1bc112d58beb_monthly_mocha.csv,1.0,0.5,LogNormal,0.4861901734527795,0.1053347028791904,0.4240260720252991,1.5302040576934814,0.3380614620518699,0.0912566300481557,0.3048363626003265,1.066442251205444,0.6679240185299868,0.5,0.5,LogNormal,0.1374069966240027,0.1002733452289352,840158.1265220001,520960.46665569465,341589.4215273512,-179371.04512834345,179371.04512834345,100.0,52096046.66556946,34158942.15273512,-17937104.51283434,17937104.51283434
"multi|amazon,beehiiv,liveintent,meta,moloco,tiktok|pmode=roi|rpk=100.0|target=amazon|mu=1.000000|sigma=0.500000|dist=LogNormal|1.000000|0.500000|LogNormal|alpha=0p64|ec=1p53|slope=1p2|lag=4|decay=geometric",amazon,"{""kpi_type"": ""non_revenue"", ""kpi_type_effective"": ""revenue"", ""prior_design_mode"": ""roi"", ""prior_grid_type"": ""roi"", ""revenue_per_kpi"": 100.0, ""roi_prior_overrides"": {""amazon"": {""dist"": ""LogNormal"", ""mu"": 1.0, ""sigma"": 0.5}, ""beehiiv"": {""dist"": ""LogNormal"", ""mu"": 0.5, ""sigma"": 0.5}, ""liveintent"": {""dist"": ""LogNormal"", ""mu"": 0.5, ""sigma"": 0.5}, ""meta"": {""dist"": ""LogNormal"", ""mu"": 0.5, ""sigma"": 0.5}, ""moloco"": {""dist"": ""LogNormal"", ""mu"": 0.5, ""sigma"": 0.5}, ""tiktok"": {""dist"": ""LogNormal"", ""mu"": 0.5, ""sigma"": 0.5}}, ""run_mode"": ""roi_full"", ""structural_overrides"": {""adstock_decay_spec"": ""geometric"", ""alpha_m"": 0.64, ""ec_m"": 1.53, ""max_lag"": 4, ""slope_m"": 1.2}, ""sweep_type"": ""fixed_full_grid"", ""target_channel"": ""amazon"", ""two_layer_enabled"": false}",moloco,REVIEW,REVIEW:PriorPosteriorShift,PriorPosteriorShift,"beehiiv,liveintent",0.6339402654984345,0.5696158698263267,0.06432439567210779,0.10146759745814982,0.64,1.53,1.2,4,geometric,prior_sweep,roi_full,roi,non_revenue,revenue,__revenue_equiv__,100.0,amazon,fixed_full_grid,False,roi,roi,Revenue-equivalent ROI,1.0,0.5,LogNormal,target_channels,amazon,configured,,,,upload_1bc112d58beb_monthly_mocha,/Users/jasper/Documents/Intern/BlueAlpha/capstone-Blue_Alpha_1/backend/storage/uploads/upload_1bc112d58beb_monthly_mocha.csv,1.0,0.5,LogNormal,0.5400197894281911,0.1072283249348402,0.4539413452148437,1.7795422077178955,0.5653634385360172,0.1091833334416151,0.3923089504241943,1.678366786241531,0.9383306979360178,0.5,0.5,LogNormal,0.0261036939587983,0.0610178827664577,842234.6095886,533926.4320145674,479750.1997386471,-54176.23227592034,54176.23227592034,100.0,53392643.20145674,47975019.97386471,-5417623.227592029,5417623.227592029
"multi|amazon,beehiiv,liveintent,meta,moloco,tiktok|pmode=roi|rpk=100.0|target=amazon|mu=1.000000|sigma=0.500000|dist=LogNormal|1.000000|0.500000|LogNormal|alpha=0p64|ec=1p53|slope=1p2|lag=4|decay=geometric",amazon,"{""kpi_type"": ""non_revenue"", ""kpi_type_effective"": ""revenue"", ""prior_design_mode"": ""roi"", ""prior_grid_type"": ""roi"", ""revenue_per_kpi"": 100.0, ""roi_prior_overrides"": {""amazon"": {""dist"": ""LogNormal"", ""mu"": 1.0, ""sigma"": 0.5}, ""beehiiv"": {""dist"": ""LogNormal"", ""mu"": 0.5, ""sigma"": 0.5}, ""liveintent"": {""dist"": ""LogNormal"", ""mu"": 0.5, ""sigma"": 0.5}, ""meta"": {""dist"": ""LogNormal"", ""mu"": 0.5, ""sigma"": 0.5}, ""moloco"": {""dist"": ""LogNormal"", ""mu"": 0.5, ""sigma"": 0.5}, ""tiktok"": {""dist"": ""LogNormal"", ""mu"": 0.5, ""sigma"": 0.5}}, ""run_mode"": ""roi_full"", ""structural_overrides"": {""adstock_decay_spec"": ""geometric"", ""alpha_m"": 0.64, ""ec_m"": 1.53, ""max_lag"": 4, ""slope_m"": 1.2}, ""sweep_type"": ""fixed_full_grid"", ""target_channel"": ""amazon"", ""two_layer_enabled"": false}",snapchat,REVIEW,REVIEW:PriorPosteriorShift,PriorPosteriorShift,"beehiiv,liveintent",0.8269837570687135,0.3962698824323403,0.43071387463637323,0.5208250717802012,0.64,1.53,1.2,4,geometric,prior_sweep,roi_full,roi,non_revenue,revenue,__revenue_equiv__,100.0,amazon,fixed_full_grid,False,roi,roi,Revenue-equivalent ROI,1.0,0.5,LogNormal,target_channels,amazon,configured,,,,upload_1bc112d58beb_monthly_mocha,/Users/jasper/Documents/Intern/BlueAlpha/capstone-Blue_Alpha_1/backend/storage/uploads/upload_1bc112d58beb_monthly_mocha.csv,1.0,0.5,LogNormal,0.8713437341396965,0.0716421011835336,0.4354811757802963,2.750908374786377,0.3567914233755863,0.0547603791579604,0.2885190993547439,1.1301145136356352,0.39258691072164,0.4,0.5,LogNormal,0.0920848027726144,0.0404582251286456,4342436.908989999,3591124.789830401,1720776.9633953222,-1870347.8264350789,1870347.8264350789,100.0,359112478.9830401,172077696.33953223,-187034782.64350787,187034782.64350787
"multi|amazon,beehiiv,liveintent,meta,moloco,tiktok|pmode=roi|rpk=100.0|target=amazon|mu=1.000000|sigma=0.500000|dist=LogNormal|1.000000|0.500000|LogNormal|alpha=0p64|ec=1p53|slope=1p2|lag=4|decay=geometric",amazon,"{""kpi_type"": ""non_revenue"", ""kpi_type_effective"": ""revenue"", ""prior_design_mode"": ""roi"", ""prior_grid_type"": ""roi"", ""revenue_per_kpi"": 100.0, ""roi_prior_overrides"": {""amazon"": {""dist"": ""LogNormal"", ""mu"": 1.0, ""sigma"": 0.5}, ""beehiiv"": {""dist"": ""LogNormal"", ""mu"": 0.5, ""sigma"": 0.5}, ""liveintent"": {""dist"": ""LogNormal"", ""mu"": 0.5, ""sigma"": 0.5}, ""meta"": {""dist"": ""LogNormal"", ""mu"": 0.5, ""sigma"": 0.5}, ""moloco"": {""dist"": ""LogNormal"", ""mu"": 0.5, ""sigma"": 0.5}, ""tiktok"": {""dist"": ""LogNormal"", ""mu"": 0.5, ""sigma"": 0.5}}, ""run_mode"": ""roi_full"", ""structural_overrides"": {""adstock_decay_spec"": ""geometric"", ""alpha_m"": 0.64, ""ec_m"": 1.53, ""max_lag"": 4, ""slope_m"": 1.2}, ""sweep_type"": ""fixed_full_grid"", ""target_channel"": ""amazon"", ""two_layer_enabled"": false}",tiktok,REVIEW,REVIEW:PriorPosteriorShift,PriorPosteriorShift,"beehiiv,liveintent",0.464742603781633,0.4763613089794914,0.011618705197858403,0.025000301464329855,0.64,1.53,1.2,4,geometric,prior_sweep,roi_full,roi,non_revenue,revenue,__revenue_equiv__,100.0,amazon,fixed_full_grid,False,roi,roi,Revenue-equivalent ROI,1.0,0.5,LogNormal,target_channels,amazon,configured,,,,upload_1bc112d58beb_monthly_mocha,/Users/jasper/Documents/Intern/BlueAlpha/capstone-Blue_Alpha_1/backend/storage/uploads/upload_1bc112d58beb_monthly_mocha.csv,1.0,0.5,LogNormal,0.4119649280983944,0.0886418987065553,0.3509712815284729,1.194995081424713,0.4555633146863188,0.0887178316712379,0.3352272510528564,1.4043415069580072,0.8408281364647541,0.5,0.5,LogNormal,0.009266833775096,0.0425626993897278,1752685.0091300001,814547.3947521115,834911.3251778987,20363.930425787228,20363.930425787228,100.0,81454739.47521116,83491132.51778987,2036393.042578712,2036393.042578712
"multi|amazon,beehiiv,liveintent,meta,moloco,tiktok|pmode=roi|rpk=100.0|target=amazon|mu=0.500000|sigma=1.500000|dist=LogNormal|0.500000|1.500000|LogNormal|alpha=0p64|ec=1p53|slope=1p2|lag=4|decay=geometric",amazon,"{""kpi_type"": ""non_revenue"", ""kpi_type_effective"": ""revenue"", ""prior_design_mode"": ""roi"", ""prior_grid_type"": ""roi"", ""revenue_per_kpi"": 100.0, ""roi_prior_overrides"": {""amazon"": {""dist"": ""LogNormal"", ""mu"": 0.5, ""sigma"": 1.5}, ""beehiiv"": {""dist"": ""LogNormal"", ""mu"": 0.5, ""sigma"": 0.5}, ""liveintent"": {""dist"": ""LogNormal"", ""mu"": 0.5, ""sigma"": 0.5}, ""meta"": {""dist"": ""LogNormal"", ""mu"": 0.5, ""sigma"": 0.5}, ""moloco"": {""dist"": ""LogNormal"", ""mu"": 0.5, ""sigma"": 0.5}, ""tiktok"": {""dist"": ""LogNormal"", ""mu"": 0.5, ""sigma"": 0.5}}, ""run_mode"": ""roi_full"", ""structural_overrides"": {""adstock_decay_spec"": ""geometric"", ""alpha_m"": 0.64, ""ec_m"": 1.53, ""max_lag"": 4, ""slope_m"": 1.2}, ""sweep_type"": ""fixed_full_grid"", ""target_channel"": ""amazon"", ""two_layer_enabled"": false}",amazon,REVIEW,REVIEW:PriorPosteriorShift,PriorPosteriorShift,beehiiv,0.6377680289559067,0.4908967166749062,0.14687131228100048,0.23028954982494854,0.64,1.53,1.2,4,geometric,prior_sweep,roi_full,roi,non_revenue,revenue,__revenue_equiv__,100.0,amazon,fixed_full_grid,False,roi,roi,Revenue-equivalent ROI,0.5,1.5,LogNormal,target_channels,amazon,configured,,,,upload_1bc112d58beb_monthly_mocha,/Users/jasper/Documents/Intern/BlueAlpha/capstone-Blue_Alpha_1/backend/storage/uploads/upload_1bc112d58beb_monthly_mocha.csv,0.5,1.5,LogNormal,0.6114372134697085,0.0995406173169612,0.4413366019725799,2.029905021190642,0.9943102738964592,0.0161611056886613,0.1667510643601417,2.0753700852394097,0.9374300632152559,0.5,1.5,LogNormal,0.1308901469294635,0.0688781728361288,15740.258094,10038.633379867637,7726.841017960217,-2311.79236190742,2311.79236190742,100.0,1003863.3379867637,772684.1017960217,-231179.236190742,231179.236190742
"multi|amazon,beehiiv,liveintent,meta,moloco,tiktok|pmode=roi|rpk=100.0|target=amazon|mu=0.500000|sigma=1.500000|dist=LogNormal|0.500000|1.500000|LogNormal|alpha=0p64|ec=1p53|slope=1p2|lag=4|decay=geometric",amazon,"{""kpi_type"": ""non_revenue"", ""kpi_type_effective"": ""revenue"", ""prior_design_mode"": ""roi"", ""prior_grid_type"": ""roi"", ""revenue_per_kpi"": 100.0, ""roi_prior_overrides"": {""amazon"": {""dist"": ""LogNormal"", ""mu"": 0.5, ""sigma"": 1.5}, ""beehiiv"": {""dist"": ""LogNormal"", ""mu"": 0.5, ""sigma"": 0.5}, ""liveintent"": {""dist"": ""LogNormal"", ""mu"": 0.5, ""sigma"": 0.5}, ""meta"": {""dist"": ""LogNormal"", ""mu"": 0.5, ""sigma"": 0.5}, ""moloco"": {""dist"": ""LogNormal"", ""mu"": 0.5, ""sigma"": 0.5}, ""tiktok"": {""dist"": ""LogNormal"", ""mu"": 0.5, ""sigma"": 0.5}}, ""run_mode"": ""roi_full"", ""structural_overrides"": {""adstock_decay_spec"": ""geometric"", ""alpha_m"": 0.64, ""ec_m"": 1.53, ""max_lag"": 4, ""slope_m"": 1.2}, ""sweep_type"": ""fixed_full_grid"", ""target_channel"": ""amazon"", ""two_layer_enabled"": false}",beehiiv,REVIEW,REVIEW:PriorPosteriorShift,PriorPosteriorShift,beehiiv,0.762659886876742,0.5196523226083567,0.24300756426838532,0.3186316318058291,0.64,1.53,1.2,4,geometric,prior_sweep,roi_full,roi,non_revenue,revenue,__revenue_equiv__,100.0,amazon,fixed_full_grid,False,roi,roi,Revenue-equivalent ROI,0.5,1.5,LogNormal,target_channels,amazon,configured,,,,upload_1bc112d58beb_monthly_mocha,/Users/jasper/Documents/Intern/BlueAlpha/capstone-Blue_Alpha_1/backend/storage/uploads/upload_1bc112d58beb_monthly_mocha.csv,0.5,1.5,LogNormal,0.8561781928458713,0.1083850640803575,0.4253711998462677,2.5097618103027344,0.5504592006596282,0.08677265830338,0.3565981537103653,1.4492978096008295,0.5534126078996285,0.5,0.5,LogNormal,0.0106383489986409,0.0249182321500627,328172.2732613,250283.82880154633,170535.48401589887,-79748.34478564747,79748.34478564747,100.0,25028382.880154632,17053548.401589885,-7974834.478564747,7974834.478564747
"multi|amazon,beehiiv,liveintent,meta,moloco,tiktok|pmode=roi|rpk=100.0|target=amazon|mu=0.500000|sigma=1.500000|dist=LogNormal|0.500000|1.500000|LogNormal|alpha=0p64|ec=1p53|slope=1p2|lag=4|decay=geometric",amazon,"{""kpi_type"": ""non_revenue"", ""kpi_type_effective"": ""revenue"", ""prior_design_mode"": ""roi"", ""prior_grid_type"": ""roi"", ""revenue_per_kpi"": 100.0, ""roi_prior_overrides"": {""amazon"": {""dist"": ""LogNormal"", ""mu"": 0.5, ""sigma"": 1.5}, ""beehiiv"": {""dist"": ""LogNormal"", ""mu"": 0.5, ""sigma"": 0.5}, ""liveintent"": {""dist"": ""LogNormal"", ""mu"": 0.5, ""sigma"": 0.5}, ""meta"": {""dist"": ""LogNormal"", ""mu"": 0.5, ""sigma"": 0.5}, ""moloco"": {""dist"": ""LogNormal"", ""mu"": 0.5, ""sigma"": 0.5}, ""tiktok"": {""dist"": ""LogNormal"", ""mu"": 0.5, ""sigma"": 0.5}}, ""run_mode"": ""roi_full"", ""structural_overrides"": {""adstock_decay_spec"": ""geometric"", ""alpha_m"": 0.64, ""ec_m"": 1.53, ""max_lag"": 4, ""slope_m"": 1.2}, ""sweep_type"": ""fixed_full_grid"", ""target_channel"": ""amazon"", ""two_layer_enabled"": false}",google,REVIEW,REVIEW:PriorPosteriorShift,PriorPosteriorShift,beehiiv,0.5177610162024696,0.2691551433666609,0.2486058728358087,0.48015564141776135,0.64,1.53,1.2,4,geometric,prior_sweep,roi_full,roi,non_revenue,revenue,__revenue_equiv__,100.0,amazon,fixed_full_grid,False,roi,roi,Revenue-equivalent ROI,0.5,1.5,LogNormal,target_channels,amazon,configured,,,,upload_1bc112d58beb_monthly_mocha,/Users/jasper/Documents/Intern/BlueAlpha/capstone-Blue_Alpha_1/backend/storage/uploads/upload_1bc112d58beb_monthly_mocha.csv,0.5,1.5,LogNormal,0.4950598479489236,0.0569363014772534,0.2887331247329712,1.5954086780548096,0.2146975986468986,0.048420526087284,0.2047174051403999,0.7304842889308926,0.4353931131256514,0.4,0.5,LogNormal,0.4718084490350307,0.1251540094547445,10298543.94665,5332184.579223297,2771906.072428439,-2560278.506794858,2560278.506794858,100.0,533218457.92232966,277190607.24284387,-256027850.6794858,256027850.6794858
"multi|amazon,beehiiv,liveintent,meta,moloco,tiktok|pmode=roi|rpk=100.0|target=amazon|mu=0.500000|sigma=1.500000|dist=LogNormal|0.500000|1.500000|LogNormal|alpha=0p64|ec=1p53|slope=1p2|lag=4|decay=geometric",amazon,"{""kpi_type"": ""non_revenue"", ""kpi_type_effective"": ""revenue"", ""prior_design_mode"": ""roi"", ""prior_grid_type"": ""roi"", ""revenue_per_kpi"": 100.0, ""roi_prior_overrides"": {""amazon"": {""dist"": ""LogNormal"", ""mu"": 0.5, ""sigma"": 1.5}, ""beehiiv"": {""dist"": ""LogNormal"", ""mu"": 0.5, ""sigma"": 0.5}, ""liveintent"": {""dist"": ""LogNormal"", ""mu"": 0.5, ""sigma"": 0.5}, ""meta"": {""dist"": ""LogNormal"", ""mu"": 0.5, ""sigma"": 0.5}, ""moloco"": {""dist"": ""LogNormal"", ""mu"": 0.5, ""sigma"": 0.5}, ""tiktok"": {""dist"": ""LogNormal"", ""mu"": 0.5, ""sigma"": 0.5}}, ""run_mode"": ""roi_full"", ""structural_overrides"": {""adstock_decay_spec"": ""geometric"", ""alpha_m"": 0.64, ""ec_m"": 1.53, ""max_lag"": 4, ""slope_m"": 1.2}, ""sweep_type"": ""fixed_full_grid"", ""target_channel"": ""amazon"", ""two_layer_enabled"": false}",liveintent,REVIEW,REVIEW:PriorPosteriorShift,PriorPosteriorShift,beehiiv,0.5128150204243138,0.5048623880526671,0.007952632371646673,0.01550779921591705,0.64,1.53,1.2,4,geometric,prior_sweep,roi_full,roi,non_revenue,revenue,__revenue_equiv__,100.0,amazon,fixed_full_grid,False,roi,roi,Revenue-equivalent ROI,0.5,1.5,LogNormal,target_channels,amazon,configured,,,,upload_1bc112d58beb_monthly_mocha,/Users/jasper/Documents/Intern/BlueAlpha/capstone-Blue_Alpha_1/backend/storage/uploads/upload_1bc112d58beb_monthly_mocha.csv,0.5,1.5,LogNormal,0.477736227784908,0.0928924188017845,0.3985480219125747,1.2810815036296836,0.4637095138217246,0.092941203340888,0.3537749499082565,1.3968092381954187,0.9112086619461826,0.5,0.5,LogNormal,0.005450102096405,0.0141838177087207,797987.173079,409219.8084608478,402873.70983606094,-6346.098624786886,6346.098624786886,100.0,40921980.84608478,40287370.98360609,-634609.8624786884,634609.8624786884
"multi|amazon,beehiiv,liveintent,meta,moloco,tiktok|pmode=roi|rpk=100.0|target=amazon|mu=0.500000|sigma=1.500000|dist=LogNormal|0.500000|1.500000|LogNormal|alpha=0p64|ec=1p53|slope=1p2|lag=4|decay=geometric",amazon,"{""kpi_type"": ""non_revenue"", ""kpi_type_effective"": ""revenue"", ""prior_design_mode"": ""roi"", ""prior_grid_type"": ""roi"", ""revenue_per_kpi"": 100.0, ""roi_prior_overrides"": {""amazon"": {""dist"": ""LogNormal"", ""mu"": 0.5, ""sigma"": 1.5}, ""beehiiv"": {""dist"": ""LogNormal"", ""mu"": 0.5, ""sigma"": 0.5}, ""liveintent"": {""dist"": ""LogNormal"", ""mu"": 0.5, ""sigma"": 0.5}, ""meta"": {""dist"": ""LogNormal"", ""mu"": 0.5, ""sigma"": 0.5}, ""moloco"": {""dist"": ""LogNormal"", ""mu"": 0.5, ""sigma"": 0.5}, ""tiktok"": {""dist"": ""LogNormal"", ""mu"": 0.5, ""sigma"": 0.5}}, ""run_mode"": ""roi_full"", ""structural_overrides"": {""adstock_decay_spec"": ""geometric"", ""alpha_m"": 0.64, ""ec_m"": 1.53, ""max_lag"": 4, ""slope_m"": 1.2}, ""sweep_type"": ""fixed_full_grid"", ""target_channel"": ""amazon"", ""two_layer_enabled"": false}",meta,REVIEW,REVIEW:PriorPosteriorShift,PriorPosteriorShift,beehiiv,0.6200743053123976,0.4118075466963152,0.2082667586160824,0.33587387323065454,0.64,1.53,1.2,4,geometric,prior_sweep,roi_full,roi,non_revenue,revenue,__revenue_equiv__,100.0,amazon,fixed_full_grid,False,roi,roi,Revenue-equivalent ROI,0.5,1.5,LogNormal,target_channels,amazon,configured,,,,upload_1bc112d58beb_monthly_mocha,/Users/jasper/Documents/Intern/BlueAlpha/capstone-Blue_Alpha_1/backend/storage/uploads/upload_1bc112d58beb_monthly_mocha.csv,0.5,1.5,LogNormal,0.4861901734527795,0.1053347028791904,0.4240260720252991,1.5302040576934814,0.3533855874941767,0.0904429957270622,0.3035706728696823,1.0780226826667785,0.6755898638202474,0.5,0.5,LogNormal,0.1123668863209004,0.0944704754096528,840158.1265220001,520960.46665569465,345983.45691999723,-174977.00973569741,174977.00973569741,100.0,52096046.66556946,34598345.691999726,-17497700.973569736,17497700.973569736
"multi|amazon,beehiiv,liveintent,meta,moloco,tiktok|pmode=roi|rpk=100.0|target=amazon|mu=0.500000|sigma=1.500000|dist=LogNormal|0.500000|1.500000|LogNormal|alpha=0p64|ec=1p53|slope=1p2|lag=4|decay=geometric",amazon,"{""kpi_type"": ""non_revenue"", ""kpi_type_effective"": ""revenue"", ""prior_design_mode"": ""roi"", ""prior_grid_type"": ""roi"", ""revenue_per_kpi"": 100.0, ""roi_prior_overrides"": {""amazon"": {""dist"": ""LogNormal"", ""mu"": 0.5, ""sigma"": 1.5}, ""beehiiv"": {""dist"": ""LogNormal"", ""mu"": 0.5, ""sigma"": 0.5}, ""liveintent"": {""dist"": ""LogNormal"", ""mu"": 0.5, ""sigma"": 0.5}, ""meta"": {""dist"": ""LogNormal"", ""mu"": 0.5, ""sigma"": 0.5}, ""moloco"": {""dist"": ""LogNormal"", ""mu"": 0.5, ""sigma"": 0.5}, ""tiktok"": {""dist"": ""LogNormal"", ""mu"": 0.5, ""sigma"": 0.5}}, ""run_mode"": ""roi_full"", ""structural_overrides"": {""adstock_decay_spec"": ""geometric"", ""alpha_m"": 0.64, ""ec_m"": 1.53, ""max_lag"": 4, ""slope_m"": 1.2}, ""sweep_type"": ""fixed_full_grid"", ""target_channel"": ""amazon"", ""two_layer_enabled"": false}",moloco,REVIEW,REVIEW:PriorPosteriorShift,PriorPosteriorShift,beehiiv,0.6339402654984345,0.5527284568144629,0.0812118086839716,0.1281064054514962,0.64,1.53,1.2,4,geometric,prior_sweep,roi_full,roi,non_revenue,revenue,__revenue_equiv__,100.0,amazon,fixed_full_grid,False,roi,roi,Revenue-equivalent ROI,0.5,1.5,LogNormal,target_channels,amazon,configured,,,,upload_1bc112d58beb_monthly_mocha,/Users/jasper/Documents/Intern/BlueAlpha/capstone-Blue_Alpha_1/backend/storage/uploads/upload_1bc112d58beb_monthly_mocha.csv,0.5,1.5,LogNormal,0.5400197894281911,0.1072283249348402,0.4539413452148437,1.7795422077178955,0.5307199837073303,0.0984391570091247,0.3803445249795913,1.5729650974273677,0.8718899010233533,0.5,0.5,LogNormal,0.0092615364513187,0.0461062570745083,842234.6095886,533926.4320145674,465527.0360336385,-68399.39598092891,68399.39598092891,100.0,53392643.20145674,46552703.60336385,-6839939.598092891,6839939.598092891
"multi|amazon,beehiiv,liveintent,meta,moloco,tiktok|pmode=roi|rpk=100.0|target=amazon|mu=0.500000|sigma=1.500000|dist=LogNormal|0.500000|1.500000|LogNormal|alpha=0p64|ec=1p53|slope=1p2|lag=4|decay=geometric",amazon,"{""kpi_type"": ""non_revenue"", ""kpi_type_effective"": ""revenue"", ""prior_design_mode"": ""roi"", ""prior_grid_type"": ""roi"", ""revenue_per_kpi"": 100.0, ""roi_prior_overrides"": {""amazon"": {""dist"": ""LogNormal"", ""mu"": 0.5, ""sigma"": 1.5}, ""beehiiv"": {""dist"": ""LogNormal"", ""mu"": 0.5, ""sigma"": 0.5}, ""liveintent"": {""dist"": ""LogNormal"", ""mu"": 0.5, ""sigma"": 0.5}, ""meta"": {""dist"": ""LogNormal"", ""mu"": 0.5, ""sigma"": 0.5}, ""moloco"": {""dist"": ""LogNormal"", ""mu"": 0.5, ""sigma"": 0.5}, ""tiktok"": {""dist"": ""LogNormal"", ""mu"": 0.5, ""sigma"": 0.5}}, ""run_mode"": ""roi_full"", ""structural_overrides"": {""adstock_decay_spec"": ""geometric"", ""alpha_m"": 0.64, ""ec_m"": 1.53, ""max_lag"": 4, ""slope_m"": 1.2}, ""sweep_type"": ""fixed_full_grid"", ""target_channel"": ""amazon"", ""two_layer_enabled"": false}",snapchat,REVIEW,REVIEW:PriorPosteriorShift,PriorPosteriorShift,beehiiv,0.8269837570687135,0.4029045546753332,0.4240792023933803,0.5128023359207814,0.64,1.53,1.2,4,geometric,prior_sweep,roi_full,roi,non_revenue,revenue,__revenue_equiv__,100.0,amazon,fixed_full_grid,False,roi,roi,Revenue-equivalent ROI,0.5,1.5,LogNormal,target_channels,amazon,configured,,,,upload_1bc112d58beb_monthly_mocha,/Users/jasper/Documents/Intern/BlueAlpha/capstone-Blue_Alpha_1/backend/storage/uploads/upload_1bc112d58beb_monthly_mocha.csv,0.5,1.5,LogNormal,0.8713437341396965,0.0716421011835336,0.4354811757802963,2.750908374786377,0.3790015116996856,0.0553167823702096,0.2759392559528351,1.1751829743385311,0.4093872663276299,0.4,0.5,LogNormal,0.0643690693112137,0.0372655767572756,4342436.908989999,3591124.789830401,1749587.609022346,-1841537.180808055,1841537.180808055,100.0,359112478.9830401,174958760.9022346,-184153718.08080548,184153718.08080548
"multi|amazon,beehiiv,liveintent,meta,moloco,tiktok|pmode=roi|rpk=100.0|target=amazon|mu=0.500000|sigma=1.500000|dist=LogNormal|0.500000|1.500000|LogNormal|alpha=0p64|ec=1p53|slope=1p2|lag=4|decay=geometric",amazon,"{""kpi_type"": ""non_revenue"", ""kpi_type_effective"": ""revenue"", ""prior_design_mode"": ""roi"", ""prior_grid_type"": ""roi"", ""revenue_per_kpi"": 100.0, ""roi_prior_overrides"": {""amazon"": {""dist"": ""LogNormal"", ""mu"": 0.5, ""sigma"": 1.5}, ""beehiiv"": {""dist"": ""LogNormal"", ""mu"": 0.5, ""sigma"": 0.5}, ""liveintent"": {""dist"": ""LogNormal"", ""mu"": 0.5, ""sigma"": 0.5}, ""meta"": {""dist"": ""LogNormal"", ""mu"": 0.5, ""sigma"": 0.5}, ""moloco"": {""dist"": ""LogNormal"", ""mu"": 0.5, ""sigma"": 0.5}, ""tiktok"": {""dist"": ""LogNormal"", ""mu"": 0.5, ""sigma"": 0.5}}, ""run_mode"": ""roi_full"", ""structural_overrides"": {""adstock_decay_spec"": ""geometric"", ""alpha_m"": 0.64, ""ec_m"": 1.53, ""max_lag"": 4, ""slope_m"": 1.2}, ""sweep_type"": ""fixed_full_grid"", ""target_channel"": ""amazon"", ""two_layer_enabled"": false}",tiktok,REVIEW,REVIEW:PriorPosteriorShift,PriorPosteriorShift,beehiiv,0.464742603781633,0.4758338974990571,0.011091293717424067,0.02386545504366011,0.64,1.53,1.2,4,geometric,prior_sweep,roi_full,roi,non_revenue,revenue,__revenue_equiv__,100.0,amazon,fixed_full_grid,False,roi,roi,Revenue-equivalent ROI,0.5,1.5,LogNormal,target_channels,amazon,configured,,,,upload_1bc112d58beb_monthly_mocha,/Users/jasper/Documents/Intern/BlueAlpha/capstone-Blue_Alpha_1/backend/storage/uploads/upload_1bc112d58beb_monthly_mocha.csv,0.5,1.5,LogNormal,0.4119649280983944,0.0886418987065553,0.3509712815284729,1.194995081424713,0.4281832835916141,0.0981984890997409,0.3431843966245651,1.2911319315433496,0.9121045184362312,0.5,0.5,LogNormal,0.0229066115299234,0.0423411242621658,1752685.0091300001,814547.3947521115,833986.9389824984,19439.544230386848,19439.544230386848,100.0,81454739.47521116,83398693.89824983,1943954.4230386764,1943954.4230386764
"multi|amazon,beehiiv,liveintent,meta,moloco,tiktok|pmode=roi|rpk=100.0|target=amazon|mu=1.500000|sigma=0.500000|dist=LogNormal|1.500000|0.500000|LogNormal|alpha=0p64|ec=1p53|slope=1p2|lag=4|decay=geometric",amazon,"{""kpi_type"": ""non_revenue"", ""kpi_type_effective"": ""revenue"", ""prior_design_mode"": ""roi"", ""prior_grid_type"": ""roi"", ""revenue_per_kpi"": 100.0, ""roi_prior_overrides"": {""amazon"": {""dist"": ""LogNormal"", ""mu"": 1.5, ""sigma"": 0.5}, ""beehiiv"": {""dist"": ""LogNormal"", ""mu"": 0.5, ""sigma"": 0.5}, ""liveintent"": {""dist"": ""LogNormal"", ""mu"": 0.5, ""sigma"": 0.5}, ""meta"": {""dist"": ""LogNormal"", ""mu"": 0.5, ""sigma"": 0.5}, ""moloco"": {""dist"": ""LogNormal"", ""mu"": 0.5, ""sigma"": 0.5}, ""tiktok"": {""dist"": ""LogNormal"", ""mu"": 0.5, ""sigma"": 0.5}}, ""run_mode"": ""roi_full"", ""structural_overrides"": {""adstock_decay_spec"": ""geometric"", ""alpha_m"": 0.64, ""ec_m"": 1.53, ""max_lag"": 4, ""slope_m"": 1.2}, ""sweep_type"": ""fixed_full_grid"", ""target_channel"": ""amazon"", ""two_layer_enabled"": false}",amazon,REVIEW,REVIEW:PriorPosteriorShift,PriorPosteriorShift,"amazon,beehiiv,liveintent,tiktok",0.6377680289559067,1.5089988683660824,0.8712308394101758,1.3660622669287332,0.64,1.53,1.2,4,geometric,prior_sweep,roi_full,roi,non_revenue,revenue,__revenue_equiv__,100.0,amazon,fixed_full_grid,False,roi,roi,Revenue-equivalent ROI,1.5,0.5,LogNormal,target_channels,amazon,configured,,,,upload_1bc112d58beb_monthly_mocha,/Users/jasper/Documents/Intern/BlueAlpha/capstone-Blue_Alpha_1/backend/storage/uploads/upload_1bc112d58beb_monthly_mocha.csv,1.5,0.5,LogNormal,0.6114372134697085,0.0995406173169612,0.4413366019725799,2.029905021190642,0.5028498585347879,0.854141017794609,1.4358307719230652,2.460016107559204,0.4981047285838882,1.5,0.5,LogNormal,0.0001943845792555,0.0296711071817497,15740.258094,10038.633379867637,23752.03165163607,13713.398271768432,13713.398271768432,100.0,1003863.3379867637,2375203.165163607,1371339.8271768433,1371339.8271768433
"multi|amazon,beehiiv,liveintent,meta,moloco,tiktok|pmode=roi|rpk=100.0|target=amazon|mu=1.500000|sigma=0.500000|dist=LogNormal|1.500000|0.500000|LogNormal|alpha=0p64|ec=1p53|slope=1p2|lag=4|decay=geometric",amazon,"{""kpi_type"": ""non_revenue"", ""kpi_type_effective"": ""revenue"", ""prior_design_mode"": ""roi"", ""prior_grid_type"": ""roi"", ""revenue_per_kpi"": 100.0, ""roi_prior_overrides"": {""amazon"": {""dist"": ""LogNormal"", ""mu"": 1.5, ""sigma"": 0.5}, ""beehiiv"": {""dist"": ""LogNormal"", ""mu"": 0.5, ""sigma"": 0.5}, ""liveintent"": {""dist"": ""LogNormal"", ""mu"": 0.5, ""sigma"": 0.5}, ""meta"": {""dist"": ""LogNormal"", ""mu"": 0.5, ""sigma"": 0.5}, ""moloco"": {""dist"": ""LogNormal"", ""mu"": 0.5, ""sigma"": 0.5}, ""tiktok"": {""dist"": ""LogNormal"", ""mu"": 0.5, ""sigma"": 0.5}}, ""run_mode"": ""roi_full"", ""structural_overrides"": {""adstock_decay_spec"": ""geometric"", ""alpha_m"": 0.64, ""ec_m"": 1.53, ""max_lag"": 4, ""slope_m"": 1.2}, ""sweep_type"": ""fixed_full_grid"", ""target_channel"": ""amazon"", ""two_layer_enabled"": false}",beehiiv,REVIEW,REVIEW:PriorPosteriorShift,PriorPosteriorShift,"amazon,beehiiv,liveintent,tiktok",0.762659886876742,0.5110317091752464,0.2516281777014956,0.3299349841670154,0.64,1.53,1.2,4,geometric,prior_sweep,roi_full,roi,non_revenue,revenue,__revenue_equiv__,100.0,amazon,fixed_full_grid,False,roi,roi,Revenue-equivalent ROI,1.5,0.5,LogNormal,target_channels,amazon,configured,,,,upload_1bc112d58beb_monthly_mocha,/Users/jasper/Documents/Intern/BlueAlpha/capstone-Blue_Alpha_1/backend/storage/uploads/upload_1bc112d58beb_monthly_mocha.csv,1.5,0.5,LogNormal,0.8561781928458713,0.1083850640803575,0.4253711998462677,2.5097618103027344,0.5091975762080005,0.0913972526788711,0.3580564111471176,1.442900103330612,0.5518254206311505,0.5,0.5,LogNormal,0.0005797321971274,0.0173694543575897,328172.2732613,250283.82880154633,167706.43770864815,-82577.39109289818,82577.39109289818,100.0,25028382.880154632,16770643.770864815,-8257739.1092898175,8257739.1092898175
"multi|amazon,beehiiv,liveintent,meta,moloco,tiktok|pmode=roi|rpk=100.0|target=amazon|mu=1.500000|sigma=0.500000|dist=LogNormal|1.500000|0.500000|LogNormal|alpha=0p64|ec=1p53|slope=1p2|lag=4|decay=geometric",amazon,"{""kpi_type"": ""non_revenue"", ""kpi_type_effective"": ""revenue"", ""prior_design_mode"": ""roi"", ""prior_grid_type"": ""roi"", ""revenue_per_kpi"": 100.0, ""roi_prior_overrides"": {""amazon"": {""dist"": ""LogNormal"", ""mu"": 1.5, ""sigma"": 0.5}, ""beehiiv"": {""dist"": ""LogNormal"", ""mu"": 0.5, ""sigma"": 0.5}, ""liveintent"": {""dist"": ""LogNormal"", ""mu"": 0.5, ""sigma"": 0.5}, ""meta"": {""dist"": ""LogNormal"", ""mu"": 0.5, ""sigma"": 0.5}, ""moloco"": {""dist"": ""LogNormal"", ""mu"": 0.5, ""sigma"": 0.5}, ""tiktok"": {""dist"": ""LogNormal"", ""mu"": 0.5, ""sigma"": 0.5}}, ""run_mode"": ""roi_full"", ""structural_overrides"": {""adstock_decay_spec"": ""geometric"", ""alpha_m"": 0.64, ""ec_m"": 1.53, ""max_lag"": 4, ""slope_m"": 1.2}, ""sweep_type"": ""fixed_full_grid"", ""target_channel"": ""amazon"", ""two_layer_enabled"": false}",google,REVIEW,REVIEW:PriorPosteriorShift,PriorPosteriorShift,"amazon,beehiiv,liveintent,tiktok",0.5177610162024696,0.2731900471200545,0.2445709690824151,0.472362656571224,0.64,1.53,1.2,4,geometric,prior_sweep,roi_full,roi,non_revenue,revenue,__revenue_equiv__,100.0,amazon,fixed_full_grid,False,roi,roi,Revenue-equivalent ROI,1.5,0.5,LogNormal,target_channels,amazon,configured,,,,upload_1bc112d58beb_monthly_mocha,/Users/jasper/Documents/Intern/BlueAlpha/capstone-Blue_Alpha_1/backend/storage/uploads/upload_1bc112d58beb_monthly_mocha.csv,1.5,0.5,LogNormal,0.4950598479489236,0.0569363014772534,0.2887331247329712,1.5954086780548096,0.2225730431787076,0.0489491011947393,0.2026908248662948,0.7403573155403136,0.4419262063420225,0.4,0.5,LogNormal,0.4405918141385242,0.1211400801690452,10298543.94665,5332184.579223297,2813459.706053266,-2518724.873170031,2518724.873170031,100.0,533218457.92232966,281345970.6053266,-251872487.31700307,251872487.31700307
"multi|amazon,beehiiv,liveintent,meta,moloco,tiktok|pmode=roi|rpk=100.0|target=amazon|mu=1.500000|sigma=0.500000|dist=LogNormal|1.500000|0.500000|LogNormal|alpha=0p64|ec=1p53|slope=1p2|lag=4|decay=geometric",amazon,"{""kpi_type"": ""non_revenue"", ""kpi_type_effective"": ""revenue"", ""prior_design_mode"": ""roi"", ""prior_grid_type"": ""roi"", ""revenue_per_kpi"": 100.0, ""roi_prior_overrides"": {""amazon"": {""dist"": ""LogNormal"", ""mu"": 1.5, ""sigma"": 0.5}, ""beehiiv"": {""dist"": ""LogNormal"", ""mu"": 0.5, ""sigma"": 0.5}, ""liveintent"": {""dist"": ""LogNormal"", ""mu"": 0.5, ""sigma"": 0.5}, ""meta"": {""dist"": ""LogNormal"", ""mu"": 0.5, ""sigma"": 0.5}, ""moloco"": {""dist"": ""LogNormal"", ""mu"": 0.5, ""sigma"": 0.5}, ""tiktok"": {""dist"": ""LogNormal"", ""mu"": 0.5, ""sigma"": 0.5}}, ""run_mode"": ""roi_full"", ""structural_overrides"": {""adstock_decay_spec"": ""geometric"", ""alpha_m"": 0.64, ""ec_m"": 1.53, ""max_lag"": 4, ""slope_m"": 1.2}, ""sweep_type"": ""fixed_full_grid"", ""target_channel"": ""amazon"", ""two_layer_enabled"": false}",liveintent,REVIEW,REVIEW:PriorPosteriorShift,PriorPosteriorShift,"amazon,beehiiv,liveintent,tiktok",0.5128150204243138,0.5056438581179827,0.00717116230633108,0.013983916267502283,0.64,1.53,1.2,4,geometric,prior_sweep,roi_full,roi,non_revenue,revenue,__revenue_equiv__,100.0,amazon,fixed_full_grid,False,roi,roi,Revenue-equivalent ROI,1.5,0.5,LogNormal,target_channels,amazon,configured,,,,upload_1bc112d58beb_monthly_mocha,/Users/jasper/Documents/Intern/BlueAlpha/capstone-Blue_Alpha_1/backend/storage/uploads/upload_1bc112d58beb_monthly_mocha.csv,1.5,0.5,LogNormal,0.477736227784908,0.0928924188017845,0.3985480219125747,1.2810815036296836,0.4637971290517049,0.0951233424246311,0.3592794090509414,1.4261261165142056,0.8895350929397706,0.5,0.5,LogNormal,0.0054401237787333,0.0143805037899467,797987.173079,409219.8084608478,403497.31292432797,-5722.495536519855,5722.495536519855,100.0,40921980.84608478,40349731.2924328,-572249.553651981,572249.553651981
"multi|amazon,beehiiv,liveintent,meta,moloco,tiktok|pmode=roi|rpk=100.0|target=amazon|mu=1.500000|sigma=0.500000|dist=LogNormal|1.500000|0.500000|LogNormal|alpha=0p64|ec=1p53|slope=1p2|lag=4|decay=geometric",amazon,"{""kpi_type"": ""non_revenue"", ""kpi_type_effective"": ""revenue"", ""prior_design_mode"": ""roi"", ""prior_grid_type"": ""roi"", ""revenue_per_kpi"": 100.0, ""roi_prior_overrides"": {""amazon"": {""dist"": ""LogNormal"", ""mu"": 1.5, ""sigma"": 0.5}, ""beehiiv"": {""dist"": ""LogNormal"", ""mu"": 0.5, ""sigma"": 0.5}, ""liveintent"": {""dist"": ""LogNormal"", ""mu"": 0.5, ""sigma"": 0.5}, ""meta"": {""dist"": ""LogNormal"", ""mu"": 0.5, ""sigma"": 0.5}, ""moloco"": {""dist"": ""LogNormal"", ""mu"": 0.5, ""sigma"": 0.5}, ""tiktok"": {""dist"": ""LogNormal"", ""mu"": 0.5, ""sigma"": 0.5}}, ""run_mode"": ""roi_full"", ""structural_overrides"": {""adstock_decay_spec"": ""geometric"", ""alpha_m"": 0.64, ""ec_m"": 1.53, ""max_lag"": 4, ""slope_m"": 1.2}, ""sweep_type"": ""fixed_full_grid"", ""target_channel"": ""amazon"", ""two_layer_enabled"": false}",meta,REVIEW,REVIEW:PriorPosteriorShift,PriorPosteriorShift,"amazon,beehiiv,liveintent,tiktok",0.6200743053123976,0.4142819775252913,0.20579232778710632,0.3318833340198265,0.64,1.53,1.2,4,geometric,prior_sweep,roi_full,roi,non_revenue,revenue,__revenue_equiv__,100.0,amazon,fixed_full_grid,False,roi,roi,Revenue-equivalent ROI,1.5,0.5,LogNormal,target_channels,amazon,configured,,,,upload_1bc112d58beb_monthly_mocha,/Users/jasper/Documents/Intern/BlueAlpha/capstone-Blue_Alpha_1/backend/storage/uploads/upload_1bc112d58beb_monthly_mocha.csv,1.5,0.5,LogNormal,0.4861901734527795,0.1053347028791904,0.4240260720252991,1.5302040576934814,0.3489523227312993,0.092926999926567,0.3069324940443039,1.124292534589766,0.7089501820155134,0.5,0.5,LogNormal,0.117903402470098,0.0926889816477575,840158.1265220001,520960.46665569465,348062.37008947803,-172898.0965662166,172898.0965662166,100.0,52096046.66556946,34806237.008947805,-17289809.656621657,17289809.656621657
"multi|amazon,beehiiv,liveintent,meta,moloco,tiktok|pmode=roi|rpk=100.0|target=amazon|mu=1.500000|sigma=0.500000|dist=LogNormal|1.500000|0.500000|LogNormal|alpha=0p64|ec=1p53|slope=1p2|lag=4|decay=geometric",amazon,"{""kpi_type"": ""non_revenue"", ""kpi_type_effective"": ""revenue"", ""prior_design_mode"": ""roi"", ""prior_grid_type"": ""roi"", ""revenue_per_kpi"": 100.0, ""roi_prior_overrides"": {""amazon"": {""dist"": ""LogNormal"", ""mu"": 1.5, ""sigma"": 0.5}, ""beehiiv"": {""dist"": ""LogNormal"", ""mu"": 0.5, ""sigma"": 0.5}, ""liveintent"": {""dist"": ""LogNormal"", ""mu"": 0.5, ""sigma"": 0.5}, ""meta"": {""dist"": ""LogNormal"", ""mu"": 0.5, ""sigma"": 0.5}, ""moloco"": {""dist"": ""LogNormal"", ""mu"": 0.5, ""sigma"": 0.5}, ""tiktok"": {""dist"": ""LogNormal"", ""mu"": 0.5, ""sigma"": 0.5}}, ""run_mode"": ""roi_full"", ""structural_overrides"": {""adstock_decay_spec"": ""geometric"", ""alpha_m"": 0.64, ""ec_m"": 1.53, ""max_lag"": 4, ""slope_m"": 1.2}, ""sweep_type"": ""fixed_full_grid"", ""target_channel"": ""amazon"", ""two_layer_enabled"": false}",moloco,REVIEW,REVIEW:PriorPosteriorShift,PriorPosteriorShift,"amazon,beehiiv,liveintent,tiktok",0.6339402654984345,0.5610765987960622,0.07286366670237232,0.11493774834618431,0.64,1.53,1.2,4,geometric,prior_sweep,roi_full,roi,non_revenue,revenue,__revenue_equiv__,100.0,amazon,fixed_full_grid,False,roi,roi,Revenue-equivalent ROI,1.5,0.5,LogNormal,target_channels,amazon,configured,,,,upload_1bc112d58beb_monthly_mocha,/Users/jasper/Documents/Intern/BlueAlpha/capstone-Blue_Alpha_1/backend/storage/uploads/upload_1bc112d58beb_monthly_mocha.csv,1.5,0.5,LogNormal,0.5400197894281911,0.1072283249348402,0.4539413452148437,1.7795422077178955,0.5765716870287634,0.103074512630701,0.3891290426254272,1.5856906950473784,0.8818913567169225,0.5,0.5,LogNormal,0.0298389401455424,0.0531638744910937,842234.6095886,533926.4320145674,472558.130136301,-61368.301878266444,61368.301878266444,100.0,53392643.20145674,47255813.0136301,-6136830.187826641,6136830.187826641
"multi|amazon,beehiiv,liveintent,meta,moloco,tiktok|pmode=roi|rpk=100.0|target=amazon|mu=1.500000|sigma=0.500000|dist=LogNormal|1.500000|0.500000|LogNormal|alpha=0p64|ec=1p53|slope=1p2|lag=4|decay=geometric",amazon,"{""kpi_type"": ""non_revenue"", ""kpi_type_effective"": ""revenue"", ""prior_design_mode"": ""roi"", ""prior_grid_type"": ""roi"", ""revenue_per_kpi"": 100.0, ""roi_prior_overrides"": {""amazon"": {""dist"": ""LogNormal"", ""mu"": 1.5, ""sigma"": 0.5}, ""beehiiv"": {""dist"": ""LogNormal"", ""mu"": 0.5, ""sigma"": 0.5}, ""liveintent"": {""dist"": ""LogNormal"", ""mu"": 0.5, ""sigma"": 0.5}, ""meta"": {""dist"": ""LogNormal"", ""mu"": 0.5, ""sigma"": 0.5}, ""moloco"": {""dist"": ""LogNormal"", ""mu"": 0.5, ""sigma"": 0.5}, ""tiktok"": {""dist"": ""LogNormal"", ""mu"": 0.5, ""sigma"": 0.5}}, ""run_mode"": ""roi_full"", ""structural_overrides"": {""adstock_decay_spec"": ""geometric"", ""alpha_m"": 0.64, ""ec_m"": 1.53, ""max_lag"": 4, ""slope_m"": 1.2}, ""sweep_type"": ""fixed_full_grid"", ""target_channel"": ""amazon"", ""two_layer_enabled"": false}",snapchat,REVIEW,REVIEW:PriorPosteriorShift,PriorPosteriorShift,"amazon,beehiiv,liveintent,tiktok",0.8269837570687135,0.4228217417405297,0.4041620153281838,0.48871820259294674,0.64,1.53,1.2,4,geometric,prior_sweep,roi_full,roi,non_revenue,revenue,__revenue_equiv__,100.0,amazon,fixed_full_grid,False,roi,roi,Revenue-equivalent ROI,1.5,0.5,LogNormal,target_channels,amazon,configured,,,,upload_1bc112d58beb_monthly_mocha,/Users/jasper/Documents/Intern/BlueAlpha/capstone-Blue_Alpha_1/backend/storage/uploads/upload_1bc112d58beb_monthly_mocha.csv,1.5,0.5,LogNormal,0.8713437341396965,0.0716421011835336,0.4354811757802963,2.750908374786377,0.4362637904392626,0.0530335687100887,0.2898973375558853,1.2655625462532043,0.442541085442758,0.4,0.5,LogNormal,0.0180548675720986,0.0328180454489332,4342436.908989999,3591124.789830401,1836076.7372575137,-1755048.0525728874,1755048.0525728874,100.0,359112478.9830401,183607673.72575137,-175504805.25728872,175504805.25728872
"multi|amazon,beehiiv,liveintent,meta,moloco,tiktok|pmode=roi|rpk=100.0|target=amazon|mu=1.500000|sigma=0.500000|dist=LogNormal|1.500000|0.500000|LogNormal|alpha=0p64|ec=1p53|slope=1p2|lag=4|decay=geometric",amazon,"{""kpi_type"": ""non_revenue"", ""kpi_type_effective"": ""revenue"", ""prior_design_mode"": ""roi"", ""prior_grid_type"": ""roi"", ""revenue_per_kpi"": 100.0, ""roi_prior_overrides"": {""amazon"": {""dist"": ""LogNormal"", ""mu"": 1.5, ""sigma"": 0.5}, ""beehiiv"": {""dist"": ""LogNormal"", ""mu"": 0.5, ""sigma"": 0.5}, ""liveintent"": {""dist"": ""LogNormal"", ""mu"": 0.5, ""sigma"": 0.5}, ""meta"": {""dist"": ""LogNormal"", ""mu"": 0.5, ""sigma"": 0.5}, ""moloco"": {""dist"": ""LogNormal"", ""mu"": 0.5, ""sigma"": 0.5}, ""tiktok"": {""dist"": ""LogNormal"", ""mu"": 0.5, ""sigma"": 0.5}}, ""run_mode"": ""roi_full"", ""structural_overrides"": {""adstock_decay_spec"": ""geometric"", ""alpha_m"": 0.64, ""ec_m"": 1.53, ""max_lag"": 4, ""slope_m"": 1.2}, ""sweep_type"": ""fixed_full_grid"", ""target_channel"": ""amazon"", ""two_layer_enabled"": false}",tiktok,REVIEW,REVIEW:PriorPosteriorShift,PriorPosteriorShift,"amazon,beehiiv,liveintent,tiktok",0.464742603781633,0.4863458801076437,0.021603276326010667,0.04648438974654745,0.64,1.53,1.2,4,geometric,prior_sweep,roi_full,roi,non_revenue,revenue,__revenue_equiv__,100.0,amazon,fixed_full_grid,False,roi,roi,Revenue-equivalent ROI,1.5,0.5,LogNormal,target_channels,amazon,configured,,,,upload_1bc112d58beb_monthly_mocha,/Users/jasper/Documents/Intern/BlueAlpha/capstone-Blue_Alpha_1/backend/storage/uploads/upload_1bc112d58beb_monthly_mocha.csv,1.5,0.5,LogNormal,0.4119649280983944,0.0886418987065553,0.3509712815284729,1.194995081424713,0.4374889240292663,0.0927180722355842,0.3560926765203476,1.3158816218376157,0.8981757910971836,0.5,0.5,LogNormal,0.0167226967261647,0.0329351200253075,1752685.0091300001,814547.3947521115,852411.1333168034,37863.738564691856,37863.738564691856,100.0,81454739.47521116,85241113.33168034,3786373.856469184,3786373.856469184
"multi|amazon,beehiiv,liveintent,meta,moloco,tiktok|pmode=roi|rpk=100.0|target=amazon|mu=1.000000|sigma=1.500000|dist=LogNormal|1.000000|1.500000|LogNormal|alpha=0p64|ec=1p53|slope=1p2|lag=4|decay=geometric",amazon,"{""kpi_type"": ""non_revenue"", ""kpi_type_effective"": ""revenue"", ""prior_design_mode"": ""roi"", ""prior_grid_type"": ""roi"", ""revenue_per_kpi"": 100.0, ""roi_prior_overrides"": {""amazon"": {""dist"": ""LogNormal"", ""mu"": 1.0, ""sigma"": 1.5}, ""beehiiv"": {""dist"": ""LogNormal"", ""mu"": 0.5, ""sigma"": 0.5}, ""liveintent"": {""dist"": ""LogNormal"", ""mu"": 0.5, ""sigma"": 0.5}, ""meta"": {""dist"": ""LogNormal"", ""mu"": 0.5, ""sigma"": 0.5}, ""moloco"": {""dist"": ""LogNormal"", ""mu"": 0.5, ""sigma"": 0.5}, ""tiktok"": {""dist"": ""LogNormal"", ""mu"": 0.5, ""sigma"": 0.5}}, ""run_mode"": ""roi_full"", ""structural_overrides"": {""adstock_decay_spec"": ""geometric"", ""alpha_m"": 0.64, ""ec_m"": 1.53, ""max_lag"": 4, ""slope_m"": 1.2}, ""sweep_type"": ""fixed_full_grid"", ""target_channel"": ""amazon"", ""two_layer_enabled"": false}",amazon,REVIEW,REVIEW:PriorPosteriorShift,PriorPosteriorShift,"amazon,beehiiv,liveintent",0.6377680289559067,0.9905996646545828,0.35283163569867615,0.5532287911582816,0.64,1.53,1.2,4,geometric,prior_sweep,roi_full,roi,non_revenue,revenue,__revenue_equiv__,100.0,amazon,fixed_full_grid,False,roi,roi,Revenue-equivalent ROI,1.0,1.5,LogNormal,target_channels,amazon,configured,,,,upload_1bc112d58beb_monthly_mocha,/Users/jasper/Documents/Intern/BlueAlpha/capstone-Blue_Alpha_1/backend/storage/uploads/upload_1bc112d58beb_monthly_mocha.csv,1.0,1.5,LogNormal,0.6114372134697085,0.0995406173169612,0.4413366019725799,2.029905021190642,1.3210519007924597,0.0955719336867332,0.5484225749969482,3.5157566905021667,0.5644035457520317,1.0,1.5,LogNormal,0.0148737922980051,0.0772655057979056,15740.258094,10038.633379867637,15592.294389492983,5553.661009625346,5553.661009625346,100.0,1003863.3379867637,1559229.4389492983,555366.1009625347,555366.1009625347
"multi|amazon,beehiiv,liveintent,meta,moloco,tiktok|pmode=roi|rpk=100.0|target=amazon|mu=1.000000|sigma=1.500000|dist=LogNormal|1.000000|1.500000|LogNormal|alpha=0p64|ec=1p53|slope=1p2|lag=4|decay=geometric",amazon,"{""kpi_type"": ""non_revenue"", ""kpi_type_effective"": ""revenue"", ""prior_design_mode"": ""roi"", ""prior_grid_type"": ""roi"", ""revenue_per_kpi"": 100.0, ""roi_prior_overrides"": {""amazon"": {""dist"": ""LogNormal"", ""mu"": 1.0, ""sigma"": 1.5}, ""beehiiv"": {""dist"": ""LogNormal"", ""mu"": 0.5, ""sigma"": 0.5}, ""liveintent"": {""dist"": ""LogNormal"", ""mu"": 0.5, ""sigma"": 0.5}, ""meta"": {""dist"": ""LogNormal"", ""mu"": 0.5, ""sigma"": 0.5}, ""moloco"": {""dist"": ""LogNormal"", ""mu"": 0.5, ""sigma"": 0.5}, ""tiktok"": {""dist"": ""LogNormal"", ""mu"": 0.5, ""sigma"": 0.5}}, ""run_mode"": ""roi_full"", ""structural_overrides"": {""adstock_decay_spec"": ""geometric"", ""alpha_m"": 0.64, ""ec_m"": 1.53, ""max_lag"": 4, ""slope_m"": 1.2}, ""sweep_type"": ""fixed_full_grid"", ""target_channel"": ""amazon"", ""two_layer_enabled"": false}",beehiiv,REVIEW,REVIEW:PriorPosteriorShift,PriorPosteriorShift,"amazon,beehiiv,liveintent",0.762659886876742,0.4922373350926985,0.2704225517840435,0.35457817624509225,0.64,1.53,1.2,4,geometric,prior_sweep,roi_full,roi,non_revenue,revenue,__revenue_equiv__,100.0,amazon,fixed_full_grid,False,roi,roi,Revenue-equivalent ROI,1.0,1.5,LogNormal,target_channels,amazon,configured,,,,upload_1bc112d58beb_monthly_mocha,/Users/jasper/Documents/Intern/BlueAlpha/capstone-Blue_Alpha_1/backend/storage/uploads/upload_1bc112d58beb_monthly_mocha.csv,1.0,1.5,LogNormal,0.8561781928458713,0.1083850640803575,0.4253711998462677,2.5097618103027344,0.4608767907645503,0.0912575393915176,0.3522123992443084,1.397858572006225,0.5331698287388322,0.5,0.5,LogNormal,0.0064127067638467,0.0182901718856222,328172.2732613,250283.82880154633,161538.64524145515,-88745.18356009119,88745.18356009119,100.0,25028382.880154632,16153864.524145514,-8874518.356009118,8874518.356009118
"multi|amazon,beehiiv,liveintent,meta,moloco,tiktok|pmode=roi|rpk=100.0|target=amazon|mu=1.000000|sigma=1.500000|dist=LogNormal|1.000000|1.500000|LogNormal|alpha=0p64|ec=1p53|slope=1p2|lag=4|decay=geometric",amazon,"{""kpi_type"": ""non_revenue"", ""kpi_type_effective"": ""revenue"", ""prior_design_mode"": ""roi"", ""prior_grid_type"": ""roi"", ""revenue_per_kpi"": 100.0, ""roi_prior_overrides"": {""amazon"": {""dist"": ""LogNormal"", ""mu"": 1.0, ""sigma"": 1.5}, ""beehiiv"": {""dist"": ""LogNormal"", ""mu"": 0.5, ""sigma"": 0.5}, ""liveintent"": {""dist"": ""LogNormal"", ""mu"": 0.5, ""sigma"": 0.5}, ""meta"": {""dist"": ""LogNormal"", ""mu"": 0.5, ""sigma"": 0.5}, ""moloco"": {""dist"": ""LogNormal"", ""mu"": 0.5, ""sigma"": 0.5}, ""tiktok"": {""dist"": ""LogNormal"", ""mu"": 0.5, ""sigma"": 0.5}}, ""run_mode"": ""roi_full"", ""structural_overrides"": {""adstock_decay_spec"": ""geometric"", ""alpha_m"": 0.64, ""ec_m"": 1.53, ""max_lag"": 4, ""slope_m"": 1.2}, ""sweep_type"": ""fixed_full_grid"", ""target_channel"": ""amazon"", ""two_layer_enabled"": false}",google,REVIEW,REVIEW:PriorPosteriorShift,PriorPosteriorShift,"amazon,beehiiv,liveintent",0.5177610162024696,0.2707656453363597,0.2469953708661099,0.4770451291943594,0.64,1.53,1.2,4,geometric,prior_sweep,roi_full,roi,non_revenue,revenue,__revenue_equiv__,100.0,amazon,fixed_full_grid,False,roi,roi,Revenue-equivalent ROI,1.0,1.5,LogNormal,target_channels,amazon,configured,,,,upload_1bc112d58beb_monthly_mocha,/Users/jasper/Documents/Intern/BlueAlpha/capstone-Blue_Alpha_1/backend/storage/uploads/upload_1bc112d58beb_monthly_mocha.csv,1.0,1.5,LogNormal,0.4950598479489236,0.0569363014772534,0.2887331247329712,1.5954086780548096,0.2147728646090336,0.0495621405541896,0.2112631052732467,0.706944653391838,0.42048698635088405,0.4,0.5,LogNormal,0.4706848759987958,0.1236584839890883,10298543.94665,5332184.579223297,2788491.8977395482,-2543692.6814837484,2543692.6814837484,100.0,533218457.92232966,278849189.7739548,-254369268.14837486,254369268.14837486
"multi|amazon,beehiiv,liveintent,meta,moloco,tiktok|pmode=roi|rpk=100.0|target=amazon|mu=1.000000|sigma=1.500000|dist=LogNormal|1.000000|1.500000|LogNormal|alpha=0p64|ec=1p53|slope=1p2|lag=4|decay=geometric",amazon,"{""kpi_type"": ""non_revenue"", ""kpi_type_effective"": ""revenue"", ""prior_design_mode"": ""roi"", ""prior_grid_type"": ""roi"", ""revenue_per_kpi"": 100.0, ""roi_prior_overrides"": {""amazon"": {""dist"": ""LogNormal"", ""mu"": 1.0, ""sigma"": 1.5}, ""beehiiv"": {""dist"": ""LogNormal"", ""mu"": 0.5, ""sigma"": 0.5}, ""liveintent"": {""dist"": ""LogNormal"", ""mu"": 0.5, ""sigma"": 0.5}, ""meta"": {""dist"": ""LogNormal"", ""mu"": 0.5, ""sigma"": 0.5}, ""moloco"": {""dist"": ""LogNormal"", ""mu"": 0.5, ""sigma"": 0.5}, ""tiktok"": {""dist"": ""LogNormal"", ""mu"": 0.5, ""sigma"": 0.5}}, ""run_mode"": ""roi_full"", ""structural_overrides"": {""adstock_decay_spec"": ""geometric"", ""alpha_m"": 0.64, ""ec_m"": 1.53, ""max_lag"": 4, ""slope_m"": 1.2}, ""sweep_type"": ""fixed_full_grid"", ""target_channel"": ""amazon"", ""two_layer_enabled"": false}",liveintent,REVIEW,REVIEW:PriorPosteriorShift,PriorPosteriorShift,"amazon,beehiiv,liveintent",0.5128150204243138,0.5179358853260055,0.005120864901691724,0.009985793507870655,0.64,1.53,1.2,4,geometric,prior_sweep,roi_full,roi,non_revenue,revenue,__revenue_equiv__,100.0,amazon,fixed_full_grid,False,roi,roi,Revenue-equivalent ROI,1.0,1.5,LogNormal,target_channels,amazon,configured,,,,upload_1bc112d58beb_monthly_mocha,/Users/jasper/Documents/Intern/BlueAlpha/capstone-Blue_Alpha_1/backend/storage/uploads/upload_1bc112d58beb_monthly_mocha.csv,1.0,1.5,LogNormal,0.477736227784908,0.0928924188017845,0.3985480219125747,1.2810815036296836,0.5127940978040416,0.0868420828133821,0.3584810048341751,1.54769702553749,0.8133518599815536,0.5,0.5,LogNormal,0.0012926680746547,0.0255160259020251,797987.173079,409219.8084608478,413306.1929674683,4086.3845066204667,4086.3845066204667,100.0,40921980.84608478,41330619.29674683,408638.4506620467,408638.4506620467
"multi|amazon,beehiiv,liveintent,meta,moloco,tiktok|pmode=roi|rpk=100.0|target=amazon|mu=1.000000|sigma=1.500000|dist=LogNormal|1.000000|1.500000|LogNormal|alpha=0p64|ec=1p53|slope=1p2|lag=4|decay=geometric",amazon,"{""kpi_type"": ""non_revenue"", ""kpi_type_effective"": ""revenue"", ""prior_design_mode"": ""roi"", ""prior_grid_type"": ""roi"", ""revenue_per_kpi"": 100.0, ""roi_prior_overrides"": {""amazon"": {""dist"": ""LogNormal"", ""mu"": 1.0, ""sigma"": 1.5}, ""beehiiv"": {""dist"": ""LogNormal"", ""mu"": 0.5, ""sigma"": 0.5}, ""liveintent"": {""dist"": ""LogNormal"", ""mu"": 0.5, ""sigma"": 0.5}, ""meta"": {""dist"": ""LogNormal"", ""mu"": 0.5, ""sigma"": 0.5}, ""moloco"": {""dist"": ""LogNormal"", ""mu"": 0.5, ""sigma"": 0.5}, ""tiktok"": {""dist"": ""LogNormal"", ""mu"": 0.5, ""sigma"": 0.5}}, ""run_mode"": ""roi_full"", ""structural_overrides"": {""adstock_decay_spec"": ""geometric"", ""alpha_m"": 0.64, ""ec_m"": 1.53, ""max_lag"": 4, ""slope_m"": 1.2}, ""sweep_type"": ""fixed_full_grid"", ""target_channel"": ""amazon"", ""two_layer_enabled"": false}",meta,REVIEW,REVIEW:PriorPosteriorShift,PriorPosteriorShift,"amazon,beehiiv,liveintent",0.6200743053123976,0.4217789668403566,0.198295338472041,0.31979286477955005,0.64,1.53,1.2,4,geometric,prior_sweep,roi_full,roi,non_revenue,revenue,__revenue_equiv__,100.0,amazon,fixed_full_grid,False,roi,roi,Revenue-equivalent ROI,1.0,1.5,LogNormal,target_channels,amazon,configured,,,,upload_1bc112d58beb_monthly_mocha,/Users/jasper/Documents/Intern/BlueAlpha/capstone-Blue_Alpha_1/backend/storage/uploads/upload_1bc112d58beb_monthly_mocha.csv,1.0,1.5,LogNormal,0.4861901734527795,0.1053347028791904,0.4240260720252991,1.5302040576934814,0.3556394107542804,0.0875364575535058,0.31923608481884,1.1278420150279995,0.7087615415010358,0.5,0.5,LogNormal,0.1058866130511357,0.0843655047622095,840158.1265220001,520960.46665569465,354361.0265869788,-166599.44006871583,166599.44006871583,100.0,52096046.66556946,35436102.65869788,-16659944.006871581,16659944.006871581
"multi|amazon,beehiiv,liveintent,meta,moloco,tiktok|pmode=roi|rpk=100.0|target=amazon|mu=1.000000|sigma=1.500000|dist=LogNormal|1.000000|1.500000|LogNormal|alpha=0p64|ec=1p53|slope=1p2|lag=4|decay=geometric",amazon,"{""kpi_type"": ""non_revenue"", ""kpi_type_effective"": ""revenue"", ""prior_design_mode"": ""roi"", ""prior_grid_type"": ""roi"", ""revenue_per_kpi"": 100.0, ""roi_prior_overrides"": {""amazon"": {""dist"": ""LogNormal"", ""mu"": 1.0, ""sigma"": 1.5}, ""beehiiv"": {""dist"": ""LogNormal"", ""mu"": 0.5, ""sigma"": 0.5}, ""liveintent"": {""dist"": ""LogNormal"", ""mu"": 0.5, ""sigma"": 0.5}, ""meta"": {""dist"": ""LogNormal"", ""mu"": 0.5, ""sigma"": 0.5}, ""moloco"": {""dist"": ""LogNormal"", ""mu"": 0.5, ""sigma"": 0.5}, ""tiktok"": {""dist"": ""LogNormal"", ""mu"": 0.5, ""sigma"": 0.5}}, ""run_mode"": ""roi_full"", ""structural_overrides"": {""adstock_decay_spec"": ""geometric"", ""alpha_m"": 0.64, ""ec_m"": 1.53, ""max_lag"": 4, ""slope_m"": 1.2}, ""sweep_type"": ""fixed_full_grid"", ""target_channel"": ""amazon"", ""two_layer_enabled"": false}",moloco,REVIEW,REVIEW:PriorPosteriorShift,PriorPosteriorShift,"amazon,beehiiv,liveintent",0.6339402654984345,0.5538154607483496,0.08012480475008488,0.12639172665122778,0.64,1.53,1.2,4,geometric,prior_sweep,roi_full,roi,non_revenue,revenue,__revenue_equiv__,100.0,amazon,fixed_full_grid,False,roi,roi,Revenue-equivalent ROI,1.0,1.5,LogNormal,target_channels,amazon,configured,,,,upload_1bc112d58beb_monthly_mocha,/Users/jasper/Documents/Intern/BlueAlpha/capstone-Blue_Alpha_1/backend/storage/uploads/upload_1bc112d58beb_monthly_mocha.csv,1.0,1.5,LogNormal,0.5400197894281911,0.1072283249348402,0.4539413452148437,1.7795422077178955,0.5495651664442414,0.1013124033808708,0.3810909539461136,1.5941143274307237,0.8859847433607398,0.5,0.5,LogNormal,0.0153166913236927,0.0454066966069119,842234.6095886,533926.4320145674,466442.5483675169,-67483.88364705053,67483.88364705053,100.0,53392643.20145674,46644254.83675169,-6748388.3647050485,6748388.3647050485
"multi|amazon,beehiiv,liveintent,meta,moloco,tiktok|pmode=roi|rpk=100.0|target=amazon|mu=1.000000|sigma=1.500000|dist=LogNormal|1.000000|1.500000|LogNormal|alpha=0p64|ec=1p53|slope=1p2|lag=4|decay=geometric",amazon,"{""kpi_type"": ""non_revenue"", ""kpi_type_effective"": ""revenue"", ""prior_design_mode"": ""roi"", ""prior_grid_type"": ""roi"", ""revenue_per_kpi"": 100.0, ""roi_prior_overrides"": {""amazon"": {""dist"": ""LogNormal"", ""mu"": 1.0, ""sigma"": 1.5}, ""beehiiv"": {""dist"": ""LogNormal"", ""mu"": 0.5, ""sigma"": 0.5}, ""liveintent"": {""dist"": ""LogNormal"", ""mu"": 0.5, ""sigma"": 0.5}, ""meta"": {""dist"": ""LogNormal"", ""mu"": 0.5, ""sigma"": 0.5}, ""moloco"": {""dist"": ""LogNormal"", ""mu"": 0.5, ""sigma"": 0.5}, ""tiktok"": {""dist"": ""LogNormal"", ""mu"": 0.5, ""sigma"": 0.5}}, ""run_mode"": ""roi_full"", ""structural_overrides"": {""adstock_decay_spec"": ""geometric"", ""alpha_m"": 0.64, ""ec_m"": 1.53, ""max_lag"": 4, ""slope_m"": 1.2}, ""sweep_type"": ""fixed_full_grid"", ""target_channel"": ""amazon"", ""two_layer_enabled"": false}",snapchat,REVIEW,REVIEW:PriorPosteriorShift,PriorPosteriorShift,"amazon,beehiiv,liveintent",0.8269837570687135,0.4223415065944815,0.404642250474232,0.4892989094592466,0.64,1.53,1.2,4,geometric,prior_sweep,roi_full,roi,non_revenue,revenue,__revenue_equiv__,100.0,amazon,fixed_full_grid,False,roi,roi,Revenue-equivalent ROI,1.0,1.5,LogNormal,target_channels,amazon,configured,,,,upload_1bc112d58beb_monthly_mocha,/Users/jasper/Documents/Intern/BlueAlpha/capstone-Blue_Alpha_1/backend/storage/uploads/upload_1bc112d58beb_monthly_mocha.csv,1.0,1.5,LogNormal,0.8713437341396965,0.0716421011835336,0.4354811757802963,2.750908374786377,0.4391762110077306,0.0597744088619947,0.287679061293602,1.2565389871597288,0.44029650733838255,0.4,0.5,LogNormal,0.0164571485300474,0.032556333167464,4342436.908989999,3591124.789830401,1833991.3464343196,-1757133.4433960814,1757133.4433960814,100.0,359112478.9830401,183399134.64343196,-175713344.33960813,175713344.33960813
"multi|amazon,beehiiv,liveintent,meta,moloco,tiktok|pmode=roi|rpk=100.0|target=amazon|mu=1.000000|sigma=1.500000|dist=LogNormal|1.000000|1.500000|LogNormal|alpha=0p64|ec=1p53|slope=1p2|lag=4|decay=geometric",amazon,"{""kpi_type"": ""non_revenue"", ""kpi_type_effective"": ""revenue"", ""prior_design_mode"": ""roi"", ""prior_grid_type"": ""roi"", ""revenue_per_kpi"": 100.0, ""roi_prior_overrides"": {""amazon"": {""dist"": ""LogNormal"", ""mu"": 1.0, ""sigma"": 1.5}, ""beehiiv"": {""dist"": ""LogNormal"", ""mu"": 0.5, ""sigma"": 0.5}, ""liveintent"": {""dist"": ""LogNormal"", ""mu"": 0.5, ""sigma"": 0.5}, ""meta"": {""dist"": ""LogNormal"", ""mu"": 0.5, ""sigma"": 0.5}, ""moloco"": {""dist"": ""LogNormal"", ""mu"": 0.5, ""sigma"": 0.5}, ""tiktok"": {""dist"": ""LogNormal"", ""mu"": 0.5, ""sigma"": 0.5}}, ""run_mode"": ""roi_full"", ""structural_overrides"": {""adstock_decay_spec"": ""geometric"", ""alpha_m"": 0.64, ""ec_m"": 1.53, ""max_lag"": 4, ""slope_m"": 1.2}, ""sweep_type"": ""fixed_full_grid"", ""target_channel"": ""amazon"", ""two_layer_enabled"": false}",tiktok,REVIEW,REVIEW:PriorPosteriorShift,PriorPosteriorShift,"amazon,beehiiv,liveintent",0.464742603781633,0.4656429862650111,0.0009003824833780927,0.0019373788330392383,0.64,1.53,1.2,4,geometric,prior_sweep,roi_full,roi,non_revenue,revenue,__revenue_equiv__,100.0,amazon,fixed_full_grid,False,roi,roi,Revenue-equivalent ROI,1.0,1.5,LogNormal,target_channels,amazon,configured,,,,upload_1bc112d58beb_monthly_mocha,/Users/jasper/Documents/Intern/BlueAlpha/capstone-Blue_Alpha_1/backend/storage/uploads/upload_1bc112d58beb_monthly_mocha.csv,1.0,1.5,LogNormal,0.4119649280983944,0.0886418987065553,0.3509712815284729,1.194995081424713,0.4224518978824008,0.0856831043958663,0.3415470272302627,1.3422564446926115,0.8804525348730442,0.5,0.5,LogNormal,0.0278245301068718,0.0519449706807149,1752685.0091300001,814547.3947521115,816125.4816332115,1578.0868810999673,1578.0868810999673,100.0,81454739.47521116,81612548.16332115,157808.68810999393,157808.68810999393
"multi|amazon,beehiiv,liveintent,meta,moloco,tiktok|pmode=roi|rpk=100.0|target=amazon|mu=1.000000|sigma=1.000000|dist=LogNormal|1.000000|1.000000|LogNormal|alpha=0p64|ec=1p53|slope=1p2|lag=4|decay=geometric",amazon,"{""kpi_type"": ""non_revenue"", ""kpi_type_effective"": ""revenue"", ""prior_design_mode"": ""roi"", ""prior_grid_type"": ""roi"", ""revenue_per_kpi"": 100.0, ""roi_prior_overrides"": {""amazon"": {""dist"": ""LogNormal"", ""mu"": 1.0, ""sigma"": 1.0}, ""beehiiv"": {""dist"": ""LogNormal"", ""mu"": 0.5, ""sigma"": 0.5}, ""liveintent"": {""dist"": ""LogNormal"", ""mu"": 0.5, ""sigma"": 0.5}, ""meta"": {""dist"": ""LogNormal"", ""mu"": 0.5, ""sigma"": 0.5}, ""moloco"": {""dist"": ""LogNormal"", ""mu"": 0.5, ""sigma"": 0.5}, ""tiktok"": {""dist"": ""LogNormal"", ""mu"": 0.5, ""sigma"": 0.5}}, ""run_mode"": ""roi_full"", ""structural_overrides"": {""adstock_decay_spec"": ""geometric"", ""alpha_m"": 0.64, ""ec_m"": 1.53, ""max_lag"": 4, ""slope_m"": 1.2}, ""sweep_type"": ""fixed_full_grid"", ""target_channel"": ""amazon"", ""two_layer_enabled"": false}",amazon,REVIEW,REVIEW:PriorPosteriorShift,PriorPosteriorShift,"beehiiv,liveintent,tiktok",0.6377680289559067,1.0306099434569478,0.3928419145010411,0.6159636367225316,0.64,1.53,1.2,4,geometric,prior_sweep,roi_full,roi,non_revenue,revenue,__revenue_equiv__,100.0,amazon,fixed_full_grid,False,roi,roi,Revenue-equivalent ROI,1.0,1.0,LogNormal,target_channels,amazon,configured,,,,upload_1bc112d58beb_monthly_mocha,/Users/jasper/Documents/Intern/BlueAlpha/capstone-Blue_Alpha_1/backend/storage/uploads/upload_1bc112d58beb_monthly_mocha.csv,1.0,1.0,LogNormal,0.6114372134697085,0.0995406173169612,0.4413366019725799,2.029905021190642,1.0124965171452125,0.1926109217107296,0.7276577949523926,3.1301285862922668,0.6062500472808032,1.0,1.0,LogNormal,0.0006240027987509,0.0788692774871555,15740.258094,10038.633379867637,16222.066504255106,6183.433124387469,6183.433124387469,100.0,1003863.3379867637,1622206.6504255107,618343.312438747,618343.312438747
"multi|amazon,beehiiv,liveintent,meta,moloco,tiktok|pmode=roi|rpk=100.0|target=amazon|mu=1.000000|sigma=1.000000|dist=LogNormal|1.000000|1.000000|LogNormal|alpha=0p64|ec=1p53|slope=1p2|lag=4|decay=geometric",amazon,"{""kpi_type"": ""non_revenue"", ""kpi_type_effective"": ""revenue"", ""prior_design_mode"": ""roi"", ""prior_grid_type"": ""roi"", ""revenue_per_kpi"": 100.0, ""roi_prior_overrides"": {""amazon"": {""dist"": ""LogNormal"", ""mu"": 1.0, ""sigma"": 1.0}, ""beehiiv"": {""dist"": ""LogNormal"", ""mu"": 0.5, ""sigma"": 0.5}, ""liveintent"": {""dist"": ""LogNormal"", ""mu"": 0.5, ""sigma"": 0.5}, ""meta"": {""dist"": ""LogNormal"", ""mu"": 0.5, ""sigma"": 0.5}, ""moloco"": {""dist"": ""LogNormal"", ""mu"": 0.5, ""sigma"": 0.5}, ""tiktok"": {""dist"": ""LogNormal"", ""mu"": 0.5, ""sigma"": 0.5}}, ""run_mode"": ""roi_full"", ""structural_overrides"": {""adstock_decay_spec"": ""geometric"", ""alpha_m"": 0.64, ""ec_m"": 1.53, ""max_lag"": 4, ""slope_m"": 1.2}, ""sweep_type"": ""fixed_full_grid"", ""target_channel"": ""amazon"", ""two_layer_enabled"": false}",beehiiv,REVIEW,REVIEW:PriorPosteriorShift,PriorPosteriorShift,"beehiiv,liveintent,tiktok",0.762659886876742,0.5122909874546652,0.25036889942207685,0.328283817898686,0.64,1.53,1.2,4,geometric,prior_sweep,roi_full,roi,non_revenue,revenue,__revenue_equiv__,100.0,amazon,fixed_full_grid,False,roi,roi,Revenue-equivalent ROI,1.0,1.0,LogNormal,target_channels,amazon,configured,,,,upload_1bc112d58beb_monthly_mocha,/Users/jasper/Documents/Intern/BlueAlpha/capstone-Blue_Alpha_1/backend/storage/uploads/upload_1bc112d58beb_monthly_mocha.csv,1.0,1.0,LogNormal,0.8561781928458713,0.1083850640803575,0.4253711998462677,2.5097618103027344,0.5280437079073574,0.0856036607176065,0.3561651259660721,1.4671778738498666,0.5605215196054986,0.5,0.5,LogNormal,0.0033914896807677,0.0167868950754995,328172.2732613,250283.82880154633,168119.69792427358,-82164.13087727275,82164.13087727275,100.0,25028382.880154632,16811969.792427357,-8216413.087727275,8216413.087727275
"multi|amazon,beehiiv,liveintent,meta,moloco,tiktok|pmode=roi|rpk=100.0|target=amazon|mu=1.000000|sigma=1.000000|dist=LogNormal|1.000000|1.000000|LogNormal|alpha=0p64|ec=1p53|slope=1p2|lag=4|decay=geometric",amazon,"{""kpi_type"": ""non_revenue"", ""kpi_type_effective"": ""revenue"", ""prior_design_mode"": ""roi"", ""prior_grid_type"": ""roi"", ""revenue_per_kpi"": 100.0, ""roi_prior_overrides"": {""amazon"": {""dist"": ""LogNormal"", ""mu"": 1.0, ""sigma"": 1.0}, ""beehiiv"": {""dist"": ""LogNormal"", ""mu"": 0.5, ""sigma"": 0.5}, ""liveintent"": {""dist"": ""LogNormal"", ""mu"": 0.5, ""sigma"": 0.5}, ""meta"": {""dist"": ""LogNormal"", ""mu"": 0.5, ""sigma"": 0.5}, ""moloco"": {""dist"": ""LogNormal"", ""mu"": 0.5, ""sigma"": 0.5}, ""tiktok"": {""dist"": ""LogNormal"", ""mu"": 0.5, ""sigma"": 0.5}}, ""run_mode"": ""roi_full"", ""structural_overrides"": {""adstock_decay_spec"": ""geometric"", ""alpha_m"": 0.64, ""ec_m"": 1.53, ""max_lag"": 4, ""slope_m"": 1.2}, ""sweep_type"": ""fixed_full_grid"", ""target_channel"": ""amazon"", ""two_layer_enabled"": false}",google,REVIEW,REVIEW:PriorPosteriorShift,PriorPosteriorShift,"beehiiv,liveintent,tiktok",0.5177610162024696,0.2757612842321396,0.24199973197033003,0.4673965872233541,0.64,1.53,1.2,4,geometric,prior_sweep,roi_full,roi,non_revenue,revenue,__revenue_equiv__,100.0,amazon,fixed_full_grid,False,roi,roi,Revenue-equivalent ROI,1.0,1.0,LogNormal,target_channels,amazon,configured,,,,upload_1bc112d58beb_monthly_mocha,/Users/jasper/Documents/Intern/BlueAlpha/capstone-Blue_Alpha_1/backend/storage/uploads/upload_1bc112d58beb_monthly_mocha.csv,1.0,1.0,LogNormal,0.4950598479489236,0.0569363014772534,0.2887331247329712,1.5954086780548096,0.2223333702029963,0.050309276022017,0.2111676186323166,0.7346513152122496,0.43862227429728345,0.4,0.5,LogNormal,0.440164947347063,0.1187257920386986,10298543.94665,5332184.579223297,2839939.7044493314,-2492244.874773965,2492244.874773965,100.0,533218457.92232966,283993970.4449331,-249224487.47739655,249224487.47739655
"multi|amazon,beehiiv,liveintent,meta,moloco,tiktok|pmode=roi|rpk=100.0|target=amazon|mu=1.000000|sigma=1.000000|dist=LogNormal|1.000000|1.000000|LogNormal|alpha=0p64|ec=1p53|slope=1p2|lag=4|decay=geometric",amazon,"{""kpi_type"": ""non_revenue"", ""kpi_type_effective"": ""revenue"", ""prior_design_mode"": ""roi"", ""prior_grid_type"": ""roi"", ""revenue_per_kpi"": 100.0, ""roi_prior_overrides"": {""amazon"": {""dist"": ""LogNormal"", ""mu"": 1.0, ""sigma"": 1.0}, ""beehiiv"": {""dist"": ""LogNormal"", ""mu"": 0.5, ""sigma"": 0.5}, ""liveintent"": {""dist"": ""LogNormal"", ""mu"": 0.5, ""sigma"": 0.5}, ""meta"": {""dist"": ""LogNormal"", ""mu"": 0.5, ""sigma"": 0.5}, ""moloco"": {""dist"": ""LogNormal"", ""mu"": 0.5, ""sigma"": 0.5}, ""tiktok"": {""dist"": ""LogNormal"", ""mu"": 0.5, ""sigma"": 0.5}}, ""run_mode"": ""roi_full"", ""structural_overrides"": {""adstock_decay_spec"": ""geometric"", ""alpha_m"": 0.64, ""ec_m"": 1.53, ""max_lag"": 4, ""slope_m"": 1.2}, ""sweep_type"": ""fixed_full_grid"", ""target_channel"": ""amazon"", ""two_layer_enabled"": false}",liveintent,REVIEW,REVIEW:PriorPosteriorShift,PriorPosteriorShift,"beehiiv,liveintent,tiktok",0.5128150204243138,0.5137494169982771,0.0009343965739633253,0.0018220928341572407,0.64,1.53,1.2,4,geometric,prior_sweep,roi_full,roi,non_revenue,revenue,__revenue_equiv__,100.0,amazon,fixed_full_grid,False,roi,roi,Revenue-equivalent ROI,1.0,1.0,LogNormal,target_channels,amazon,configured,,,,upload_1bc112d58beb_monthly_mocha,/Users/jasper/Documents/Intern/BlueAlpha/capstone-Blue_Alpha_1/backend/storage/uploads/upload_1bc112d58beb_monthly_mocha.csv,1.0,1.0,LogNormal,0.477736227784908,0.0928924188017845,0.3985480219125747,1.2810815036296836,0.4882481642682166,0.0857684768736362,0.3645956218242645,1.4774166822433468,0.8537998901182359,0.5,0.5,LogNormal,0.0009349212499443,0.0187092322425498,797987.173079,409219.8084608478,409965.4449414395,745.6364805916674,745.6364805916674,100.0,40921980.84608478,40996544.49414395,74563.64805916697,74563.64805916697
"multi|amazon,beehiiv,liveintent,meta,moloco,tiktok|pmode=roi|rpk=100.0|target=amazon|mu=1.000000|sigma=1.000000|dist=LogNormal|1.000000|1.000000|LogNormal|alpha=0p64|ec=1p53|slope=1p2|lag=4|decay=geometric",amazon,"{""kpi_type"": ""non_revenue"", ""kpi_type_effective"": ""revenue"", ""prior_design_mode"": ""roi"", ""prior_grid_type"": ""roi"", ""revenue_per_kpi"": 100.0, ""roi_prior_overrides"": {""amazon"": {""dist"": ""LogNormal"", ""mu"": 1.0, ""sigma"": 1.0}, ""beehiiv"": {""dist"": ""LogNormal"", ""mu"": 0.5, ""sigma"": 0.5}, ""liveintent"": {""dist"": ""LogNormal"", ""mu"": 0.5, ""sigma"": 0.5}, ""meta"": {""dist"": ""LogNormal"", ""mu"": 0.5, ""sigma"": 0.5}, ""moloco"": {""dist"": ""LogNormal"", ""mu"": 0.5, ""sigma"": 0.5}, ""tiktok"": {""dist"": ""LogNormal"", ""mu"": 0.5, ""sigma"": 0.5}}, ""run_mode"": ""roi_full"", ""structural_overrides"": {""adstock_decay_spec"": ""geometric"", ""alpha_m"": 0.64, ""ec_m"": 1.53, ""max_lag"": 4, ""slope_m"": 1.2}, ""sweep_type"": ""fixed_full_grid"", ""target_channel"": ""amazon"", ""two_layer_enabled"": false}",meta,REVIEW,REVIEW:PriorPosteriorShift,PriorPosteriorShift,"beehiiv,liveintent,tiktok",0.6200743053123976,0.4138209980602065,0.2062533072521911,0.33262676018848947,0.64,1.53,1.2,4,geometric,prior_sweep,roi_full,roi,non_revenue,revenue,__revenue_equiv__,100.0,amazon,fixed_full_grid,False,roi,roi,Revenue-equivalent ROI,1.0,1.0,LogNormal,target_channels,amazon,configured,,,,upload_1bc112d58beb_monthly_mocha,/Users/jasper/Documents/Intern/BlueAlpha/capstone-Blue_Alpha_1/backend/storage/uploads/upload_1bc112d58beb_monthly_mocha.csv,1.0,1.0,LogNormal,0.4861901734527795,0.1053347028791904,0.4240260720252991,1.5302040576934814,0.3551098451926092,0.0909314826130867,0.3074945211410522,1.1204353153705595,0.705287261125411,0.5,0.5,LogNormal,0.1092405787865669,0.0928082946039247,840158.1265220001,520960.46665569465,347675.07444572734,-173285.3922099673,173285.3922099673,100.0,52096046.66556946,34767507.44457273,-17328539.22099673,17328539.22099673
"multi|amazon,beehiiv,liveintent,meta,moloco,tiktok|pmode=roi|rpk=100.0|target=amazon|mu=1.000000|sigma=1.000000|dist=LogNormal|1.000000|1.000000|LogNormal|alpha=0p64|ec=1p53|slope=1p2|lag=4|decay=geometric",amazon,"{""kpi_type"": ""non_revenue"", ""kpi_type_effective"": ""revenue"", ""prior_design_mode"": ""roi"", ""prior_grid_type"": ""roi"", ""revenue_per_kpi"": 100.0, ""roi_prior_overrides"": {""amazon"": {""dist"": ""LogNormal"", ""mu"": 1.0, ""sigma"": 1.0}, ""beehiiv"": {""dist"": ""LogNormal"", ""mu"": 0.5, ""sigma"": 0.5}, ""liveintent"": {""dist"": ""LogNormal"", ""mu"": 0.5, ""sigma"": 0.5}, ""meta"": {""dist"": ""LogNormal"", ""mu"": 0.5, ""sigma"": 0.5}, ""moloco"": {""dist"": ""LogNormal"", ""mu"": 0.5, ""sigma"": 0.5}, ""tiktok"": {""dist"": ""LogNormal"", ""mu"": 0.5, ""sigma"": 0.5}}, ""run_mode"": ""roi_full"", ""structural_overrides"": {""adstock_decay_spec"": ""geometric"", ""alpha_m"": 0.64, ""ec_m"": 1.53, ""max_lag"": 4, ""slope_m"": 1.2}, ""sweep_type"": ""fixed_full_grid"", ""target_channel"": ""amazon"", ""two_layer_enabled"": false}",moloco,REVIEW,REVIEW:PriorPosteriorShift,PriorPosteriorShift,"beehiiv,liveintent,tiktok",0.6339402654984345,0.55004985651467,0.08389040898376454,0.13233172516310487,0.64,1.53,1.2,4,geometric,prior_sweep,roi_full,roi,non_revenue,revenue,__revenue_equiv__,100.0,amazon,fixed_full_grid,False,roi,roi,Revenue-equivalent ROI,1.0,1.0,LogNormal,target_channels,amazon,configured,,,,upload_1bc112d58beb_monthly_mocha,/Users/jasper/Documents/Intern/BlueAlpha/capstone-Blue_Alpha_1/backend/storage/uploads/upload_1bc112d58beb_monthly_mocha.csv,1.0,1.0,LogNormal,0.5400197894281911,0.1072283249348402,0.4539413452148437,1.7795422077178955,0.539698129857056,0.0997128538787365,0.3898351788520813,1.5800355553627012,0.8767600274765052,0.5,0.5,LogNormal,0.0111562529730427,0.0415767616896264,842234.6095886,533926.4320145674,463271.0261558985,-70655.4058586689,70655.4058586689,100.0,53392643.20145674,46327102.61558985,-7065540.585866891,7065540.585866891
"multi|amazon,beehiiv,liveintent,meta,moloco,tiktok|pmode=roi|rpk=100.0|target=amazon|mu=1.000000|sigma=1.000000|dist=LogNormal|1.000000|1.000000|LogNormal|alpha=0p64|ec=1p53|slope=1p2|lag=4|decay=geometric",amazon,"{""kpi_type"": ""non_revenue"", ""kpi_type_effective"": ""revenue"", ""prior_design_mode"": ""roi"", ""prior_grid_type"": ""roi"", ""revenue_per_kpi"": 100.0, ""roi_prior_overrides"": {""amazon"": {""dist"": ""LogNormal"", ""mu"": 1.0, ""sigma"": 1.0}, ""beehiiv"": {""dist"": ""LogNormal"", ""mu"": 0.5, ""sigma"": 0.5}, ""liveintent"": {""dist"": ""LogNormal"", ""mu"": 0.5, ""sigma"": 0.5}, ""meta"": {""dist"": ""LogNormal"", ""mu"": 0.5, ""sigma"": 0.5}, ""moloco"": {""dist"": ""LogNormal"", ""mu"": 0.5, ""sigma"": 0.5}, ""tiktok"": {""dist"": ""LogNormal"", ""mu"": 0.5, ""sigma"": 0.5}}, ""run_mode"": ""roi_full"", ""structural_overrides"": {""adstock_decay_spec"": ""geometric"", ""alpha_m"": 0.64, ""ec_m"": 1.53, ""max_lag"": 4, ""slope_m"": 1.2}, ""sweep_type"": ""fixed_full_grid"", ""target_channel"": ""amazon"", ""two_layer_enabled"": false}",snapchat,REVIEW,REVIEW:PriorPosteriorShift,PriorPosteriorShift,"beehiiv,liveintent,tiktok",0.8269837570687135,0.433508614571765,0.39347514249694854,0.47579549070182636,0.64,1.53,1.2,4,geometric,prior_sweep,roi_full,roi,non_revenue,revenue,__revenue_equiv__,100.0,amazon,fixed_full_grid,False,roi,roi,Revenue-equivalent ROI,1.0,1.0,LogNormal,target_channels,amazon,configured,,,,upload_1bc112d58beb_monthly_mocha,/Users/jasper/Documents/Intern/BlueAlpha/capstone-Blue_Alpha_1/backend/storage/uploads/upload_1bc112d58beb_monthly_mocha.csv,1.0,1.0,LogNormal,0.8713437341396965,0.0716421011835336,0.4354811757802963,2.750908374786377,0.454865007280296,0.0504216706380248,0.299550786614418,1.2373109400272362,0.43165138974876666,0.4,0.5,LogNormal,0.0106574149849226,0.0393386908027388,4342436.908989999,3591124.789830401,1882483.8082815523,-1708640.9815488488,1708640.9815488488,100.0,359112478.9830401,188248380.82815522,-170864098.15488487,170864098.15488487
"multi|amazon,beehiiv,liveintent,meta,moloco,tiktok|pmode=roi|rpk=100.0|target=amazon|mu=1.000000|sigma=1.000000|dist=LogNormal|1.000000|1.000000|LogNormal|alpha=0p64|ec=1p53|slope=1p2|lag=4|decay=geometric",amazon,"{""kpi_type"": ""non_revenue"", ""kpi_type_effective"": ""revenue"", ""prior_design_mode"": ""roi"", ""prior_grid_type"": ""roi"", ""revenue_per_kpi"": 100.0, ""roi_prior_overrides"": {""amazon"": {""dist"": ""LogNormal"", ""mu"": 1.0, ""sigma"": 1.0}, ""beehiiv"": {""dist"": ""LogNormal"", ""mu"": 0.5, ""sigma"": 0.5}, ""liveintent"": {""dist"": ""LogNormal"", ""mu"": 0.5, ""sigma"": 0.5}, ""meta"": {""dist"": ""LogNormal"", ""mu"": 0.5, ""sigma"": 0.5}, ""moloco"": {""dist"": ""LogNormal"", ""mu"": 0.5, ""sigma"": 0.5}, ""tiktok"": {""dist"": ""LogNormal"", ""mu"": 0.5, ""sigma"": 0.5}}, ""run_mode"": ""roi_full"", ""structural_overrides"": {""adstock_decay_spec"": ""geometric"", ""alpha_m"": 0.64, ""ec_m"": 1.53, ""max_lag"": 4, ""slope_m"": 1.2}, ""sweep_type"": ""fixed_full_grid"", ""target_channel"": ""amazon"", ""two_layer_enabled"": false}",tiktok,REVIEW,REVIEW:PriorPosteriorShift,PriorPosteriorShift,"beehiiv,liveintent,tiktok",0.464742603781633,0.4870865913449476,0.02234398756331457,0.04807819937638702,0.64,1.53,1.2,4,geometric,prior_sweep,roi_full,roi,non_revenue,revenue,__revenue_equiv__,100.0,amazon,fixed_full_grid,False,roi,roi,Revenue-equivalent ROI,1.0,1.0,LogNormal,target_channels,amazon,configured,,,,upload_1bc112d58beb_monthly_mocha,/Users/jasper/Documents/Intern/BlueAlpha/capstone-Blue_Alpha_1/backend/storage/uploads/upload_1bc112d58beb_monthly_mocha.csv,1.0,1.0,LogNormal,0.4119649280983944,0.0886418987065553,0.3509712815284729,1.194995081424713,0.4436775940373787,0.0909926936030387,0.3557993471622467,1.3226853787899016,0.8946219526617578,0.5,0.5,LogNormal,0.0135430664602216,0.0330138376959806,1752685.0091300001,814547.3947521115,853709.3667985201,39161.97204640857,39161.97204640857,100.0,81454739.47521116,85370936.67985201,3916197.2046408504,3916197.2046408504
"multi|amazon,beehiiv,liveintent,meta,moloco,tiktok|pmode=roi|rpk=100.0|target=amazon|mu=1.500000|sigma=1.000000|dist=LogNormal|1.500000|1.000000|LogNormal|alpha=0p64|ec=1p53|slope=1p2|lag=4|decay=geometric",amazon,"{""kpi_type"": ""non_revenue"", ""kpi_type_effective"": ""revenue"", ""prior_design_mode"": ""roi"", ""prior_grid_type"": ""roi"", ""revenue_per_kpi"": 100.0, ""roi_prior_overrides"": {""amazon"": {""dist"": ""LogNormal"", ""mu"": 1.5, ""sigma"": 1.0}, ""beehiiv"": {""dist"": ""LogNormal"", ""mu"": 0.5, ""sigma"": 0.5}, ""liveintent"": {""dist"": ""LogNormal"", ""mu"": 0.5, ""sigma"": 0.5}, ""meta"": {""dist"": ""LogNormal"", ""mu"": 0.5, ""sigma"": 0.5}, ""moloco"": {""dist"": ""LogNormal"", ""mu"": 0.5, ""sigma"": 0.5}, ""tiktok"": {""dist"": ""LogNormal"", ""mu"": 0.5, ""sigma"": 0.5}}, ""run_mode"": ""roi_full"", ""structural_overrides"": {""adstock_decay_spec"": ""geometric"", ""alpha_m"": 0.64, ""ec_m"": 1.53, ""max_lag"": 4, ""slope_m"": 1.2}, ""sweep_type"": ""fixed_full_grid"", ""target_channel"": ""amazon"", ""two_layer_enabled"": false}",amazon,REVIEW,REVIEW:PriorPosteriorShift,PriorPosteriorShift,"beehiiv,liveintent,tiktok",0.6377680289559067,1.4901092659682036,0.8523412370122969,1.3364439707140372,0.64,1.53,1.2,4,geometric,prior_sweep,roi_full,roi,non_revenue,revenue,__revenue_equiv__,100.0,amazon,fixed_full_grid,False,roi,roi,Revenue-equivalent ROI,1.5,1.0,LogNormal,target_channels,amazon,configured,,,,upload_1bc112d58beb_monthly_mocha,/Users/jasper/Documents/Intern/BlueAlpha/capstone-Blue_Alpha_1/backend/storage/uploads/upload_1bc112d58beb_monthly_mocha.csv,1.5,1.0,LogNormal,0.6114372134697085,0.0995406173169612,0.4413366019725799,2.029905021190642,1.0268538630951138,0.4894473746418953,1.2222819328308103,3.5460881948471057,0.44695673333854435,1.5,1.0,LogNormal,0.0007637155064543,0.0444399542582461,15740.258094,10038.633379867637,23454.704434600415,13416.071054732778,13416.071054732778,100.0,1003863.3379867637,2345470.4434600417,1341607.105473278,1341607.105473278
"multi|amazon,beehiiv,liveintent,meta,moloco,tiktok|pmode=roi|rpk=100.0|target=amazon|mu=1.500000|sigma=1.000000|dist=LogNormal|1.500000|1.000000|LogNormal|alpha=0p64|ec=1p53|slope=1p2|lag=4|decay=geometric",amazon,"{""kpi_type"": ""non_revenue"", ""kpi_type_effective"": ""revenue"", ""prior_design_mode"": ""roi"", ""prior_grid_type"": ""roi"", ""revenue_per_kpi"": 100.0, ""roi_prior_overrides"": {""amazon"": {""dist"": ""LogNormal"", ""mu"": 1.5, ""sigma"": 1.0}, ""beehiiv"": {""dist"": ""LogNormal"", ""mu"": 0.5, ""sigma"": 0.5}, ""liveintent"": {""dist"": ""LogNormal"", ""mu"": 0.5, ""sigma"": 0.5}, ""meta"": {""dist"": ""LogNormal"", ""mu"": 0.5, ""sigma"": 0.5}, ""moloco"": {""dist"": ""LogNormal"", ""mu"": 0.5, ""sigma"": 0.5}, ""tiktok"": {""dist"": ""LogNormal"", ""mu"": 0.5, ""sigma"": 0.5}}, ""run_mode"": ""roi_full"", ""structural_overrides"": {""adstock_decay_spec"": ""geometric"", ""alpha_m"": 0.64, ""ec_m"": 1.53, ""max_lag"": 4, ""slope_m"": 1.2}, ""sweep_type"": ""fixed_full_grid"", ""target_channel"": ""amazon"", ""two_layer_enabled"": false}",beehiiv,REVIEW,REVIEW:PriorPosteriorShift,PriorPosteriorShift,"beehiiv,liveintent,tiktok",0.762659886876742,0.5032712477336948,0.2593886391430472,0.34011050483499283,0.64,1.53,1.2,4,geometric,prior_sweep,roi_full,roi,non_revenue,revenue,__revenue_equiv__,100.0,amazon,fixed_full_grid,False,roi,roi,Revenue-equivalent ROI,1.5,1.0,LogNormal,target_channels,amazon,configured,,,,upload_1bc112d58beb_monthly_mocha,/Users/jasper/Documents/Intern/BlueAlpha/capstone-Blue_Alpha_1/backend/storage/uploads/upload_1bc112d58beb_monthly_mocha.csv,1.5,1.0,LogNormal,0.8561781928458713,0.1083850640803575,0.4253711998462677,2.5097618103027344,0.4814969578355971,0.0905278243124485,0.3632131665945053,1.4043631672859191,0.5356977087419131,0.5,0.5,LogNormal,0.0014082282357592,0.012742286759843,328172.2732613,250283.82880154633,165159.6694358175,-85124.15936572885,85124.15936572885,100.0,25028382.880154632,16515966.943581749,-8512415.936572883,8512415.936572883
"multi|amazon,beehiiv,liveintent,meta,moloco,tiktok|pmode=roi|rpk=100.0|target=amazon|mu=1.500000|sigma=1.000000|dist=LogNormal|1.500000|1.000000|LogNormal|alpha=0p64|ec=1p53|slope=1p2|lag=4|decay=geometric",amazon,"{""kpi_type"": ""non_revenue"", ""kpi_type_effective"": ""revenue"", ""prior_design_mode"": ""roi"", ""prior_grid_type"": ""roi"", ""revenue_per_kpi"": 100.0, ""roi_prior_overrides"": {""amazon"": {""dist"": ""LogNormal"", ""mu"": 1.5, ""sigma"": 1.0}, ""beehiiv"": {""dist"": ""LogNormal"", ""mu"": 0.5, ""sigma"": 0.5}, ""liveintent"": {""dist"": ""LogNormal"", ""mu"": 0.5, ""sigma"": 0.5}, ""meta"": {""dist"": ""LogNormal"", ""mu"": 0.5, ""sigma"": 0.5}, ""moloco"": {""dist"": ""LogNormal"", ""mu"": 0.5, ""sigma"": 0.5}, ""tiktok"": {""dist"": ""LogNormal"", ""mu"": 0.5, ""sigma"": 0.5}}, ""run_mode"": ""roi_full"", ""structural_overrides"": {""adstock_decay_spec"": ""geometric"", ""alpha_m"": 0.64, ""ec_m"": 1.53, ""max_lag"": 4, ""slope_m"": 1.2}, ""sweep_type"": ""fixed_full_grid"", ""target_channel"": ""amazon"", ""two_layer_enabled"": false}",google,REVIEW,REVIEW:PriorPosteriorShift,PriorPosteriorShift,"beehiiv,liveintent,tiktok",0.5177610162024696,0.2865244880272075,0.23123652817526213,0.4466086108051779,0.64,1.53,1.2,4,geometric,prior_sweep,roi_full,roi,non_revenue,revenue,__revenue_equiv__,100.0,amazon,fixed_full_grid,False,roi,roi,Revenue-equivalent ROI,1.5,1.0,LogNormal,target_channels,amazon,configured,,,,upload_1bc112d58beb_monthly_mocha,/Users/jasper/Documents/Intern/BlueAlpha/capstone-Blue_Alpha_1/backend/storage/uploads/upload_1bc112d58beb_monthly_mocha.csv,1.5,1.0,LogNormal,0.4950598479489236,0.0569363014772534,0.2887331247329712,1.5954086780548096,0.2361768350041483,0.0480721792206168,0.2069168016314506,0.7560190171003341,0.45179747013645033,0.4,0.5,LogNormal,0.3873396515374144,0.1076451061200383,10298543.94665,5332184.579223297,2950785.031739588,-2381399.5474837087,2381399.5474837087,100.0,533218457.92232966,295078503.1739588,-238139954.7483709,238139954.7483709
"multi|amazon,beehiiv,liveintent,meta,moloco,tiktok|pmode=roi|rpk=100.0|target=amazon|mu=1.500000|sigma=1.000000|dist=LogNormal|1.500000|1.000000|LogNormal|alpha=0p64|ec=1p53|slope=1p2|lag=4|decay=geometric",amazon,"{""kpi_type"": ""non_revenue"", ""kpi_type_effective"": ""revenue"", ""prior_design_mode"": ""roi"", ""prior_grid_type"": ""roi"", ""revenue_per_kpi"": 100.0, ""roi_prior_overrides"": {""amazon"": {""dist"": ""LogNormal"", ""mu"": 1.5, ""sigma"": 1.0}, ""beehiiv"": {""dist"": ""LogNormal"", ""mu"": 0.5, ""sigma"": 0.5}, ""liveintent"": {""dist"": ""LogNormal"", ""mu"": 0.5, ""sigma"": 0.5}, ""meta"": {""dist"": ""LogNormal"", ""mu"": 0.5, ""sigma"": 0.5}, ""moloco"": {""dist"": ""LogNormal"", ""mu"": 0.5, ""sigma"": 0.5}, ""tiktok"": {""dist"": ""LogNormal"", ""mu"": 0.5, ""sigma"": 0.5}}, ""run_mode"": ""roi_full"", ""structural_overrides"": {""adstock_decay_spec"": ""geometric"", ""alpha_m"": 0.64, ""ec_m"": 1.53, ""max_lag"": 4, ""slope_m"": 1.2}, ""sweep_type"": ""fixed_full_grid"", ""target_channel"": ""amazon"", ""two_layer_enabled"": false}",liveintent,REVIEW,REVIEW:PriorPosteriorShift,PriorPosteriorShift,"beehiiv,liveintent,tiktok",0.5128150204243138,0.5049532690085471,0.007861751415766727,0.015330579453896931,0.64,1.53,1.2,4,geometric,prior_sweep,roi_full,roi,non_revenue,revenue,__revenue_equiv__,100.0,amazon,fixed_full_grid,False,roi,roi,Revenue-equivalent ROI,1.5,1.0,LogNormal,target_channels,amazon,configured,,,,upload_1bc112d58beb_monthly_mocha,/Users/jasper/Documents/Intern/BlueAlpha/capstone-Blue_Alpha_1/backend/storage/uploads/upload_1bc112d58beb_monthly_mocha.csv,1.5,1.0,LogNormal,0.477736227784908,0.0928924188017845,0.3985480219125747,1.2810815036296836,0.4692781845356027,0.0902723662555217,0.3698233366012573,1.4410903215408324,0.8796071152140835,0.5,0.5,LogNormal,0.0039054605269367,0.0176907529598182,797987.173079,409219.8084608478,402946.2316731303,-6273.576787717524,6273.576787717524,100.0,40921980.84608478,40294623.16731303,-627357.6787717491,627357.6787717491
"multi|amazon,beehiiv,liveintent,meta,moloco,tiktok|pmode=roi|rpk=100.0|target=amazon|mu=1.500000|sigma=1.000000|dist=LogNormal|1.500000|1.000000|LogNormal|alpha=0p64|ec=1p53|slope=1p2|lag=4|decay=geometric",amazon,"{""kpi_type"": ""non_revenue"", ""kpi_type_effective"": ""revenue"", ""prior_design_mode"": ""roi"", ""prior_grid_type"": ""roi"", ""revenue_per_kpi"": 100.0, ""roi_prior_overrides"": {""amazon"": {""dist"": ""LogNormal"", ""mu"": 1.5, ""sigma"": 1.0}, ""beehiiv"": {""dist"": ""LogNormal"", ""mu"": 0.5, ""sigma"": 0.5}, ""liveintent"": {""dist"": ""LogNormal"", ""mu"": 0.5, ""sigma"": 0.5}, ""meta"": {""dist"": ""LogNormal"", ""mu"": 0.5, ""sigma"": 0.5}, ""moloco"": {""dist"": ""LogNormal"", ""mu"": 0.5, ""sigma"": 0.5}, ""tiktok"": {""dist"": ""LogNormal"", ""mu"": 0.5, ""sigma"": 0.5}}, ""run_mode"": ""roi_full"", ""structural_overrides"": {""adstock_decay_spec"": ""geometric"", ""alpha_m"": 0.64, ""ec_m"": 1.53, ""max_lag"": 4, ""slope_m"": 1.2}, ""sweep_type"": ""fixed_full_grid"", ""target_channel"": ""amazon"", ""two_layer_enabled"": false}",meta,REVIEW,REVIEW:PriorPosteriorShift,PriorPosteriorShift,"beehiiv,liveintent,tiktok",0.6200743053123976,0.4089102590580781,0.2111640462543195,0.340546357823896,0.64,1.53,1.2,4,geometric,prior_sweep,roi_full,roi,non_revenue,revenue,__revenue_equiv__,100.0,amazon,fixed_full_grid,False,roi,roi,Revenue-equivalent ROI,1.5,1.0,LogNormal,target_channels,amazon,configured,,,,upload_1bc112d58beb_monthly_mocha,/Users/jasper/Documents/Intern/BlueAlpha/capstone-Blue_Alpha_1/backend/storage/uploads/upload_1bc112d58beb_monthly_mocha.csv,1.5,1.0,LogNormal,0.4861901734527795,0.1053347028791904,0.4240260720252991,1.5302040576934814,0.3361153989013395,0.0914511494338512,0.306166872382164,1.104652428627014,0.6945721673338864,0.5,0.5,LogNormal,0.1396953528799493,0.0975914034610452,840158.1265220001,520960.46665569465,343549.2771658606,-177411.18948983407,177411.18948983407,100.0,52096046.66556946,34354927.71658606,-17741118.9489834,17741118.9489834
"multi|amazon,beehiiv,liveintent,meta,moloco,tiktok|pmode=roi|rpk=100.0|target=amazon|mu=1.500000|sigma=1.000000|dist=LogNormal|1.500000|1.000000|LogNormal|alpha=0p64|ec=1p53|slope=1p2|lag=4|decay=geometric",amazon,"{""kpi_type"": ""non_revenue"", ""kpi_type_effective"": ""revenue"", ""prior_design_mode"": ""roi"", ""prior_grid_type"": ""roi"", ""revenue_per_kpi"": 100.0, ""roi_prior_overrides"": {""amazon"": {""dist"": ""LogNormal"", ""mu"": 1.5, ""sigma"": 1.0}, ""beehiiv"": {""dist"": ""LogNormal"", ""mu"": 0.5, ""sigma"": 0.5}, ""liveintent"": {""dist"": ""LogNormal"", ""mu"": 0.5, ""sigma"": 0.5}, ""meta"": {""dist"": ""LogNormal"", ""mu"": 0.5, ""sigma"": 0.5}, ""moloco"": {""dist"": ""LogNormal"", ""mu"": 0.5, ""sigma"": 0.5}, ""tiktok"": {""dist"": ""LogNormal"", ""mu"": 0.5, ""sigma"": 0.5}}, ""run_mode"": ""roi_full"", ""structural_overrides"": {""adstock_decay_spec"": ""geometric"", ""alpha_m"": 0.64, ""ec_m"": 1.53, ""max_lag"": 4, ""slope_m"": 1.2}, ""sweep_type"": ""fixed_full_grid"", ""target_channel"": ""amazon"", ""two_layer_enabled"": false}",moloco,REVIEW,REVIEW:PriorPosteriorShift,PriorPosteriorShift,"beehiiv,liveintent,tiktok",0.6339402654984345,0.5594453220954165,0.07449494340301799,0.11751098243372582,0.64,1.53,1.2,4,geometric,prior_sweep,roi_full,roi,non_revenue,revenue,__revenue_equiv__,100.0,amazon,fixed_full_grid,False,roi,roi,Revenue-equivalent ROI,1.5,1.0,LogNormal,target_channels,amazon,configured,,,,upload_1bc112d58beb_monthly_mocha,/Users/jasper/Documents/Intern/BlueAlpha/capstone-Blue_Alpha_1/backend/storage/uploads/upload_1bc112d58beb_monthly_mocha.csv,1.5,1.0,LogNormal,0.5400197894281911,0.1072283249348402,0.4539413452148437,1.7795422077178955,0.5437023702624155,0.099459907412529,0.3827349841594696,1.6779374599456784,0.934900114551145,0.5,0.5,LogNormal,0.0144981422716456,0.0522946014836189,842234.6095886,533926.4320145674,471184.21244120173,-62742.2195733657,62742.2195733657,100.0,53392643.20145674,47118421.24412017,-6274221.957336567,6274221.957336567
"multi|amazon,beehiiv,liveintent,meta,moloco,tiktok|pmode=roi|rpk=100.0|target=amazon|mu=1.500000|sigma=1.000000|dist=LogNormal|1.500000|1.000000|LogNormal|alpha=0p64|ec=1p53|slope=1p2|lag=4|decay=geometric",amazon,"{""kpi_type"": ""non_revenue"", ""kpi_type_effective"": ""revenue"", ""prior_design_mode"": ""roi"", ""prior_grid_type"": ""roi"", ""revenue_per_kpi"": 100.0, ""roi_prior_overrides"": {""amazon"": {""dist"": ""LogNormal"", ""mu"": 1.5, ""sigma"": 1.0}, ""beehiiv"": {""dist"": ""LogNormal"", ""mu"": 0.5, ""sigma"": 0.5}, ""liveintent"": {""dist"": ""LogNormal"", ""mu"": 0.5, ""sigma"": 0.5}, ""meta"": {""dist"": ""LogNormal"", ""mu"": 0.5, ""sigma"": 0.5}, ""moloco"": {""dist"": ""LogNormal"", ""mu"": 0.5, ""sigma"": 0.5}, ""tiktok"": {""dist"": ""LogNormal"", ""mu"": 0.5, ""sigma"": 0.5}}, ""run_mode"": ""roi_full"", ""structural_overrides"": {""adstock_decay_spec"": ""geometric"", ""alpha_m"": 0.64, ""ec_m"": 1.53, ""max_lag"": 4, ""slope_m"": 1.2}, ""sweep_type"": ""fixed_full_grid"", ""target_channel"": ""amazon"", ""two_layer_enabled"": false}",snapchat,REVIEW,REVIEW:PriorPosteriorShift,PriorPosteriorShift,"beehiiv,liveintent,tiktok",0.8269837570687135,0.4693143231328577,0.3576694339358558,0.4324987412130482,0.64,1.53,1.2,4,geometric,prior_sweep,roi_full,roi,non_revenue,revenue,__revenue_equiv__,100.0,amazon,fixed_full_grid,False,roi,roi,Revenue-equivalent ROI,1.5,1.0,LogNormal,target_channels,amazon,configured,,,,upload_1bc112d58beb_monthly_mocha,/Users/jasper/Documents/Intern/BlueAlpha/capstone-Blue_Alpha_1/backend/storage/uploads/upload_1bc112d58beb_monthly_mocha.csv,1.5,1.0,LogNormal,0.8713437341396965,0.0716421011835336,0.4354811757802963,2.750908374786377,0.5186944094071414,0.0537490170449018,0.2845991998910904,1.6024894654750812,0.5675776479048816,0.4,0.5,LogNormal,0.0109899266914259,0.0751330678918833,4342436.908989999,3591124.789830401,2037967.8386897803,-1553156.9511406207,1553156.9511406207,100.0,359112478.9830401,203796783.86897802,-155315695.11406207,155315695.11406207
"multi|amazon,beehiiv,liveintent,meta,moloco,tiktok|pmode=roi|rpk=100.0|target=amazon|mu=1.500000|sigma=1.000000|dist=LogNormal|1.500000|1.000000|LogNormal|alpha=0p64|ec=1p53|slope=1p2|lag=4|decay=geometric",amazon,"{""kpi_type"": ""non_revenue"", ""kpi_type_effective"": ""revenue"", ""prior_design_mode"": ""roi"", ""prior_grid_type"": ""roi"", ""revenue_per_kpi"": 100.0, ""roi_prior_overrides"": {""amazon"": {""dist"": ""LogNormal"", ""mu"": 1.5, ""sigma"": 1.0}, ""beehiiv"": {""dist"": ""LogNormal"", ""mu"": 0.5, ""sigma"": 0.5}, ""liveintent"": {""dist"": ""LogNormal"", ""mu"": 0.5, ""sigma"": 0.5}, ""meta"": {""dist"": ""LogNormal"", ""mu"": 0.5, ""sigma"": 0.5}, ""moloco"": {""dist"": ""LogNormal"", ""mu"": 0.5, ""sigma"": 0.5}, ""tiktok"": {""dist"": ""LogNormal"", ""mu"": 0.5, ""sigma"": 0.5}}, ""run_mode"": ""roi_full"", ""structural_overrides"": {""adstock_decay_spec"": ""geometric"", ""alpha_m"": 0.64, ""ec_m"": 1.53, ""max_lag"": 4, ""slope_m"": 1.2}, ""sweep_type"": ""fixed_full_grid"", ""target_channel"": ""amazon"", ""two_layer_enabled"": false}",tiktok,REVIEW,REVIEW:PriorPosteriorShift,PriorPosteriorShift,"beehiiv,liveintent,tiktok",0.464742603781633,0.4856060354815175,0.02086343169988447,0.04489244482885302,0.64,1.53,1.2,4,geometric,prior_sweep,roi_full,roi,non_revenue,revenue,__revenue_equiv__,100.0,amazon,fixed_full_grid,False,roi,roi,Revenue-equivalent ROI,1.5,1.0,LogNormal,target_channels,amazon,configured,,,,upload_1bc112d58beb_monthly_mocha,/Users/jasper/Documents/Intern/BlueAlpha/capstone-Blue_Alpha_1/backend/storage/uploads/upload_1bc112d58beb_monthly_mocha.csv,1.5,1.0,LogNormal,0.4119649280983944,0.0886418987065553,0.3509712815284729,1.194995081424713,0.4401881203262732,0.0889541961252689,0.3507318645715713,1.3618628203868863,0.868695185938155,0.5,0.5,LogNormal,0.0153514516675151,0.0330058640999756,1752685.0091300001,814547.3947521115,851114.4187315067,36567.02397939516,36567.02397939516,100.0,81454739.47521116,85111441.87315066,3656702.397939503,3656702.397939503
"multi|amazon,beehiiv,liveintent,meta,moloco,tiktok|pmode=roi|rpk=100.0|target=amazon|mu=2.000000|sigma=1.000000|dist=LogNormal|2.000000|1.000000|LogNormal|alpha=0p64|ec=1p53|slope=1p2|lag=4|decay=geometric",amazon,"{""kpi_type"": ""non_revenue"", ""kpi_type_effective"": ""revenue"", ""prior_design_mode"": ""roi"", ""prior_grid_type"": ""roi"", ""revenue_per_kpi"": 100.0, ""roi_prior_overrides"": {""amazon"": {""dist"": ""LogNormal"", ""mu"": 2.0, ""sigma"": 1.0}, ""beehiiv"": {""dist"": ""LogNormal"", ""mu"": 0.5, ""sigma"": 0.5}, ""liveintent"": {""dist"": ""LogNormal"", ""mu"": 0.5, ""sigma"": 0.5}, ""meta"": {""dist"": ""LogNormal"", ""mu"": 0.5, ""sigma"": 0.5}, ""moloco"": {""dist"": ""LogNormal"", ""mu"": 0.5, ""sigma"": 0.5}, ""tiktok"": {""dist"": ""LogNormal"", ""mu"": 0.5, ""sigma"": 0.5}}, ""run_mode"": ""roi_full"", ""structural_overrides"": {""adstock_decay_spec"": ""geometric"", ""alpha_m"": 0.64, ""ec_m"": 1.53, ""max_lag"": 4, ""slope_m"": 1.2}, ""sweep_type"": ""fixed_full_grid"", ""target_channel"": ""amazon"", ""two_layer_enabled"": false}",amazon,REVIEW,REVIEW:PriorPosteriorShift,PriorPosteriorShift,"amazon,beehiiv,liveintent",0.6377680289559067,2.0209059583892426,1.383137929433336,2.168716314766794,0.64,1.53,1.2,4,geometric,prior_sweep,roi_full,roi,non_revenue,revenue,__revenue_equiv__,100.0,amazon,fixed_full_grid,False,roi,roi,Revenue-equivalent ROI,2.0,1.0,LogNormal,target_channels,amazon,configured,,,,upload_1bc112d58beb_monthly_mocha,/Users/jasper/Documents/Intern/BlueAlpha/capstone-Blue_Alpha_1/backend/storage/uploads/upload_1bc112d58beb_monthly_mocha.csv,2.0,1.0,LogNormal,0.6114372134697085,0.0995406173169612,0.4413366019725799,2.029905021190642,0.9944831958942284,0.8727168262004852,1.8210891485214231,4.022627329826355,0.29496880385036506,2.0,1.0,LogNormal,0.0002490208764409,0.0650224147669645,15740.258094,10038.633379867637,31809.581368749103,21770.947988881468,21770.947988881468,100.0,1003863.3379867637,3180958.1368749104,2177094.798888147,2177094.798888147
"multi|amazon,beehiiv,liveintent,meta,moloco,tiktok|pmode=roi|rpk=100.0|target=amazon|mu=2.000000|sigma=1.000000|dist=LogNormal|2.000000|1.000000|LogNormal|alpha=0p64|ec=1p53|slope=1p2|lag=4|decay=geometric",amazon,"{""kpi_type"": ""non_revenue"", ""kpi_type_effective"": ""revenue"", ""prior_design_mode"": ""roi"", ""prior_grid_type"": ""roi"", ""revenue_per_kpi"": 100.0, ""roi_prior_overrides"": {""amazon"": {""dist"": ""LogNormal"", ""mu"": 2.0, ""sigma"": 1.0}, ""beehiiv"": {""dist"": ""LogNormal"", ""mu"": 0.5, ""sigma"": 0.5}, ""liveintent"": {""dist"": ""LogNormal"", ""mu"": 0.5, ""sigma"": 0.5}, ""meta"": {""dist"": ""LogNormal"", ""mu"": 0.5, ""sigma"": 0.5}, ""moloco"": {""dist"": ""LogNormal"", ""mu"": 0.5, ""sigma"": 0.5}, ""tiktok"": {""dist"": ""LogNormal"", ""mu"": 0.5, ""sigma"": 0.5}}, ""run_mode"": ""roi_full"", ""structural_overrides"": {""adstock_decay_spec"": ""geometric"", ""alpha_m"": 0.64, ""ec_m"": 1.53, ""max_lag"": 4, ""slope_m"": 1.2}, ""sweep_type"": ""fixed_full_grid"", ""target_channel"": ""amazon"", ""two_layer_enabled"": false}",beehiiv,REVIEW,REVIEW:PriorPosteriorShift,PriorPosteriorShift,"amazon,beehiiv,liveintent",0.762659886876742,0.5156353481284653,0.24702453874827668,0.323898690620659,0.64,1.53,1.2,4,geometric,prior_sweep,roi_full,roi,non_revenue,revenue,__revenue_equiv__,100.0,amazon,fixed_full_grid,False,roi,roi,Revenue-equivalent ROI,2.0,1.0,LogNormal,target_channels,amazon,configured,,,,upload_1bc112d58beb_monthly_mocha,/Users/jasper/Documents/Intern/BlueAlpha/capstone-Blue_Alpha_1/backend/storage/uploads/upload_1bc112d58beb_monthly_mocha.csv,2.0,1.0,LogNormal,0.8561781928458713,0.1083850640803575,0.4253711998462677,2.5097618103027344,0.5227854459797926,0.0849157504737377,0.3649667650461197,1.479313415288925,0.5653671686297674,0.5,0.5,LogNormal,0.0025351289386474,0.0211882448211138,328172.2732613,250283.82880154633,169217.2243692003,-81066.60443234604,81066.60443234604,100.0,25028382.880154632,16921722.43692003,-8106660.443234604,8106660.443234604
"multi|amazon,beehiiv,liveintent,meta,moloco,tiktok|pmode=roi|rpk=100.0|target=amazon|mu=2.000000|sigma=1.000000|dist=LogNormal|2.000000|1.000000|LogNormal|alpha=0p64|ec=1p53|slope=1p2|lag=4|decay=geometric",amazon,"{""kpi_type"": ""non_revenue"", ""kpi_type_effective"": ""revenue"", ""prior_design_mode"": ""roi"", ""prior_grid_type"": ""roi"", ""revenue_per_kpi"": 100.0, ""roi_prior_overrides"": {""amazon"": {""dist"": ""LogNormal"", ""mu"": 2.0, ""sigma"": 1.0}, ""beehiiv"": {""dist"": ""LogNormal"", ""mu"": 0.5, ""sigma"": 0.5}, ""liveintent"": {""dist"": ""LogNormal"", ""mu"": 0.5, ""sigma"": 0.5}, ""meta"": {""dist"": ""LogNormal"", ""mu"": 0.5, ""sigma"": 0.5}, ""moloco"": {""dist"": ""LogNormal"", ""mu"": 0.5, ""sigma"": 0.5}, ""tiktok"": {""dist"": ""LogNormal"", ""mu"": 0.5, ""sigma"": 0.5}}, ""run_mode"": ""roi_full"", ""structural_overrides"": {""adstock_decay_spec"": ""geometric"", ""alpha_m"": 0.64, ""ec_m"": 1.53, ""max_lag"": 4, ""slope_m"": 1.2}, ""sweep_type"": ""fixed_full_grid"", ""target_channel"": ""amazon"", ""two_layer_enabled"": false}",google,REVIEW,REVIEW:PriorPosteriorShift,PriorPosteriorShift,"amazon,beehiiv,liveintent",0.5177610162024696,0.2730749669166592,0.2446860492858104,0.47258492166997434,0.64,1.53,1.2,4,geometric,prior_sweep,roi_full,roi,non_revenue,revenue,__revenue_equiv__,100.0,amazon,fixed_full_grid,False,roi,roi,Revenue-equivalent ROI,2.0,1.0,LogNormal,target_channels,amazon,configured,,,,upload_1bc112d58beb_monthly_mocha,/Users/jasper/Documents/Intern/BlueAlpha/capstone-Blue_Alpha_1/backend/storage/uploads/upload_1bc112d58beb_monthly_mocha.csv,2.0,1.0,LogNormal,0.4950598479489236,0.0569363014772534,0.2887331247329712,1.5954086780548096,0.2151472983984252,0.0500001767650246,0.2059521526098251,0.6972310572862623,0.4143207153801887,0.4,0.5,LogNormal,0.4680818441072591,0.1215118576917099,10298543.94665,5332184.579223297,2812274.54752121,-2519910.031702087,2519910.031702087,100.0,533218457.92232966,281227454.752121,-251991003.1702087,251991003.1702087
"multi|amazon,beehiiv,liveintent,meta,moloco,tiktok|pmode=roi|rpk=100.0|target=amazon|mu=2.000000|sigma=1.000000|dist=LogNormal|2.000000|1.000000|LogNormal|alpha=0p64|ec=1p53|slope=1p2|lag=4|decay=geometric",amazon,"{""kpi_type"": ""non_revenue"", ""kpi_type_effective"": ""revenue"", ""prior_design_mode"": ""roi"", ""prior_grid_type"": ""roi"", ""revenue_per_kpi"": 100.0, ""roi_prior_overrides"": {""amazon"": {""dist"": ""LogNormal"", ""mu"": 2.0, ""sigma"": 1.0}, ""beehiiv"": {""dist"": ""LogNormal"", ""mu"": 0.5, ""sigma"": 0.5}, ""liveintent"": {""dist"": ""LogNormal"", ""mu"": 0.5, ""sigma"": 0.5}, ""meta"": {""dist"": ""LogNormal"", ""mu"": 0.5, ""sigma"": 0.5}, ""moloco"": {""dist"": ""LogNormal"", ""mu"": 0.5, ""sigma"": 0.5}, ""tiktok"": {""dist"": ""LogNormal"", ""mu"": 0.5, ""sigma"": 0.5}}, ""run_mode"": ""roi_full"", ""structural_overrides"": {""adstock_decay_spec"": ""geometric"", ""alpha_m"": 0.64, ""ec_m"": 1.53, ""max_lag"": 4, ""slope_m"": 1.2}, ""sweep_type"": ""fixed_full_grid"", ""target_channel"": ""amazon"", ""two_layer_enabled"": false}",liveintent,REVIEW,REVIEW:PriorPosteriorShift,PriorPosteriorShift,"amazon,beehiiv,liveintent",0.5128150204243138,0.5140422044259807,0.0012271840016668811,0.002393034433062269,0.64,1.53,1.2,4,geometric,prior_sweep,roi_full,roi,non_revenue,revenue,__revenue_equiv__,100.0,amazon,fixed_full_grid,False,roi,roi,Revenue-equivalent ROI,2.0,1.0,LogNormal,target_channels,amazon,configured,,,,upload_1bc112d58beb_monthly_mocha,/Users/jasper/Documents/Intern/BlueAlpha/capstone-Blue_Alpha_1/backend/storage/uploads/upload_1bc112d58beb_monthly_mocha.csv,2.0,1.0,LogNormal,0.477736227784908,0.0928924188017845,0.3985480219125747,1.2810815036296836,0.4936038244837979,0.0904732931405305,0.37008236348629,1.4671229898929594,0.8631019842091159,0.5,0.5,LogNormal,0.0005587158175394,0.0187979236952305,797987.173079,409219.8084608478,410199.0855531857,979.2770923378994,979.2770923378994,100.0,40921980.84608478,41019908.55531857,97927.70923379064,97927.70923379064
"multi|amazon,beehiiv,liveintent,meta,moloco,tiktok|pmode=roi|rpk=100.0|target=amazon|mu=2.000000|sigma=1.000000|dist=LogNormal|2.000000|1.000000|LogNormal|alpha=0p64|ec=1p53|slope=1p2|lag=4|decay=geometric",amazon,"{""kpi_type"": ""non_revenue"", ""kpi_type_effective"": ""revenue"", ""prior_design_mode"": ""roi"", ""prior_grid_type"": ""roi"", ""revenue_per_kpi"": 100.0, ""roi_prior_overrides"": {""amazon"": {""dist"": ""LogNormal"", ""mu"": 2.0, ""sigma"": 1.0}, ""beehiiv"": {""dist"": ""LogNormal"", ""mu"": 0.5, ""sigma"": 0.5}, ""liveintent"": {""dist"": ""LogNormal"", ""mu"": 0.5, ""sigma"": 0.5}, ""meta"": {""dist"": ""LogNormal"", ""mu"": 0.5, ""sigma"": 0.5}, ""moloco"": {""dist"": ""LogNormal"", ""mu"": 0.5, ""sigma"": 0.5}, ""tiktok"": {""dist"": ""LogNormal"", ""mu"": 0.5, ""sigma"": 0.5}}, ""run_mode"": ""roi_full"", ""structural_overrides"": {""adstock_decay_spec"": ""geometric"", ""alpha_m"": 0.64, ""ec_m"": 1.53, ""max_lag"": 4, ""slope_m"": 1.2}, ""sweep_type"": ""fixed_full_grid"", ""target_channel"": ""amazon"", ""two_layer_enabled"": false}",meta,REVIEW,REVIEW:PriorPosteriorShift,PriorPosteriorShift,"amazon,beehiiv,liveintent",0.6200743053123976,0.4067506293952465,0.21332367591715112,0.3440292140627843,0.64,1.53,1.2,4,geometric,prior_sweep,roi_full,roi,non_revenue,revenue,__revenue_equiv__,100.0,amazon,fixed_full_grid,False,roi,roi,Revenue-equivalent ROI,2.0,1.0,LogNormal,target_channels,amazon,configured,,,,upload_1bc112d58beb_monthly_mocha,/Users/jasper/Documents/Intern/BlueAlpha/capstone-Blue_Alpha_1/backend/storage/uploads/upload_1bc112d58beb_monthly_mocha.csv,2.0,1.0,LogNormal,0.4861901734527795,0.1053347028791904,0.4240260720252991,1.5302040576934814,0.3460676736518956,0.0879976470023393,0.2941575944423675,1.100125241279602,0.689769876923292,0.5,0.5,LogNormal,0.1248903136301633,0.1001142893344551,840158.1265220001,520960.46665569465,341734.84675435466,-179225.61990134,179225.61990134,100.0,52096046.66556946,34173484.67543547,-17922561.990133993,17922561.990133993
"multi|amazon,beehiiv,liveintent,meta,moloco,tiktok|pmode=roi|rpk=100.0|target=amazon|mu=2.000000|sigma=1.000000|dist=LogNormal|2.000000|1.000000|LogNormal|alpha=0p64|ec=1p53|slope=1p2|lag=4|decay=geometric",amazon,"{""kpi_type"": ""non_revenue"", ""kpi_type_effective"": ""revenue"", ""prior_design_mode"": ""roi"", ""prior_grid_type"": ""roi"", ""revenue_per_kpi"": 100.0, ""roi_prior_overrides"": {""amazon"": {""dist"": ""LogNormal"", ""mu"": 2.0, ""sigma"": 1.0}, ""beehiiv"": {""dist"": ""LogNormal"", ""mu"": 0.5, ""sigma"": 0.5}, ""liveintent"": {""dist"": ""LogNormal"", ""mu"": 0.5, ""sigma"": 0.5}, ""meta"": {""dist"": ""LogNormal"", ""mu"": 0.5, ""sigma"": 0.5}, ""moloco"": {""dist"": ""LogNormal"", ""mu"": 0.5, ""sigma"": 0.5}, ""tiktok"": {""dist"": ""LogNormal"", ""mu"": 0.5, ""sigma"": 0.5}}, ""run_mode"": ""roi_full"", ""structural_overrides"": {""adstock_decay_spec"": ""geometric"", ""alpha_m"": 0.64, ""ec_m"": 1.53, ""max_lag"": 4, ""slope_m"": 1.2}, ""sweep_type"": ""fixed_full_grid"", ""target_channel"": ""amazon"", ""two_layer_enabled"": false}",moloco,REVIEW,REVIEW:PriorPosteriorShift,PriorPosteriorShift,"amazon,beehiiv,liveintent",0.6339402654984345,0.5468168965882311,0.08712336891020345,0.1374315115347703,0.64,1.53,1.2,4,geometric,prior_sweep,roi_full,roi,non_revenue,revenue,__revenue_equiv__,100.0,amazon,fixed_full_grid,False,roi,roi,Revenue-equivalent ROI,2.0,1.0,LogNormal,target_channels,amazon,configured,,,,upload_1bc112d58beb_monthly_mocha,/Users/jasper/Documents/Intern/BlueAlpha/capstone-Blue_Alpha_1/backend/storage/uploads/upload_1bc112d58beb_monthly_mocha.csv,2.0,1.0,LogNormal,0.5400197894281911,0.1072283249348402,0.4539413452148437,1.7795422077178955,0.5348623615524735,0.1027777172625065,0.3877323865890503,1.5760389506816852,0.8759790859764293,0.5,0.5,LogNormal,0.0091377879748083,0.0384533409407239,842234.6095886,533926.4320145674,460548.11541443865,-73378.31660012878,73378.31660012878,100.0,53392643.20145674,46054811.54144386,-7337831.6600128785,7337831.6600128785
"multi|amazon,beehiiv,liveintent,meta,moloco,tiktok|pmode=roi|rpk=100.0|target=amazon|mu=2.000000|sigma=1.000000|dist=LogNormal|2.000000|1.000000|LogNormal|alpha=0p64|ec=1p53|slope=1p2|lag=4|decay=geometric",amazon,"{""kpi_type"": ""non_revenue"", ""kpi_type_effective"": ""revenue"", ""prior_design_mode"": ""roi"", ""prior_grid_type"": ""roi"", ""revenue_per_kpi"": 100.0, ""roi_prior_overrides"": {""amazon"": {""dist"": ""LogNormal"", ""mu"": 2.0, ""sigma"": 1.0}, ""beehiiv"": {""dist"": ""LogNormal"", ""mu"": 0.5, ""sigma"": 0.5}, ""liveintent"": {""dist"": ""LogNormal"", ""mu"": 0.5, ""sigma"": 0.5}, ""meta"": {""dist"": ""LogNormal"", ""mu"": 0.5, ""sigma"": 0.5}, ""moloco"": {""dist"": ""LogNormal"", ""mu"": 0.5, ""sigma"": 0.5}, ""tiktok"": {""dist"": ""LogNormal"", ""mu"": 0.5, ""sigma"": 0.5}}, ""run_mode"": ""roi_full"", ""structural_overrides"": {""adstock_decay_spec"": ""geometric"", ""alpha_m"": 0.64, ""ec_m"": 1.53, ""max_lag"": 4, ""slope_m"": 1.2}, ""sweep_type"": ""fixed_full_grid"", ""target_channel"": ""amazon"", ""two_layer_enabled"": false}",snapchat,REVIEW,REVIEW:PriorPosteriorShift,PriorPosteriorShift,"amazon,beehiiv,liveintent",0.8269837570687135,0.3990441819109643,0.4279395751577492,0.5174703511403937,0.64,1.53,1.2,4,geometric,prior_sweep,roi_full,roi,non_revenue,revenue,__revenue_equiv__,100.0,amazon,fixed_full_grid,False,roi,roi,Revenue-equivalent ROI,2.0,1.0,LogNormal,target_channels,amazon,configured,,,,upload_1bc112d58beb_monthly_mocha,/Users/jasper/Documents/Intern/BlueAlpha/capstone-Blue_Alpha_1/backend/storage/uploads/upload_1bc112d58beb_monthly_mocha.csv,2.0,1.0,LogNormal,0.8713437341396965,0.0716421011835336,0.4354811757802963,2.750908374786377,0.3691934025685309,0.0509898720309138,0.2812561988830566,1.14911133646965,0.3990747254728173,0.4,0.5,LogNormal,0.0758968296625439,0.0352945671865253,4342436.908989999,3591124.789830401,1732824.183847891,-1858300.6059825101,1858300.6059825101,100.0,359112478.9830401,173282418.38478908,-185830060.59825101,185830060.59825101
"multi|amazon,beehiiv,liveintent,meta,moloco,tiktok|pmode=roi|rpk=100.0|target=amazon|mu=2.000000|sigma=1.000000|dist=LogNormal|2.000000|1.000000|LogNormal|alpha=0p64|ec=1p53|slope=1p2|lag=4|decay=geometric",amazon,"{""kpi_type"": ""non_revenue"", ""kpi_type_effective"": ""revenue"", ""prior_design_mode"": ""roi"", ""prior_grid_type"": ""roi"", ""revenue_per_kpi"": 100.0, ""roi_prior_overrides"": {""amazon"": {""dist"": ""LogNormal"", ""mu"": 2.0, ""sigma"": 1.0}, ""beehiiv"": {""dist"": ""LogNormal"", ""mu"": 0.5, ""sigma"": 0.5}, ""liveintent"": {""dist"": ""LogNormal"", ""mu"": 0.5, ""sigma"": 0.5}, ""meta"": {""dist"": ""LogNormal"", ""mu"": 0.5, ""sigma"": 0.5}, ""moloco"": {""dist"": ""LogNormal"", ""mu"": 0.5, ""sigma"": 0.5}, ""tiktok"": {""dist"": ""LogNormal"", ""mu"": 0.5, ""sigma"": 0.5}}, ""run_mode"": ""roi_full"", ""structural_overrides"": {""adstock_decay_spec"": ""geometric"", ""alpha_m"": 0.64, ""ec_m"": 1.53, ""max_lag"": 4, ""slope_m"": 1.2}, ""sweep_type"": ""fixed_full_grid"", ""target_channel"": ""amazon"", ""two_layer_enabled"": false}",tiktok,REVIEW,REVIEW:PriorPosteriorShift,PriorPosteriorShift,"amazon,beehiiv,liveintent",0.464742603781633,0.4772906294938487,0.012548025712215694,0.026999947089231258,0.64,1.53,1.2,4,geometric,prior_sweep,roi_full,roi,non_revenue,revenue,__revenue_equiv__,100.0,amazon,fixed_full_grid,False,roi,roi,Revenue-equivalent ROI,2.0,1.0,LogNormal,target_channels,amazon,configured,,,,upload_1bc112d58beb_monthly_mocha,/Users/jasper/Documents/Intern/BlueAlpha/capstone-Blue_Alpha_1/backend/storage/uploads/upload_1bc112d58beb_monthly_mocha.csv,2.0,1.0,LogNormal,0.4119649280983944,0.0886418987065553,0.3509712815284729,1.194995081424713,0.4212464126869153,0.0879260867834091,0.3520967662334442,1.2825614869594564,0.9261011205218932,0.5,0.5,LogNormal,0.0273186440894007,0.0411991872673052,1752685.0091300001,814547.3947521115,836540.1313120897,21992.73655997822,21992.73655997822,100.0,81454739.47521116,83654013.13120897,2199273.6559978127,2199273.6559978127
"multi|amazon,beehiiv,liveintent,meta,moloco,tiktok|pmode=roi|rpk=100.0|target=amazon|mu=2.000000|sigma=0.500000|dist=LogNormal|2.000000|0.500000|LogNormal|alpha=0p64|ec=1p53|slope=1p2|lag=4|decay=geometric",amazon,"{""kpi_type"": ""non_revenue"", ""kpi_type_effective"": ""revenue"", ""prior_design_mode"": ""roi"", ""prior_grid_type"": ""roi"", ""revenue_per_kpi"": 100.0, ""roi_prior_overrides"": {""amazon"": {""dist"": ""LogNormal"", ""mu"": 2.0, ""sigma"": 0.5}, ""beehiiv"": {""dist"": ""LogNormal"", ""mu"": 0.5, ""sigma"": 0.5}, ""liveintent"": {""dist"": ""LogNormal"", ""mu"": 0.5, ""sigma"": 0.5}, ""meta"": {""dist"": ""LogNormal"", ""mu"": 0.5, ""sigma"": 0.5}, ""moloco"": {""dist"": ""LogNormal"", ""mu"": 0.5, ""sigma"": 0.5}, ""tiktok"": {""dist"": ""LogNormal"", ""mu"": 0.5, ""sigma"": 0.5}}, ""run_mode"": ""roi_full"", ""structural_overrides"": {""adstock_decay_spec"": ""geometric"", ""alpha_m"": 0.64, ""ec_m"": 1.53, ""max_lag"": 4, ""slope_m"": 1.2}, ""sweep_type"": ""fixed_full_grid"", ""target_channel"": ""amazon"", ""two_layer_enabled"": false}",amazon,REVIEW,REVIEW:PriorPosteriorShift,PriorPosteriorShift,"amazon,beehiiv,liveintent",0.6377680289559067,2.0102014439801374,1.3724334150242308,2.151931976381834,0.64,1.53,1.2,4,geometric,prior_sweep,roi_full,roi,non_revenue,revenue,__revenue_equiv__,100.0,amazon,fixed_full_grid,False,roi,roi,Revenue-equivalent ROI,2.0,0.5,LogNormal,target_channels,amazon,configured,,,,upload_1bc112d58beb_monthly_mocha,/Users/jasper/Documents/Intern/BlueAlpha/capstone-Blue_Alpha_1/backend/storage/uploads/upload_1bc112d58beb_monthly_mocha.csv,2.0,0.5,LogNormal,0.6114372134697085,0.0995406173169612,0.4413366019725799,2.029905021190642,0.5036946060640148,1.3237232744693757,1.9431700110435488,2.97521276473999,0.24557102149286936,2.0,0.5,LogNormal,0.0002626056305728,0.0298323754252314,15740.258094,10038.633379867637,31641.089549178847,21602.456169311212,21602.456169311212,100.0,1003863.3379867637,3164108.954917885,2160245.6169311213,2160245.6169311213
"multi|amazon,beehiiv,liveintent,meta,moloco,tiktok|pmode=roi|rpk=100.0|target=amazon|mu=2.000000|sigma=0.500000|dist=LogNormal|2.000000|0.500000|LogNormal|alpha=0p64|ec=1p53|slope=1p2|lag=4|decay=geometric",amazon,"{""kpi_type"": ""non_revenue"", ""kpi_type_effective"": ""revenue"", ""prior_design_mode"": ""roi"", ""prior_grid_type"": ""roi"", ""revenue_per_kpi"": 100.0, ""roi_prior_overrides"": {""amazon"": {""dist"": ""LogNormal"", ""mu"": 2.0, ""sigma"": 0.5}, ""beehiiv"": {""dist"": ""LogNormal"", ""mu"": 0.5, ""sigma"": 0.5}, ""liveintent"": {""dist"": ""LogNormal"", ""mu"": 0.5, ""sigma"": 0.5}, ""meta"": {""dist"": ""LogNormal"", ""mu"": 0.5, ""sigma"": 0.5}, ""moloco"": {""dist"": ""LogNormal"", ""mu"": 0.5, ""sigma"": 0.5}, ""tiktok"": {""dist"": ""LogNormal"", ""mu"": 0.5, ""sigma"": 0.5}}, ""run_mode"": ""roi_full"", ""structural_overrides"": {""adstock_decay_spec"": ""geometric"", ""alpha_m"": 0.64, ""ec_m"": 1.53, ""max_lag"": 4, ""slope_m"": 1.2}, ""sweep_type"": ""fixed_full_grid"", ""target_channel"": ""amazon"", ""two_layer_enabled"": false}",beehiiv,REVIEW,REVIEW:PriorPosteriorShift,PriorPosteriorShift,"amazon,beehiiv,liveintent",0.762659886876742,0.5174349995112667,0.24522488736547532,0.32153898688670324,0.64,1.53,1.2,4,geometric,prior_sweep,roi_full,roi,non_revenue,revenue,__revenue_equiv__,100.0,amazon,fixed_full_grid,False,roi,roi,Revenue-equivalent ROI,2.0,0.5,LogNormal,target_channels,amazon,configured,,,,upload_1bc112d58beb_monthly_mocha,/Users/jasper/Documents/Intern/BlueAlpha/capstone-Blue_Alpha_1/backend/storage/uploads/upload_1bc112d58beb_monthly_mocha.csv,2.0,0.5,LogNormal,0.8561781928458713,0.1083850640803575,0.4253711998462677,2.5097618103027344,0.5291395686716208,0.0861682556569576,0.3632252216339111,1.5050298154354094,0.5762702036724884,0.5,0.5,LogNormal,0.0039411911280996,0.021729455506522,328172.2732613,250283.82880154633,169807.82005457205,-80476.00874697429,80476.00874697429,100.0,25028382.880154632,16980782.005457204,-8047600.874697428,8047600.874697428
"multi|amazon,beehiiv,liveintent,meta,moloco,tiktok|pmode=roi|rpk=100.0|target=amazon|mu=2.000000|sigma=0.500000|dist=LogNormal|2.000000|0.500000|LogNormal|alpha=0p64|ec=1p53|slope=1p2|lag=4|decay=geometric",amazon,"{""kpi_type"": ""non_revenue"", ""kpi_type_effective"": ""revenue"", ""prior_design_mode"": ""roi"", ""prior_grid_type"": ""roi"", ""revenue_per_kpi"": 100.0, ""roi_prior_overrides"": {""amazon"": {""dist"": ""LogNormal"", ""mu"": 2.0, ""sigma"": 0.5}, ""beehiiv"": {""dist"": ""LogNormal"", ""mu"": 0.5, ""sigma"": 0.5}, ""liveintent"": {""dist"": ""LogNormal"", ""mu"": 0.5, ""sigma"": 0.5}, ""meta"": {""dist"": ""LogNormal"", ""mu"": 0.5, ""sigma"": 0.5}, ""moloco"": {""dist"": ""LogNormal"", ""mu"": 0.5, ""sigma"": 0.5}, ""tiktok"": {""dist"": ""LogNormal"", ""mu"": 0.5, ""sigma"": 0.5}}, ""run_mode"": ""roi_full"", ""structural_overrides"": {""adstock_decay_spec"": ""geometric"", ""alpha_m"": 0.64, ""ec_m"": 1.53, ""max_lag"": 4, ""slope_m"": 1.2}, ""sweep_type"": ""fixed_full_grid"", ""target_channel"": ""amazon"", ""two_layer_enabled"": false}",google,REVIEW,REVIEW:PriorPosteriorShift,PriorPosteriorShift,"amazon,beehiiv,liveintent",0.5177610162024696,0.2772812684283902,0.24047974777407943,0.4644609003935518,0.64,1.53,1.2,4,geometric,prior_sweep,roi_full,roi,non_revenue,revenue,__revenue_equiv__,100.0,amazon,fixed_full_grid,False,roi,roi,Revenue-equivalent ROI,2.0,0.5,LogNormal,target_channels,amazon,configured,,,,upload_1bc112d58beb_monthly_mocha,/Users/jasper/Documents/Intern/BlueAlpha/capstone-Blue_Alpha_1/backend/storage/uploads/upload_1bc112d58beb_monthly_mocha.csv,2.0,0.5,LogNormal,0.4950598479489236,0.0569363014772534,0.2887331247329712,1.5954086780548096,0.2267434389038382,0.0512582201510667,0.206814058125019,0.7419702887535093,0.4436316317298652,0.4,0.5,LogNormal,0.4237338935490218,0.1170638928892668,10298543.94665,5332184.579223297,2855593.3284926317,-2476591.250730665,2476591.250730665,100.0,533218457.92232966,285559332.8492632,-247659125.07306647,247659125.07306647
"multi|amazon,beehiiv,liveintent,meta,moloco,tiktok|pmode=roi|rpk=100.0|target=amazon|mu=2.000000|sigma=0.500000|dist=LogNormal|2.000000|0.500000|LogNormal|alpha=0p64|ec=1p53|slope=1p2|lag=4|decay=geometric",amazon,"{""kpi_type"": ""non_revenue"", ""kpi_type_effective"": ""revenue"", ""prior_design_mode"": ""roi"", ""prior_grid_type"": ""roi"", ""revenue_per_kpi"": 100.0, ""roi_prior_overrides"": {""amazon"": {""dist"": ""LogNormal"", ""mu"": 2.0, ""sigma"": 0.5}, ""beehiiv"": {""dist"": ""LogNormal"", ""mu"": 0.5, ""sigma"": 0.5}, ""liveintent"": {""dist"": ""LogNormal"", ""mu"": 0.5, ""sigma"": 0.5}, ""meta"": {""dist"": ""LogNormal"", ""mu"": 0.5, ""sigma"": 0.5}, ""moloco"": {""dist"": ""LogNormal"", ""mu"": 0.5, ""sigma"": 0.5}, ""tiktok"": {""dist"": ""LogNormal"", ""mu"": 0.5, ""sigma"": 0.5}}, ""run_mode"": ""roi_full"", ""structural_overrides"": {""adstock_decay_spec"": ""geometric"", ""alpha_m"": 0.64, ""ec_m"": 1.53, ""max_lag"": 4, ""slope_m"": 1.2}, ""sweep_type"": ""fixed_full_grid"", ""target_channel"": ""amazon"", ""two_layer_enabled"": false}",liveintent,REVIEW,REVIEW:PriorPosteriorShift,PriorPosteriorShift,"amazon,beehiiv,liveintent",0.5128150204243138,0.5105783739034087,0.002236646520905161,0.004361507428262357,0.64,1.53,1.2,4,geometric,prior_sweep,roi_full,roi,non_revenue,revenue,__revenue_equiv__,100.0,amazon,fixed_full_grid,False,roi,roi,Revenue-equivalent ROI,2.0,0.5,LogNormal,target_channels,amazon,configured,,,,upload_1bc112d58beb_monthly_mocha,/Users/jasper/Documents/Intern/BlueAlpha/capstone-Blue_Alpha_1/backend/storage/uploads/upload_1bc112d58beb_monthly_mocha.csv,2.0,0.5,LogNormal,0.477736227784908,0.0928924188017845,0.3985480219125747,1.2810815036296836,0.4894397851463115,0.091394367814064,0.3682897984981537,1.4131469905376433,0.8989496706119928,0.5,0.5,LogNormal,0.0006730675553157,0.0126757466953082,797987.173079,409219.8084608478,407434.9932264537,-1784.8152343941038,1784.8152343941038,100.0,40921980.84608478,40743499.32264537,-178481.52343940735,178481.52343940735
"multi|amazon,beehiiv,liveintent,meta,moloco,tiktok|pmode=roi|rpk=100.0|target=amazon|mu=2.000000|sigma=0.500000|dist=LogNormal|2.000000|0.500000|LogNormal|alpha=0p64|ec=1p53|slope=1p2|lag=4|decay=geometric",amazon,"{""kpi_type"": ""non_revenue"", ""kpi_type_effective"": ""revenue"", ""prior_design_mode"": ""roi"", ""prior_grid_type"": ""roi"", ""revenue_per_kpi"": 100.0, ""roi_prior_overrides"": {""amazon"": {""dist"": ""LogNormal"", ""mu"": 2.0, ""sigma"": 0.5}, ""beehiiv"": {""dist"": ""LogNormal"", ""mu"": 0.5, ""sigma"": 0.5}, ""liveintent"": {""dist"": ""LogNormal"", ""mu"": 0.5, ""sigma"": 0.5}, ""meta"": {""dist"": ""LogNormal"", ""mu"": 0.5, ""sigma"": 0.5}, ""moloco"": {""dist"": ""LogNormal"", ""mu"": 0.5, ""sigma"": 0.5}, ""tiktok"": {""dist"": ""LogNormal"", ""mu"": 0.5, ""sigma"": 0.5}}, ""run_mode"": ""roi_full"", ""structural_overrides"": {""adstock_decay_spec"": ""geometric"", ""alpha_m"": 0.64, ""ec_m"": 1.53, ""max_lag"": 4, ""slope_m"": 1.2}, ""sweep_type"": ""fixed_full_grid"", ""target_channel"": ""amazon"", ""two_layer_enabled"": false}",meta,REVIEW,REVIEW:PriorPosteriorShift,PriorPosteriorShift,"amazon,beehiiv,liveintent",0.6200743053123976,0.4195321220190575,0.20054218329334011,0.32341637377202015,0.64,1.53,1.2,4,geometric,prior_sweep,roi_full,roi,non_revenue,revenue,__revenue_equiv__,100.0,amazon,fixed_full_grid,False,roi,roi,Revenue-equivalent ROI,2.0,0.5,LogNormal,target_channels,amazon,configured,,,,upload_1bc112d58beb_monthly_mocha,/Users/jasper/Documents/Intern/BlueAlpha/capstone-Blue_Alpha_1/backend/storage/uploads/upload_1bc112d58beb_monthly_mocha.csv,2.0,0.5,LogNormal,0.4861901734527795,0.1053347028791904,0.4240260720252991,1.5302040576934814,0.3799164859469058,0.0900343544781208,0.306445300579071,1.1735529959201811,0.7417308464801464,0.5,0.5,LogNormal,0.0762798750415009,0.0869514237414014,840158.1265220001,520960.46665569465,352473.32165133045,-168487.1450043642,168487.1450043642,100.0,52096046.66556946,35247332.165133044,-16848714.500436418,16848714.500436418
"multi|amazon,beehiiv,liveintent,meta,moloco,tiktok|pmode=roi|rpk=100.0|target=amazon|mu=2.000000|sigma=0.500000|dist=LogNormal|2.000000|0.500000|LogNormal|alpha=0p64|ec=1p53|slope=1p2|lag=4|decay=geometric",amazon,"{""kpi_type"": ""non_revenue"", ""kpi_type_effective"": ""revenue"", ""prior_design_mode"": ""roi"", ""prior_grid_type"": ""roi"", ""revenue_per_kpi"": 100.0, ""roi_prior_overrides"": {""amazon"": {""dist"": ""LogNormal"", ""mu"": 2.0, ""sigma"": 0.5}, ""beehiiv"": {""dist"": ""LogNormal"", ""mu"": 0.5, ""sigma"": 0.5}, ""liveintent"": {""dist"": ""LogNormal"", ""mu"": 0.5, ""sigma"": 0.5}, ""meta"": {""dist"": ""LogNormal"", ""mu"": 0.5, ""sigma"": 0.5}, ""moloco"": {""dist"": ""LogNormal"", ""mu"": 0.5, ""sigma"": 0.5}, ""tiktok"": {""dist"": ""LogNormal"", ""mu"": 0.5, ""sigma"": 0.5}}, ""run_mode"": ""roi_full"", ""structural_overrides"": {""adstock_decay_spec"": ""geometric"", ""alpha_m"": 0.64, ""ec_m"": 1.53, ""max_lag"": 4, ""slope_m"": 1.2}, ""sweep_type"": ""fixed_full_grid"", ""target_channel"": ""amazon"", ""two_layer_enabled"": false}",moloco,REVIEW,REVIEW:PriorPosteriorShift,PriorPosteriorShift,"amazon,beehiiv,liveintent",0.6339402654984345,0.5429678528662771,0.09097241263215738,0.14350313047339003,0.64,1.53,1.2,4,geometric,prior_sweep,roi_full,roi,non_revenue,revenue,__revenue_equiv__,100.0,amazon,fixed_full_grid,False,roi,roi,Revenue-equivalent ROI,2.0,0.5,LogNormal,target_channels,amazon,configured,,,,upload_1bc112d58beb_monthly_mocha,/Users/jasper/Documents/Intern/BlueAlpha/capstone-Blue_Alpha_1/backend/storage/uploads/upload_1bc112d58beb_monthly_mocha.csv,2.0,0.5,LogNormal,0.5400197894281911,0.1072283249348402,0.4539413452148437,1.7795422077178955,0.5162896403298785,0.0993748340755701,0.3827641159296036,1.4883309066295622,0.8220029762277312,0.5,0.5,LogNormal,0.0047426301359422,0.0372464678275311,842234.6095886,533926.4320145674,457306.3175779893,-76620.11443657812,76620.11443657812,100.0,53392643.20145674,45730631.75779893,-7662011.443657808,7662011.443657808
"multi|amazon,beehiiv,liveintent,meta,moloco,tiktok|pmode=roi|rpk=100.0|target=amazon|mu=2.000000|sigma=0.500000|dist=LogNormal|2.000000|0.500000|LogNormal|alpha=0p64|ec=1p53|slope=1p2|lag=4|decay=geometric",amazon,"{""kpi_type"": ""non_revenue"", ""kpi_type_effective"": ""revenue"", ""prior_design_mode"": ""roi"", ""prior_grid_type"": ""roi"", ""revenue_per_kpi"": 100.0, ""roi_prior_overrides"": {""amazon"": {""dist"": ""LogNormal"", ""mu"": 2.0, ""sigma"": 0.5}, ""beehiiv"": {""dist"": ""LogNormal"", ""mu"": 0.5, ""sigma"": 0.5}, ""liveintent"": {""dist"": ""LogNormal"", ""mu"": 0.5, ""sigma"": 0.5}, ""meta"": {""dist"": ""LogNormal"", ""mu"": 0.5, ""sigma"": 0.5}, ""moloco"": {""dist"": ""LogNormal"", ""mu"": 0.5, ""sigma"": 0.5}, ""tiktok"": {""dist"": ""LogNormal"", ""mu"": 0.5, ""sigma"": 0.5}}, ""run_mode"": ""roi_full"", ""structural_overrides"": {""adstock_decay_spec"": ""geometric"", ""alpha_m"": 0.64, ""ec_m"": 1.53, ""max_lag"": 4, ""slope_m"": 1.2}, ""sweep_type"": ""fixed_full_grid"", ""target_channel"": ""amazon"", ""two_layer_enabled"": false}",snapchat,REVIEW,REVIEW:PriorPosteriorShift,PriorPosteriorShift,"amazon,beehiiv,liveintent",0.8269837570687135,0.4454420987757233,0.3815416582929902,0.46136535939397916,0.64,1.53,1.2,4,geometric,prior_sweep,roi_full,roi,non_revenue,revenue,__revenue_equiv__,100.0,amazon,fixed_full_grid,False,roi,roi,Revenue-equivalent ROI,2.0,0.5,LogNormal,target_channels,amazon,configured,,,,upload_1bc112d58beb_monthly_mocha,/Users/jasper/Documents/Intern/BlueAlpha/capstone-Blue_Alpha_1/backend/storage/uploads/upload_1bc112d58beb_monthly_mocha.csv,2.0,0.5,LogNormal,0.8713437341396965,0.0716421011835336,0.4354811757802963,2.750908374786377,0.4770118168952907,0.0542254460975527,0.2938246876001358,1.2772570610046372,0.4470733088399441,0.4,0.5,LogNormal,0.0062773500730939,0.0511717858966527,4342436.908989999,3591124.789830401,1934304.21054167,-1656820.579288731,1656820.579288731,100.0,359112478.9830401,193430421.054167,-165682057.9288731,165682057.9288731
"multi|amazon,beehiiv,liveintent,meta,moloco,tiktok|pmode=roi|rpk=100.0|target=amazon|mu=2.000000|sigma=0.500000|dist=LogNormal|2.000000|0.500000|LogNormal|alpha=0p64|ec=1p53|slope=1p2|lag=4|decay=geometric",amazon,"{""kpi_type"": ""non_revenue"", ""kpi_type_effective"": ""revenue"", ""prior_design_mode"": ""roi"", ""prior_grid_type"": ""roi"", ""revenue_per_kpi"": 100.0, ""roi_prior_overrides"": {""amazon"": {""dist"": ""LogNormal"", ""mu"": 2.0, ""sigma"": 0.5}, ""beehiiv"": {""dist"": ""LogNormal"", ""mu"": 0.5, ""sigma"": 0.5}, ""liveintent"": {""dist"": ""LogNormal"", ""mu"": 0.5, ""sigma"": 0.5}, ""meta"": {""dist"": ""LogNormal"", ""mu"": 0.5, ""sigma"": 0.5}, ""moloco"": {""dist"": ""LogNormal"", ""mu"": 0.5, ""sigma"": 0.5}, ""tiktok"": {""dist"": ""LogNormal"", ""mu"": 0.5, ""sigma"": 0.5}}, ""run_mode"": ""roi_full"", ""structural_overrides"": {""adstock_decay_spec"": ""geometric"", ""alpha_m"": 0.64, ""ec_m"": 1.53, ""max_lag"": 4, ""slope_m"": 1.2}, ""sweep_type"": ""fixed_full_grid"", ""target_channel"": ""amazon"", ""two_layer_enabled"": false}",tiktok,REVIEW,REVIEW:PriorPosteriorShift,PriorPosteriorShift,"amazon,beehiiv,liveintent",0.464742603781633,0.4791509140174215,0.01440831023578848,0.031002774694093738,0.64,1.53,1.2,4,geometric,prior_sweep,roi_full,roi,non_revenue,revenue,__revenue_equiv__,100.0,amazon,fixed_full_grid,False,roi,roi,Revenue-equivalent ROI,2.0,0.5,LogNormal,target_channels,amazon,configured,,,,upload_1bc112d58beb_monthly_mocha,/Users/jasper/Documents/Intern/BlueAlpha/capstone-Blue_Alpha_1/backend/storage/uploads/upload_1bc112d58beb_monthly_mocha.csv,2.0,0.5,LogNormal,0.4119649280983944,0.0886418987065553,0.3509712815284729,1.194995081424713,0.4235321785479305,0.0889061845839023,0.3500438034534454,1.2994855523109434,0.9134861412935122,0.5,0.5,LogNormal,0.0256069861167154,0.0385882531545842,1752685.0091300001,814547.3947521115,839800.6241092723,25253.229357160744,25253.229357160744,100.0,81454739.47521116,83980062.41092722,2525322.935716063,2525322.935716063
"multi|amazon,beehiiv,liveintent,meta,moloco,tiktok|pmode=roi|rpk=100.0|target=amazon|mu=1.500000|sigma=1.500000|dist=LogNormal|1.500000|1.500000|LogNormal|alpha=0p64|ec=1p53|slope=1p2|lag=4|decay=geometric",amazon,"{""kpi_type"": ""non_revenue"", ""kpi_type_effective"": ""revenue"", ""prior_design_mode"": ""roi"", ""prior_grid_type"": ""roi"", ""revenue_per_kpi"": 100.0, ""roi_prior_overrides"": {""amazon"": {""dist"": ""LogNormal"", ""mu"": 1.5, ""sigma"": 1.5}, ""beehiiv"": {""dist"": ""LogNormal"", ""mu"": 0.5, ""sigma"": 0.5}, ""liveintent"": {""dist"": ""LogNormal"", ""mu"": 0.5, ""sigma"": 0.5}, ""meta"": {""dist"": ""LogNormal"", ""mu"": 0.5, ""sigma"": 0.5}, ""moloco"": {""dist"": ""LogNormal"", ""mu"": 0.5, ""sigma"": 0.5}, ""tiktok"": {""dist"": ""LogNormal"", ""mu"": 0.5, ""sigma"": 0.5}}, ""run_mode"": ""roi_full"", ""structural_overrides"": {""adstock_decay_spec"": ""geometric"", ""alpha_m"": 0.64, ""ec_m"": 1.53, ""max_lag"": 4, ""slope_m"": 1.2}, ""sweep_type"": ""fixed_full_grid"", ""target_channel"": ""amazon"", ""two_layer_enabled"": false}",amazon,REVIEW,REVIEW:PriorPosteriorShift,PriorPosteriorShift,"amazon,beehiiv,liveintent",0.6377680289559067,1.5111750508720676,0.8734070219161609,1.3694744519351651,0.64,1.53,1.2,4,geometric,prior_sweep,roi_full,roi,non_revenue,revenue,__revenue_equiv__,100.0,amazon,fixed_full_grid,False,roi,roi,Revenue-equivalent ROI,1.5,1.5,LogNormal,target_channels,amazon,configured,,,,upload_1bc112d58beb_monthly_mocha,/Users/jasper/Documents/Intern/BlueAlpha/capstone-Blue_Alpha_1/backend/storage/uploads/upload_1bc112d58beb_monthly_mocha.csv,1.5,1.5,LogNormal,0.6114372134697085,0.0995406173169612,0.4413366019725799,2.029905021190642,1.425893168248573,0.2881747141480446,1.0830503106117249,4.380040526390074,0.40689880715819166,1.5,1.5,LogNormal,0.0025103080036542,0.0936300496288209,15740.258094,10038.633379867637,23786.285325939923,13747.651946072287,13747.651946072287,100.0,1003863.3379867637,2378628.5325939925,1374765.194607229,1374765.194607229
"multi|amazon,beehiiv,liveintent,meta,moloco,tiktok|pmode=roi|rpk=100.0|target=amazon|mu=1.500000|sigma=1.500000|dist=LogNormal|1.500000|1.500000|LogNormal|alpha=0p64|ec=1p53|slope=1p2|lag=4|decay=geometric",amazon,"{""kpi_type"": ""non_revenue"", ""kpi_type_effective"": ""revenue"", ""prior_design_mode"": ""roi"", ""prior_grid_type"": ""roi"", ""revenue_per_kpi"": 100.0, ""roi_prior_overrides"": {""amazon"": {""dist"": ""LogNormal"", ""mu"": 1.5, ""sigma"": 1.5}, ""beehiiv"": {""dist"": ""LogNormal"", ""mu"": 0.5, ""sigma"": 0.5}, ""liveintent"": {""dist"": ""LogNormal"", ""mu"": 0.5, ""sigma"": 0.5}, ""meta"": {""dist"": ""LogNormal"", ""mu"": 0.5, ""sigma"": 0.5}, ""moloco"": {""dist"": ""LogNormal"", ""mu"": 0.5, ""sigma"": 0.5}, ""tiktok"": {""dist"": ""LogNormal"", ""mu"": 0.5, ""sigma"": 0.5}}, ""run_mode"": ""roi_full"", ""structural_overrides"": {""adstock_decay_spec"": ""geometric"", ""alpha_m"": 0.64, ""ec_m"": 1.53, ""max_lag"": 4, ""slope_m"": 1.2}, ""sweep_type"": ""fixed_full_grid"", ""target_channel"": ""amazon"", ""two_layer_enabled"": false}",beehiiv,REVIEW,REVIEW:PriorPosteriorShift,PriorPosteriorShift,"amazon,beehiiv,liveintent",0.762659886876742,0.5132603121378149,0.24939957473892715,0.32701283892125577,0.64,1.53,1.2,4,geometric,prior_sweep,roi_full,roi,non_revenue,revenue,__revenue_equiv__,100.0,amazon,fixed_full_grid,False,roi,roi,Revenue-equivalent ROI,1.5,1.5,LogNormal,target_channels,amazon,configured,,,,upload_1bc112d58beb_monthly_mocha,/Users/jasper/Documents/Intern/BlueAlpha/capstone-Blue_Alpha_1/backend/storage/uploads/upload_1bc112d58beb_monthly_mocha.csv,1.5,1.5,LogNormal,0.8561781928458713,0.1083850640803575,0.4253711998462677,2.5097618103027344,0.520673839315529,0.0864724364131689,0.3613265454769134,1.432311224937438,0.5463343235529801,0.5,0.5,LogNormal,0.0020384465425863,0.0247993488473923,328172.2732613,250283.82880154633,168437.80340907112,-81846.02539247522,81846.02539247522,100.0,25028382.880154632,16843780.34090711,-8184602.53924752,8184602.53924752
"multi|amazon,beehiiv,liveintent,meta,moloco,tiktok|pmode=roi|rpk=100.0|target=amazon|mu=1.500000|sigma=1.500000|dist=LogNormal|1.500000|1.500000|LogNormal|alpha=0p64|ec=1p53|slope=1p2|lag=4|decay=geometric",amazon,"{""kpi_type"": ""non_revenue"", ""kpi_type_effective"": ""revenue"", ""prior_design_mode"": ""roi"", ""prior_grid_type"": ""roi"", ""revenue_per_kpi"": 100.0, ""roi_prior_overrides"": {""amazon"": {""dist"": ""LogNormal"", ""mu"": 1.5, ""sigma"": 1.5}, ""beehiiv"": {""dist"": ""LogNormal"", ""mu"": 0.5, ""sigma"": 0.5}, ""liveintent"": {""dist"": ""LogNormal"", ""mu"": 0.5, ""sigma"": 0.5}, ""meta"": {""dist"": ""LogNormal"", ""mu"": 0.5, ""sigma"": 0.5}, ""moloco"": {""dist"": ""LogNormal"", ""mu"": 0.5, ""sigma"": 0.5}, ""tiktok"": {""dist"": ""LogNormal"", ""mu"": 0.5, ""sigma"": 0.5}}, ""run_mode"": ""roi_full"", ""structural_overrides"": {""adstock_decay_spec"": ""geometric"", ""alpha_m"": 0.64, ""ec_m"": 1.53, ""max_lag"": 4, ""slope_m"": 1.2}, ""sweep_type"": ""fixed_full_grid"", ""target_channel"": ""amazon"", ""two_layer_enabled"": false}",google,REVIEW,REVIEW:PriorPosteriorShift,PriorPosteriorShift,"amazon,beehiiv,liveintent",0.5177610162024696,0.2859507654289094,0.2318102507735602,0.44771669461285046,0.64,1.53,1.2,4,geometric,prior_sweep,roi_full,roi,non_revenue,revenue,__revenue_equiv__,100.0,amazon,fixed_full_grid,False,roi,roi,Revenue-equivalent ROI,1.5,1.5,LogNormal,target_channels,amazon,configured,,,,upload_1bc112d58beb_monthly_mocha,/Users/jasper/Documents/Intern/BlueAlpha/capstone-Blue_Alpha_1/backend/storage/uploads/upload_1bc112d58beb_monthly_mocha.csv,1.5,1.5,LogNormal,0.4950598479489236,0.0569363014772534,0.2887331247329712,1.5954086780548096,0.2510484688686333,0.0523770622909069,0.2043017968535423,0.8155631959438323,0.4916470192290963,0.4,0.5,LogNormal,0.3410271981251938,0.1088652990764475,10298543.94665,5332184.579223297,2944876.524347829,-2387308.0548754674,2387308.0548754674,100.0,533218457.92232966,294487652.4347829,-238730805.48754674,238730805.48754674
"multi|amazon,beehiiv,liveintent,meta,moloco,tiktok|pmode=roi|rpk=100.0|target=amazon|mu=1.500000|sigma=1.500000|dist=LogNormal|1.500000|1.500000|LogNormal|alpha=0p64|ec=1p53|slope=1p2|lag=4|decay=geometric",amazon,"{""kpi_type"": ""non_revenue"", ""kpi_type_effective"": ""revenue"", ""prior_design_mode"": ""roi"", ""prior_grid_type"": ""roi"", ""revenue_per_kpi"": 100.0, ""roi_prior_overrides"": {""amazon"": {""dist"": ""LogNormal"", ""mu"": 1.5, ""sigma"": 1.5}, ""beehiiv"": {""dist"": ""LogNormal"", ""mu"": 0.5, ""sigma"": 0.5}, ""liveintent"": {""dist"": ""LogNormal"", ""mu"": 0.5, ""sigma"": 0.5}, ""meta"": {""dist"": ""LogNormal"", ""mu"": 0.5, ""sigma"": 0.5}, ""moloco"": {""dist"": ""LogNormal"", ""mu"": 0.5, ""sigma"": 0.5}, ""tiktok"": {""dist"": ""LogNormal"", ""mu"": 0.5, ""sigma"": 0.5}}, ""run_mode"": ""roi_full"", ""structural_overrides"": {""adstock_decay_spec"": ""geometric"", ""alpha_m"": 0.64, ""ec_m"": 1.53, ""max_lag"": 4, ""slope_m"": 1.2}, ""sweep_type"": ""fixed_full_grid"", ""target_channel"": ""amazon"", ""two_layer_enabled"": false}",liveintent,REVIEW,REVIEW:PriorPosteriorShift,PriorPosteriorShift,"amazon,beehiiv,liveintent",0.5128150204243138,0.5130727679499736,0.00025774752565976833,0.0005026130581091692,0.64,1.53,1.2,4,geometric,prior_sweep,roi_full,roi,non_revenue,revenue,__revenue_equiv__,100.0,amazon,fixed_full_grid,False,roi,roi,Revenue-equivalent ROI,1.5,1.5,LogNormal,target_channels,amazon,configured,,,,upload_1bc112d58beb_monthly_mocha,/Users/jasper/Documents/Intern/BlueAlpha/capstone-Blue_Alpha_1/backend/storage/uploads/upload_1bc112d58beb_monthly_mocha.csv,1.5,1.5,LogNormal,0.477736227784908,0.0928924188017845,0.3985480219125747,1.2810815036296836,0.4950714631585013,0.0925233870744705,0.358925998210907,1.494086980819702,0.8477596665113446,0.5,0.5,LogNormal,0.0004392780482214,0.0138420269556081,797987.173079,409219.8084608478,409425.48768021713,205.67921936931089,205.67921936931089,100.0,40921980.84608478,40942548.76802171,20567.921936929226,20567.921936929226
"multi|amazon,beehiiv,liveintent,meta,moloco,tiktok|pmode=roi|rpk=100.0|target=amazon|mu=1.500000|sigma=1.500000|dist=LogNormal|1.500000|1.500000|LogNormal|alpha=0p64|ec=1p53|slope=1p2|lag=4|decay=geometric",amazon,"{""kpi_type"": ""non_revenue"", ""kpi_type_effective"": ""revenue"", ""prior_design_mode"": ""roi"", ""prior_grid_type"": ""roi"", ""revenue_per_kpi"": 100.0, ""roi_prior_overrides"": {""amazon"": {""dist"": ""LogNormal"", ""mu"": 1.5, ""sigma"": 1.5}, ""beehiiv"": {""dist"": ""LogNormal"", ""mu"": 0.5, ""sigma"": 0.5}, ""liveintent"": {""dist"": ""LogNormal"", ""mu"": 0.5, ""sigma"": 0.5}, ""meta"": {""dist"": ""LogNormal"", ""mu"": 0.5, ""sigma"": 0.5}, ""moloco"": {""dist"": ""LogNormal"", ""mu"": 0.5, ""sigma"": 0.5}, ""tiktok"": {""dist"": ""LogNormal"", ""mu"": 0.5, ""sigma"": 0.5}}, ""run_mode"": ""roi_full"", ""structural_overrides"": {""adstock_decay_spec"": ""geometric"", ""alpha_m"": 0.64, ""ec_m"": 1.53, ""max_lag"": 4, ""slope_m"": 1.2}, ""sweep_type"": ""fixed_full_grid"", ""target_channel"": ""amazon"", ""two_layer_enabled"": false}",meta,REVIEW,REVIEW:PriorPosteriorShift,PriorPosteriorShift,"amazon,beehiiv,liveintent",0.6200743053123976,0.4133069000703593,0.2067674052420383,0.333455851130402,0.64,1.53,1.2,4,geometric,prior_sweep,roi_full,roi,non_revenue,revenue,__revenue_equiv__,100.0,amazon,fixed_full_grid,False,roi,roi,Revenue-equivalent ROI,1.5,1.5,LogNormal,target_channels,amazon,configured,,,,upload_1bc112d58beb_monthly_mocha,/Users/jasper/Documents/Intern/BlueAlpha/capstone-Blue_Alpha_1/backend/storage/uploads/upload_1bc112d58beb_monthly_mocha.csv,1.5,1.5,LogNormal,0.4861901734527795,0.1053347028791904,0.4240260720252991,1.5302040576934814,0.3538543057412623,0.0921804994344711,0.3033759444952011,1.123527759313583,0.7080503310162045,0.5,0.5,LogNormal,0.1111799622415576,0.0929467491901668,840158.1265220001,520960.46665569465,347243.15084172855,-173717.3158139661,173717.3158139661,100.0,52096046.66556946,34724315.08417285,-17371731.58139661,17371731.58139661
"multi|amazon,beehiiv,liveintent,meta,moloco,tiktok|pmode=roi|rpk=100.0|target=amazon|mu=1.500000|sigma=1.500000|dist=LogNormal|1.500000|1.500000|LogNormal|alpha=0p64|ec=1p53|slope=1p2|lag=4|decay=geometric",amazon,"{""kpi_type"": ""non_revenue"", ""kpi_type_effective"": ""revenue"", ""prior_design_mode"": ""roi"", ""prior_grid_type"": ""roi"", ""revenue_per_kpi"": 100.0, ""roi_prior_overrides"": {""amazon"": {""dist"": ""LogNormal"", ""mu"": 1.5, ""sigma"": 1.5}, ""beehiiv"": {""dist"": ""LogNormal"", ""mu"": 0.5, ""sigma"": 0.5}, ""liveintent"": {""dist"": ""LogNormal"", ""mu"": 0.5, ""sigma"": 0.5}, ""meta"": {""dist"": ""LogNormal"", ""mu"": 0.5, ""sigma"": 0.5}, ""moloco"": {""dist"": ""LogNormal"", ""mu"": 0.5, ""sigma"": 0.5}, ""tiktok"": {""dist"": ""LogNormal"", ""mu"": 0.5, ""sigma"": 0.5}}, ""run_mode"": ""roi_full"", ""structural_overrides"": {""adstock_decay_spec"": ""geometric"", ""alpha_m"": 0.64, ""ec_m"": 1.53, ""max_lag"": 4, ""slope_m"": 1.2}, ""sweep_type"": ""fixed_full_grid"", ""target_channel"": ""amazon"", ""two_layer_enabled"": false}",moloco,REVIEW,REVIEW:PriorPosteriorShift,PriorPosteriorShift,"amazon,beehiiv,liveintent",0.6339402654984345,0.5489711799348395,0.08496908556359506,0.1340332680978834,0.64,1.53,1.2,4,geometric,prior_sweep,roi_full,roi,non_revenue,revenue,__revenue_equiv__,100.0,amazon,fixed_full_grid,False,roi,roi,Revenue-equivalent ROI,1.5,1.5,LogNormal,target_channels,amazon,configured,,,,upload_1bc112d58beb_monthly_mocha,/Users/jasper/Documents/Intern/BlueAlpha/capstone-Blue_Alpha_1/backend/storage/uploads/upload_1bc112d58beb_monthly_mocha.csv,1.5,1.5,LogNormal,0.5400197894281911,0.1072283249348402,0.4539413452148437,1.7795422077178955,0.5275380290338539,0.1069978773593902,0.3862306028604507,1.6116861224174497,0.8995024945976368,0.5,0.5,LogNormal,0.0077762397976365,0.0426709539532765,842234.6095886,533926.4320145674,462362.5274078126,-71563.90460675483,71563.90460675483,100.0,53392643.20145674,46236252.74078126,-7156390.460675478,7156390.460675478
"multi|amazon,beehiiv,liveintent,meta,moloco,tiktok|pmode=roi|rpk=100.0|target=amazon|mu=1.500000|sigma=1.500000|dist=LogNormal|1.500000|1.500000|LogNormal|alpha=0p64|ec=1p53|slope=1p2|lag=4|decay=geometric",amazon,"{""kpi_type"": ""non_revenue"", ""kpi_type_effective"": ""revenue"", ""prior_design_mode"": ""roi"", ""prior_grid_type"": ""roi"", ""revenue_per_kpi"": 100.0, ""roi_prior_overrides"": {""amazon"": {""dist"": ""LogNormal"", ""mu"": 1.5, ""sigma"": 1.5}, ""beehiiv"": {""dist"": ""LogNormal"", ""mu"": 0.5, ""sigma"": 0.5}, ""liveintent"": {""dist"": ""LogNormal"", ""mu"": 0.5, ""sigma"": 0.5}, ""meta"": {""dist"": ""LogNormal"", ""mu"": 0.5, ""sigma"": 0.5}, ""moloco"": {""dist"": ""LogNormal"", ""mu"": 0.5, ""sigma"": 0.5}, ""tiktok"": {""dist"": ""LogNormal"", ""mu"": 0.5, ""sigma"": 0.5}}, ""run_mode"": ""roi_full"", ""structural_overrides"": {""adstock_decay_spec"": ""geometric"", ""alpha_m"": 0.64, ""ec_m"": 1.53, ""max_lag"": 4, ""slope_m"": 1.2}, ""sweep_type"": ""fixed_full_grid"", ""target_channel"": ""amazon"", ""two_layer_enabled"": false}",snapchat,REVIEW,REVIEW:PriorPosteriorShift,PriorPosteriorShift,"amazon,beehiiv,liveintent",0.8269837570687135,0.4042670348046037,0.42271672226410983,0.5111548064286667,0.64,1.53,1.2,4,geometric,prior_sweep,roi_full,roi,non_revenue,revenue,__revenue_equiv__,100.0,amazon,fixed_full_grid,False,roi,roi,Revenue-equivalent ROI,1.5,1.5,LogNormal,target_channels,amazon,configured,,,,upload_1bc112d58beb_monthly_mocha,/Users/jasper/Documents/Intern/BlueAlpha/capstone-Blue_Alpha_1/backend/storage/uploads/upload_1bc112d58beb_monthly_mocha.csv,1.5,1.5,LogNormal,0.8713437341396965,0.0716421011835336,0.4354811757802963,2.750908374786377,0.3871891847479655,0.0558452634140849,0.2734082788228988,1.191131180524826,0.41538510716777344,0.4,0.5,LogNormal,0.0555620201060781,0.0332957098344668,4342436.908989999,3591124.789830401,1755504.0930234557,-1835620.6968069454,1835620.6968069454,100.0,359112478.9830401,175550409.30234557,-183562069.68069452,183562069.68069452
"multi|amazon,beehiiv,liveintent,meta,moloco,tiktok|pmode=roi|rpk=100.0|target=amazon|mu=1.500000|sigma=1.500000|dist=LogNormal|1.500000|1.500000|LogNormal|alpha=0p64|ec=1p53|slope=1p2|lag=4|decay=geometric",amazon,"{""kpi_type"": ""non_revenue"", ""kpi_type_effective"": ""revenue"", ""prior_design_mode"": ""roi"", ""prior_grid_type"": ""roi"", ""revenue_per_kpi"": 100.0, ""roi_prior_overrides"": {""amazon"": {""dist"": ""LogNormal"", ""mu"": 1.5, ""sigma"": 1.5}, ""beehiiv"": {""dist"": ""LogNormal"", ""mu"": 0.5, ""sigma"": 0.5}, ""liveintent"": {""dist"": ""LogNormal"", ""mu"": 0.5, ""sigma"": 0.5}, ""meta"": {""dist"": ""LogNormal"", ""mu"": 0.5, ""sigma"": 0.5}, ""moloco"": {""dist"": ""LogNormal"", ""mu"": 0.5, ""sigma"": 0.5}, ""tiktok"": {""dist"": ""LogNormal"", ""mu"": 0.5, ""sigma"": 0.5}}, ""run_mode"": ""roi_full"", ""structural_overrides"": {""adstock_decay_spec"": ""geometric"", ""alpha_m"": 0.64, ""ec_m"": 1.53, ""max_lag"": 4, ""slope_m"": 1.2}, ""sweep_type"": ""fixed_full_grid"", ""target_channel"": ""amazon"", ""two_layer_enabled"": false}",tiktok,REVIEW,REVIEW:PriorPosteriorShift,PriorPosteriorShift,"amazon,beehiiv,liveintent",0.464742603781633,0.4738299454407145,0.009087341659081483,0.019553493880563932,0.64,1.53,1.2,4,geometric,prior_sweep,roi_full,roi,non_revenue,revenue,__revenue_equiv__,100.0,amazon,fixed_full_grid,False,roi,roi,Revenue-equivalent ROI,1.5,1.5,LogNormal,target_channels,amazon,configured,,,,upload_1bc112d58beb_monthly_mocha,/Users/jasper/Documents/Intern/BlueAlpha/capstone-Blue_Alpha_1/backend/storage/uploads/upload_1bc112d58beb_monthly_mocha.csv,1.5,1.5,LogNormal,0.4119649280983944,0.0886418987065553,0.3509712815284729,1.194995081424713,0.4120837797550373,0.0924024578183889,0.3569788932800293,1.2697212994098663,0.9335465701541747,0.5,0.5,LogNormal,0.034377247410929,0.0438962243020736,1752685.0091300001,814547.3947521115,830474.6422508261,15927.247498714598,15927.247498714598,100.0,81454739.47521116,83047464.2250826,1592724.7498714477,1592724.7498714477
"multi|amazon,beehiiv,liveintent,meta,moloco,tiktok|pmode=roi|rpk=100.0|target=amazon|mu=2.000000|sigma=1.500000|dist=LogNormal|2.000000|1.500000|LogNormal|alpha=0p64|ec=1p53|slope=1p2|lag=4|decay=geometric",amazon,"{""kpi_type"": ""non_revenue"", ""kpi_type_effective"": ""revenue"", ""prior_design_mode"": ""roi"", ""prior_grid_type"": ""roi"", ""revenue_per_kpi"": 100.0, ""roi_prior_overrides"": {""amazon"": {""dist"": ""LogNormal"", ""mu"": 2.0, ""sigma"": 1.5}, ""beehiiv"": {""dist"": ""LogNormal"", ""mu"": 0.5, ""sigma"": 0.5}, ""liveintent"": {""dist"": ""LogNormal"", ""mu"": 0.5, ""sigma"": 0.5}, ""meta"": {""dist"": ""LogNormal"", ""mu"": 0.5, ""sigma"": 0.5}, ""moloco"": {""dist"": ""LogNormal"", ""mu"": 0.5, ""sigma"": 0.5}, ""tiktok"": {""dist"": ""LogNormal"", ""mu"": 0.5, ""sigma"": 0.5}}, ""run_mode"": ""roi_full"", ""structural_overrides"": {""adstock_decay_spec"": ""geometric"", ""alpha_m"": 0.64, ""ec_m"": 1.53, ""max_lag"": 4, ""slope_m"": 1.2}, ""sweep_type"": ""fixed_full_grid"", ""target_channel"": ""amazon"", ""two_layer_enabled"": false}",amazon,REVIEW,REVIEW:PriorPosteriorShift,PriorPosteriorShift,amazon,0.6377680289559067,2.017752978143593,1.3799849491876863,2.1637725419489384,0.64,1.53,1.2,4,geometric,prior_sweep,roi_full,roi,non_revenue,revenue,__revenue_equiv__,100.0,amazon,fixed_full_grid,False,roi,roi,Revenue-equivalent ROI,2.0,1.5,LogNormal,target_channels,amazon,configured,,,,upload_1bc112d58beb_monthly_mocha,/Users/jasper/Documents/Intern/BlueAlpha/capstone-Blue_Alpha_1/backend/storage/uploads/upload_1bc112d58beb_monthly_mocha.csv,2.0,1.5,LogNormal,0.6114372134697085,0.0995406173169612,0.4413366019725799,2.029905021190642,1.5053660308779395,0.578406137228012,1.6075160503387451,4.849096250534058,0.305607302251866,2.0,1.5,LogNormal,8.281962664058451e-05,0.0852392945167781,15740.258094,10038.633379867637,31759.952645917296,21721.319266049657,21721.319266049657,100.0,1003863.3379867637,3175995.2645917297,2172131.926604966,2172131.926604966
"multi|amazon,beehiiv,liveintent,meta,moloco,tiktok|pmode=roi|rpk=100.0|target=amazon|mu=2.000000|sigma=1.500000|dist=LogNormal|2.000000|1.500000|LogNormal|alpha=0p64|ec=1p53|slope=1p2|lag=4|decay=geometric",amazon,"{""kpi_type"": ""non_revenue"", ""kpi_type_effective"": ""revenue"", ""prior_design_mode"": ""roi"", ""prior_grid_type"": ""roi"", ""revenue_per_kpi"": 100.0, ""roi_prior_overrides"": {""amazon"": {""dist"": ""LogNormal"", ""mu"": 2.0, ""sigma"": 1.5}, ""beehiiv"": {""dist"": ""LogNormal"", ""mu"": 0.5, ""sigma"": 0.5}, ""liveintent"": {""dist"": ""LogNormal"", ""mu"": 0.5, ""sigma"": 0.5}, ""meta"": {""dist"": ""LogNormal"", ""mu"": 0.5, ""sigma"": 0.5}, ""moloco"": {""dist"": ""LogNormal"", ""mu"": 0.5, ""sigma"": 0.5}, ""tiktok"": {""dist"": ""LogNormal"", ""mu"": 0.5, ""sigma"": 0.5}}, ""run_mode"": ""roi_full"", ""structural_overrides"": {""adstock_decay_spec"": ""geometric"", ""alpha_m"": 0.64, ""ec_m"": 1.53, ""max_lag"": 4, ""slope_m"": 1.2}, ""sweep_type"": ""fixed_full_grid"", ""target_channel"": ""amazon"", ""two_layer_enabled"": false}",beehiiv,REVIEW,REVIEW:PriorPosteriorShift,PriorPosteriorShift,amazon,0.762659886876742,0.5099842646500716,0.2526756222266704,0.33130839391780786,0.64,1.53,1.2,4,geometric,prior_sweep,roi_full,roi,non_revenue,revenue,__revenue_equiv__,100.0,amazon,fixed_full_grid,False,roi,roi,Revenue-equivalent ROI,2.0,1.5,LogNormal,target_channels,amazon,configured,,,,upload_1bc112d58beb_monthly_mocha,/Users/jasper/Documents/Intern/BlueAlpha/capstone-Blue_Alpha_1/backend/storage/uploads/upload_1bc112d58beb_monthly_mocha.csv,2.0,1.5,LogNormal,0.8561781928458713,0.1083850640803575,0.4253711998462677,2.5097618103027344,0.4941547417706291,0.0907378576695919,0.3673466444015503,1.3562256157398211,0.5158446448209706,0.5,0.5,LogNormal,0.0003365765437763,0.0235005802362851,328172.2732613,250283.82880154633,167362.69545770643,-82921.1333438399,82921.1333438399,100.0,25028382.880154632,16736269.545770643,-8292113.334383989,8292113.334383989
"multi|amazon,beehiiv,liveintent,meta,moloco,tiktok|pmode=roi|rpk=100.0|target=amazon|mu=2.000000|sigma=1.500000|dist=LogNormal|2.000000|1.500000|LogNormal|alpha=0p64|ec=1p53|slope=1p2|lag=4|decay=geometric",amazon,"{""kpi_type"": ""non_revenue"", ""kpi_type_effective"": ""revenue"", ""prior_design_mode"": ""roi"", ""prior_grid_type"": ""roi"", ""revenue_per_kpi"": 100.0, ""roi_prior_overrides"": {""amazon"": {""dist"": ""LogNormal"", ""mu"": 2.0, ""sigma"": 1.5}, ""beehiiv"": {""dist"": ""LogNormal"", ""mu"": 0.5, ""sigma"": 0.5}, ""liveintent"": {""dist"": ""LogNormal"", ""mu"": 0.5, ""sigma"": 0.5}, ""meta"": {""dist"": ""LogNormal"", ""mu"": 0.5, ""sigma"": 0.5}, ""moloco"": {""dist"": ""LogNormal"", ""mu"": 0.5, ""sigma"": 0.5}, ""tiktok"": {""dist"": ""LogNormal"", ""mu"": 0.5, ""sigma"": 0.5}}, ""run_mode"": ""roi_full"", ""structural_overrides"": {""adstock_decay_spec"": ""geometric"", ""alpha_m"": 0.64, ""ec_m"": 1.53, ""max_lag"": 4, ""slope_m"": 1.2}, ""sweep_type"": ""fixed_full_grid"", ""target_channel"": ""amazon"", ""two_layer_enabled"": false}",google,REVIEW,REVIEW:PriorPosteriorShift,PriorPosteriorShift,amazon,0.5177610162024696,0.2837381638912484,0.23402285231122122,0.4519900977243658,0.64,1.53,1.2,4,geometric,prior_sweep,roi_full,roi,non_revenue,revenue,__revenue_equiv__,100.0,amazon,fixed_full_grid,False,roi,roi,Revenue-equivalent ROI,2.0,1.5,LogNormal,target_channels,amazon,configured,,,,upload_1bc112d58beb_monthly_mocha,/Users/jasper/Documents/Intern/BlueAlpha/capstone-Blue_Alpha_1/backend/storage/uploads/upload_1bc112d58beb_monthly_mocha.csv,2.0,1.5,LogNormal,0.4950598479489236,0.0569363014772534,0.2887331247329712,1.5954086780548096,0.2335449832393805,0.0520987667143344,0.2068907991051674,0.7690728724002834,0.46143458659219555,0.4,0.5,LogNormal,0.3973535396246213,0.1108037504466553,10298543.94665,5332184.579223297,2922089.9501758018,-2410094.629047495,2410094.629047495,100.0,533218457.92232966,292208995.01758015,-241009462.9047495,241009462.9047495
"multi|amazon,beehiiv,liveintent,meta,moloco,tiktok|pmode=roi|rpk=100.0|target=amazon|mu=2.000000|sigma=1.500000|dist=LogNormal|2.000000|1.500000|LogNormal|alpha=0p64|ec=1p53|slope=1p2|lag=4|decay=geometric",amazon,"{""kpi_type"": ""non_revenue"", ""kpi_type_effective"": ""revenue"", ""prior_design_mode"": ""roi"", ""prior_grid_type"": ""roi"", ""revenue_per_kpi"": 100.0, ""roi_prior_overrides"": {""amazon"": {""dist"": ""LogNormal"", ""mu"": 2.0, ""sigma"": 1.5}, ""beehiiv"": {""dist"": ""LogNormal"", ""mu"": 0.5, ""sigma"": 0.5}, ""liveintent"": {""dist"": ""LogNormal"", ""mu"": 0.5, ""sigma"": 0.5}, ""meta"": {""dist"": ""LogNormal"", ""mu"": 0.5, ""sigma"": 0.5}, ""moloco"": {""dist"": ""LogNormal"", ""mu"": 0.5, ""sigma"": 0.5}, ""tiktok"": {""dist"": ""LogNormal"", ""mu"": 0.5, ""sigma"": 0.5}}, ""run_mode"": ""roi_full"", ""structural_overrides"": {""adstock_decay_spec"": ""geometric"", ""alpha_m"": 0.64, ""ec_m"": 1.53, ""max_lag"": 4, ""slope_m"": 1.2}, ""sweep_type"": ""fixed_full_grid"", ""target_channel"": ""amazon"", ""two_layer_enabled"": false}",liveintent,REVIEW,REVIEW:PriorPosteriorShift,PriorPosteriorShift,amazon,0.5128150204243138,0.519489785664094,0.006674765239780167,0.013015931620445453,0.64,1.53,1.2,4,geometric,prior_sweep,roi_full,roi,non_revenue,revenue,__revenue_equiv__,100.0,amazon,fixed_full_grid,False,roi,roi,Revenue-equivalent ROI,2.0,1.5,LogNormal,target_channels,amazon,configured,,,,upload_1bc112d58beb_monthly_mocha,/Users/jasper/Documents/Intern/BlueAlpha/capstone-Blue_Alpha_1/backend/storage/uploads/upload_1bc112d58beb_monthly_mocha.csv,2.0,1.5,LogNormal,0.477736227784908,0.0928924188017845,0.3985480219125747,1.2810815036296836,0.5134935203386285,0.0879685148596763,0.3814271092414856,1.4775824308395382,0.855049788408364,0.5,0.5,LogNormal,0.0014815821031768,0.0199321003882694,797987.173079,409219.8084608478,414546.18550550594,5326.377044658118,5326.377044658118,100.0,40921980.84608478,41454618.550550595,532637.7044658139,532637.7044658139
"multi|amazon,beehiiv,liveintent,meta,moloco,tiktok|pmode=roi|rpk=100.0|target=amazon|mu=2.000000|sigma=1.500000|dist=LogNormal|2.000000|1.500000|LogNormal|alpha=0p64|ec=1p53|slope=1p2|lag=4|decay=geometric",amazon,"{""kpi_type"": ""non_revenue"", ""kpi_type_effective"": ""revenue"", ""prior_design_mode"": ""roi"", ""prior_grid_type"": ""roi"", ""revenue_per_kpi"": 100.0, ""roi_prior_overrides"": {""amazon"": {""dist"": ""LogNormal"", ""mu"": 2.0, ""sigma"": 1.5}, ""beehiiv"": {""dist"": ""LogNormal"", ""mu"": 0.5, ""sigma"": 0.5}, ""liveintent"": {""dist"": ""LogNormal"", ""mu"": 0.5, ""sigma"": 0.5}, ""meta"": {""dist"": ""LogNormal"", ""mu"": 0.5, ""sigma"": 0.5}, ""moloco"": {""dist"": ""LogNormal"", ""mu"": 0.5, ""sigma"": 0.5}, ""tiktok"": {""dist"": ""LogNormal"", ""mu"": 0.5, ""sigma"": 0.5}}, ""run_mode"": ""roi_full"", ""structural_overrides"": {""adstock_decay_spec"": ""geometric"", ""alpha_m"": 0.64, ""ec_m"": 1.53, ""max_lag"": 4, ""slope_m"": 1.2}, ""sweep_type"": ""fixed_full_grid"", ""target_channel"": ""amazon"", ""two_layer_enabled"": false}",meta,REVIEW,REVIEW:PriorPosteriorShift,PriorPosteriorShift,amazon,0.6200743053123976,0.4265736805849398,0.19350062472745783,0.31206038223107946,0.64,1.53,1.2,4,geometric,prior_sweep,roi_full,roi,non_revenue,revenue,__revenue_equiv__,100.0,amazon,fixed_full_grid,False,roi,roi,Revenue-equivalent ROI,2.0,1.5,LogNormal,target_channels,amazon,configured,,,,upload_1bc112d58beb_monthly_mocha,/Users/jasper/Documents/Intern/BlueAlpha/capstone-Blue_Alpha_1/backend/storage/uploads/upload_1bc112d58beb_monthly_mocha.csv,2.0,1.5,LogNormal,0.4861901734527795,0.1053347028791904,0.4240260720252991,1.5302040576934814,0.3654388362949928,0.0860003657639026,0.3140695244073868,1.1707479774951932,0.7377167643108017,0.5,0.5,LogNormal,0.0913831107048078,0.079904882386616,840158.1265220001,520960.46665569465,358389.34430383705,-162571.1223518576,162571.1223518576,100.0,52096046.66556946,35838934.430383705,-16257112.235185757,16257112.235185757
"multi|amazon,beehiiv,liveintent,meta,moloco,tiktok|pmode=roi|rpk=100.0|target=amazon|mu=2.000000|sigma=1.500000|dist=LogNormal|2.000000|1.500000|LogNormal|alpha=0p64|ec=1p53|slope=1p2|lag=4|decay=geometric",amazon,"{""kpi_type"": ""non_revenue"", ""kpi_type_effective"": ""revenue"", ""prior_design_mode"": ""roi"", ""prior_grid_type"": ""roi"", ""revenue_per_kpi"": 100.0, ""roi_prior_overrides"": {""amazon"": {""dist"": ""LogNormal"", ""mu"": 2.0, ""sigma"": 1.5}, ""beehiiv"": {""dist"": ""LogNormal"", ""mu"": 0.5, ""sigma"": 0.5}, ""liveintent"": {""dist"": ""LogNormal"", ""mu"": 0.5, ""sigma"": 0.5}, ""meta"": {""dist"": ""LogNormal"", ""mu"": 0.5, ""sigma"": 0.5}, ""moloco"": {""dist"": ""LogNormal"", ""mu"": 0.5, ""sigma"": 0.5}, ""tiktok"": {""dist"": ""LogNormal"", ""mu"": 0.5, ""sigma"": 0.5}}, ""run_mode"": ""roi_full"", ""structural_overrides"": {""adstock_decay_spec"": ""geometric"", ""alpha_m"": 0.64, ""ec_m"": 1.53, ""max_lag"": 4, ""slope_m"": 1.2}, ""sweep_type"": ""fixed_full_grid"", ""target_channel"": ""amazon"", ""two_layer_enabled"": false}",moloco,REVIEW,REVIEW:PriorPosteriorShift,PriorPosteriorShift,amazon,0.6339402654984345,0.5643764773228516,0.06956378817558295,0.10973240218601443,0.64,1.53,1.2,4,geometric,prior_sweep,roi_full,roi,non_revenue,revenue,__revenue_equiv__,100.0,amazon,fixed_full_grid,False,roi,roi,Revenue-equivalent ROI,2.0,1.5,LogNormal,target_channels,amazon,configured,,,,upload_1bc112d58beb_monthly_mocha,/Users/jasper/Documents/Intern/BlueAlpha/capstone-Blue_Alpha_1/backend/storage/uploads/upload_1bc112d58beb_monthly_mocha.csv,2.0,1.5,LogNormal,0.5400197894281911,0.1072283249348402,0.4539413452148437,1.7795422077178955,0.56842700753107,0.1015508294105529,0.3892364352941513,1.637207210063934,0.9117918631217552,0.5,0.5,LogNormal,0.026242375765582,0.0561424778747352,842234.6095886,533926.4320145674,475337.40203900123,-58589.0299755662,58589.0299755662,100.0,53392643.20145674,47533740.20390012,-5858902.997556619,5858902.997556619
"multi|amazon,beehiiv,liveintent,meta,moloco,tiktok|pmode=roi|rpk=100.0|target=amazon|mu=2.000000|sigma=1.500000|dist=LogNormal|2.000000|1.500000|LogNormal|alpha=0p64|ec=1p53|slope=1p2|lag=4|decay=geometric",amazon,"{""kpi_type"": ""non_revenue"", ""kpi_type_effective"": ""revenue"", ""prior_design_mode"": ""roi"", ""prior_grid_type"": ""roi"", ""revenue_per_kpi"": 100.0, ""roi_prior_overrides"": {""amazon"": {""dist"": ""LogNormal"", ""mu"": 2.0, ""sigma"": 1.5}, ""beehiiv"": {""dist"": ""LogNormal"", ""mu"": 0.5, ""sigma"": 0.5}, ""liveintent"": {""dist"": ""LogNormal"", ""mu"": 0.5, ""sigma"": 0.5}, ""meta"": {""dist"": ""LogNormal"", ""mu"": 0.5, ""sigma"": 0.5}, ""moloco"": {""dist"": ""LogNormal"", ""mu"": 0.5, ""sigma"": 0.5}, ""tiktok"": {""dist"": ""LogNormal"", ""mu"": 0.5, ""sigma"": 0.5}}, ""run_mode"": ""roi_full"", ""structural_overrides"": {""adstock_decay_spec"": ""geometric"", ""alpha_m"": 0.64, ""ec_m"": 1.53, ""max_lag"": 4, ""slope_m"": 1.2}, ""sweep_type"": ""fixed_full_grid"", ""target_channel"": ""amazon"", ""two_layer_enabled"": false}",snapchat,REVIEW,REVIEW:PriorPosteriorShift,PriorPosteriorShift,amazon,0.8269837570687135,0.4371383346236931,0.3898454224450204,0.4714063838772935,0.64,1.53,1.2,4,geometric,prior_sweep,roi_full,roi,non_revenue,revenue,__revenue_equiv__,100.0,amazon,fixed_full_grid,False,roi,roi,Revenue-equivalent ROI,2.0,1.5,LogNormal,target_channels,amazon,configured,,,,upload_1bc112d58beb_monthly_mocha,/Users/jasper/Documents/Intern/BlueAlpha/capstone-Blue_Alpha_1/backend/storage/uploads/upload_1bc112d58beb_monthly_mocha.csv,2.0,1.5,LogNormal,0.8713437341396965,0.0716421011835336,0.4354811757802963,2.750908374786377,0.4551201920190897,0.0516156177967786,0.2862081527709961,1.3736953496932978,0.48236829633918127,0.4,0.5,LogNormal,0.0110738462354129,0.0464621191964155,4342436.908989999,3591124.789830401,1898245.638604346,-1692879.151226055,1692879.151226055,100.0,359112478.9830401,189824563.8604346,-169287915.1226055,169287915.1226055
"multi|amazon,beehiiv,liveintent,meta,moloco,tiktok|pmode=roi|rpk=100.0|target=amazon|mu=2.000000|sigma=1.500000|dist=LogNormal|2.000000|1.500000|LogNormal|alpha=0p64|ec=1p53|slope=1p2|lag=4|decay=geometric",amazon,"{""kpi_type"": ""non_revenue"", ""kpi_type_effective"": ""revenue"", ""prior_design_mode"": ""roi"", ""prior_grid_type"": ""roi"", ""revenue_per_kpi"": 100.0, ""roi_prior_overrides"": {""amazon"": {""dist"": ""LogNormal"", ""mu"": 2.0, ""sigma"": 1.5}, ""beehiiv"": {""dist"": ""LogNormal"", ""mu"": 0.5, ""sigma"": 0.5}, ""liveintent"": {""dist"": ""LogNormal"", ""mu"": 0.5, ""sigma"": 0.5}, ""meta"": {""dist"": ""LogNormal"", ""mu"": 0.5, ""sigma"": 0.5}, ""moloco"": {""dist"": ""LogNormal"", ""mu"": 0.5, ""sigma"": 0.5}, ""tiktok"": {""dist"": ""LogNormal"", ""mu"": 0.5, ""sigma"": 0.5}}, ""run_mode"": ""roi_full"", ""structural_overrides"": {""adstock_decay_spec"": ""geometric"", ""alpha_m"": 0.64, ""ec_m"": 1.53, ""max_lag"": 4, ""slope_m"": 1.2}, ""sweep_type"": ""fixed_full_grid"", ""target_channel"": ""amazon"", ""two_layer_enabled"": false}",tiktok,REVIEW,REVIEW:PriorPosteriorShift,PriorPosteriorShift,amazon,0.464742603781633,0.476329071293585,0.01158646751195197,0.024930934710251096,0.64,1.53,1.2,4,geometric,prior_sweep,roi_full,roi,non_revenue,revenue,__revenue_equiv__,100.0,amazon,fixed_full_grid,False,roi,roi,Revenue-equivalent ROI,2.0,1.5,LogNormal,target_channels,amazon,configured,,,,upload_1bc112d58beb_monthly_mocha,/Users/jasper/Documents/Intern/BlueAlpha/capstone-Blue_Alpha_1/backend/storage/uploads/upload_1bc112d58beb_monthly_mocha.csv,2.0,1.5,LogNormal,0.4119649280983944,0.0886418987065553,0.3509712815284729,1.194995081424713,0.4159284291042198,0.0896051175892353,0.3545204401016235,1.2720032334327698,0.9341102598144493,0.5,0.5,LogNormal,0.0312084403908448,0.041371367773362,1752685.0091300001,814547.3947521115,834854.8226690815,20307.427916969988,20307.427916969988,100.0,81454739.47521116,83485482.26690815,2030742.7916969955,2030742.7916969955
"multi|amazon,beehiiv,liveintent,meta,moloco,tiktok|pmode=roi|rpk=100.0|target=amazon|mu=2.500000|sigma=1.500000|dist=LogNormal|2.500000|1.500000|LogNormal|alpha=0p64|ec=1p53|slope=1p2|lag=4|decay=geometric",amazon,"{""kpi_type"": ""non_revenue"", ""kpi_type_effective"": ""revenue"", ""prior_design_mode"": ""roi"", ""prior_grid_type"": ""roi"", ""revenue_per_kpi"": 100.0, ""roi_prior_overrides"": {""amazon"": {""dist"": ""LogNormal"", ""mu"": 2.5, ""sigma"": 1.5}, ""beehiiv"": {""dist"": ""LogNormal"", ""mu"": 0.5, ""sigma"": 0.5}, ""liveintent"": {""dist"": ""LogNormal"", ""mu"": 0.5, ""sigma"": 0.5}, ""meta"": {""dist"": ""LogNormal"", ""mu"": 0.5, ""sigma"": 0.5}, ""moloco"": {""dist"": ""LogNormal"", ""mu"": 0.5, ""sigma"": 0.5}, ""tiktok"": {""dist"": ""LogNormal"", ""mu"": 0.5, ""sigma"": 0.5}}, ""run_mode"": ""roi_full"", ""structural_overrides"": {""adstock_decay_spec"": ""geometric"", ""alpha_m"": 0.64, ""ec_m"": 1.53, ""max_lag"": 4, ""slope_m"": 1.2}, ""sweep_type"": ""fixed_full_grid"", ""target_channel"": ""amazon"", ""two_layer_enabled"": false}",amazon,REVIEW,REVIEW:PriorPosteriorShift,PriorPosteriorShift,"amazon,beehiiv",0.6377680289559067,2.5190809447318316,1.881312915775925,2.9498388604644106,0.64,1.53,1.2,4,geometric,prior_sweep,roi_full,roi,non_revenue,revenue,__revenue_equiv__,100.0,amazon,fixed_full_grid,False,roi,roi,Revenue-equivalent ROI,2.5,1.5,LogNormal,target_channels,amazon,configured,,,,upload_1bc112d58beb_monthly_mocha,/Users/jasper/Documents/Intern/BlueAlpha/capstone-Blue_Alpha_1/backend/storage/uploads/upload_1bc112d58beb_monthly_mocha.csv,2.5,1.5,LogNormal,0.6114372134697085,0.0995406173169612,0.4413366019725799,2.029905021190642,1.4832136169928072,0.8950220227241517,2.166126847267151,5.429232430458068,0.21293595169391902,2.5,1.5,LogNormal,0.0002066150748487,0.0895866643968677,15740.258094,10038.633379867637,39650.98422975638,29612.350849888746,29612.350849888746,100.0,1003863.3379867637,3965098.422975638,2961235.0849888744,2961235.0849888744
"multi|amazon,beehiiv,liveintent,meta,moloco,tiktok|pmode=roi|rpk=100.0|target=amazon|mu=2.500000|sigma=1.500000|dist=LogNormal|2.500000|1.500000|LogNormal|alpha=0p64|ec=1p53|slope=1p2|lag=4|decay=geometric",amazon,"{""kpi_type"": ""non_revenue"", ""kpi_type_effective"": ""revenue"", ""prior_design_mode"": ""roi"", ""prior_grid_type"": ""roi"", ""revenue_per_kpi"": 100.0, ""roi_prior_overrides"": {""amazon"": {""dist"": ""LogNormal"", ""mu"": 2.5, ""sigma"": 1.5}, ""beehiiv"": {""dist"": ""LogNormal"", ""mu"": 0.5, ""sigma"": 0.5}, ""liveintent"": {""dist"": ""LogNormal"", ""mu"": 0.5, ""sigma"": 0.5}, ""meta"": {""dist"": ""LogNormal"", ""mu"": 0.5, ""sigma"": 0.5}, ""moloco"": {""dist"": ""LogNormal"", ""mu"": 0.5, ""sigma"": 0.5}, ""tiktok"": {""dist"": ""LogNormal"", ""mu"": 0.5, ""sigma"": 0.5}}, ""run_mode"": ""roi_full"", ""structural_overrides"": {""adstock_decay_spec"": ""geometric"", ""alpha_m"": 0.64, ""ec_m"": 1.53, ""max_lag"": 4, ""slope_m"": 1.2}, ""sweep_type"": ""fixed_full_grid"", ""target_channel"": ""amazon"", ""two_layer_enabled"": false}",beehiiv,REVIEW,REVIEW:PriorPosteriorShift,PriorPosteriorShift,"amazon,beehiiv",0.762659886876742,0.5187352803520238,0.24392460652471826,0.31983405804079,0.64,1.53,1.2,4,geometric,prior_sweep,roi_full,roi,non_revenue,revenue,__revenue_equiv__,100.0,amazon,fixed_full_grid,False,roi,roi,Revenue-equivalent ROI,2.5,1.5,LogNormal,target_channels,amazon,configured,,,,upload_1bc112d58beb_monthly_mocha,/Users/jasper/Documents/Intern/BlueAlpha/capstone-Blue_Alpha_1/backend/storage/uploads/upload_1bc112d58beb_monthly_mocha.csv,2.5,1.5,LogNormal,0.8561781928458713,0.1083850640803575,0.4253711998462677,2.5097618103027344,0.5546840568283796,0.0941148169338703,0.3581314533948898,1.4007396280765525,0.5349931374674393,0.5,0.5,LogNormal,0.0122602410045301,0.0264403843626035,328172.2732613,250283.82880154633,170234.53617396142,-80049.29262758492,80049.29262758492,100.0,25028382.880154632,17023453.617396142,-8004929.26275849,8004929.26275849
"multi|amazon,beehiiv,liveintent,meta,moloco,tiktok|pmode=roi|rpk=100.0|target=amazon|mu=2.500000|sigma=1.500000|dist=LogNormal|2.500000|1.500000|LogNormal|alpha=0p64|ec=1p53|slope=1p2|lag=4|decay=geometric",amazon,"{""kpi_type"": ""non_revenue"", ""kpi_type_effective"": ""revenue"", ""prior_design_mode"": ""roi"", ""prior_grid_type"": ""roi"", ""revenue_per_kpi"": 100.0, ""roi_prior_overrides"": {""amazon"": {""dist"": ""LogNormal"", ""mu"": 2.5, ""sigma"": 1.5}, ""beehiiv"": {""dist"": ""LogNormal"", ""mu"": 0.5, ""sigma"": 0.5}, ""liveintent"": {""dist"": ""LogNormal"", ""mu"": 0.5, ""sigma"": 0.5}, ""meta"": {""dist"": ""LogNormal"", ""mu"": 0.5, ""sigma"": 0.5}, ""moloco"": {""dist"": ""LogNormal"", ""mu"": 0.5, ""sigma"": 0.5}, ""tiktok"": {""dist"": ""LogNormal"", ""mu"": 0.5, ""sigma"": 0.5}}, ""run_mode"": ""roi_full"", ""structural_overrides"": {""adstock_decay_spec"": ""geometric"", ""alpha_m"": 0.64, ""ec_m"": 1.53, ""max_lag"": 4, ""slope_m"": 1.2}, ""sweep_type"": ""fixed_full_grid"", ""target_channel"": ""amazon"", ""two_layer_enabled"": false}",google,REVIEW,REVIEW:PriorPosteriorShift,PriorPosteriorShift,"amazon,beehiiv",0.5177610162024696,0.2768529096327256,0.24090810656974404,0.4652882295710292,0.64,1.53,1.2,4,geometric,prior_sweep,roi_full,roi,non_revenue,revenue,__revenue_equiv__,100.0,amazon,fixed_full_grid,False,roi,roi,Revenue-equivalent ROI,2.5,1.5,LogNormal,target_channels,amazon,configured,,,,upload_1bc112d58beb_monthly_mocha,/Users/jasper/Documents/Intern/BlueAlpha/capstone-Blue_Alpha_1/backend/storage/uploads/upload_1bc112d58beb_monthly_mocha.csv,2.5,1.5,LogNormal,0.4950598479489236,0.0569363014772534,0.2887331247329712,1.5954086780548096,0.2238047105377558,0.0507867380976677,0.2091601938009262,0.730877175927162,0.4363144514628662,0.4,0.5,LogNormal,0.4343417634362523,0.1176714445021262,10298543.94665,5332184.579223297,2851181.8566105454,-2481002.722612751,2481002.722612751,100.0,533218457.92232966,285118185.66105455,-248100272.2612751,248100272.2612751
"multi|amazon,beehiiv,liveintent,meta,moloco,tiktok|pmode=roi|rpk=100.0|target=amazon|mu=2.500000|sigma=1.500000|dist=LogNormal|2.500000|1.500000|LogNormal|alpha=0p64|ec=1p53|slope=1p2|lag=4|decay=geometric",amazon,"{""kpi_type"": ""non_revenue"", ""kpi_type_effective"": ""revenue"", ""prior_design_mode"": ""roi"", ""prior_grid_type"": ""roi"", ""revenue_per_kpi"": 100.0, ""roi_prior_overrides"": {""amazon"": {""dist"": ""LogNormal"", ""mu"": 2.5, ""sigma"": 1.5}, ""beehiiv"": {""dist"": ""LogNormal"", ""mu"": 0.5, ""sigma"": 0.5}, ""liveintent"": {""dist"": ""LogNormal"", ""mu"": 0.5, ""sigma"": 0.5}, ""meta"": {""dist"": ""LogNormal"", ""mu"": 0.5, ""sigma"": 0.5}, ""moloco"": {""dist"": ""LogNormal"", ""mu"": 0.5, ""sigma"": 0.5}, ""tiktok"": {""dist"": ""LogNormal"", ""mu"": 0.5, ""sigma"": 0.5}}, ""run_mode"": ""roi_full"", ""structural_overrides"": {""adstock_decay_spec"": ""geometric"", ""alpha_m"": 0.64, ""ec_m"": 1.53, ""max_lag"": 4, ""slope_m"": 1.2}, ""sweep_type"": ""fixed_full_grid"", ""target_channel"": ""amazon"", ""two_layer_enabled"": false}",liveintent,REVIEW,REVIEW:PriorPosteriorShift,PriorPosteriorShift,"amazon,beehiiv",0.5128150204243138,0.5118475948413834,0.0009674255829303924,0.001886500091455856,0.64,1.53,1.2,4,geometric,prior_sweep,roi_full,roi,non_revenue,revenue,__revenue_equiv__,100.0,amazon,fixed_full_grid,False,roi,roi,Revenue-equivalent ROI,2.5,1.5,LogNormal,target_channels,amazon,configured,,,,upload_1bc112d58beb_monthly_mocha,/Users/jasper/Documents/Intern/BlueAlpha/capstone-Blue_Alpha_1/backend/storage/uploads/upload_1bc112d58beb_monthly_mocha.csv,2.5,1.5,LogNormal,0.477736227784908,0.0928924188017845,0.3985480219125747,1.2810815036296836,0.4715327065703447,0.0954448889940977,0.3695943653583526,1.4264732301235197,0.8890624434378902,0.5,0.5,LogNormal,0.0035865494293264,0.0155694902342459,797987.173079,409219.8084608478,408447.8152547609,-771.9932060869178,771.9932060869178,100.0,40921980.84608478,40844781.52547609,-77199.32060869038,77199.32060869038
"multi|amazon,beehiiv,liveintent,meta,moloco,tiktok|pmode=roi|rpk=100.0|target=amazon|mu=2.500000|sigma=1.500000|dist=LogNormal|2.500000|1.500000|LogNormal|alpha=0p64|ec=1p53|slope=1p2|lag=4|decay=geometric",amazon,"{""kpi_type"": ""non_revenue"", ""kpi_type_effective"": ""revenue"", ""prior_design_mode"": ""roi"", ""prior_grid_type"": ""roi"", ""revenue_per_kpi"": 100.0, ""roi_prior_overrides"": {""amazon"": {""dist"": ""LogNormal"", ""mu"": 2.5, ""sigma"": 1.5}, ""beehiiv"": {""dist"": ""LogNormal"", ""mu"": 0.5, ""sigma"": 0.5}, ""liveintent"": {""dist"": ""LogNormal"", ""mu"": 0.5, ""sigma"": 0.5}, ""meta"": {""dist"": ""LogNormal"", ""mu"": 0.5, ""sigma"": 0.5}, ""moloco"": {""dist"": ""LogNormal"", ""mu"": 0.5, ""sigma"": 0.5}, ""tiktok"": {""dist"": ""LogNormal"", ""mu"": 0.5, ""sigma"": 0.5}}, ""run_mode"": ""roi_full"", ""structural_overrides"": {""adstock_decay_spec"": ""geometric"", ""alpha_m"": 0.64, ""ec_m"": 1.53, ""max_lag"": 4, ""slope_m"": 1.2}, ""sweep_type"": ""fixed_full_grid"", ""target_channel"": ""amazon"", ""two_layer_enabled"": false}",meta,REVIEW,REVIEW:PriorPosteriorShift,PriorPosteriorShift,"amazon,beehiiv",0.6200743053123976,0.4131728910127034,0.20690141429969422,0.33367196887065964,0.64,1.53,1.2,4,geometric,prior_sweep,roi_full,roi,non_revenue,revenue,__revenue_equiv__,100.0,amazon,fixed_full_grid,False,roi,roi,Revenue-equivalent ROI,2.5,1.5,LogNormal,target_channels,amazon,configured,,,,upload_1bc112d58beb_monthly_mocha,/Users/jasper/Documents/Intern/BlueAlpha/capstone-Blue_Alpha_1/backend/storage/uploads/upload_1bc112d58beb_monthly_mocha.csv,2.5,1.5,LogNormal,0.4861901734527795,0.1053347028791904,0.4240260720252991,1.5302040576934814,0.3442170613938193,0.0927775513380766,0.3033156841993332,1.169697684049606,0.7404642786705723,0.5,0.5,LogNormal,0.1253843120362922,0.0932857967398856,840158.1265220001,520960.46665569465,347130.56204291136,-173829.90461278328,173829.90461278328,100.0,52096046.66556946,34713056.204291135,-17382990.461278327,17382990.461278327
"multi|amazon,beehiiv,liveintent,meta,moloco,tiktok|pmode=roi|rpk=100.0|target=amazon|mu=2.500000|sigma=1.500000|dist=LogNormal|2.500000|1.500000|LogNormal|alpha=0p64|ec=1p53|slope=1p2|lag=4|decay=geometric",amazon,"{""kpi_type"": ""non_revenue"", ""kpi_type_effective"": ""revenue"", ""prior_design_mode"": ""roi"", ""prior_grid_type"": ""roi"", ""revenue_per_kpi"": 100.0, ""roi_prior_overrides"": {""amazon"": {""dist"": ""LogNormal"", ""mu"": 2.5, ""sigma"": 1.5}, ""beehiiv"": {""dist"": ""LogNormal"", ""mu"": 0.5, ""sigma"": 0.5}, ""liveintent"": {""dist"": ""LogNormal"", ""mu"": 0.5, ""sigma"": 0.5}, ""meta"": {""dist"": ""LogNormal"", ""mu"": 0.5, ""sigma"": 0.5}, ""moloco"": {""dist"": ""LogNormal"", ""mu"": 0.5, ""sigma"": 0.5}, ""tiktok"": {""dist"": ""LogNormal"", ""mu"": 0.5, ""sigma"": 0.5}}, ""run_mode"": ""roi_full"", ""structural_overrides"": {""adstock_decay_spec"": ""geometric"", ""alpha_m"": 0.64, ""ec_m"": 1.53, ""max_lag"": 4, ""slope_m"": 1.2}, ""sweep_type"": ""fixed_full_grid"", ""target_channel"": ""amazon"", ""two_layer_enabled"": false}",moloco,REVIEW,REVIEW:PriorPosteriorShift,PriorPosteriorShift,"amazon,beehiiv",0.6339402654984345,0.5621975424978882,0.0717427230005463,0.11316953174466471,0.64,1.53,1.2,4,geometric,prior_sweep,roi_full,roi,non_revenue,revenue,__revenue_equiv__,100.0,amazon,fixed_full_grid,False,roi,roi,Revenue-equivalent ROI,2.5,1.5,LogNormal,target_channels,amazon,configured,,,,upload_1bc112d58beb_monthly_mocha,/Users/jasper/Documents/Intern/BlueAlpha/capstone-Blue_Alpha_1/backend/storage/uploads/upload_1bc112d58beb_monthly_mocha.csv,2.5,1.5,LogNormal,0.5400197894281911,0.1072283249348402,0.4539413452148437,1.7795422077178955,0.5414996421475358,0.104010771587491,0.3975888937711715,1.5433873236179347,0.8571364092098837,0.5,0.5,LogNormal,0.0144464863127795,0.0534956240967452,842234.6095886,533926.4320145674,473502.2277173792,-60424.204297188204,60424.204297188204,100.0,53392643.20145674,47350222.771737926,-6042420.429718815,6042420.429718815
"multi|amazon,beehiiv,liveintent,meta,moloco,tiktok|pmode=roi|rpk=100.0|target=amazon|mu=2.500000|sigma=1.500000|dist=LogNormal|2.500000|1.500000|LogNormal|alpha=0p64|ec=1p53|slope=1p2|lag=4|decay=geometric",amazon,"{""kpi_type"": ""non_revenue"", ""kpi_type_effective"": ""revenue"", ""prior_design_mode"": ""roi"", ""prior_grid_type"": ""roi"", ""revenue_per_kpi"": 100.0, ""roi_prior_overrides"": {""amazon"": {""dist"": ""LogNormal"", ""mu"": 2.5, ""sigma"": 1.5}, ""beehiiv"": {""dist"": ""LogNormal"", ""mu"": 0.5, ""sigma"": 0.5}, ""liveintent"": {""dist"": ""LogNormal"", ""mu"": 0.5, ""sigma"": 0.5}, ""meta"": {""dist"": ""LogNormal"", ""mu"": 0.5, ""sigma"": 0.5}, ""moloco"": {""dist"": ""LogNormal"", ""mu"": 0.5, ""sigma"": 0.5}, ""tiktok"": {""dist"": ""LogNormal"", ""mu"": 0.5, ""sigma"": 0.5}}, ""run_mode"": ""roi_full"", ""structural_overrides"": {""adstock_decay_spec"": ""geometric"", ""alpha_m"": 0.64, ""ec_m"": 1.53, ""max_lag"": 4, ""slope_m"": 1.2}, ""sweep_type"": ""fixed_full_grid"", ""target_channel"": ""amazon"", ""two_layer_enabled"": false}",snapchat,REVIEW,REVIEW:PriorPosteriorShift,PriorPosteriorShift,"amazon,beehiiv",0.8269837570687135,0.4058745010414471,0.4211092560272664,0.5092110364052491,0.64,1.53,1.2,4,geometric,prior_sweep,roi_full,roi,non_revenue,revenue,__revenue_equiv__,100.0,amazon,fixed_full_grid,False,roi,roi,Revenue-equivalent ROI,2.5,1.5,LogNormal,target_channels,amazon,configured,,,,upload_1bc112d58beb_monthly_mocha,/Users/jasper/Documents/Intern/BlueAlpha/capstone-Blue_Alpha_1/backend/storage/uploads/upload_1bc112d58beb_monthly_mocha.csv,2.5,1.5,LogNormal,0.8713437341396965,0.0716421011835336,0.4354811757802963,2.750908374786377,0.381169693280439,0.0543815869837999,0.2825513482093811,1.1707811653614044,0.4076128852677072,0.4,0.5,LogNormal,0.0620131229402898,0.0385079273858299,4342436.908989999,3591124.789830401,1762484.4137402799,-1828640.3760901212,1828640.3760901212,100.0,359112478.9830401,176248441.374028,-182864037.6090121,182864037.6090121
"multi|amazon,beehiiv,liveintent,meta,moloco,tiktok|pmode=roi|rpk=100.0|target=amazon|mu=2.500000|sigma=1.500000|dist=LogNormal|2.500000|1.500000|LogNormal|alpha=0p64|ec=1p53|slope=1p2|lag=4|decay=geometric",amazon,"{""kpi_type"": ""non_revenue"", ""kpi_type_effective"": ""revenue"", ""prior_design_mode"": ""roi"", ""prior_grid_type"": ""roi"", ""revenue_per_kpi"": 100.0, ""roi_prior_overrides"": {""amazon"": {""dist"": ""LogNormal"", ""mu"": 2.5, ""sigma"": 1.5}, ""beehiiv"": {""dist"": ""LogNormal"", ""mu"": 0.5, ""sigma"": 0.5}, ""liveintent"": {""dist"": ""LogNormal"", ""mu"": 0.5, ""sigma"": 0.5}, ""meta"": {""dist"": ""LogNormal"", ""mu"": 0.5, ""sigma"": 0.5}, ""moloco"": {""dist"": ""LogNormal"", ""mu"": 0.5, ""sigma"": 0.5}, ""tiktok"": {""dist"": ""LogNormal"", ""mu"": 0.5, ""sigma"": 0.5}}, ""run_mode"": ""roi_full"", ""structural_overrides"": {""adstock_decay_spec"": ""geometric"", ""alpha_m"": 0.64, ""ec_m"": 1.53, ""max_lag"": 4, ""slope_m"": 1.2}, ""sweep_type"": ""fixed_full_grid"", ""target_channel"": ""amazon"", ""two_layer_enabled"": false}",tiktok,REVIEW,REVIEW:PriorPosteriorShift,PriorPosteriorShift,"amazon,beehiiv",0.464742603781633,0.4712331825618943,0.006490578780261269,0.013965964659678587,0.64,1.53,1.2,4,geometric,prior_sweep,roi_full,roi,non_revenue,revenue,__revenue_equiv__,100.0,amazon,fixed_full_grid,False,roi,roi,Revenue-equivalent ROI,2.5,1.5,LogNormal,target_channels,amazon,configured,,,,upload_1bc112d58beb_monthly_mocha,/Users/jasper/Documents/Intern/BlueAlpha/capstone-Blue_Alpha_1/backend/storage/uploads/upload_1bc112d58beb_monthly_mocha.csv,2.5,1.5,LogNormal,0.4119649280983944,0.0886418987065553,0.3509712815284729,1.194995081424713,0.4198653181008074,0.0881910763680935,0.3453564643859863,1.292767697572708,0.9184581231634478,0.5,0.5,LogNormal,0.0289029400181503,0.0470702474376339,1752685.0091300001,814547.3947521115,825923.3348808527,11375.940128741204,11375.940128741204,100.0,81454739.47521116,82592333.48808527,1137594.0128741115,1137594.0128741115
"multi|amazon,beehiiv,liveintent,meta,moloco,tiktok|pmode=roi|rpk=100.0|target=amazon|mu=3.000000|sigma=0.500000|dist=LogNormal|3.000000|0.500000|LogNormal|alpha=0p64|ec=1p53|slope=1p2|lag=4|decay=geometric",amazon,"{""kpi_type"": ""non_revenue"", ""kpi_type_effective"": ""revenue"", ""prior_design_mode"": ""roi"", ""prior_grid_type"": ""roi"", ""revenue_per_kpi"": 100.0, ""roi_prior_overrides"": {""amazon"": {""dist"": ""LogNormal"", ""mu"": 3.0, ""sigma"": 0.5}, ""beehiiv"": {""dist"": ""LogNormal"", ""mu"": 0.5, ""sigma"": 0.5}, ""liveintent"": {""dist"": ""LogNormal"", ""mu"": 0.5, ""sigma"": 0.5}, ""meta"": {""dist"": ""LogNormal"", ""mu"": 0.5, ""sigma"": 0.5}, ""moloco"": {""dist"": ""LogNormal"", ""mu"": 0.5, ""sigma"": 0.5}, ""tiktok"": {""dist"": ""LogNormal"", ""mu"": 0.5, ""sigma"": 0.5}}, ""run_mode"": ""roi_full"", ""structural_overrides"": {""adstock_decay_spec"": ""geometric"", ""alpha_m"": 0.64, ""ec_m"": 1.53, ""max_lag"": 4, ""slope_m"": 1.2}, ""sweep_type"": ""fixed_full_grid"", ""target_channel"": ""amazon"", ""two_layer_enabled"": false}",amazon,REVIEW,REVIEW:PriorPosteriorShift,PriorPosteriorShift,"amazon,beehiiv",0.6377680289559067,3.0164171367883683,2.3786491078324614,3.729646203379872,0.64,1.53,1.2,4,geometric,prior_sweep,roi_full,roi,non_revenue,revenue,__revenue_equiv__,100.0,amazon,fixed_full_grid,False,roi,roi,Revenue-equivalent ROI,3.0,0.5,LogNormal,target_channels,amazon,configured,,,,upload_1bc112d58beb_monthly_mocha,/Users/jasper/Documents/Intern/BlueAlpha/capstone-Blue_Alpha_1/backend/storage/uploads/upload_1bc112d58beb_monthly_mocha.csv,3.0,0.5,LogNormal,0.6114372134697085,0.0995406173169612,0.4413366019725799,2.029905021190642,0.4918317617686266,2.3127642393112184,2.96753191947937,3.906604564189911,0.0,3.0,0.5,LogNormal,0.0008073965615645,0.0348420223600841,15740.258094,10038.633379867637,47479.184252213425,37440.55087234579,37440.55087234579,100.0,1003863.3379867637,4747918.425221343,3744055.087234579,3744055.087234579
"multi|amazon,beehiiv,liveintent,meta,moloco,tiktok|pmode=roi|rpk=100.0|target=amazon|mu=3.000000|sigma=0.500000|dist=LogNormal|3.000000|0.500000|LogNormal|alpha=0p64|ec=1p53|slope=1p2|lag=4|decay=geometric",amazon,"{""kpi_type"": ""non_revenue"", ""kpi_type_effective"": ""revenue"", ""prior_design_mode"": ""roi"", ""prior_grid_type"": ""roi"", ""revenue_per_kpi"": 100.0, ""roi_prior_overrides"": {""amazon"": {""dist"": ""LogNormal"", ""mu"": 3.0, ""sigma"": 0.5}, ""beehiiv"": {""dist"": ""LogNormal"", ""mu"": 0.5, ""sigma"": 0.5}, ""liveintent"": {""dist"": ""LogNormal"", ""mu"": 0.5, ""sigma"": 0.5}, ""meta"": {""dist"": ""LogNormal"", ""mu"": 0.5, ""sigma"": 0.5}, ""moloco"": {""dist"": ""LogNormal"", ""mu"": 0.5, ""sigma"": 0.5}, ""tiktok"": {""dist"": ""LogNormal"", ""mu"": 0.5, ""sigma"": 0.5}}, ""run_mode"": ""roi_full"", ""structural_overrides"": {""adstock_decay_spec"": ""geometric"", ""alpha_m"": 0.64, ""ec_m"": 1.53, ""max_lag"": 4, ""slope_m"": 1.2}, ""sweep_type"": ""fixed_full_grid"", ""target_channel"": ""amazon"", ""two_layer_enabled"": false}",beehiiv,REVIEW,REVIEW:PriorPosteriorShift,PriorPosteriorShift,"amazon,beehiiv",0.762659886876742,0.5200391238477702,0.24262076302897184,0.3181244578399902,0.64,1.53,1.2,4,geometric,prior_sweep,roi_full,roi,non_revenue,revenue,__revenue_equiv__,100.0,amazon,fixed_full_grid,False,roi,roi,Revenue-equivalent ROI,3.0,0.5,LogNormal,target_channels,amazon,configured,,,,upload_1bc112d58beb_monthly_mocha,/Users/jasper/Documents/Intern/BlueAlpha/capstone-Blue_Alpha_1/backend/storage/uploads/upload_1bc112d58beb_monthly_mocha.csv,3.0,0.5,LogNormal,0.8561781928458713,0.1083850640803575,0.4253711998462677,2.5097618103027344,0.5398261397975357,0.0869343187659978,0.3584404736757278,1.4502684354782105,0.5538501507371998,0.5,0.5,LogNormal,0.0069886294296812,0.0250711603635074,328172.2732613,250283.82880154633,170662.42145793745,-79621.40734360888,79621.40734360888,100.0,25028382.880154632,17066242.145793743,-7962140.734360889,7962140.734360889
"multi|amazon,beehiiv,liveintent,meta,moloco,tiktok|pmode=roi|rpk=100.0|target=amazon|mu=3.000000|sigma=0.500000|dist=LogNormal|3.000000|0.500000|LogNormal|alpha=0p64|ec=1p53|slope=1p2|lag=4|decay=geometric",amazon,"{""kpi_type"": ""non_revenue"", ""kpi_type_effective"": ""revenue"", ""prior_design_mode"": ""roi"", ""prior_grid_type"": ""roi"", ""revenue_per_kpi"": 100.0, ""roi_prior_overrides"": {""amazon"": {""dist"": ""LogNormal"", ""mu"": 3.0, ""sigma"": 0.5}, ""beehiiv"": {""dist"": ""LogNormal"", ""mu"": 0.5, ""sigma"": 0.5}, ""liveintent"": {""dist"": ""LogNormal"", ""mu"": 0.5, ""sigma"": 0.5}, ""meta"": {""dist"": ""LogNormal"", ""mu"": 0.5, ""sigma"": 0.5}, ""moloco"": {""dist"": ""LogNormal"", ""mu"": 0.5, ""sigma"": 0.5}, ""tiktok"": {""dist"": ""LogNormal"", ""mu"": 0.5, ""sigma"": 0.5}}, ""run_mode"": ""roi_full"", ""structural_overrides"": {""adstock_decay_spec"": ""geometric"", ""alpha_m"": 0.64, ""ec_m"": 1.53, ""max_lag"": 4, ""slope_m"": 1.2}, ""sweep_type"": ""fixed_full_grid"", ""target_channel"": ""amazon"", ""two_layer_enabled"": false}",google,REVIEW,REVIEW:PriorPosteriorShift,PriorPosteriorShift,"amazon,beehiiv",0.5177610162024696,0.271352578998,0.2464084372044696,0.4759115296314853,0.64,1.53,1.2,4,geometric,prior_sweep,roi_full,roi,non_revenue,revenue,__revenue_equiv__,100.0,amazon,fixed_full_grid,False,roi,roi,Revenue-equivalent ROI,3.0,0.5,LogNormal,target_channels,amazon,configured,,,,upload_1bc112d58beb_monthly_mocha,/Users/jasper/Documents/Intern/BlueAlpha/capstone-Blue_Alpha_1/backend/storage/uploads/upload_1bc112d58beb_monthly_mocha.csv,3.0,0.5,LogNormal,0.4950598479489236,0.0569363014772534,0.2887331247329712,1.5954086780548096,0.2117421548361407,0.0505179964005947,0.2098467573523521,0.712773010134697,0.4245198164799574,0.4,0.5,LogNormal,0.4820086128865747,0.1229760539066515,10298543.94665,5332184.579223297,2794536.4598477194,-2537648.119375577,2537648.119375577,100.0,533218457.92232966,279453645.98477197,-253764811.9375577,253764811.9375577
"multi|amazon,beehiiv,liveintent,meta,moloco,tiktok|pmode=roi|rpk=100.0|target=amazon|mu=3.000000|sigma=0.500000|dist=LogNormal|3.000000|0.500000|LogNormal|alpha=0p64|ec=1p53|slope=1p2|lag=4|decay=geometric",amazon,"{""kpi_type"": ""non_revenue"", ""kpi_type_effective"": ""revenue"", ""prior_design_mode"": ""roi"", ""prior_grid_type"": ""roi"", ""revenue_per_kpi"": 100.0, ""roi_prior_overrides"": {""amazon"": {""dist"": ""LogNormal"", ""mu"": 3.0, ""sigma"": 0.5}, ""beehiiv"": {""dist"": ""LogNormal"", ""mu"": 0.5, ""sigma"": 0.5}, ""liveintent"": {""dist"": ""LogNormal"", ""mu"": 0.5, ""sigma"": 0.5}, ""meta"": {""dist"": ""LogNormal"", ""mu"": 0.5, ""sigma"": 0.5}, ""moloco"": {""dist"": ""LogNormal"", ""mu"": 0.5, ""sigma"": 0.5}, ""tiktok"": {""dist"": ""LogNormal"", ""mu"": 0.5, ""sigma"": 0.5}}, ""run_mode"": ""roi_full"", ""structural_overrides"": {""adstock_decay_spec"": ""geometric"", ""alpha_m"": 0.64, ""ec_m"": 1.53, ""max_lag"": 4, ""slope_m"": 1.2}, ""sweep_type"": ""fixed_full_grid"", ""target_channel"": ""amazon"", ""two_layer_enabled"": false}",liveintent,REVIEW,REVIEW:PriorPosteriorShift,PriorPosteriorShift,"amazon,beehiiv",0.5128150204243138,0.5126642358427247,0.0001507845815891251,0.0002940330832438276,0.64,1.53,1.2,4,geometric,prior_sweep,roi_full,roi,non_revenue,revenue,__revenue_equiv__,100.0,amazon,fixed_full_grid,False,roi,roi,Revenue-equivalent ROI,3.0,0.5,LogNormal,target_channels,amazon,configured,,,,upload_1bc112d58beb_monthly_mocha,/Users/jasper/Documents/Intern/BlueAlpha/capstone-Blue_Alpha_1/backend/storage/uploads/upload_1bc112d58beb_monthly_mocha.csv,3.0,0.5,LogNormal,0.477736227784908,0.0928924188017845,0.3985480219125747,1.2810815036296836,0.4844159590602098,0.089404622465372,0.3584725558757782,1.4134367525577545,0.8974020024310096,0.5,0.5,LogNormal,0.0013025497726026,0.0185535020791,797987.173079,409219.8084608478,409099.4842988416,-120.32416200620355,120.32416200620355,100.0,40921980.84608478,40909948.429884166,-12032.416200615466,12032.416200615466
"multi|amazon,beehiiv,liveintent,meta,moloco,tiktok|pmode=roi|rpk=100.0|target=amazon|mu=3.000000|sigma=0.500000|dist=LogNormal|3.000000|0.500000|LogNormal|alpha=0p64|ec=1p53|slope=1p2|lag=4|decay=geometric",amazon,"{""kpi_type"": ""non_revenue"", ""kpi_type_effective"": ""revenue"", ""prior_design_mode"": ""roi"", ""prior_grid_type"": ""roi"", ""revenue_per_kpi"": 100.0, ""roi_prior_overrides"": {""amazon"": {""dist"": ""LogNormal"", ""mu"": 3.0, ""sigma"": 0.5}, ""beehiiv"": {""dist"": ""LogNormal"", ""mu"": 0.5, ""sigma"": 0.5}, ""liveintent"": {""dist"": ""LogNormal"", ""mu"": 0.5, ""sigma"": 0.5}, ""meta"": {""dist"": ""LogNormal"", ""mu"": 0.5, ""sigma"": 0.5}, ""moloco"": {""dist"": ""LogNormal"", ""mu"": 0.5, ""sigma"": 0.5}, ""tiktok"": {""dist"": ""LogNormal"", ""mu"": 0.5, ""sigma"": 0.5}}, ""run_mode"": ""roi_full"", ""structural_overrides"": {""adstock_decay_spec"": ""geometric"", ""alpha_m"": 0.64, ""ec_m"": 1.53, ""max_lag"": 4, ""slope_m"": 1.2}, ""sweep_type"": ""fixed_full_grid"", ""target_channel"": ""amazon"", ""two_layer_enabled"": false}",meta,REVIEW,REVIEW:PriorPosteriorShift,PriorPosteriorShift,"amazon,beehiiv",0.6200743053123976,0.4057071764192854,0.2143671288931122,0.34571200105624855,0.64,1.53,1.2,4,geometric,prior_sweep,roi_full,roi,non_revenue,revenue,__revenue_equiv__,100.0,amazon,fixed_full_grid,False,roi,roi,Revenue-equivalent ROI,3.0,0.5,LogNormal,target_channels,amazon,configured,,,,upload_1bc112d58beb_monthly_mocha,/Users/jasper/Documents/Intern/BlueAlpha/capstone-Blue_Alpha_1/backend/storage/uploads/upload_1bc112d58beb_monthly_mocha.csv,3.0,0.5,LogNormal,0.4861901734527795,0.1053347028791904,0.4240260720252991,1.5302040576934814,0.3381554013361521,0.0911744095385074,0.3153551369905472,1.082509911060333,0.6790514771075148,0.5,0.5,LogNormal,0.1375829653963112,0.1002899296648954,840158.1265220001,520960.46665569465,340858.18125695735,-180102.2853987373,180102.2853987373,100.0,52096046.66556946,34085818.125695735,-18010228.539873727,18010228.539873727
"multi|amazon,beehiiv,liveintent,meta,moloco,tiktok|pmode=roi|rpk=100.0|target=amazon|mu=3.000000|sigma=0.500000|dist=LogNormal|3.000000|0.500000|LogNormal|alpha=0p64|ec=1p53|slope=1p2|lag=4|decay=geometric",amazon,"{""kpi_type"": ""non_revenue"", ""kpi_type_effective"": ""revenue"", ""prior_design_mode"": ""roi"", ""prior_grid_type"": ""roi"", ""revenue_per_kpi"": 100.0, ""roi_prior_overrides"": {""amazon"": {""dist"": ""LogNormal"", ""mu"": 3.0, ""sigma"": 0.5}, ""beehiiv"": {""dist"": ""LogNormal"", ""mu"": 0.5, ""sigma"": 0.5}, ""liveintent"": {""dist"": ""LogNormal"", ""mu"": 0.5, ""sigma"": 0.5}, ""meta"": {""dist"": ""LogNormal"", ""mu"": 0.5, ""sigma"": 0.5}, ""moloco"": {""dist"": ""LogNormal"", ""mu"": 0.5, ""sigma"": 0.5}, ""tiktok"": {""dist"": ""LogNormal"", ""mu"": 0.5, ""sigma"": 0.5}}, ""run_mode"": ""roi_full"", ""structural_overrides"": {""adstock_decay_spec"": ""geometric"", ""alpha_m"": 0.64, ""ec_m"": 1.53, ""max_lag"": 4, ""slope_m"": 1.2}, ""sweep_type"": ""fixed_full_grid"", ""target_channel"": ""amazon"", ""two_layer_enabled"": false}",moloco,REVIEW,REVIEW:PriorPosteriorShift,PriorPosteriorShift,"amazon,beehiiv",0.6339402654984345,0.5786287090942884,0.05531155640414609,0.08725042313041509,0.64,1.53,1.2,4,geometric,prior_sweep,roi_full,roi,non_revenue,revenue,__revenue_equiv__,100.0,amazon,fixed_full_grid,False,roi,roi,Revenue-equivalent ROI,3.0,0.5,LogNormal,target_channels,amazon,configured,,,,upload_1bc112d58beb_monthly_mocha,/Users/jasper/Documents/Intern/BlueAlpha/capstone-Blue_Alpha_1/backend/storage/uploads/upload_1bc112d58beb_monthly_mocha.csv,3.0,0.5,LogNormal,0.5400197894281911,0.1072283249348402,0.4539413452148437,1.7795422077178955,0.5742955454481609,0.1006180651485919,0.3907741755247116,1.7432161986827843,0.9744263199672304,0.5,0.5,LogNormal,0.0334596419022518,0.0702016678581285,842234.6095886,533926.4320145674,487341.1249007836,-46585.30711378384,46585.30711378384,100.0,53392643.20145674,48734112.49007836,-4658530.711378381,4658530.711378381
"multi|amazon,beehiiv,liveintent,meta,moloco,tiktok|pmode=roi|rpk=100.0|target=amazon|mu=3.000000|sigma=0.500000|dist=LogNormal|3.000000|0.500000|LogNormal|alpha=0p64|ec=1p53|slope=1p2|lag=4|decay=geometric",amazon,"{""kpi_type"": ""non_revenue"", ""kpi_type_effective"": ""revenue"", ""prior_design_mode"": ""roi"", ""prior_grid_type"": ""roi"", ""revenue_per_kpi"": 100.0, ""roi_prior_overrides"": {""amazon"": {""dist"": ""LogNormal"", ""mu"": 3.0, ""sigma"": 0.5}, ""beehiiv"": {""dist"": ""LogNormal"", ""mu"": 0.5, ""sigma"": 0.5}, ""liveintent"": {""dist"": ""LogNormal"", ""mu"": 0.5, ""sigma"": 0.5}, ""meta"": {""dist"": ""LogNormal"", ""mu"": 0.5, ""sigma"": 0.5}, ""moloco"": {""dist"": ""LogNormal"", ""mu"": 0.5, ""sigma"": 0.5}, ""tiktok"": {""dist"": ""LogNormal"", ""mu"": 0.5, ""sigma"": 0.5}}, ""run_mode"": ""roi_full"", ""structural_overrides"": {""adstock_decay_spec"": ""geometric"", ""alpha_m"": 0.64, ""ec_m"": 1.53, ""max_lag"": 4, ""slope_m"": 1.2}, ""sweep_type"": ""fixed_full_grid"", ""target_channel"": ""amazon"", ""two_layer_enabled"": false}",snapchat,REVIEW,REVIEW:PriorPosteriorShift,PriorPosteriorShift,"amazon,beehiiv",0.8269837570687135,0.3955346118441472,0.43144914522456634,0.5217141709697661,0.64,1.53,1.2,4,geometric,prior_sweep,roi_full,roi,non_revenue,revenue,__revenue_equiv__,100.0,amazon,fixed_full_grid,False,roi,roi,Revenue-equivalent ROI,3.0,0.5,LogNormal,target_channels,amazon,configured,,,,upload_1bc112d58beb_monthly_mocha,/Users/jasper/Documents/Intern/BlueAlpha/capstone-Blue_Alpha_1/backend/storage/uploads/upload_1bc112d58beb_monthly_mocha.csv,3.0,0.5,LogNormal,0.8713437341396965,0.0716421011835336,0.4354811757802963,2.750908374786377,0.3618314267793456,0.0597008200362324,0.2776409536600113,1.116618454456329,0.3882927392308887,0.4,0.5,LogNormal,0.0853135091286223,0.0350758161669361,4342436.908989999,3591124.789830401,1717584.0972550577,-1873540.6925753434,1873540.6925753434,100.0,359112478.9830401,171758409.72550577,-187354069.25753433,187354069.25753433
"multi|amazon,beehiiv,liveintent,meta,moloco,tiktok|pmode=roi|rpk=100.0|target=amazon|mu=3.000000|sigma=0.500000|dist=LogNormal|3.000000|0.500000|LogNormal|alpha=0p64|ec=1p53|slope=1p2|lag=4|decay=geometric",amazon,"{""kpi_type"": ""non_revenue"", ""kpi_type_effective"": ""revenue"", ""prior_design_mode"": ""roi"", ""prior_grid_type"": ""roi"", ""revenue_per_kpi"": 100.0, ""roi_prior_overrides"": {""amazon"": {""dist"": ""LogNormal"", ""mu"": 3.0, ""sigma"": 0.5}, ""beehiiv"": {""dist"": ""LogNormal"", ""mu"": 0.5, ""sigma"": 0.5}, ""liveintent"": {""dist"": ""LogNormal"", ""mu"": 0.5, ""sigma"": 0.5}, ""meta"": {""dist"": ""LogNormal"", ""mu"": 0.5, ""sigma"": 0.5}, ""moloco"": {""dist"": ""LogNormal"", ""mu"": 0.5, ""sigma"": 0.5}, ""tiktok"": {""dist"": ""LogNormal"", ""mu"": 0.5, ""sigma"": 0.5}}, ""run_mode"": ""roi_full"", ""structural_overrides"": {""adstock_decay_spec"": ""geometric"", ""alpha_m"": 0.64, ""ec_m"": 1.53, ""max_lag"": 4, ""slope_m"": 1.2}, ""sweep_type"": ""fixed_full_grid"", ""target_channel"": ""amazon"", ""two_layer_enabled"": false}",tiktok,REVIEW,REVIEW:PriorPosteriorShift,PriorPosteriorShift,"amazon,beehiiv",0.464742603781633,0.4637005532284577,0.0010420505531753,0.0022422100851010596,0.64,1.53,1.2,4,geometric,prior_sweep,roi_full,roi,non_revenue,revenue,__revenue_equiv__,100.0,amazon,fixed_full_grid,False,roi,roi,Revenue-equivalent ROI,3.0,0.5,LogNormal,target_channels,amazon,configured,,,,upload_1bc112d58beb_monthly_mocha,/Users/jasper/Documents/Intern/BlueAlpha/capstone-Blue_Alpha_1/backend/storage/uploads/upload_1bc112d58beb_monthly_mocha.csv,3.0,0.5,LogNormal,0.4119649280983944,0.0886418987065553,0.3509712815284729,1.194995081424713,0.3988748764258348,0.0989238325506448,0.342171847820282,1.2835702776908875,0.9172694097412846,0.5,0.5,LogNormal,0.0467979573898666,0.0542946810466236,1752685.0091300001,814547.3947521115,812721.0083688055,-1826.3863833060022,1826.3863833060022,100.0,81454739.47521116,81272100.83688055,-182638.6383306086,182638.6383306086
"multi|amazon,beehiiv,liveintent,meta,moloco,tiktok|pmode=roi|rpk=100.0|target=amazon|mu=2.500000|sigma=1.000000|dist=LogNormal|2.500000|1.000000|LogNormal|alpha=0p64|ec=1p53|slope=1p2|lag=4|decay=geometric",amazon,"{""kpi_type"": ""non_revenue"", ""kpi_type_effective"": ""revenue"", ""prior_design_mode"": ""roi"", ""prior_grid_type"": ""roi"", ""revenue_per_kpi"": 100.0, ""roi_prior_overrides"": {""amazon"": {""dist"": ""LogNormal"", ""mu"": 2.5, ""sigma"": 1.0}, ""beehiiv"": {""dist"": ""LogNormal"", ""mu"": 0.5, ""sigma"": 0.5}, ""liveintent"": {""dist"": ""LogNormal"", ""mu"": 0.5, ""sigma"": 0.5}, ""meta"": {""dist"": ""LogNormal"", ""mu"": 0.5, ""sigma"": 0.5}, ""moloco"": {""dist"": ""LogNormal"", ""mu"": 0.5, ""sigma"": 0.5}, ""tiktok"": {""dist"": ""LogNormal"", ""mu"": 0.5, ""sigma"": 0.5}}, ""run_mode"": ""roi_full"", ""structural_overrides"": {""adstock_decay_spec"": ""geometric"", ""alpha_m"": 0.64, ""ec_m"": 1.53, ""max_lag"": 4, ""slope_m"": 1.2}, ""sweep_type"": ""fixed_full_grid"", ""target_channel"": ""amazon"", ""two_layer_enabled"": false}",amazon,REVIEW,REVIEW:PriorPosteriorShift,PriorPosteriorShift,"amazon,liveintent",0.6377680289559067,2.5248145383099714,1.8870465093540647,2.958828952971127,0.64,1.53,1.2,4,geometric,prior_sweep,roi_full,roi,non_revenue,revenue,__revenue_equiv__,100.0,amazon,fixed_full_grid,False,roi,roi,Revenue-equivalent ROI,2.5,1.0,LogNormal,target_channels,amazon,configured,,,,upload_1bc112d58beb_monthly_mocha,/Users/jasper/Documents/Intern/BlueAlpha/capstone-Blue_Alpha_1/backend/storage/uploads/upload_1bc112d58beb_monthly_mocha.csv,2.5,1.0,LogNormal,0.6114372134697085,0.0995406173169612,0.4413366019725799,2.029905021190642,1.0167776513250204,1.2861477851867675,2.321325182914734,4.440584349632262,0.17133143130239573,2.5,1.0,LogNormal,0.0005878155419362,0.0664367906456279,15740.258094,10038.633379867637,39741.2324724824,29702.599092614764,29702.599092614764,100.0,1003863.3379867637,3974123.24724824,2970259.9092614762,2970259.9092614762
"multi|amazon,beehiiv,liveintent,meta,moloco,tiktok|pmode=roi|rpk=100.0|target=amazon|mu=2.500000|sigma=1.000000|dist=LogNormal|2.500000|1.000000|LogNormal|alpha=0p64|ec=1p53|slope=1p2|lag=4|decay=geometric",amazon,"{""kpi_type"": ""non_revenue"", ""kpi_type_effective"": ""revenue"", ""prior_design_mode"": ""roi"", ""prior_grid_type"": ""roi"", ""revenue_per_kpi"": 100.0, ""roi_prior_overrides"": {""amazon"": {""dist"": ""LogNormal"", ""mu"": 2.5, ""sigma"": 1.0}, ""beehiiv"": {""dist"": ""LogNormal"", ""mu"": 0.5, ""sigma"": 0.5}, ""liveintent"": {""dist"": ""LogNormal"", ""mu"": 0.5, ""sigma"": 0.5}, ""meta"": {""dist"": ""LogNormal"", ""mu"": 0.5, ""sigma"": 0.5}, ""moloco"": {""dist"": ""LogNormal"", ""mu"": 0.5, ""sigma"": 0.5}, ""tiktok"": {""dist"": ""LogNormal"", ""mu"": 0.5, ""sigma"": 0.5}}, ""run_mode"": ""roi_full"", ""structural_overrides"": {""adstock_decay_spec"": ""geometric"", ""alpha_m"": 0.64, ""ec_m"": 1.53, ""max_lag"": 4, ""slope_m"": 1.2}, ""sweep_type"": ""fixed_full_grid"", ""target_channel"": ""amazon"", ""two_layer_enabled"": false}",beehiiv,REVIEW,REVIEW:PriorPosteriorShift,PriorPosteriorShift,"amazon,liveintent",0.762659886876742,0.5246346003500124,0.2380252865267296,0.3120988669031681,0.64,1.53,1.2,4,geometric,prior_sweep,roi_full,roi,non_revenue,revenue,__revenue_equiv__,100.0,amazon,fixed_full_grid,False,roi,roi,Revenue-equivalent ROI,2.5,1.0,LogNormal,target_channels,amazon,configured,,,,upload_1bc112d58beb_monthly_mocha,/Users/jasper/Documents/Intern/BlueAlpha/capstone-Blue_Alpha_1/backend/storage/uploads/upload_1bc112d58beb_monthly_mocha.csv,2.5,1.0,LogNormal,0.8561781928458713,0.1083850640803575,0.4253711998462677,2.5097618103027344,0.5465139165160525,0.0882478203624486,0.3571415543556213,1.463220727443694,0.5594994160643881,0.5,0.5,LogNormal,0.0096169752848408,0.0294557948379537,328172.2732613,250283.82880154633,172170.5294283972,-78113.29937314914,78113.29937314914,100.0,25028382.880154632,17217052.94283972,-7811329.937314913,7811329.937314913
"multi|amazon,beehiiv,liveintent,meta,moloco,tiktok|pmode=roi|rpk=100.0|target=amazon|mu=2.500000|sigma=1.000000|dist=LogNormal|2.500000|1.000000|LogNormal|alpha=0p64|ec=1p53|slope=1p2|lag=4|decay=geometric",amazon,"{""kpi_type"": ""non_revenue"", ""kpi_type_effective"": ""revenue"", ""prior_design_mode"": ""roi"", ""prior_grid_type"": ""roi"", ""revenue_per_kpi"": 100.0, ""roi_prior_overrides"": {""amazon"": {""dist"": ""LogNormal"", ""mu"": 2.5, ""sigma"": 1.0}, ""beehiiv"": {""dist"": ""LogNormal"", ""mu"": 0.5, ""sigma"": 0.5}, ""liveintent"": {""dist"": ""LogNormal"", ""mu"": 0.5, ""sigma"": 0.5}, ""meta"": {""dist"": ""LogNormal"", ""mu"": 0.5, ""sigma"": 0.5}, ""moloco"": {""dist"": ""LogNormal"", ""mu"": 0.5, ""sigma"": 0.5}, ""tiktok"": {""dist"": ""LogNormal"", ""mu"": 0.5, ""sigma"": 0.5}}, ""run_mode"": ""roi_full"", ""structural_overrides"": {""adstock_decay_spec"": ""geometric"", ""alpha_m"": 0.64, ""ec_m"": 1.53, ""max_lag"": 4, ""slope_m"": 1.2}, ""sweep_type"": ""fixed_full_grid"", ""target_channel"": ""amazon"", ""two_layer_enabled"": false}",google,REVIEW,REVIEW:PriorPosteriorShift,PriorPosteriorShift,"amazon,liveintent",0.5177610162024696,0.2737523349591841,0.2440086812432855,0.47127665777731387,0.64,1.53,1.2,4,geometric,prior_sweep,roi_full,roi,non_revenue,revenue,__revenue_equiv__,100.0,amazon,fixed_full_grid,False,roi,roi,Revenue-equivalent ROI,2.5,1.0,LogNormal,target_channels,amazon,configured,,,,upload_1bc112d58beb_monthly_mocha,/Users/jasper/Documents/Intern/BlueAlpha/capstone-Blue_Alpha_1/backend/storage/uploads/upload_1bc112d58beb_monthly_mocha.csv,2.5,1.0,LogNormal,0.4950598479489236,0.0569363014772534,0.2887331247329712,1.5954086780548096,0.2332228270402395,0.0492924725636839,0.2040135264396667,0.7399550974369049,0.44176420474338784,0.4,0.5,LogNormal,0.403276482590812,0.1206034985291114,10298543.94665,5332184.579223297,2819250.4520752085,-2512934.127148088,2512934.127148088,100.0,533218457.92232966,281925045.20752084,-251293412.71480882,251293412.71480882
"multi|amazon,beehiiv,liveintent,meta,moloco,tiktok|pmode=roi|rpk=100.0|target=amazon|mu=2.500000|sigma=1.000000|dist=LogNormal|2.500000|1.000000|LogNormal|alpha=0p64|ec=1p53|slope=1p2|lag=4|decay=geometric",amazon,"{""kpi_type"": ""non_revenue"", ""kpi_type_effective"": ""revenue"", ""prior_design_mode"": ""roi"", ""prior_grid_type"": ""roi"", ""revenue_per_kpi"": 100.0, ""roi_prior_overrides"": {""amazon"": {""dist"": ""LogNormal"", ""mu"": 2.5, ""sigma"": 1.0}, ""beehiiv"": {""dist"": ""LogNormal"", ""mu"": 0.5, ""sigma"": 0.5}, ""liveintent"": {""dist"": ""LogNormal"", ""mu"": 0.5, ""sigma"": 0.5}, ""meta"": {""dist"": ""LogNormal"", ""mu"": 0.5, ""sigma"": 0.5}, ""moloco"": {""dist"": ""LogNormal"", ""mu"": 0.5, ""sigma"": 0.5}, ""tiktok"": {""dist"": ""LogNormal"", ""mu"": 0.5, ""sigma"": 0.5}}, ""run_mode"": ""roi_full"", ""structural_overrides"": {""adstock_decay_spec"": ""geometric"", ""alpha_m"": 0.64, ""ec_m"": 1.53, ""max_lag"": 4, ""slope_m"": 1.2}, ""sweep_type"": ""fixed_full_grid"", ""target_channel"": ""amazon"", ""two_layer_enabled"": false}",liveintent,REVIEW,REVIEW:PriorPosteriorShift,PriorPosteriorShift,"amazon,liveintent",0.5128150204243138,0.5051245271693915,0.007690493254922326,0.01499662246351341,0.64,1.53,1.2,4,geometric,prior_sweep,roi_full,roi,non_revenue,revenue,__revenue_equiv__,100.0,amazon,fixed_full_grid,False,roi,roi,Revenue-equivalent ROI,2.5,1.0,LogNormal,target_channels,amazon,configured,,,,upload_1bc112d58beb_monthly_mocha,/Users/jasper/Documents/Intern/BlueAlpha/capstone-Blue_Alpha_1/backend/storage/uploads/upload_1bc112d58beb_monthly_mocha.csv,2.5,1.0,LogNormal,0.477736227784908,0.0928924188017845,0.3985480219125747,1.2810815036296836,0.4647829029784107,0.091843569278717,0.3558918535709381,1.4967535018920883,0.8457403974770578,0.5,0.5,LogNormal,0.005136492529792,0.0176831914333983,797987.173079,409219.8084608478,403082.89348876924,-6136.914972078579,6136.914972078579,100.0,40921980.84608478,40308289.34887692,-613691.4972078577,613691.4972078577
"multi|amazon,beehiiv,liveintent,meta,moloco,tiktok|pmode=roi|rpk=100.0|target=amazon|mu=2.500000|sigma=1.000000|dist=LogNormal|2.500000|1.000000|LogNormal|alpha=0p64|ec=1p53|slope=1p2|lag=4|decay=geometric",amazon,"{""kpi_type"": ""non_revenue"", ""kpi_type_effective"": ""revenue"", ""prior_design_mode"": ""roi"", ""prior_grid_type"": ""roi"", ""revenue_per_kpi"": 100.0, ""roi_prior_overrides"": {""amazon"": {""dist"": ""LogNormal"", ""mu"": 2.5, ""sigma"": 1.0}, ""beehiiv"": {""dist"": ""LogNormal"", ""mu"": 0.5, ""sigma"": 0.5}, ""liveintent"": {""dist"": ""LogNormal"", ""mu"": 0.5, ""sigma"": 0.5}, ""meta"": {""dist"": ""LogNormal"", ""mu"": 0.5, ""sigma"": 0.5}, ""moloco"": {""dist"": ""LogNormal"", ""mu"": 0.5, ""sigma"": 0.5}, ""tiktok"": {""dist"": ""LogNormal"", ""mu"": 0.5, ""sigma"": 0.5}}, ""run_mode"": ""roi_full"", ""structural_overrides"": {""adstock_decay_spec"": ""geometric"", ""alpha_m"": 0.64, ""ec_m"": 1.53, ""max_lag"": 4, ""slope_m"": 1.2}, ""sweep_type"": ""fixed_full_grid"", ""target_channel"": ""amazon"", ""two_layer_enabled"": false}",meta,REVIEW,REVIEW:PriorPosteriorShift,PriorPosteriorShift,"amazon,liveintent",0.6200743053123976,0.4175931548901523,0.2024811504222453,0.32654336534753514,0.64,1.53,1.2,4,geometric,prior_sweep,roi_full,roi,non_revenue,revenue,__revenue_equiv__,100.0,amazon,fixed_full_grid,False,roi,roi,Revenue-equivalent ROI,2.5,1.0,LogNormal,target_channels,amazon,configured,,,,upload_1bc112d58beb_monthly_mocha,/Users/jasper/Documents/Intern/BlueAlpha/capstone-Blue_Alpha_1/backend/storage/uploads/upload_1bc112d58beb_monthly_mocha.csv,2.5,1.0,LogNormal,0.4861901734527795,0.1053347028791904,0.4240260720252991,1.5302040576934814,0.3706733166127886,0.0912598256021738,0.3009761869907379,1.1614042103290558,0.7339196918806321,0.5,0.5,LogNormal,0.0876661634779412,0.0888089175271586,840158.1265220001,520960.46665569465,350844.28266092174,-170116.1839947729,170116.1839947729,100.0,52096046.66556946,35084428.266092174,-17011618.399477288,17011618.399477288
"multi|amazon,beehiiv,liveintent,meta,moloco,tiktok|pmode=roi|rpk=100.0|target=amazon|mu=2.500000|sigma=1.000000|dist=LogNormal|2.500000|1.000000|LogNormal|alpha=0p64|ec=1p53|slope=1p2|lag=4|decay=geometric",amazon,"{""kpi_type"": ""non_revenue"", ""kpi_type_effective"": ""revenue"", ""prior_design_mode"": ""roi"", ""prior_grid_type"": ""roi"", ""revenue_per_kpi"": 100.0, ""roi_prior_overrides"": {""amazon"": {""dist"": ""LogNormal"", ""mu"": 2.5, ""sigma"": 1.0}, ""beehiiv"": {""dist"": ""LogNormal"", ""mu"": 0.5, ""sigma"": 0.5}, ""liveintent"": {""dist"": ""LogNormal"", ""mu"": 0.5, ""sigma"": 0.5}, ""meta"": {""dist"": ""LogNormal"", ""mu"": 0.5, ""sigma"": 0.5}, ""moloco"": {""dist"": ""LogNormal"", ""mu"": 0.5, ""sigma"": 0.5}, ""tiktok"": {""dist"": ""LogNormal"", ""mu"": 0.5, ""sigma"": 0.5}}, ""run_mode"": ""roi_full"", ""structural_overrides"": {""adstock_decay_spec"": ""geometric"", ""alpha_m"": 0.64, ""ec_m"": 1.53, ""max_lag"": 4, ""slope_m"": 1.2}, ""sweep_type"": ""fixed_full_grid"", ""target_channel"": ""amazon"", ""two_layer_enabled"": false}",moloco,REVIEW,REVIEW:PriorPosteriorShift,PriorPosteriorShift,"amazon,liveintent",0.6339402654984345,0.550421900935471,0.08351836456296347,0.1317448490155414,0.64,1.53,1.2,4,geometric,prior_sweep,roi_full,roi,non_revenue,revenue,__revenue_equiv__,100.0,amazon,fixed_full_grid,False,roi,roi,Revenue-equivalent ROI,2.5,1.0,LogNormal,target_channels,amazon,configured,,,,upload_1bc112d58beb_monthly_mocha,/Users/jasper/Documents/Intern/BlueAlpha/capstone-Blue_Alpha_1/backend/storage/uploads/upload_1bc112d58beb_monthly_mocha.csv,2.5,1.0,LogNormal,0.5400197894281911,0.1072283249348402,0.4539413452148437,1.7795422077178955,0.551831815965668,0.1067853890359401,0.3889324367046356,1.4711396157741532,0.8153673478455783,0.5,0.5,LogNormal,0.0154862222032924,0.0404186565803679,842234.6095886,533926.4320145674,463584.37484340154,-70342.05717116588,70342.05717116588,100.0,53392643.20145674,46358437.48434015,-7034205.717116587,7034205.717116587
"multi|amazon,beehiiv,liveintent,meta,moloco,tiktok|pmode=roi|rpk=100.0|target=amazon|mu=2.500000|sigma=1.000000|dist=LogNormal|2.500000|1.000000|LogNormal|alpha=0p64|ec=1p53|slope=1p2|lag=4|decay=geometric",amazon,"{""kpi_type"": ""non_revenue"", ""kpi_type_effective"": ""revenue"", ""prior_design_mode"": ""roi"", ""prior_grid_type"": ""roi"", ""revenue_per_kpi"": 100.0, ""roi_prior_overrides"": {""amazon"": {""dist"": ""LogNormal"", ""mu"": 2.5, ""sigma"": 1.0}, ""beehiiv"": {""dist"": ""LogNormal"", ""mu"": 0.5, ""sigma"": 0.5}, ""liveintent"": {""dist"": ""LogNormal"", ""mu"": 0.5, ""sigma"": 0.5}, ""meta"": {""dist"": ""LogNormal"", ""mu"": 0.5, ""sigma"": 0.5}, ""moloco"": {""dist"": ""LogNormal"", ""mu"": 0.5, ""sigma"": 0.5}, ""tiktok"": {""dist"": ""LogNormal"", ""mu"": 0.5, ""sigma"": 0.5}}, ""run_mode"": ""roi_full"", ""structural_overrides"": {""adstock_decay_spec"": ""geometric"", ""alpha_m"": 0.64, ""ec_m"": 1.53, ""max_lag"": 4, ""slope_m"": 1.2}, ""sweep_type"": ""fixed_full_grid"", ""target_channel"": ""amazon"", ""two_layer_enabled"": false}",snapchat,REVIEW,REVIEW:PriorPosteriorShift,PriorPosteriorShift,"amazon,liveintent",0.8269837570687135,0.4253625475335866,0.4016212095351269,0.4856458256915396,0.64,1.53,1.2,4,geometric,prior_sweep,roi_full,roi,non_revenue,revenue,__revenue_equiv__,100.0,amazon,fixed_full_grid,False,roi,roi,Revenue-equivalent ROI,2.5,1.0,LogNormal,target_channels,amazon,configured,,,,upload_1bc112d58beb_monthly_mocha,/Users/jasper/Documents/Intern/BlueAlpha/capstone-Blue_Alpha_1/backend/storage/uploads/upload_1bc112d58beb_monthly_mocha.csv,2.5,1.0,LogNormal,0.8713437341396965,0.0716421011835336,0.4354811757802963,2.750908374786377,0.420196991712482,0.0551861882209777,0.2815931737422943,1.2243122518062586,0.42759233735852215,0.4,0.5,LogNormal,0.0283020105403402,0.0431756017101394,4342436.908989999,3591124.789830401,1847110.0261118596,-1744014.7637185415,1744014.7637185415,100.0,359112478.9830401,184711002.61118597,-174401476.37185413,174401476.37185413
"multi|amazon,beehiiv,liveintent,meta,moloco,tiktok|pmode=roi|rpk=100.0|target=amazon|mu=2.500000|sigma=1.000000|dist=LogNormal|2.500000|1.000000|LogNormal|alpha=0p64|ec=1p53|slope=1p2|lag=4|decay=geometric",amazon,"{""kpi_type"": ""non_revenue"", ""kpi_type_effective"": ""revenue"", ""prior_design_mode"": ""roi"", ""prior_grid_type"": ""roi"", ""revenue_per_kpi"": 100.0, ""roi_prior_overrides"": {""amazon"": {""dist"": ""LogNormal"", ""mu"": 2.5, ""sigma"": 1.0}, ""beehiiv"": {""dist"": ""LogNormal"", ""mu"": 0.5, ""sigma"": 0.5}, ""liveintent"": {""dist"": ""LogNormal"", ""mu"": 0.5, ""sigma"": 0.5}, ""meta"": {""dist"": ""LogNormal"", ""mu"": 0.5, ""sigma"": 0.5}, ""moloco"": {""dist"": ""LogNormal"", ""mu"": 0.5, ""sigma"": 0.5}, ""tiktok"": {""dist"": ""LogNormal"", ""mu"": 0.5, ""sigma"": 0.5}}, ""run_mode"": ""roi_full"", ""structural_overrides"": {""adstock_decay_spec"": ""geometric"", ""alpha_m"": 0.64, ""ec_m"": 1.53, ""max_lag"": 4, ""slope_m"": 1.2}, ""sweep_type"": ""fixed_full_grid"", ""target_channel"": ""amazon"", ""two_layer_enabled"": false}",tiktok,REVIEW,REVIEW:PriorPosteriorShift,PriorPosteriorShift,"amazon,liveintent",0.464742603781633,0.4728737550834194,0.008131151301786377,0.017496031643371657,0.64,1.53,1.2,4,geometric,prior_sweep,roi_full,roi,non_revenue,revenue,__revenue_equiv__,100.0,amazon,fixed_full_grid,False,roi,roi,Revenue-equivalent ROI,2.5,1.0,LogNormal,target_channels,amazon,configured,,,,upload_1bc112d58beb_monthly_mocha,/Users/jasper/Documents/Intern/BlueAlpha/capstone-Blue_Alpha_1/backend/storage/uploads/upload_1bc112d58beb_monthly_mocha.csv,2.5,1.0,LogNormal,0.4119649280983944,0.0886418987065553,0.3509712815284729,1.194995081424713,0.4176871610762669,0.0950247678905725,0.3477850258350372,1.2558568954467773,0.9423887772228071,0.5,0.5,LogNormal,0.0302721599626417,0.0459514888275463,1752685.0091300001,814547.3947521115,828798.7417457204,14251.346993608866,14251.346993608866,100.0,81454739.47521116,82879874.17457204,1425134.6993608773,1425134.6993608773
"multi|amazon,beehiiv,liveintent,meta,moloco,tiktok|pmode=roi|rpk=100.0|target=amazon|mu=2.500000|sigma=0.500000|dist=LogNormal|2.500000|0.500000|LogNormal|alpha=0p64|ec=1p53|slope=1p2|lag=4|decay=geometric",amazon,"{""kpi_type"": ""non_revenue"", ""kpi_type_effective"": ""revenue"", ""prior_design_mode"": ""roi"", ""prior_grid_type"": ""roi"", ""revenue_per_kpi"": 100.0, ""roi_prior_overrides"": {""amazon"": {""dist"": ""LogNormal"", ""mu"": 2.5, ""sigma"": 0.5}, ""beehiiv"": {""dist"": ""LogNormal"", ""mu"": 0.5, ""sigma"": 0.5}, ""liveintent"": {""dist"": ""LogNormal"", ""mu"": 0.5, ""sigma"": 0.5}, ""meta"": {""dist"": ""LogNormal"", ""mu"": 0.5, ""sigma"": 0.5}, ""moloco"": {""dist"": ""LogNormal"", ""mu"": 0.5, ""sigma"": 0.5}, ""tiktok"": {""dist"": ""LogNormal"", ""mu"": 0.5, ""sigma"": 0.5}}, ""run_mode"": ""roi_full"", ""structural_overrides"": {""adstock_decay_spec"": ""geometric"", ""alpha_m"": 0.64, ""ec_m"": 1.53, ""max_lag"": 4, ""slope_m"": 1.2}, ""sweep_type"": ""fixed_full_grid"", ""target_channel"": ""amazon"", ""two_layer_enabled"": false}",amazon,REVIEW,REVIEW:PriorPosteriorShift,PriorPosteriorShift,"beehiiv,liveintent,tiktok",0.6377680289559067,2.505376224418481,1.8676081954625745,2.928350294573476,0.64,1.53,1.2,4,geometric,prior_sweep,roi_full,roi,non_revenue,revenue,__revenue_equiv__,100.0,amazon,fixed_full_grid,False,roi,roi,Revenue-equivalent ROI,2.5,0.5,LogNormal,target_channels,amazon,configured,,,,upload_1bc112d58beb_monthly_mocha,/Users/jasper/Documents/Intern/BlueAlpha/capstone-Blue_Alpha_1/backend/storage/uploads/upload_1bc112d58beb_monthly_mocha.csv,2.5,0.5,LogNormal,0.6114372134697085,0.0995406173169612,0.4413366019725799,2.029905021190642,0.4995379193538765,1.807820338010788,2.4564279317855835,3.4515772700309753,0.066253655967646,2.5,0.5,LogNormal,5.866191537318155e-05,0.0265161941042518,15740.258094,10038.633379867637,39435.26839491816,29396.635015050524,29396.635015050524,100.0,1003863.3379867637,3943526.839491816,2939663.501505052,2939663.501505052
"multi|amazon,beehiiv,liveintent,meta,moloco,tiktok|pmode=roi|rpk=100.0|target=amazon|mu=2.500000|sigma=0.500000|dist=LogNormal|2.500000|0.500000|LogNormal|alpha=0p64|ec=1p53|slope=1p2|lag=4|decay=geometric",amazon,"{""kpi_type"": ""non_revenue"", ""kpi_type_effective"": ""revenue"", ""prior_design_mode"": ""roi"", ""prior_grid_type"": ""roi"", ""revenue_per_kpi"": 100.0, ""roi_prior_overrides"": {""amazon"": {""dist"": ""LogNormal"", ""mu"": 2.5, ""sigma"": 0.5}, ""beehiiv"": {""dist"": ""LogNormal"", ""mu"": 0.5, ""sigma"": 0.5}, ""liveintent"": {""dist"": ""LogNormal"", ""mu"": 0.5, ""sigma"": 0.5}, ""meta"": {""dist"": ""LogNormal"", ""mu"": 0.5, ""sigma"": 0.5}, ""moloco"": {""dist"": ""LogNormal"", ""mu"": 0.5, ""sigma"": 0.5}, ""tiktok"": {""dist"": ""LogNormal"", ""mu"": 0.5, ""sigma"": 0.5}}, ""run_mode"": ""roi_full"", ""structural_overrides"": {""adstock_decay_spec"": ""geometric"", ""alpha_m"": 0.64, ""ec_m"": 1.53, ""max_lag"": 4, ""slope_m"": 1.2}, ""sweep_type"": ""fixed_full_grid"", ""target_channel"": ""amazon"", ""two_layer_enabled"": false}",beehiiv,REVIEW,REVIEW:PriorPosteriorShift,PriorPosteriorShift,"beehiiv,liveintent,tiktok",0.762659886876742,0.513239237734427,0.249420649142315,0.3270404716888241,0.64,1.53,1.2,4,geometric,prior_sweep,roi_full,roi,non_revenue,revenue,__revenue_equiv__,100.0,amazon,fixed_full_grid,False,roi,roi,Revenue-equivalent ROI,2.5,0.5,LogNormal,target_channels,amazon,configured,,,,upload_1bc112d58beb_monthly_mocha,/Users/jasper/Documents/Intern/BlueAlpha/capstone-Blue_Alpha_1/backend/storage/uploads/upload_1bc112d58beb_monthly_mocha.csv,2.5,0.5,LogNormal,0.8561781928458713,0.1083850640803575,0.4253711998462677,2.5097618103027344,0.5307426418742007,0.0865205809473991,0.3591592013835907,1.4702074766159057,0.5619838405018552,0.5,0.5,LogNormal,0.0040569202115863,0.0184358348286948,328172.2732613,250283.82880154633,168430.8873742037,-81852.94142734262,81852.94142734262,100.0,25028382.880154632,16843088.737420373,-8185294.142734259,8185294.142734259
"multi|amazon,beehiiv,liveintent,meta,moloco,tiktok|pmode=roi|rpk=100.0|target=amazon|mu=2.500000|sigma=0.500000|dist=LogNormal|2.500000|0.500000|LogNormal|alpha=0p64|ec=1p53|slope=1p2|lag=4|decay=geometric",amazon,"{""kpi_type"": ""non_revenue"", ""kpi_type_effective"": ""revenue"", ""prior_design_mode"": ""roi"", ""prior_grid_type"": ""roi"", ""revenue_per_kpi"": 100.0, ""roi_prior_overrides"": {""amazon"": {""dist"": ""LogNormal"", ""mu"": 2.5, ""sigma"": 0.5}, ""beehiiv"": {""dist"": ""LogNormal"", ""mu"": 0.5, ""sigma"": 0.5}, ""liveintent"": {""dist"": ""LogNormal"", ""mu"": 0.5, ""sigma"": 0.5}, ""meta"": {""dist"": ""LogNormal"", ""mu"": 0.5, ""sigma"": 0.5}, ""moloco"": {""dist"": ""LogNormal"", ""mu"": 0.5, ""sigma"": 0.5}, ""tiktok"": {""dist"": ""LogNormal"", ""mu"": 0.5, ""sigma"": 0.5}}, ""run_mode"": ""roi_full"", ""structural_overrides"": {""adstock_decay_spec"": ""geometric"", ""alpha_m"": 0.64, ""ec_m"": 1.53, ""max_lag"": 4, ""slope_m"": 1.2}, ""sweep_type"": ""fixed_full_grid"", ""target_channel"": ""amazon"", ""two_layer_enabled"": false}",google,REVIEW,REVIEW:PriorPosteriorShift,PriorPosteriorShift,"beehiiv,liveintent,tiktok",0.5177610162024696,0.2720804044022225,0.24568061180024714,0.4745058127438744,0.64,1.53,1.2,4,geometric,prior_sweep,roi_full,roi,non_revenue,revenue,__revenue_equiv__,100.0,amazon,fixed_full_grid,False,roi,roi,Revenue-equivalent ROI,2.5,0.5,LogNormal,target_channels,amazon,configured,,,,upload_1bc112d58beb_monthly_mocha,/Users/jasper/Documents/Intern/BlueAlpha/capstone-Blue_Alpha_1/backend/storage/uploads/upload_1bc112d58beb_monthly_mocha.csv,2.5,0.5,LogNormal,0.4950598479489236,0.0569363014772534,0.2887331247329712,1.5954086780548096,0.2232413902884264,0.0494303606450557,0.2040444165468216,0.7086679250001897,0.42156582416685867,0.4,0.5,LogNormal,0.4387547272982577,0.1222462556902321,10298543.94665,5332184.579223297,2802032.001758592,-2530152.5774647044,2530152.5774647044,100.0,533218457.92232966,280203200.1758592,-253015257.74647045,253015257.74647045
"multi|amazon,beehiiv,liveintent,meta,moloco,tiktok|pmode=roi|rpk=100.0|target=amazon|mu=2.500000|sigma=0.500000|dist=LogNormal|2.500000|0.500000|LogNormal|alpha=0p64|ec=1p53|slope=1p2|lag=4|decay=geometric",amazon,"{""kpi_type"": ""non_revenue"", ""kpi_type_effective"": ""revenue"", ""prior_design_mode"": ""roi"", ""prior_grid_type"": ""roi"", ""revenue_per_kpi"": 100.0, ""roi_prior_overrides"": {""amazon"": {""dist"": ""LogNormal"", ""mu"": 2.5, ""sigma"": 0.5}, ""beehiiv"": {""dist"": ""LogNormal"", ""mu"": 0.5, ""sigma"": 0.5}, ""liveintent"": {""dist"": ""LogNormal"", ""mu"": 0.5, ""sigma"": 0.5}, ""meta"": {""dist"": ""LogNormal"", ""mu"": 0.5, ""sigma"": 0.5}, ""moloco"": {""dist"": ""LogNormal"", ""mu"": 0.5, ""sigma"": 0.5}, ""tiktok"": {""dist"": ""LogNormal"", ""mu"": 0.5, ""sigma"": 0.5}}, ""run_mode"": ""roi_full"", ""structural_overrides"": {""adstock_decay_spec"": ""geometric"", ""alpha_m"": 0.64, ""ec_m"": 1.53, ""max_lag"": 4, ""slope_m"": 1.2}, ""sweep_type"": ""fixed_full_grid"", ""target_channel"": ""amazon"", ""two_layer_enabled"": false}",liveintent,REVIEW,REVIEW:PriorPosteriorShift,PriorPosteriorShift,"beehiiv,liveintent,tiktok",0.5128150204243138,0.5170837523695081,0.004268731945194282,0.008324116445852736,0.64,1.53,1.2,4,geometric,prior_sweep,roi_full,roi,non_revenue,revenue,__revenue_equiv__,100.0,amazon,fixed_full_grid,False,roi,roi,Revenue-equivalent ROI,2.5,0.5,LogNormal,target_channels,amazon,configured,,,,upload_1bc112d58beb_monthly_mocha,/Users/jasper/Documents/Intern/BlueAlpha/capstone-Blue_Alpha_1/backend/storage/uploads/upload_1bc112d58beb_monthly_mocha.csv,2.5,0.5,LogNormal,0.477736227784908,0.0928924188017845,0.3985480219125747,1.2810815036296836,0.5491780515609346,0.0883992072194814,0.3683661967515945,1.4663838744163504,0.862265824223533,0.5,0.5,LogNormal,0.0099621635324049,0.025203179347792,797987.173079,409219.8084608478,412626.2017984254,3406.3933375775814,3406.3933375775814,100.0,40921980.84608478,41262620.17984254,340639.33375775814,340639.33375775814
"multi|amazon,beehiiv,liveintent,meta,moloco,tiktok|pmode=roi|rpk=100.0|target=amazon|mu=2.500000|sigma=0.500000|dist=LogNormal|2.500000|0.500000|LogNormal|alpha=0p64|ec=1p53|slope=1p2|lag=4|decay=geometric",amazon,"{""kpi_type"": ""non_revenue"", ""kpi_type_effective"": ""revenue"", ""prior_design_mode"": ""roi"", ""prior_grid_type"": ""roi"", ""revenue_per_kpi"": 100.0, ""roi_prior_overrides"": {""amazon"": {""dist"": ""LogNormal"", ""mu"": 2.5, ""sigma"": 0.5}, ""beehiiv"": {""dist"": ""LogNormal"", ""mu"": 0.5, ""sigma"": 0.5}, ""liveintent"": {""dist"": ""LogNormal"", ""mu"": 0.5, ""sigma"": 0.5}, ""meta"": {""dist"": ""LogNormal"", ""mu"": 0.5, ""sigma"": 0.5}, ""moloco"": {""dist"": ""LogNormal"", ""mu"": 0.5, ""sigma"": 0.5}, ""tiktok"": {""dist"": ""LogNormal"", ""mu"": 0.5, ""sigma"": 0.5}}, ""run_mode"": ""roi_full"", ""structural_overrides"": {""adstock_decay_spec"": ""geometric"", ""alpha_m"": 0.64, ""ec_m"": 1.53, ""max_lag"": 4, ""slope_m"": 1.2}, ""sweep_type"": ""fixed_full_grid"", ""target_channel"": ""amazon"", ""two_layer_enabled"": false}",meta,REVIEW,REVIEW:PriorPosteriorShift,PriorPosteriorShift,"beehiiv,liveintent,tiktok",0.6200743053123976,0.4172985075988496,0.20277579771354798,0.32701854596504876,0.64,1.53,1.2,4,geometric,prior_sweep,roi_full,roi,non_revenue,revenue,__revenue_equiv__,100.0,amazon,fixed_full_grid,False,roi,roi,Revenue-equivalent ROI,2.5,0.5,LogNormal,target_channels,amazon,configured,,,,upload_1bc112d58beb_monthly_mocha,/Users/jasper/Documents/Intern/BlueAlpha/capstone-Blue_Alpha_1/backend/storage/uploads/upload_1bc112d58beb_monthly_mocha.csv,2.5,0.5,LogNormal,0.4861901734527795,0.1053347028791904,0.4240260720252991,1.5302040576934814,0.3564280116836473,0.0859801143407821,0.3026926964521408,1.140083074569702,0.7164736303210643,0.5,0.5,LogNormal,0.1062367384360314,0.0893242349324742,840158.1265220001,520960.46665569465,350596.7323446761,-170363.73431101855,170363.73431101855,100.0,52096046.66556946,35059673.23446761,-17036373.43110185,17036373.43110185
"multi|amazon,beehiiv,liveintent,meta,moloco,tiktok|pmode=roi|rpk=100.0|target=amazon|mu=2.500000|sigma=0.500000|dist=LogNormal|2.500000|0.500000|LogNormal|alpha=0p64|ec=1p53|slope=1p2|lag=4|decay=geometric",amazon,"{""kpi_type"": ""non_revenue"", ""kpi_type_effective"": ""revenue"", ""prior_design_mode"": ""roi"", ""prior_grid_type"": ""roi"", ""revenue_per_kpi"": 100.0, ""roi_prior_overrides"": {""amazon"": {""dist"": ""LogNormal"", ""mu"": 2.5, ""sigma"": 0.5}, ""beehiiv"": {""dist"": ""LogNormal"", ""mu"": 0.5, ""sigma"": 0.5}, ""liveintent"": {""dist"": ""LogNormal"", ""mu"": 0.5, ""sigma"": 0.5}, ""meta"": {""dist"": ""LogNormal"", ""mu"": 0.5, ""sigma"": 0.5}, ""moloco"": {""dist"": ""LogNormal"", ""mu"": 0.5, ""sigma"": 0.5}, ""tiktok"": {""dist"": ""LogNormal"", ""mu"": 0.5, ""sigma"": 0.5}}, ""run_mode"": ""roi_full"", ""structural_overrides"": {""adstock_decay_spec"": ""geometric"", ""alpha_m"": 0.64, ""ec_m"": 1.53, ""max_lag"": 4, ""slope_m"": 1.2}, ""sweep_type"": ""fixed_full_grid"", ""target_channel"": ""amazon"", ""two_layer_enabled"": false}",moloco,REVIEW,REVIEW:PriorPosteriorShift,PriorPosteriorShift,"beehiiv,liveintent,tiktok",0.6339402654984345,0.5594075612754872,0.07453270422294733,0.11757054769875852,0.64,1.53,1.2,4,geometric,prior_sweep,roi_full,roi,non_revenue,revenue,__revenue_equiv__,100.0,amazon,fixed_full_grid,False,roi,roi,Revenue-equivalent ROI,2.5,0.5,LogNormal,target_channels,amazon,configured,,,,upload_1bc112d58beb_monthly_mocha,/Users/jasper/Documents/Intern/BlueAlpha/capstone-Blue_Alpha_1/backend/storage/uploads/upload_1bc112d58beb_monthly_mocha.csv,2.5,0.5,LogNormal,0.5400197894281911,0.1072283249348402,0.4539413452148437,1.7795422077178955,0.601414481453051,0.0981675308197736,0.3829754590988159,1.5681647598743438,0.8688940395098057,0.5,0.5,LogNormal,0.0457810222645341,0.0502515527842672,842234.6095886,533926.4320145674,471152.4089717708,-62774.023042796645,62774.023042796645,100.0,53392643.20145674,47115240.89717708,-6277402.304279663,6277402.304279663
"multi|amazon,beehiiv,liveintent,meta,moloco,tiktok|pmode=roi|rpk=100.0|target=amazon|mu=2.500000|sigma=0.500000|dist=LogNormal|2.500000|0.500000|LogNormal|alpha=0p64|ec=1p53|slope=1p2|lag=4|decay=geometric",amazon,"{""kpi_type"": ""non_revenue"", ""kpi_type_effective"": ""revenue"", ""prior_design_mode"": ""roi"", ""prior_grid_type"": ""roi"", ""revenue_per_kpi"": 100.0, ""roi_prior_overrides"": {""amazon"": {""dist"": ""LogNormal"", ""mu"": 2.5, ""sigma"": 0.5}, ""beehiiv"": {""dist"": ""LogNormal"", ""mu"": 0.5, ""sigma"": 0.5}, ""liveintent"": {""dist"": ""LogNormal"", ""mu"": 0.5, ""sigma"": 0.5}, ""meta"": {""dist"": ""LogNormal"", ""mu"": 0.5, ""sigma"": 0.5}, ""moloco"": {""dist"": ""LogNormal"", ""mu"": 0.5, ""sigma"": 0.5}, ""tiktok"": {""dist"": ""LogNormal"", ""mu"": 0.5, ""sigma"": 0.5}}, ""run_mode"": ""roi_full"", ""structural_overrides"": {""adstock_decay_spec"": ""geometric"", ""alpha_m"": 0.64, ""ec_m"": 1.53, ""max_lag"": 4, ""slope_m"": 1.2}, ""sweep_type"": ""fixed_full_grid"", ""target_channel"": ""amazon"", ""two_layer_enabled"": false}",snapchat,REVIEW,REVIEW:PriorPosteriorShift,PriorPosteriorShift,"beehiiv,liveintent,tiktok",0.8269837570687135,0.4433934770703005,0.383590279998413,0.4638425806065024,0.64,1.53,1.2,4,geometric,prior_sweep,roi_full,roi,non_revenue,revenue,__revenue_equiv__,100.0,amazon,fixed_full_grid,False,roi,roi,Revenue-equivalent ROI,2.5,0.5,LogNormal,target_channels,amazon,configured,,,,upload_1bc112d58beb_monthly_mocha,/Users/jasper/Documents/Intern/BlueAlpha/capstone-Blue_Alpha_1/backend/storage/uploads/upload_1bc112d58beb_monthly_mocha.csv,2.5,0.5,LogNormal,0.8713437341396965,0.0716421011835336,0.4354811757802963,2.750908374786377,0.4831719125127203,0.0511217825114727,0.2875766158103943,1.36540584564209,0.4792096338875439,0.4,0.5,LogNormal,0.0049117633559693,0.0490218676841253,4342436.908989999,3591124.789830401,1925408.200035484,-1665716.589794917,1665716.589794917,100.0,359112478.9830401,192540820.0035484,-166571658.97949168,166571658.97949168
"multi|amazon,beehiiv,liveintent,meta,moloco,tiktok|pmode=roi|rpk=100.0|target=amazon|mu=2.500000|sigma=0.500000|dist=LogNormal|2.500000|0.500000|LogNormal|alpha=0p64|ec=1p53|slope=1p2|lag=4|decay=geometric",amazon,"{""kpi_type"": ""non_revenue"", ""kpi_type_effective"": ""revenue"", ""prior_design_mode"": ""roi"", ""prior_grid_type"": ""roi"", ""revenue_per_kpi"": 100.0, ""roi_prior_overrides"": {""amazon"": {""dist"": ""LogNormal"", ""mu"": 2.5, ""sigma"": 0.5}, ""beehiiv"": {""dist"": ""LogNormal"", ""mu"": 0.5, ""sigma"": 0.5}, ""liveintent"": {""dist"": ""LogNormal"", ""mu"": 0.5, ""sigma"": 0.5}, ""meta"": {""dist"": ""LogNormal"", ""mu"": 0.5, ""sigma"": 0.5}, ""moloco"": {""dist"": ""LogNormal"", ""mu"": 0.5, ""sigma"": 0.5}, ""tiktok"": {""dist"": ""LogNormal"", ""mu"": 0.5, ""sigma"": 0.5}}, ""run_mode"": ""roi_full"", ""structural_overrides"": {""adstock_decay_spec"": ""geometric"", ""alpha_m"": 0.64, ""ec_m"": 1.53, ""max_lag"": 4, ""slope_m"": 1.2}, ""sweep_type"": ""fixed_full_grid"", ""target_channel"": ""amazon"", ""two_layer_enabled"": false}",tiktok,REVIEW,REVIEW:PriorPosteriorShift,PriorPosteriorShift,"beehiiv,liveintent,tiktok",0.464742603781633,0.4796307339705526,0.014888130188919602,0.032035217059452226,0.64,1.53,1.2,4,geometric,prior_sweep,roi_full,roi,non_revenue,revenue,__revenue_equiv__,100.0,amazon,fixed_full_grid,False,roi,roi,Revenue-equivalent ROI,2.5,0.5,LogNormal,target_channels,amazon,configured,,,,upload_1bc112d58beb_monthly_mocha,/Users/jasper/Documents/Intern/BlueAlpha/capstone-Blue_Alpha_1/backend/storage/uploads/upload_1bc112d58beb_monthly_mocha.csv,2.5,0.5,LogNormal,0.4119649280983944,0.0886418987065553,0.3509712815284729,1.194995081424713,0.4186530733405517,0.0849971365183591,0.3504008650779724,1.3376563608646386,0.8832036368833878,0.5,0.5,LogNormal,0.0289361143570191,0.0382943534701839,1752685.0091300001,814547.3947521115,840641.5973482067,26094.202596095158,26094.202596095158,100.0,81454739.47521116,84064159.73482066,2609420.2596095055,2609420.2596095055
"multi|amazon,beehiiv,liveintent,meta,moloco,tiktok|pmode=roi|rpk=100.0|target=amazon|mu=3.000000|sigma=1.000000|dist=LogNormal|3.000000|1.000000|LogNormal|alpha=0p64|ec=1p53|slope=1p2|lag=4|decay=geometric",amazon,"{""kpi_type"": ""non_revenue"", ""kpi_type_effective"": ""revenue"", ""prior_design_mode"": ""roi"", ""prior_grid_type"": ""roi"", ""revenue_per_kpi"": 100.0, ""roi_prior_overrides"": {""amazon"": {""dist"": ""LogNormal"", ""mu"": 3.0, ""sigma"": 1.0}, ""beehiiv"": {""dist"": ""LogNormal"", ""mu"": 0.5, ""sigma"": 0.5}, ""liveintent"": {""dist"": ""LogNormal"", ""mu"": 0.5, ""sigma"": 0.5}, ""meta"": {""dist"": ""LogNormal"", ""mu"": 0.5, ""sigma"": 0.5}, ""moloco"": {""dist"": ""LogNormal"", ""mu"": 0.5, ""sigma"": 0.5}, ""tiktok"": {""dist"": ""LogNormal"", ""mu"": 0.5, ""sigma"": 0.5}}, ""run_mode"": ""roi_full"", ""structural_overrides"": {""adstock_decay_spec"": ""geometric"", ""alpha_m"": 0.64, ""ec_m"": 1.53, ""max_lag"": 4, ""slope_m"": 1.2}, ""sweep_type"": ""fixed_full_grid"", ""target_channel"": ""amazon"", ""two_layer_enabled"": false}",amazon,REVIEW,REVIEW:PriorPosteriorShift,PriorPosteriorShift,"amazon,beehiiv",0.6377680289559067,2.989580678741137,2.3518126497852307,3.6875674900722055,0.64,1.53,1.2,4,geometric,prior_sweep,roi_full,roi,non_revenue,revenue,__revenue_equiv__,100.0,amazon,fixed_full_grid,False,roi,roi,Revenue-equivalent ROI,3.0,1.0,LogNormal,target_channels,amazon,configured,,,,upload_1bc112d58beb_monthly_mocha,/Users/jasper/Documents/Intern/BlueAlpha/capstone-Blue_Alpha_1/backend/storage/uploads/upload_1bc112d58beb_monthly_mocha.csv,3.0,1.0,LogNormal,0.6114372134697085,0.0995406173169612,0.4413366019725799,2.029905021190642,0.9878482055159362,1.633471953868866,2.848699688911438,5.002422928810118,0.08085714527400997,3.0,1.0,LogNormal,0.0002025508778579,0.0425396089351338,15740.258094,10038.633379867637,47056.7714762212,37018.13809635356,37018.13809635356,100.0,1003863.3379867637,4705677.14762212,3701813.809635356,3701813.809635356
"multi|amazon,beehiiv,liveintent,meta,moloco,tiktok|pmode=roi|rpk=100.0|target=amazon|mu=3.000000|sigma=1.000000|dist=LogNormal|3.000000|1.000000|LogNormal|alpha=0p64|ec=1p53|slope=1p2|lag=4|decay=geometric",amazon,"{""kpi_type"": ""non_revenue"", ""kpi_type_effective"": ""revenue"", ""prior_design_mode"": ""roi"", ""prior_grid_type"": ""roi"", ""revenue_per_kpi"": 100.0, ""roi_prior_overrides"": {""amazon"": {""dist"": ""LogNormal"", ""mu"": 3.0, ""sigma"": 1.0}, ""beehiiv"": {""dist"": ""LogNormal"", ""mu"": 0.5, ""sigma"": 0.5}, ""liveintent"": {""dist"": ""LogNormal"", ""mu"": 0.5, ""sigma"": 0.5}, ""meta"": {""dist"": ""LogNormal"", ""mu"": 0.5, ""sigma"": 0.5}, ""moloco"": {""dist"": ""LogNormal"", ""mu"": 0.5, ""sigma"": 0.5}, ""tiktok"": {""dist"": ""LogNormal"", ""mu"": 0.5, ""sigma"": 0.5}}, ""run_mode"": ""roi_full"", ""structural_overrides"": {""adstock_decay_spec"": ""geometric"", ""alpha_m"": 0.64, ""ec_m"": 1.53, ""max_lag"": 4, ""slope_m"": 1.2}, ""sweep_type"": ""fixed_full_grid"", ""target_channel"": ""amazon"", ""two_layer_enabled"": false}",beehiiv,REVIEW,REVIEW:PriorPosteriorShift,PriorPosteriorShift,"amazon,beehiiv",0.762659886876742,0.4975006885795544,0.26515919829718765,0.3476768646940016,0.64,1.53,1.2,4,geometric,prior_sweep,roi_full,roi,non_revenue,revenue,__revenue_equiv__,100.0,amazon,fixed_full_grid,False,roi,roi,Revenue-equivalent ROI,3.0,1.0,LogNormal,target_channels,amazon,configured,,,,upload_1bc112d58beb_monthly_mocha,/Users/jasper/Documents/Intern/BlueAlpha/capstone-Blue_Alpha_1/backend/storage/uploads/upload_1bc112d58beb_monthly_mocha.csv,3.0,1.0,LogNormal,0.8561781928458713,0.1083850640803575,0.4253711998462677,2.5097618103027344,0.4907030563637297,0.0859465777873993,0.3553447276353836,1.392656499147415,0.5298553362643463,0.5,0.5,LogNormal,0.0003603989312662,0.0240259285699373,328172.2732613,250283.82880154633,163265.93192021444,-87017.8968813319,87017.8968813319,100.0,25028382.880154632,16326593.192021444,-8701789.688133188,8701789.688133188
"multi|amazon,beehiiv,liveintent,meta,moloco,tiktok|pmode=roi|rpk=100.0|target=amazon|mu=3.000000|sigma=1.000000|dist=LogNormal|3.000000|1.000000|LogNormal|alpha=0p64|ec=1p53|slope=1p2|lag=4|decay=geometric",amazon,"{""kpi_type"": ""non_revenue"", ""kpi_type_effective"": ""revenue"", ""prior_design_mode"": ""roi"", ""prior_grid_type"": ""roi"", ""revenue_per_kpi"": 100.0, ""roi_prior_overrides"": {""amazon"": {""dist"": ""LogNormal"", ""mu"": 3.0, ""sigma"": 1.0}, ""beehiiv"": {""dist"": ""LogNormal"", ""mu"": 0.5, ""sigma"": 0.5}, ""liveintent"": {""dist"": ""LogNormal"", ""mu"": 0.5, ""sigma"": 0.5}, ""meta"": {""dist"": ""LogNormal"", ""mu"": 0.5, ""sigma"": 0.5}, ""moloco"": {""dist"": ""LogNormal"", ""mu"": 0.5, ""sigma"": 0.5}, ""tiktok"": {""dist"": ""LogNormal"", ""mu"": 0.5, ""sigma"": 0.5}}, ""run_mode"": ""roi_full"", ""structural_overrides"": {""adstock_decay_spec"": ""geometric"", ""alpha_m"": 0.64, ""ec_m"": 1.53, ""max_lag"": 4, ""slope_m"": 1.2}, ""sweep_type"": ""fixed_full_grid"", ""target_channel"": ""amazon"", ""two_layer_enabled"": false}",google,REVIEW,REVIEW:PriorPosteriorShift,PriorPosteriorShift,"amazon,beehiiv",0.5177610162024696,0.2694608088644842,0.2483002073379854,0.4795652812163209,0.64,1.53,1.2,4,geometric,prior_sweep,roi_full,roi,non_revenue,revenue,__revenue_equiv__,100.0,amazon,fixed_full_grid,False,roi,roi,Revenue-equivalent ROI,3.0,1.0,LogNormal,target_channels,amazon,configured,,,,upload_1bc112d58beb_monthly_mocha,/Users/jasper/Documents/Intern/BlueAlpha/capstone-Blue_Alpha_1/backend/storage/uploads/upload_1bc112d58beb_monthly_mocha.csv,3.0,1.0,LogNormal,0.4950598479489236,0.0569363014772534,0.2887331247329712,1.5954086780548096,0.2074500139233711,0.0473771857097745,0.2146253138780594,0.7182121008634564,0.4271720586152092,0.4,0.5,LogNormal,0.4998696619248037,0.1248942215534488,10298543.94665,5332184.579223297,2775053.9819907467,-2557130.59723255,2557130.59723255,100.0,533218457.92232966,277505398.1990747,-255713059.72325498,255713059.72325498
"multi|amazon,beehiiv,liveintent,meta,moloco,tiktok|pmode=roi|rpk=100.0|target=amazon|mu=3.000000|sigma=1.000000|dist=LogNormal|3.000000|1.000000|LogNormal|alpha=0p64|ec=1p53|slope=1p2|lag=4|decay=geometric",amazon,"{""kpi_type"": ""non_revenue"", ""kpi_type_effective"": ""revenue"", ""prior_design_mode"": ""roi"", ""prior_grid_type"": ""roi"", ""revenue_per_kpi"": 100.0, ""roi_prior_overrides"": {""amazon"": {""dist"": ""LogNormal"", ""mu"": 3.0, ""sigma"": 1.0}, ""beehiiv"": {""dist"": ""LogNormal"", ""mu"": 0.5, ""sigma"": 0.5}, ""liveintent"": {""dist"": ""LogNormal"", ""mu"": 0.5, ""sigma"": 0.5}, ""meta"": {""dist"": ""LogNormal"", ""mu"": 0.5, ""sigma"": 0.5}, ""moloco"": {""dist"": ""LogNormal"", ""mu"": 0.5, ""sigma"": 0.5}, ""tiktok"": {""dist"": ""LogNormal"", ""mu"": 0.5, ""sigma"": 0.5}}, ""run_mode"": ""roi_full"", ""structural_overrides"": {""adstock_decay_spec"": ""geometric"", ""alpha_m"": 0.64, ""ec_m"": 1.53, ""max_lag"": 4, ""slope_m"": 1.2}, ""sweep_type"": ""fixed_full_grid"", ""target_channel"": ""amazon"", ""two_layer_enabled"": false}",liveintent,REVIEW,REVIEW:PriorPosteriorShift,PriorPosteriorShift,"amazon,beehiiv",0.5128150204243138,0.5229415156195562,0.010126495195242335,0.01974687712318457,0.64,1.53,1.2,4,geometric,prior_sweep,roi_full,roi,non_revenue,revenue,__revenue_equiv__,100.0,amazon,fixed_full_grid,False,roi,roi,Revenue-equivalent ROI,3.0,1.0,LogNormal,target_channels,amazon,configured,,,,upload_1bc112d58beb_monthly_mocha,/Users/jasper/Documents/Intern/BlueAlpha/capstone-Blue_Alpha_1/backend/storage/uploads/upload_1bc112d58beb_monthly_mocha.csv,3.0,1.0,LogNormal,0.477736227784908,0.0928924188017845,0.3985480219125747,1.2810815036296836,0.5203175370141279,0.0869465257972478,0.3544047474861145,1.5552524685859672,0.8092244607899625,0.5,0.5,LogNormal,0.0026821300390544,0.0191865241487215,797987.173079,409219.8084608478,417300.6217348973,8080.813274049491,8080.813274049491,100.0,40921980.84608478,41730062.173489735,808081.3274049535,808081.3274049535
"multi|amazon,beehiiv,liveintent,meta,moloco,tiktok|pmode=roi|rpk=100.0|target=amazon|mu=3.000000|sigma=1.000000|dist=LogNormal|3.000000|1.000000|LogNormal|alpha=0p64|ec=1p53|slope=1p2|lag=4|decay=geometric",amazon,"{""kpi_type"": ""non_revenue"", ""kpi_type_effective"": ""revenue"", ""prior_design_mode"": ""roi"", ""prior_grid_type"": ""roi"", ""revenue_per_kpi"": 100.0, ""roi_prior_overrides"": {""amazon"": {""dist"": ""LogNormal"", ""mu"": 3.0, ""sigma"": 1.0}, ""beehiiv"": {""dist"": ""LogNormal"", ""mu"": 0.5, ""sigma"": 0.5}, ""liveintent"": {""dist"": ""LogNormal"", ""mu"": 0.5, ""sigma"": 0.5}, ""meta"": {""dist"": ""LogNormal"", ""mu"": 0.5, ""sigma"": 0.5}, ""moloco"": {""dist"": ""LogNormal"", ""mu"": 0.5, ""sigma"": 0.5}, ""tiktok"": {""dist"": ""LogNormal"", ""mu"": 0.5, ""sigma"": 0.5}}, ""run_mode"": ""roi_full"", ""structural_overrides"": {""adstock_decay_spec"": ""geometric"", ""alpha_m"": 0.64, ""ec_m"": 1.53, ""max_lag"": 4, ""slope_m"": 1.2}, ""sweep_type"": ""fixed_full_grid"", ""target_channel"": ""amazon"", ""two_layer_enabled"": false}",meta,REVIEW,REVIEW:PriorPosteriorShift,PriorPosteriorShift,"amazon,beehiiv",0.6200743053123976,0.4261741397265965,0.1939001655858011,0.31270472574752617,0.64,1.53,1.2,4,geometric,prior_sweep,roi_full,roi,non_revenue,revenue,__revenue_equiv__,100.0,amazon,fixed_full_grid,False,roi,roi,Revenue-equivalent ROI,3.0,1.0,LogNormal,target_channels,amazon,configured,,,,upload_1bc112d58beb_monthly_mocha,/Users/jasper/Documents/Intern/BlueAlpha/capstone-Blue_Alpha_1/backend/storage/uploads/upload_1bc112d58beb_monthly_mocha.csv,3.0,1.0,LogNormal,0.4861901734527795,0.1053347028791904,0.4240260720252991,1.5302040576934814,0.3657776684107833,0.0952491279691457,0.3253025263547897,1.165548276901245,0.7388479958919187,0.5,0.5,LogNormal,0.0910695336662353,0.0804590318125934,840158.1265220001,520960.46665569465,358053.6668048224,-162906.79985087225,162906.79985087225,100.0,52096046.66556946,35805366.68048224,-16290679.985087223,16290679.985087223
"multi|amazon,beehiiv,liveintent,meta,moloco,tiktok|pmode=roi|rpk=100.0|target=amazon|mu=3.000000|sigma=1.000000|dist=LogNormal|3.000000|1.000000|LogNormal|alpha=0p64|ec=1p53|slope=1p2|lag=4|decay=geometric",amazon,"{""kpi_type"": ""non_revenue"", ""kpi_type_effective"": ""revenue"", ""prior_design_mode"": ""roi"", ""prior_grid_type"": ""roi"", ""revenue_per_kpi"": 100.0, ""roi_prior_overrides"": {""amazon"": {""dist"": ""LogNormal"", ""mu"": 3.0, ""sigma"": 1.0}, ""beehiiv"": {""dist"": ""LogNormal"", ""mu"": 0.5, ""sigma"": 0.5}, ""liveintent"": {""dist"": ""LogNormal"", ""mu"": 0.5, ""sigma"": 0.5}, ""meta"": {""dist"": ""LogNormal"", ""mu"": 0.5, ""sigma"": 0.5}, ""moloco"": {""dist"": ""LogNormal"", ""mu"": 0.5, ""sigma"": 0.5}, ""tiktok"": {""dist"": ""LogNormal"", ""mu"": 0.5, ""sigma"": 0.5}}, ""run_mode"": ""roi_full"", ""structural_overrides"": {""adstock_decay_spec"": ""geometric"", ""alpha_m"": 0.64, ""ec_m"": 1.53, ""max_lag"": 4, ""slope_m"": 1.2}, ""sweep_type"": ""fixed_full_grid"", ""target_channel"": ""amazon"", ""two_layer_enabled"": false}",moloco,REVIEW,REVIEW:PriorPosteriorShift,PriorPosteriorShift,"amazon,beehiiv",0.6339402654984345,0.554040672397241,0.07989959310119354,0.12603646975850735,0.64,1.53,1.2,4,geometric,prior_sweep,roi_full,roi,non_revenue,revenue,__revenue_equiv__,100.0,amazon,fixed_full_grid,False,roi,roi,Revenue-equivalent ROI,3.0,1.0,LogNormal,target_channels,amazon,configured,,,,upload_1bc112d58beb_monthly_mocha,/Users/jasper/Documents/Intern/BlueAlpha/capstone-Blue_Alpha_1/backend/storage/uploads/upload_1bc112d58beb_monthly_mocha.csv,3.0,1.0,LogNormal,0.5400197894281911,0.1072283249348402,0.4539413452148437,1.7795422077178955,0.5577766032964837,0.1074562896043062,0.379536435008049,1.6333408355712888,0.9124390831627938,0.5,0.5,LogNormal,0.0187198356348251,0.0454296786718769,842234.6095886,533926.4320145674,466632.2294126957,-67294.20260187174,67294.20260187174,100.0,53392643.20145674,46663222.94126957,-6729420.260187171,6729420.260187171
"multi|amazon,beehiiv,liveintent,meta,moloco,tiktok|pmode=roi|rpk=100.0|target=amazon|mu=3.000000|sigma=1.000000|dist=LogNormal|3.000000|1.000000|LogNormal|alpha=0p64|ec=1p53|slope=1p2|lag=4|decay=geometric",amazon,"{""kpi_type"": ""non_revenue"", ""kpi_type_effective"": ""revenue"", ""prior_design_mode"": ""roi"", ""prior_grid_type"": ""roi"", ""revenue_per_kpi"": 100.0, ""roi_prior_overrides"": {""amazon"": {""dist"": ""LogNormal"", ""mu"": 3.0, ""sigma"": 1.0}, ""beehiiv"": {""dist"": ""LogNormal"", ""mu"": 0.5, ""sigma"": 0.5}, ""liveintent"": {""dist"": ""LogNormal"", ""mu"": 0.5, ""sigma"": 0.5}, ""meta"": {""dist"": ""LogNormal"", ""mu"": 0.5, ""sigma"": 0.5}, ""moloco"": {""dist"": ""LogNormal"", ""mu"": 0.5, ""sigma"": 0.5}, ""tiktok"": {""dist"": ""LogNormal"", ""mu"": 0.5, ""sigma"": 0.5}}, ""run_mode"": ""roi_full"", ""structural_overrides"": {""adstock_decay_spec"": ""geometric"", ""alpha_m"": 0.64, ""ec_m"": 1.53, ""max_lag"": 4, ""slope_m"": 1.2}, ""sweep_type"": ""fixed_full_grid"", ""target_channel"": ""amazon"", ""two_layer_enabled"": false}",snapchat,REVIEW,REVIEW:PriorPosteriorShift,PriorPosteriorShift,"amazon,beehiiv",0.8269837570687135,0.3881934566888958,0.4387903003798177,0.530591195569708,0.64,1.53,1.2,4,geometric,prior_sweep,roi_full,roi,non_revenue,revenue,__revenue_equiv__,100.0,amazon,fixed_full_grid,False,roi,roi,Revenue-equivalent ROI,3.0,1.0,LogNormal,target_channels,amazon,configured,,,,upload_1bc112d58beb_monthly_mocha,/Users/jasper/Documents/Intern/BlueAlpha/capstone-Blue_Alpha_1/backend/storage/uploads/upload_1bc112d58beb_monthly_mocha.csv,3.0,1.0,LogNormal,0.8713437341396965,0.0716421011835336,0.4354811757802963,2.750908374786377,0.3503011780001386,0.0550581904128193,0.2796128690242767,1.0987581849098205,0.3809989478198547,0.4,0.5,LogNormal,0.1015154249386344,0.0367175374343644,4342436.908989999,3591124.789830401,1685705.594154272,-1905419.195676129,1905419.195676129,100.0,359112478.9830401,168570559.4154272,-190541919.5676129,190541919.5676129
"multi|amazon,beehiiv,liveintent,meta,moloco,tiktok|pmode=roi|rpk=100.0|target=amazon|mu=3.000000|sigma=1.000000|dist=LogNormal|3.000000|1.000000|LogNormal|alpha=0p64|ec=1p53|slope=1p2|lag=4|decay=geometric",amazon,"{""kpi_type"": ""non_revenue"", ""kpi_type_effective"": ""revenue"", ""prior_design_mode"": ""roi"", ""prior_grid_type"": ""roi"", ""revenue_per_kpi"": 100.0, ""roi_prior_overrides"": {""amazon"": {""dist"": ""LogNormal"", ""mu"": 3.0, ""sigma"": 1.0}, ""beehiiv"": {""dist"": ""LogNormal"", ""mu"": 0.5, ""sigma"": 0.5}, ""liveintent"": {""dist"": ""LogNormal"", ""mu"": 0.5, ""sigma"": 0.5}, ""meta"": {""dist"": ""LogNormal"", ""mu"": 0.5, ""sigma"": 0.5}, ""moloco"": {""dist"": ""LogNormal"", ""mu"": 0.5, ""sigma"": 0.5}, ""tiktok"": {""dist"": ""LogNormal"", ""mu"": 0.5, ""sigma"": 0.5}}, ""run_mode"": ""roi_full"", ""structural_overrides"": {""adstock_decay_spec"": ""geometric"", ""alpha_m"": 0.64, ""ec_m"": 1.53, ""max_lag"": 4, ""slope_m"": 1.2}, ""sweep_type"": ""fixed_full_grid"", ""target_channel"": ""amazon"", ""two_layer_enabled"": false}",tiktok,REVIEW,REVIEW:PriorPosteriorShift,PriorPosteriorShift,"amazon,beehiiv",0.464742603781633,0.4678042782462823,0.0030616744646492777,0.006587892824406971,0.64,1.53,1.2,4,geometric,prior_sweep,roi_full,roi,non_revenue,revenue,__revenue_equiv__,100.0,amazon,fixed_full_grid,False,roi,roi,Revenue-equivalent ROI,3.0,1.0,LogNormal,target_channels,amazon,configured,,,,upload_1bc112d58beb_monthly_mocha,/Users/jasper/Documents/Intern/BlueAlpha/capstone-Blue_Alpha_1/backend/storage/uploads/upload_1bc112d58beb_monthly_mocha.csv,3.0,1.0,LogNormal,0.4119649280983944,0.0886418987065553,0.3509712815284729,1.194995081424713,0.4175744491287006,0.0867612402886152,0.3437277227640152,1.2754319787025452,0.930748227380771,0.5,0.5,LogNormal,0.030955218891041,0.0501651305975856,1752685.0091300001,814547.3947521115,819913.5456891384,5366.150937026832,5366.150937026832,100.0,81454739.47521116,81991354.56891383,536615.0937026739,536615.0937026739
"multi|amazon,beehiiv,liveintent,meta,moloco,tiktok|pmode=roi|rpk=100.0|target=amazon|mu=3.000000|sigma=1.500000|dist=LogNormal|3.000000|1.500000|LogNormal|alpha=0p64|ec=1p53|slope=1p2|lag=4|decay=geometric",amazon,"{""kpi_type"": ""non_revenue"", ""kpi_type_effective"": ""revenue"", ""prior_design_mode"": ""roi"", ""prior_grid_type"": ""roi"", ""revenue_per_kpi"": 100.0, ""roi_prior_overrides"": {""amazon"": {""dist"": ""LogNormal"", ""mu"": 3.0, ""sigma"": 1.5}, ""beehiiv"": {""dist"": ""LogNormal"", ""mu"": 0.5, ""sigma"": 0.5}, ""liveintent"": {""dist"": ""LogNormal"", ""mu"": 0.5, ""sigma"": 0.5}, ""meta"": {""dist"": ""LogNormal"", ""mu"": 0.5, ""sigma"": 0.5}, ""moloco"": {""dist"": ""LogNormal"", ""mu"": 0.5, ""sigma"": 0.5}, ""tiktok"": {""dist"": ""LogNormal"", ""mu"": 0.5, ""sigma"": 0.5}}, ""run_mode"": ""roi_full"", ""structural_overrides"": {""adstock_decay_spec"": ""geometric"", ""alpha_m"": 0.64, ""ec_m"": 1.53, ""max_lag"": 4, ""slope_m"": 1.2}, ""sweep_type"": ""fixed_full_grid"", ""target_channel"": ""amazon"", ""two_layer_enabled"": false}",amazon,REVIEW,REVIEW:PriorPosteriorShift,PriorPosteriorShift,"amazon,beehiiv,liveintent",0.6377680289559067,3.0262628301481405,2.388494801192234,3.7450839376543392,0.64,1.53,1.2,4,geometric,prior_sweep,roi_full,roi,non_revenue,revenue,__revenue_equiv__,100.0,amazon,fixed_full_grid,False,roi,roi,Revenue-equivalent ROI,3.0,1.5,LogNormal,target_channels,amazon,configured,,,,upload_1bc112d58beb_monthly_mocha,/Users/jasper/Documents/Intern/BlueAlpha/capstone-Blue_Alpha_1/backend/storage/uploads/upload_1bc112d58beb_monthly_mocha.csv,3.0,1.5,LogNormal,0.6114372134697085,0.0995406173169612,0.4413366019725799,2.029905021190642,1.4993321212881952,1.2561708509922027,2.6923855543136597,5.979098367691034,0.13159734167917855,3.0,1.5,LogNormal,0.000153473000842,0.0961925642751162,15740.258094,10038.633379867637,47634.15800681062,37595.524626942984,37595.524626942984,100.0,1003863.3379867637,4763415.800681062,3759552.4626942985,3759552.4626942985
"multi|amazon,beehiiv,liveintent,meta,moloco,tiktok|pmode=roi|rpk=100.0|target=amazon|mu=3.000000|sigma=1.500000|dist=LogNormal|3.000000|1.500000|LogNormal|alpha=0p64|ec=1p53|slope=1p2|lag=4|decay=geometric",amazon,"{""kpi_type"": ""non_revenue"", ""kpi_type_effective"": ""revenue"", ""prior_design_mode"": ""roi"", ""prior_grid_type"": ""roi"", ""revenue_per_kpi"": 100.0, ""roi_prior_overrides"": {""amazon"": {""dist"": ""LogNormal"", ""mu"": 3.0, ""sigma"": 1.5}, ""beehiiv"": {""dist"": ""LogNormal"", ""mu"": 0.5, ""sigma"": 0.5}, ""liveintent"": {""dist"": ""LogNormal"", ""mu"": 0.5, ""sigma"": 0.5}, ""meta"": {""dist"": ""LogNormal"", ""mu"": 0.5, ""sigma"": 0.5}, ""moloco"": {""dist"": ""LogNormal"", ""mu"": 0.5, ""sigma"": 0.5}, ""tiktok"": {""dist"": ""LogNormal"", ""mu"": 0.5, ""sigma"": 0.5}}, ""run_mode"": ""roi_full"", ""structural_overrides"": {""adstock_decay_spec"": ""geometric"", ""alpha_m"": 0.64, ""ec_m"": 1.53, ""max_lag"": 4, ""slope_m"": 1.2}, ""sweep_type"": ""fixed_full_grid"", ""target_channel"": ""amazon"", ""two_layer_enabled"": false}",beehiiv,REVIEW,REVIEW:PriorPosteriorShift,PriorPosteriorShift,"amazon,beehiiv,liveintent",0.762659886876742,0.5217595319465423,0.24090035493019968,0.3158686579370773,0.64,1.53,1.2,4,geometric,prior_sweep,roi_full,roi,non_revenue,revenue,__revenue_equiv__,100.0,amazon,fixed_full_grid,False,roi,roi,Revenue-equivalent ROI,3.0,1.5,LogNormal,target_channels,amazon,configured,,,,upload_1bc112d58beb_monthly_mocha,/Users/jasper/Documents/Intern/BlueAlpha/capstone-Blue_Alpha_1/backend/storage/uploads/upload_1bc112d58beb_monthly_mocha.csv,3.0,1.5,LogNormal,0.8561781928458713,0.1083850640803575,0.4253711998462677,2.5097618103027344,0.5285215492484083,0.0857905872166156,0.3552673459053039,1.480950367450714,0.5662465339101066,0.5,0.5,LogNormal,0.004141530085703,0.0245701320714333,328172.2732613,250283.82880154633,171227.01169464868,-79056.81710689765,79056.81710689765,100.0,25028382.880154632,17122701.169464868,-7905681.7106897645,7905681.7106897645
"multi|amazon,beehiiv,liveintent,meta,moloco,tiktok|pmode=roi|rpk=100.0|target=amazon|mu=3.000000|sigma=1.500000|dist=LogNormal|3.000000|1.500000|LogNormal|alpha=0p64|ec=1p53|slope=1p2|lag=4|decay=geometric",amazon,"{""kpi_type"": ""non_revenue"", ""kpi_type_effective"": ""revenue"", ""prior_design_mode"": ""roi"", ""prior_grid_type"": ""roi"", ""revenue_per_kpi"": 100.0, ""roi_prior_overrides"": {""amazon"": {""dist"": ""LogNormal"", ""mu"": 3.0, ""sigma"": 1.5}, ""beehiiv"": {""dist"": ""LogNormal"", ""mu"": 0.5, ""sigma"": 0.5}, ""liveintent"": {""dist"": ""LogNormal"", ""mu"": 0.5, ""sigma"": 0.5}, ""meta"": {""dist"": ""LogNormal"", ""mu"": 0.5, ""sigma"": 0.5}, ""moloco"": {""dist"": ""LogNormal"", ""mu"": 0.5, ""sigma"": 0.5}, ""tiktok"": {""dist"": ""LogNormal"", ""mu"": 0.5, ""sigma"": 0.5}}, ""run_mode"": ""roi_full"", ""structural_overrides"": {""adstock_decay_spec"": ""geometric"", ""alpha_m"": 0.64, ""ec_m"": 1.53, ""max_lag"": 4, ""slope_m"": 1.2}, ""sweep_type"": ""fixed_full_grid"", ""target_channel"": ""amazon"", ""two_layer_enabled"": false}",google,REVIEW,REVIEW:PriorPosteriorShift,PriorPosteriorShift,"amazon,beehiiv,liveintent",0.5177610162024696,0.2701615215217073,0.2475994946807623,0.47821192969835125,0.64,1.53,1.2,4,geometric,prior_sweep,roi_full,roi,non_revenue,revenue,__revenue_equiv__,100.0,amazon,fixed_full_grid,False,roi,roi,Revenue-equivalent ROI,3.0,1.5,LogNormal,target_channels,amazon,configured,,,,upload_1bc112d58beb_monthly_mocha,/Users/jasper/Documents/Intern/BlueAlpha/capstone-Blue_Alpha_1/backend/storage/uploads/upload_1bc112d58beb_monthly_mocha.csv,3.0,1.5,LogNormal,0.4950598479489236,0.0569363014772534,0.2887331247329712,1.5954086780548096,0.2247008836531528,0.0473806660622358,0.1945279315114021,0.7537139087915414,0.45010658845728346,0.4,0.5,LogNormal,0.4345350218639718,0.1240458632270407,10298543.94665,5332184.579223297,2782270.3020851323,-2549914.2771381643,2549914.2771381643,100.0,533218457.92232966,278227030.20851326,-254991427.7138164,254991427.7138164
"multi|amazon,beehiiv,liveintent,meta,moloco,tiktok|pmode=roi|rpk=100.0|target=amazon|mu=3.000000|sigma=1.500000|dist=LogNormal|3.000000|1.500000|LogNormal|alpha=0p64|ec=1p53|slope=1p2|lag=4|decay=geometric",amazon,"{""kpi_type"": ""non_revenue"", ""kpi_type_effective"": ""revenue"", ""prior_design_mode"": ""roi"", ""prior_grid_type"": ""roi"", ""revenue_per_kpi"": 100.0, ""roi_prior_overrides"": {""amazon"": {""dist"": ""LogNormal"", ""mu"": 3.0, ""sigma"": 1.5}, ""beehiiv"": {""dist"": ""LogNormal"", ""mu"": 0.5, ""sigma"": 0.5}, ""liveintent"": {""dist"": ""LogNormal"", ""mu"": 0.5, ""sigma"": 0.5}, ""meta"": {""dist"": ""LogNormal"", ""mu"": 0.5, ""sigma"": 0.5}, ""moloco"": {""dist"": ""LogNormal"", ""mu"": 0.5, ""sigma"": 0.5}, ""tiktok"": {""dist"": ""LogNormal"", ""mu"": 0.5, ""sigma"": 0.5}}, ""run_mode"": ""roi_full"", ""structural_overrides"": {""adstock_decay_spec"": ""geometric"", ""alpha_m"": 0.64, ""ec_m"": 1.53, ""max_lag"": 4, ""slope_m"": 1.2}, ""sweep_type"": ""fixed_full_grid"", ""target_channel"": ""amazon"", ""two_layer_enabled"": false}",liveintent,REVIEW,REVIEW:PriorPosteriorShift,PriorPosteriorShift,"amazon,beehiiv,liveintent",0.5128150204243138,0.5003112472531697,0.01250377317114415,0.02438261882578685,0.64,1.53,1.2,4,geometric,prior_sweep,roi_full,roi,non_revenue,revenue,__revenue_equiv__,100.0,amazon,fixed_full_grid,False,roi,roi,Revenue-equivalent ROI,3.0,1.5,LogNormal,target_channels,amazon,configured,,,,upload_1bc112d58beb_monthly_mocha,/Users/jasper/Documents/Intern/BlueAlpha/capstone-Blue_Alpha_1/backend/storage/uploads/upload_1bc112d58beb_monthly_mocha.csv,3.0,1.5,LogNormal,0.477736227784908,0.0928924188017845,0.3985480219125747,1.2810815036296836,0.4570614178389335,0.0925041045993566,0.3547582477331161,1.3698150813579557,0.930226942731783,0.5,0.5,LogNormal,0.0076007961409225,0.0161433608283803,797987.173079,409219.8084608478,399241.95785518544,-9977.850605662388,9977.850605662388,100.0,40921980.84608478,39924195.78551854,-997785.0605662391,997785.0605662391
"multi|amazon,beehiiv,liveintent,meta,moloco,tiktok|pmode=roi|rpk=100.0|target=amazon|mu=3.000000|sigma=1.500000|dist=LogNormal|3.000000|1.500000|LogNormal|alpha=0p64|ec=1p53|slope=1p2|lag=4|decay=geometric",amazon,"{""kpi_type"": ""non_revenue"", ""kpi_type_effective"": ""revenue"", ""prior_design_mode"": ""roi"", ""prior_grid_type"": ""roi"", ""revenue_per_kpi"": 100.0, ""roi_prior_overrides"": {""amazon"": {""dist"": ""LogNormal"", ""mu"": 3.0, ""sigma"": 1.5}, ""beehiiv"": {""dist"": ""LogNormal"", ""mu"": 0.5, ""sigma"": 0.5}, ""liveintent"": {""dist"": ""LogNormal"", ""mu"": 0.5, ""sigma"": 0.5}, ""meta"": {""dist"": ""LogNormal"", ""mu"": 0.5, ""sigma"": 0.5}, ""moloco"": {""dist"": ""LogNormal"", ""mu"": 0.5, ""sigma"": 0.5}, ""tiktok"": {""dist"": ""LogNormal"", ""mu"": 0.5, ""sigma"": 0.5}}, ""run_mode"": ""roi_full"", ""structural_overrides"": {""adstock_decay_spec"": ""geometric"", ""alpha_m"": 0.64, ""ec_m"": 1.53, ""max_lag"": 4, ""slope_m"": 1.2}, ""sweep_type"": ""fixed_full_grid"", ""target_channel"": ""amazon"", ""two_layer_enabled"": false}",meta,REVIEW,REVIEW:PriorPosteriorShift,PriorPosteriorShift,"amazon,beehiiv,liveintent",0.6200743053123976,0.4059610950310404,0.2141132102813572,0.345302503985366,0.64,1.53,1.2,4,geometric,prior_sweep,roi_full,roi,non_revenue,revenue,__revenue_equiv__,100.0,amazon,fixed_full_grid,False,roi,roi,Revenue-equivalent ROI,3.0,1.5,LogNormal,target_channels,amazon,configured,,,,upload_1bc112d58beb_monthly_mocha,/Users/jasper/Documents/Intern/BlueAlpha/capstone-Blue_Alpha_1/backend/storage/uploads/upload_1bc112d58beb_monthly_mocha.csv,3.0,1.5,LogNormal,0.4861901734527795,0.1053347028791904,0.4240260720252991,1.5302040576934814,0.3374420341507896,0.0912133008241653,0.3010905832052231,1.0800519585609432,0.6773617210734266,0.5,0.5,LogNormal,0.138635237643936,0.1003588937680094,840158.1265220001,520960.46665569465,341071.5130420985,-179888.95361359615,179888.95361359615,100.0,52096046.66556946,34107151.30420985,-17988895.36135961,17988895.36135961
"multi|amazon,beehiiv,liveintent,meta,moloco,tiktok|pmode=roi|rpk=100.0|target=amazon|mu=3.000000|sigma=1.500000|dist=LogNormal|3.000000|1.500000|LogNormal|alpha=0p64|ec=1p53|slope=1p2|lag=4|decay=geometric",amazon,"{""kpi_type"": ""non_revenue"", ""kpi_type_effective"": ""revenue"", ""prior_design_mode"": ""roi"", ""prior_grid_type"": ""roi"", ""revenue_per_kpi"": 100.0, ""roi_prior_overrides"": {""amazon"": {""dist"": ""LogNormal"", ""mu"": 3.0, ""sigma"": 1.5}, ""beehiiv"": {""dist"": ""LogNormal"", ""mu"": 0.5, ""sigma"": 0.5}, ""liveintent"": {""dist"": ""LogNormal"", ""mu"": 0.5, ""sigma"": 0.5}, ""meta"": {""dist"": ""LogNormal"", ""mu"": 0.5, ""sigma"": 0.5}, ""moloco"": {""dist"": ""LogNormal"", ""mu"": 0.5, ""sigma"": 0.5}, ""tiktok"": {""dist"": ""LogNormal"", ""mu"": 0.5, ""sigma"": 0.5}}, ""run_mode"": ""roi_full"", ""structural_overrides"": {""adstock_decay_spec"": ""geometric"", ""alpha_m"": 0.64, ""ec_m"": 1.53, ""max_lag"": 4, ""slope_m"": 1.2}, ""sweep_type"": ""fixed_full_grid"", ""target_channel"": ""amazon"", ""two_layer_enabled"": false}",moloco,REVIEW,REVIEW:PriorPosteriorShift,PriorPosteriorShift,"amazon,beehiiv,liveintent",0.6339402654984345,0.5502190649524952,0.08372120054593934,0.1320648097342637,0.64,1.53,1.2,4,geometric,prior_sweep,roi_full,roi,non_revenue,revenue,__revenue_equiv__,100.0,amazon,fixed_full_grid,False,roi,roi,Revenue-equivalent ROI,3.0,1.5,LogNormal,target_channels,amazon,configured,,,,upload_1bc112d58beb_monthly_mocha,/Users/jasper/Documents/Intern/BlueAlpha/capstone-Blue_Alpha_1/backend/storage/uploads/upload_1bc112d58beb_monthly_mocha.csv,3.0,1.5,LogNormal,0.5400197894281911,0.1072283249348402,0.4539413452148437,1.7795422077178955,0.5268948042827446,0.1039560232311487,0.3807151466608047,1.5847017884254448,0.8817651262403869,0.5,0.5,LogNormal,0.0078873607024474,0.0447852180084247,842234.6095886,533926.4320145674,463413.5393584693,-70512.89265609812,70512.89265609812,100.0,53392643.20145674,46341353.93584693,-7051289.265609808,7051289.265609808
"multi|amazon,beehiiv,liveintent,meta,moloco,tiktok|pmode=roi|rpk=100.0|target=amazon|mu=3.000000|sigma=1.500000|dist=LogNormal|3.000000|1.500000|LogNormal|alpha=0p64|ec=1p53|slope=1p2|lag=4|decay=geometric",amazon,"{""kpi_type"": ""non_revenue"", ""kpi_type_effective"": ""revenue"", ""prior_design_mode"": ""roi"", ""prior_grid_type"": ""roi"", ""revenue_per_kpi"": 100.0, ""roi_prior_overrides"": {""amazon"": {""dist"": ""LogNormal"", ""mu"": 3.0, ""sigma"": 1.5}, ""beehiiv"": {""dist"": ""LogNormal"", ""mu"": 0.5, ""sigma"": 0.5}, ""liveintent"": {""dist"": ""LogNormal"", ""mu"": 0.5, ""sigma"": 0.5}, ""meta"": {""dist"": ""LogNormal"", ""mu"": 0.5, ""sigma"": 0.5}, ""moloco"": {""dist"": ""LogNormal"", ""mu"": 0.5, ""sigma"": 0.5}, ""tiktok"": {""dist"": ""LogNormal"", ""mu"": 0.5, ""sigma"": 0.5}}, ""run_mode"": ""roi_full"", ""structural_overrides"": {""adstock_decay_spec"": ""geometric"", ""alpha_m"": 0.64, ""ec_m"": 1.53, ""max_lag"": 4, ""slope_m"": 1.2}, ""sweep_type"": ""fixed_full_grid"", ""target_channel"": ""amazon"", ""two_layer_enabled"": false}",snapchat,REVIEW,REVIEW:PriorPosteriorShift,PriorPosteriorShift,"amazon,beehiiv,liveintent",0.8269837570687135,0.4037557178246789,0.4232280392440346,0.5117730978709766,0.64,1.53,1.2,4,geometric,prior_sweep,roi_full,roi,non_revenue,revenue,__revenue_equiv__,100.0,amazon,fixed_full_grid,False,roi,roi,Revenue-equivalent ROI,3.0,1.5,LogNormal,target_channels,amazon,configured,,,,upload_1bc112d58beb_monthly_mocha,/Users/jasper/Documents/Intern/BlueAlpha/capstone-Blue_Alpha_1/backend/storage/uploads/upload_1bc112d58beb_monthly_mocha.csv,3.0,1.5,LogNormal,0.8713437341396965,0.0716421011835336,0.4354811757802963,2.750908374786377,0.3664360976001488,0.0511496359482407,0.2710805833339691,1.1632021129131316,0.40431761402478505,0.4,0.5,LogNormal,0.0793629889055063,0.0436800423052482,4342436.908989999,3591124.789830401,1753283.731297637,-1837841.058532764,1837841.058532764,100.0,359112478.9830401,175328373.12976372,-183784105.85327637,183784105.85327637
"multi|amazon,beehiiv,liveintent,meta,moloco,tiktok|pmode=roi|rpk=100.0|target=amazon|mu=3.000000|sigma=1.500000|dist=LogNormal|3.000000|1.500000|LogNormal|alpha=0p64|ec=1p53|slope=1p2|lag=4|decay=geometric",amazon,"{""kpi_type"": ""non_revenue"", ""kpi_type_effective"": ""revenue"", ""prior_design_mode"": ""roi"", ""prior_grid_type"": ""roi"", ""revenue_per_kpi"": 100.0, ""roi_prior_overrides"": {""amazon"": {""dist"": ""LogNormal"", ""mu"": 3.0, ""sigma"": 1.5}, ""beehiiv"": {""dist"": ""LogNormal"", ""mu"": 0.5, ""sigma"": 0.5}, ""liveintent"": {""dist"": ""LogNormal"", ""mu"": 0.5, ""sigma"": 0.5}, ""meta"": {""dist"": ""LogNormal"", ""mu"": 0.5, ""sigma"": 0.5}, ""moloco"": {""dist"": ""LogNormal"", ""mu"": 0.5, ""sigma"": 0.5}, ""tiktok"": {""dist"": ""LogNormal"", ""mu"": 0.5, ""sigma"": 0.5}}, ""run_mode"": ""roi_full"", ""structural_overrides"": {""adstock_decay_spec"": ""geometric"", ""alpha_m"": 0.64, ""ec_m"": 1.53, ""max_lag"": 4, ""slope_m"": 1.2}, ""sweep_type"": ""fixed_full_grid"", ""target_channel"": ""amazon"", ""two_layer_enabled"": false}",tiktok,REVIEW,REVIEW:PriorPosteriorShift,PriorPosteriorShift,"amazon,beehiiv,liveintent",0.464742603781633,0.484188616949444,0.01944601316781097,0.04184254468942128,0.64,1.53,1.2,4,geometric,prior_sweep,roi_full,roi,non_revenue,revenue,__revenue_equiv__,100.0,amazon,fixed_full_grid,False,roi,roi,Revenue-equivalent ROI,3.0,1.5,LogNormal,target_channels,amazon,configured,,,,upload_1bc112d58beb_monthly_mocha,/Users/jasper/Documents/Intern/BlueAlpha/capstone-Blue_Alpha_1/backend/storage/uploads/upload_1bc112d58beb_monthly_mocha.csv,3.0,1.5,LogNormal,0.4119649280983944,0.0886418987065553,0.3509712815284729,1.194995081424713,0.442744076845809,0.0964797217398882,0.3371743857860565,1.36810348033905,0.8585762757199819,0.5,0.5,LogNormal,0.014160834781714,0.0377346351893453,1752685.0091300001,814547.3947521115,848630.1305186783,34082.735766566824,34082.735766566824,100.0,81454739.47521116,84863013.05186783,3408273.5766566694,3408273.5766566694
"multi|amazon,beehiiv,liveintent,meta,moloco,tiktok|pmode=roi|rpk=100.0|target=beehiiv|mu=1.000000|sigma=1.000000|dist=LogNormal|1.000000|1.000000|LogNormal|alpha=0p64|ec=1p53|slope=1p2|lag=4|decay=geometric",beehiiv,"{""kpi_type"": ""non_revenue"", ""kpi_type_effective"": ""revenue"", ""prior_design_mode"": ""roi"", ""prior_grid_type"": ""roi"", ""revenue_per_kpi"": 100.0, ""roi_prior_overrides"": {""amazon"": {""dist"": ""LogNormal"", ""mu"": 1.0, ""sigma"": 0.5}, ""beehiiv"": {""dist"": ""LogNormal"", ""mu"": 1.0, ""sigma"": 1.0}, ""liveintent"": {""dist"": ""LogNormal"", ""mu"": 1.0, ""sigma"": 0.5}, ""meta"": {""dist"": ""LogNormal"", ""mu"": 1.0, ""sigma"": 0.5}, ""moloco"": {""dist"": ""LogNormal"", ""mu"": 1.0, ""sigma"": 0.5}, ""tiktok"": {""dist"": ""LogNormal"", ""mu"": 1.0, ""sigma"": 0.5}}, ""run_mode"": ""roi_full"", ""structural_overrides"": {""adstock_decay_spec"": ""geometric"", ""alpha_m"": 0.64, ""ec_m"": 1.53, ""max_lag"": 4, ""slope_m"": 1.2}, ""sweep_type"": ""fixed_full_grid"", ""target_channel"": ""beehiiv"", ""two_layer_enabled"": false}",amazon,REVIEW,REVIEW:PriorPosteriorShift,PriorPosteriorShift,"amazon,liveintent,tiktok",1.0193568355962634,1.0019441724941134,0.01741266310215006,0.0170820094535048,0.64,1.53,1.2,4,geometric,prior_sweep,roi_full,roi,non_revenue,revenue,__revenue_equiv__,100.0,beehiiv,fixed_full_grid,False,roi,roi,Revenue-equivalent ROI,1.0,1.0,LogNormal,target_channels,beehiiv,configured,,,,upload_1bc112d58beb_monthly_mocha,/Users/jasper/Documents/Intern/BlueAlpha/capstone-Blue_Alpha_1/backend/storage/uploads/upload_1bc112d58beb_monthly_mocha.csv,1.0,1.0,LogNormal,0.5305356041761892,0.4212194085121155,0.9123436212539672,2.00845102071762,0.4975597793701222,0.4370893657207489,0.8942293524742126,1.9933240830898284,0.9804710953347546,1.0,0.5,LogNormal,3.141721125232699e-05,0.0241693461240487,15740.258094,16044.939682168313,15770.8598708366,-274.07981133171234,274.07981133171234,100.0,1604493.9682168313,1577085.98708366,-27407.981133171357,27407.981133171357
"multi|amazon,beehiiv,liveintent,meta,moloco,tiktok|pmode=roi|rpk=100.0|target=beehiiv|mu=1.000000|sigma=1.000000|dist=LogNormal|1.000000|1.000000|LogNormal|alpha=0p64|ec=1p53|slope=1p2|lag=4|decay=geometric",beehiiv,"{""kpi_type"": ""non_revenue"", ""kpi_type_effective"": ""revenue"", ""prior_design_mode"": ""roi"", ""prior_grid_type"": ""roi"", ""revenue_per_kpi"": 100.0, ""roi_prior_overrides"": {""amazon"": {""dist"": ""LogNormal"", ""mu"": 1.0, ""sigma"": 0.5}, ""beehiiv"": {""dist"": ""LogNormal"", ""mu"": 1.0, ""sigma"": 1.0}, ""liveintent"": {""dist"": ""LogNormal"", ""mu"": 1.0, ""sigma"": 0.5}, ""meta"": {""dist"": ""LogNormal"", ""mu"": 1.0, ""sigma"": 0.5}, ""moloco"": {""dist"": ""LogNormal"", ""mu"": 1.0, ""sigma"": 0.5}, ""tiktok"": {""dist"": ""LogNormal"", ""mu"": 1.0, ""sigma"": 0.5}}, ""run_mode"": ""roi_full"", ""structural_overrides"": {""adstock_decay_spec"": ""geometric"", ""alpha_m"": 0.64, ""ec_m"": 1.53, ""max_lag"": 4, ""slope_m"": 1.2}, ""sweep_type"": ""fixed_full_grid"", ""target_channel"": ""beehiiv"", ""two_layer_enabled"": false}",beehiiv,REVIEW,REVIEW:PriorPosteriorShift,PriorPosteriorShift,"amazon,liveintent,tiktok",1.0098402686913808,0.9829201851195344,0.026920083571846387,0.026657764011264073,0.64,1.53,1.2,4,geometric,prior_sweep,roi_full,roi,non_revenue,revenue,__revenue_equiv__,100.0,beehiiv,fixed_full_grid,False,roi,roi,Revenue-equivalent ROI,1.0,1.0,LogNormal,target_channels,beehiiv,configured,,,,upload_1bc112d58beb_monthly_mocha,/Users/jasper/Documents/Intern/BlueAlpha/capstone-Blue_Alpha_1/backend/storage/uploads/upload_1bc112d58beb_monthly_mocha.csv,1.0,1.0,LogNormal,0.5426815714923111,0.4007096782326698,0.8950395286083221,1.991292929649353,0.932393104624402,0.1747790075838566,0.682249128818512,2.8902254939079275,0.5857538564753205,1.0,1.0,LogNormal,0.0048250779593455,0.0196779077261373,328172.2732613,331401.5766072524,322567.15158509545,-8834.425022156967,8834.425022156967,100.0,33140157.66072524,32256715.158509545,-883442.5022156946,883442.5022156946
"multi|amazon,beehiiv,liveintent,meta,moloco,tiktok|pmode=roi|rpk=100.0|target=beehiiv|mu=1.000000|sigma=1.000000|dist=LogNormal|1.000000|1.000000|LogNormal|alpha=0p64|ec=1p53|slope=1p2|lag=4|decay=geometric",beehiiv,"{""kpi_type"": ""non_revenue"", ""kpi_type_effective"": ""revenue"", ""prior_design_mode"": ""roi"", ""prior_grid_type"": ""roi"", ""revenue_per_kpi"": 100.0, ""roi_prior_overrides"": {""amazon"": {""dist"": ""LogNormal"", ""mu"": 1.0, ""sigma"": 0.5}, ""beehiiv"": {""dist"": ""LogNormal"", ""mu"": 1.0, ""sigma"": 1.0}, ""liveintent"": {""dist"": ""LogNormal"", ""mu"": 1.0, ""sigma"": 0.5}, ""meta"": {""dist"": ""LogNormal"", ""mu"": 1.0, ""sigma"": 0.5}, ""moloco"": {""dist"": ""LogNormal"", ""mu"": 1.0, ""sigma"": 0.5}, ""tiktok"": {""dist"": ""LogNormal"", ""mu"": 1.0, ""sigma"": 0.5}}, ""run_mode"": ""roi_full"", ""structural_overrides"": {""adstock_decay_spec"": ""geometric"", ""alpha_m"": 0.64, ""ec_m"": 1.53, ""max_lag"": 4, ""slope_m"": 1.2}, ""sweep_type"": ""fixed_full_grid"", ""target_channel"": ""beehiiv"", ""two_layer_enabled"": false}",google,REVIEW,REVIEW:PriorPosteriorShift,PriorPosteriorShift,"amazon,liveintent,tiktok",0.2701785205653869,0.2552496468361157,0.014928873729271208,0.05525559062959717,0.64,1.53,1.2,4,geometric,prior_sweep,roi_full,roi,non_revenue,revenue,__revenue_equiv__,100.0,beehiiv,fixed_full_grid,False,roi,roi,Revenue-equivalent ROI,1.0,1.0,LogNormal,target_channels,beehiiv,configured,,,,upload_1bc112d58beb_monthly_mocha,/Users/jasper/Documents/Intern/BlueAlpha/capstone-Blue_Alpha_1/backend/storage/uploads/upload_1bc112d58beb_monthly_mocha.csv,1.0,1.0,LogNormal,0.218400212130483,0.0516252476722002,0.2004023566842079,0.7122777611017226,0.2108926286752284,0.0509081300348043,0.190930925309658,0.677727124094963,0.9466746687669017,0.4,0.5,LogNormal,0.4941156944428266,0.1392581499782345,10298543.94665,2782445.3674835176,2628699.7053086297,-153745.66217488796,153745.66217488796,100.0,278244536.74835175,262869970.53086296,-15374566.217488796,15374566.217488796
"multi|amazon,beehiiv,liveintent,meta,moloco,tiktok|pmode=roi|rpk=100.0|target=beehiiv|mu=1.000000|sigma=1.000000|dist=LogNormal|1.000000|1.000000|LogNormal|alpha=0p64|ec=1p53|slope=1p2|lag=4|decay=geometric",beehiiv,"{""kpi_type"": ""non_revenue"", ""kpi_type_effective"": ""revenue"", ""prior_design_mode"": ""roi"", ""prior_grid_type"": ""roi"", ""revenue_per_kpi"": 100.0, ""roi_prior_overrides"": {""amazon"": {""dist"": ""LogNormal"", ""mu"": 1.0, ""sigma"": 0.5}, ""beehiiv"": {""dist"": ""LogNormal"", ""mu"": 1.0, ""sigma"": 1.0}, ""liveintent"": {""dist"": ""LogNormal"", ""mu"": 1.0, ""sigma"": 0.5}, ""meta"": {""dist"": ""LogNormal"", ""mu"": 1.0, ""sigma"": 0.5}, ""moloco"": {""dist"": ""LogNormal"", ""mu"": 1.0, ""sigma"": 0.5}, ""tiktok"": {""dist"": ""LogNormal"", ""mu"": 1.0, ""sigma"": 0.5}}, ""run_mode"": ""roi_full"", ""structural_overrides"": {""adstock_decay_spec"": ""geometric"", ""alpha_m"": 0.64, ""ec_m"": 1.53, ""max_lag"": 4, ""slope_m"": 1.2}, ""sweep_type"": ""fixed_full_grid"", ""target_channel"": ""beehiiv"", ""two_layer_enabled"": false}",liveintent,REVIEW,REVIEW:PriorPosteriorShift,PriorPosteriorShift,"amazon,liveintent,tiktok",1.0044347065438828,1.009392100982368,0.0049573944384853075,0.004935506913677834,0.64,1.53,1.2,4,geometric,prior_sweep,roi_full,roi,non_revenue,revenue,__revenue_equiv__,100.0,beehiiv,fixed_full_grid,False,roi,roi,Revenue-equivalent ROI,1.0,1.0,LogNormal,target_channels,beehiiv,configured,,,,upload_1bc112d58beb_monthly_mocha,/Users/jasper/Documents/Intern/BlueAlpha/capstone-Blue_Alpha_1/backend/storage/uploads/upload_1bc112d58beb_monthly_mocha.csv,1.0,1.0,LogNormal,0.4967974397612434,0.4161714538931846,0.9103228151798248,1.9072810590267184,0.5006946494982822,0.4088895574212074,0.9151358902454376,1.9714970707893371,0.9542444871006122,1.0,0.5,LogNormal,0.0001783523805055,0.0184445119807293,797987.173079,801526.0120173879,805481.9491911924,3955.937173804501,3955.937173804501,100.0,80152601.20173879,80548194.91911924,395593.7173804492,395593.7173804492
"multi|amazon,beehiiv,liveintent,meta,moloco,tiktok|pmode=roi|rpk=100.0|target=beehiiv|mu=1.000000|sigma=1.000000|dist=LogNormal|1.000000|1.000000|LogNormal|alpha=0p64|ec=1p53|slope=1p2|lag=4|decay=geometric",beehiiv,"{""kpi_type"": ""non_revenue"", ""kpi_type_effective"": ""revenue"", ""prior_design_mode"": ""roi"", ""prior_grid_type"": ""roi"", ""revenue_per_kpi"": 100.0, ""roi_prior_overrides"": {""amazon"": {""dist"": ""LogNormal"", ""mu"": 1.0, ""sigma"": 0.5}, ""beehiiv"": {""dist"": ""LogNormal"", ""mu"": 1.0, ""sigma"": 1.0}, ""liveintent"": {""dist"": ""LogNormal"", ""mu"": 1.0, ""sigma"": 0.5}, ""meta"": {""dist"": ""LogNormal"", ""mu"": 1.0, ""sigma"": 0.5}, ""moloco"": {""dist"": ""LogNormal"", ""mu"": 1.0, ""sigma"": 0.5}, ""tiktok"": {""dist"": ""LogNormal"", ""mu"": 1.0, ""sigma"": 0.5}}, ""run_mode"": ""roi_full"", ""structural_overrides"": {""adstock_decay_spec"": ""geometric"", ""alpha_m"": 0.64, ""ec_m"": 1.53, ""max_lag"": 4, ""slope_m"": 1.2}, ""sweep_type"": ""fixed_full_grid"", ""target_channel"": ""beehiiv"", ""two_layer_enabled"": false}",meta,REVIEW,REVIEW:PriorPosteriorShift,PriorPosteriorShift,"amazon,liveintent,tiktok",0.8827600327382485,0.8827440762892366,1.5956449011977902e-05,1.8075635982883753e-05,0.64,1.53,1.2,4,geometric,prior_sweep,roi_full,roi,non_revenue,revenue,__revenue_equiv__,100.0,beehiiv,fixed_full_grid,False,roi,roi,Revenue-equivalent ROI,1.0,1.0,LogNormal,target_channels,beehiiv,configured,,,,upload_1bc112d58beb_monthly_mocha,/Users/jasper/Documents/Intern/BlueAlpha/capstone-Blue_Alpha_1/backend/storage/uploads/upload_1bc112d58beb_monthly_mocha.csv,1.0,1.0,LogNormal,0.3971733945523426,0.3939398661255836,0.8049880564212799,1.6453164458274838,0.4057801050923733,0.391510759294033,0.7868754863739014,1.6400316536426542,0.9938476120349176,1.0,0.5,LogNormal,0.0656095892868566,0.1229939777939426,840158.1265220001,741658.0152738664,741644.6093335585,-13.40594030788634,13.40594030788634,100.0,74165801.52738664,74164460.93335585,-1340.5940307825804,1340.5940307825804
"multi|amazon,beehiiv,liveintent,meta,moloco,tiktok|pmode=roi|rpk=100.0|target=beehiiv|mu=1.000000|sigma=1.000000|dist=LogNormal|1.000000|1.000000|LogNormal|alpha=0p64|ec=1p53|slope=1p2|lag=4|decay=geometric",beehiiv,"{""kpi_type"": ""non_revenue"", ""kpi_type_effective"": ""revenue"", ""prior_design_mode"": ""roi"", ""prior_grid_type"": ""roi"", ""revenue_per_kpi"": 100.0, ""roi_prior_overrides"": {""amazon"": {""dist"": ""LogNormal"", ""mu"": 1.0, ""sigma"": 0.5}, ""beehiiv"": {""dist"": ""LogNormal"", ""mu"": 1.0, ""sigma"": 1.0}, ""liveintent"": {""dist"": ""LogNormal"", ""mu"": 1.0, ""sigma"": 0.5}, ""meta"": {""dist"": ""LogNormal"", ""mu"": 1.0, ""sigma"": 0.5}, ""moloco"": {""dist"": ""LogNormal"", ""mu"": 1.0, ""sigma"": 0.5}, ""tiktok"": {""dist"": ""LogNormal"", ""mu"": 1.0, ""sigma"": 0.5}}, ""run_mode"": ""roi_full"", ""structural_overrides"": {""adstock_decay_spec"": ""geometric"", ""alpha_m"": 0.64, ""ec_m"": 1.53, ""max_lag"": 4, ""slope_m"": 1.2}, ""sweep_type"": ""fixed_full_grid"", ""target_channel"": ""beehiiv"", ""two_layer_enabled"": false}",moloco,REVIEW,REVIEW:PriorPosteriorShift,PriorPosteriorShift,"amazon,liveintent,tiktok",1.040946418195963,1.0495235228414337,0.00857710464547079,0.008239717717974049,0.64,1.53,1.2,4,geometric,prior_sweep,roi_full,roi,non_revenue,revenue,__revenue_equiv__,100.0,beehiiv,fixed_full_grid,False,roi,roi,Revenue-equivalent ROI,1.0,1.0,LogNormal,target_channels,beehiiv,configured,,,,upload_1bc112d58beb_monthly_mocha,/Users/jasper/Documents/Intern/BlueAlpha/capstone-Blue_Alpha_1/backend/storage/uploads/upload_1bc112d58beb_monthly_mocha.csv,1.0,1.0,LogNormal,0.4889114917715618,0.4240258038043976,0.9402975738048552,2.0077072620391845,0.5341313782110261,0.444117534160614,0.9351867735385896,2.097404325008392,0.9343909390886463,1.0,0.5,LogNormal,0.0094640801176448,0.039766292356369,842234.6095886,876721.1001319283,883945.034514407,7223.9343824787065,7223.9343824787065,100.0,87672110.01319283,88394503.4514407,722393.4382478744,722393.4382478744
"multi|amazon,beehiiv,liveintent,meta,moloco,tiktok|pmode=roi|rpk=100.0|target=beehiiv|mu=1.000000|sigma=1.000000|dist=LogNormal|1.000000|1.000000|LogNormal|alpha=0p64|ec=1p53|slope=1p2|lag=4|decay=geometric",beehiiv,"{""kpi_type"": ""non_revenue"", ""kpi_type_effective"": ""revenue"", ""prior_design_mode"": ""roi"", ""prior_grid_type"": ""roi"", ""revenue_per_kpi"": 100.0, ""roi_prior_overrides"": {""amazon"": {""dist"": ""LogNormal"", ""mu"": 1.0, ""sigma"": 0.5}, ""beehiiv"": {""dist"": ""LogNormal"", ""mu"": 1.0, ""sigma"": 1.0}, ""liveintent"": {""dist"": ""LogNormal"", ""mu"": 1.0, ""sigma"": 0.5}, ""meta"": {""dist"": ""LogNormal"", ""mu"": 1.0, ""sigma"": 0.5}, ""moloco"": {""dist"": ""LogNormal"", ""mu"": 1.0, ""sigma"": 0.5}, ""tiktok"": {""dist"": ""LogNormal"", ""mu"": 1.0, ""sigma"": 0.5}}, ""run_mode"": ""roi_full"", ""structural_overrides"": {""adstock_decay_spec"": ""geometric"", ""alpha_m"": 0.64, ""ec_m"": 1.53, ""max_lag"": 4, ""slope_m"": 1.2}, ""sweep_type"": ""fixed_full_grid"", ""target_channel"": ""beehiiv"", ""two_layer_enabled"": false}",snapchat,REVIEW,REVIEW:PriorPosteriorShift,PriorPosteriorShift,"amazon,liveintent,tiktok",0.3910992918396369,0.3813700584989662,0.009729233340670662,0.024876632465650084,0.64,1.53,1.2,4,geometric,prior_sweep,roi_full,roi,non_revenue,revenue,__revenue_equiv__,100.0,beehiiv,fixed_full_grid,False,roi,roi,Revenue-equivalent ROI,1.0,1.0,LogNormal,target_channels,beehiiv,configured,,,,upload_1bc112d58beb_monthly_mocha,/Users/jasper/Documents/Intern/BlueAlpha/capstone-Blue_Alpha_1/backend/storage/uploads/upload_1bc112d58beb_monthly_mocha.csv,1.0,1.0,LogNormal,0.4008878286446508,0.0513261219486594,0.2723649740219116,1.10950208902359,0.3620897723692602,0.0496556853875517,0.2606250643730163,1.0828835964202876,0.9733084633137795,0.4,0.5,LogNormal,0.0856280833200275,0.0243996054823787,4342436.908989999,1698323.9999642905,1656075.4180095862,-42248.581954704365,42248.581954704365,100.0,169832399.99642906,165607541.8009586,-4224858.195470452,4224858.195470452
"multi|amazon,beehiiv,liveintent,meta,moloco,tiktok|pmode=roi|rpk=100.0|target=beehiiv|mu=1.000000|sigma=1.000000|dist=LogNormal|1.000000|1.000000|LogNormal|alpha=0p64|ec=1p53|slope=1p2|lag=4|decay=geometric",beehiiv,"{""kpi_type"": ""non_revenue"", ""kpi_type_effective"": ""revenue"", ""prior_design_mode"": ""roi"", ""prior_grid_type"": ""roi"", ""revenue_per_kpi"": 100.0, ""roi_prior_overrides"": {""amazon"": {""dist"": ""LogNormal"", ""mu"": 1.0, ""sigma"": 0.5}, ""beehiiv"": {""dist"": ""LogNormal"", ""mu"": 1.0, ""sigma"": 1.0}, ""liveintent"": {""dist"": ""LogNormal"", ""mu"": 1.0, ""sigma"": 0.5}, ""meta"": {""dist"": ""LogNormal"", ""mu"": 1.0, ""sigma"": 0.5}, ""moloco"": {""dist"": ""LogNormal"", ""mu"": 1.0, ""sigma"": 0.5}, ""tiktok"": {""dist"": ""LogNormal"", ""mu"": 1.0, ""sigma"": 0.5}}, ""run_mode"": ""roi_full"", ""structural_overrides"": {""adstock_decay_spec"": ""geometric"", ""alpha_m"": 0.64, ""ec_m"": 1.53, ""max_lag"": 4, ""slope_m"": 1.2}, ""sweep_type"": ""fixed_full_grid"", ""target_channel"": ""beehiiv"", ""two_layer_enabled"": false}",tiktok,REVIEW,REVIEW:PriorPosteriorShift,PriorPosteriorShift,"amazon,liveintent,tiktok",0.9834458762655656,0.9901375611498952,0.006691684884329585,0.006804324514267934,0.64,1.53,1.2,4,geometric,prior_sweep,roi_full,roi,non_revenue,revenue,__revenue_equiv__,100.0,beehiiv,fixed_full_grid,False,roi,roi,Revenue-equivalent ROI,1.0,1.0,LogNormal,target_channels,beehiiv,configured,,,,upload_1bc112d58beb_monthly_mocha,/Users/jasper/Documents/Intern/BlueAlpha/capstone-Blue_Alpha_1/backend/storage/uploads/upload_1bc112d58beb_monthly_mocha.csv,1.0,1.0,LogNormal,0.4873965618695217,0.3862441748380661,0.8965866565704346,1.842763155698776,0.4861828876838461,0.3950003623962402,0.8993693292140961,1.841126388311386,0.9928645248828666,1.0,0.5,LogNormal,0.000965369156012,0.036809616564494,1752685.0091300001,1723670.8446213738,1735399.26040396,11728.415782586206,11728.415782586206,100.0,172367084.46213737,173539926.040396,1172841.5782586336,1172841.5782586336
"multi|amazon,beehiiv,liveintent,meta,moloco,tiktok|pmode=roi|rpk=100.0|target=liveintent|mu=0.500000|sigma=1.000000|dist=LogNormal|0.500000|1.000000|LogNormal|alpha=0p64|ec=1p53|slope=1p2|lag=4|decay=geometric",liveintent,"{""kpi_type"": ""non_revenue"", ""kpi_type_effective"": ""revenue"", ""prior_design_mode"": ""roi"", ""prior_grid_type"": ""roi"", ""revenue_per_kpi"": 100.0, ""roi_prior_overrides"": {""amazon"": {""dist"": ""LogNormal"", ""mu"": 0.5, ""sigma"": 0.5}, ""beehiiv"": {""dist"": ""LogNormal"", ""mu"": 0.5, ""sigma"": 0.5}, ""liveintent"": {""dist"": ""LogNormal"", ""mu"": 0.5, ""sigma"": 1.0}, ""meta"": {""dist"": ""LogNormal"", ""mu"": 0.5, ""sigma"": 0.5}, ""moloco"": {""dist"": ""LogNormal"", ""mu"": 0.5, ""sigma"": 0.5}, ""tiktok"": {""dist"": ""LogNormal"", ""mu"": 0.5, ""sigma"": 0.5}}, ""run_mode"": ""roi_full"", ""structural_overrides"": {""adstock_decay_spec"": ""geometric"", ""alpha_m"": 0.64, ""ec_m"": 1.53, ""max_lag"": 4, ""slope_m"": 1.2}, ""sweep_type"": ""fixed_full_grid"", ""target_channel"": ""liveintent"", ""two_layer_enabled"": false}",amazon,REVIEW,REVIEW:PriorPosteriorShift,PriorPosteriorShift,"liveintent,tiktok",0.6377680289559067,0.5010382310456286,0.13672979791027806,0.2143879776070292,0.64,1.53,1.2,4,geometric,prior_sweep,roi_full,roi,non_revenue,revenue,__revenue_equiv__,100.0,liveintent,fixed_full_grid,False,roi,roi,Revenue-equivalent ROI,0.5,1.0,LogNormal,target_channels,liveintent,configured,,,,upload_1bc112d58beb_monthly_mocha,/Users/jasper/Documents/Intern/BlueAlpha/capstone-Blue_Alpha_1/backend/storage/uploads/upload_1bc112d58beb_monthly_mocha.csv,0.5,1.0,LogNormal,0.6114372134697085,0.0995406173169612,0.4413366019725799,2.029905021190642,0.5017470575166589,0.0960381723940372,0.3519330769777298,1.4323997497558585,0.689219701588194,0.5,0.5,LogNormal,1.4350504737414838e-05,0.0272790047827035,15740.258094,10038.633379867637,7886.471071619399,-2152.1623082482383,2152.1623082482383,100.0,1003863.3379867637,788647.1071619398,-215216.23082482384,215216.23082482384
"multi|amazon,beehiiv,liveintent,meta,moloco,tiktok|pmode=roi|rpk=100.0|target=liveintent|mu=0.500000|sigma=1.000000|dist=LogNormal|0.500000|1.000000|LogNormal|alpha=0p64|ec=1p53|slope=1p2|lag=4|decay=geometric",liveintent,"{""kpi_type"": ""non_revenue"", ""kpi_type_effective"": ""revenue"", ""prior_design_mode"": ""roi"", ""prior_grid_type"": ""roi"", ""revenue_per_kpi"": 100.0, ""roi_prior_overrides"": {""amazon"": {""dist"": ""LogNormal"", ""mu"": 0.5, ""sigma"": 0.5}, ""beehiiv"": {""dist"": ""LogNormal"", ""mu"": 0.5, ""sigma"": 0.5}, ""liveintent"": {""dist"": ""LogNormal"", ""mu"": 0.5, ""sigma"": 1.0}, ""meta"": {""dist"": ""LogNormal"", ""mu"": 0.5, ""sigma"": 0.5}, ""moloco"": {""dist"": ""LogNormal"", ""mu"": 0.5, ""sigma"": 0.5}, ""tiktok"": {""dist"": ""LogNormal"", ""mu"": 0.5, ""sigma"": 0.5}}, ""run_mode"": ""roi_full"", ""structural_overrides"": {""adstock_decay_spec"": ""geometric"", ""alpha_m"": 0.64, ""ec_m"": 1.53, ""max_lag"": 4, ""slope_m"": 1.2}, ""sweep_type"": ""fixed_full_grid"", ""target_channel"": ""liveintent"", ""two_layer_enabled"": false}",beehiiv,REVIEW,REVIEW:PriorPosteriorShift,PriorPosteriorShift,"liveintent,tiktok",0.762659886876742,0.5023393293159704,0.26032055756077166,0.3413324366997207,0.64,1.53,1.2,4,geometric,prior_sweep,roi_full,roi,non_revenue,revenue,__revenue_equiv__,100.0,liveintent,fixed_full_grid,False,roi,roi,Revenue-equivalent ROI,0.5,1.0,LogNormal,target_channels,liveintent,configured,,,,upload_1bc112d58beb_monthly_mocha,/Users/jasper/Documents/Intern/BlueAlpha/capstone-Blue_Alpha_1/backend/storage/uploads/upload_1bc112d58beb_monthly_mocha.csv,0.5,1.0,LogNormal,0.8561781928458713,0.1083850640803575,0.4253711998462677,2.5097618103027344,0.5027283278879351,0.0843032024800777,0.3518307209014892,1.4038581669330596,0.5341147025451213,0.5,0.5,LogNormal,4.066607875297112e-05,0.0151425255337231,328172.2732613,250283.82880154633,164853.8396501788,-85429.98915136754,85429.98915136754,100.0,25028382.880154632,16485383.96501788,-8542998.915136753,8542998.915136753
"multi|amazon,beehiiv,liveintent,meta,moloco,tiktok|pmode=roi|rpk=100.0|target=liveintent|mu=0.500000|sigma=1.000000|dist=LogNormal|0.500000|1.000000|LogNormal|alpha=0p64|ec=1p53|slope=1p2|lag=4|decay=geometric",liveintent,"{""kpi_type"": ""non_revenue"", ""kpi_type_effective"": ""revenue"", ""prior_design_mode"": ""roi"", ""prior_grid_type"": ""roi"", ""revenue_per_kpi"": 100.0, ""roi_prior_overrides"": {""amazon"": {""dist"": ""LogNormal"", ""mu"": 0.5, ""sigma"": 0.5}, ""beehiiv"": {""dist"": ""LogNormal"", ""mu"": 0.5, ""sigma"": 0.5}, ""liveintent"": {""dist"": ""LogNormal"", ""mu"": 0.5, ""sigma"": 1.0}, ""meta"": {""dist"": ""LogNormal"", ""mu"": 0.5, ""sigma"": 0.5}, ""moloco"": {""dist"": ""LogNormal"", ""mu"": 0.5, ""sigma"": 0.5}, ""tiktok"": {""dist"": ""LogNormal"", ""mu"": 0.5, ""sigma"": 0.5}}, ""run_mode"": ""roi_full"", ""structural_overrides"": {""adstock_decay_spec"": ""geometric"", ""alpha_m"": 0.64, ""ec_m"": 1.53, ""max_lag"": 4, ""slope_m"": 1.2}, ""sweep_type"": ""fixed_full_grid"", ""target_channel"": ""liveintent"", ""two_layer_enabled"": false}",google,REVIEW,REVIEW:PriorPosteriorShift,PriorPosteriorShift,"liveintent,tiktok",0.5177610162024696,0.2681430551689118,0.24961796103355782,0.48211038147365104,0.64,1.53,1.2,4,geometric,prior_sweep,roi_full,roi,non_revenue,revenue,__revenue_equiv__,100.0,liveintent,fixed_full_grid,False,roi,roi,Revenue-equivalent ROI,0.5,1.0,LogNormal,target_channels,liveintent,configured,,,,upload_1bc112d58beb_monthly_mocha,/Users/jasper/Documents/Intern/BlueAlpha/capstone-Blue_Alpha_1/backend/storage/uploads/upload_1bc112d58beb_monthly_mocha.csv,0.5,1.0,LogNormal,0.4950598479489236,0.0569363014772534,0.2887331247329712,1.5954086780548096,0.2135727489440654,0.049723619967699,0.2074653580784797,0.6698286205530165,0.3965182401609411,0.4,0.5,LogNormal,0.4766297253084611,0.1263335293835432,10298543.94665,5332184.579223297,2761483.037646034,-2570701.541577263,2570701.541577263,100.0,533218457.92232966,276148303.7646034,-257070154.1577263,257070154.1577263
"multi|amazon,beehiiv,liveintent,meta,moloco,tiktok|pmode=roi|rpk=100.0|target=liveintent|mu=0.500000|sigma=1.000000|dist=LogNormal|0.500000|1.000000|LogNormal|alpha=0p64|ec=1p53|slope=1p2|lag=4|decay=geometric",liveintent,"{""kpi_type"": ""non_revenue"", ""kpi_type_effective"": ""revenue"", ""prior_design_mode"": ""roi"", ""prior_grid_type"": ""roi"", ""revenue_per_kpi"": 100.0, ""roi_prior_overrides"": {""amazon"": {""dist"": ""LogNormal"", ""mu"": 0.5, ""sigma"": 0.5}, ""beehiiv"": {""dist"": ""LogNormal"", ""mu"": 0.5, ""sigma"": 0.5}, ""liveintent"": {""dist"": ""LogNormal"", ""mu"": 0.5, ""sigma"": 1.0}, ""meta"": {""dist"": ""LogNormal"", ""mu"": 0.5, ""sigma"": 0.5}, ""moloco"": {""dist"": ""LogNormal"", ""mu"": 0.5, ""sigma"": 0.5}, ""tiktok"": {""dist"": ""LogNormal"", ""mu"": 0.5, ""sigma"": 0.5}}, ""run_mode"": ""roi_full"", ""structural_overrides"": {""adstock_decay_spec"": ""geometric"", ""alpha_m"": 0.64, ""ec_m"": 1.53, ""max_lag"": 4, ""slope_m"": 1.2}, ""sweep_type"": ""fixed_full_grid"", ""target_channel"": ""liveintent"", ""two_layer_enabled"": false}",liveintent,REVIEW,REVIEW:PriorPosteriorShift,PriorPosteriorShift,"liveintent,tiktok",0.5128150204243138,0.49668120225387,0.016133818170443792,0.03146128238812962,0.64,1.53,1.2,4,geometric,prior_sweep,roi_full,roi,non_revenue,revenue,__revenue_equiv__,100.0,liveintent,fixed_full_grid,False,roi,roi,Revenue-equivalent ROI,0.5,1.0,LogNormal,target_channels,liveintent,configured,,,,upload_1bc112d58beb_monthly_mocha,/Users/jasper/Documents/Intern/BlueAlpha/capstone-Blue_Alpha_1/backend/storage/uploads/upload_1bc112d58beb_monthly_mocha.csv,0.5,1.0,LogNormal,0.477736227784908,0.0928924188017845,0.3985480219125747,1.2810815036296836,0.7562978923301491,0.0272798403166234,0.2389780580997467,1.9316097557544707,0.6239407758054929,0.5,1.0,LogNormal,0.0653187011219924,0.0274662590931139,797987.173079,409219.8084608478,396345.2285080448,-12874.579952803033,12874.579952803033,100.0,40921980.84608478,39634522.85080448,-1287457.995280303,1287457.995280303
"multi|amazon,beehiiv,liveintent,meta,moloco,tiktok|pmode=roi|rpk=100.0|target=liveintent|mu=0.500000|sigma=1.000000|dist=LogNormal|0.500000|1.000000|LogNormal|alpha=0p64|ec=1p53|slope=1p2|lag=4|decay=geometric",liveintent,"{""kpi_type"": ""non_revenue"", ""kpi_type_effective"": ""revenue"", ""prior_design_mode"": ""roi"", ""prior_grid_type"": ""roi"", ""revenue_per_kpi"": 100.0, ""roi_prior_overrides"": {""amazon"": {""dist"": ""LogNormal"", ""mu"": 0.5, ""sigma"": 0.5}, ""beehiiv"": {""dist"": ""LogNormal"", ""mu"": 0.5, ""sigma"": 0.5}, ""liveintent"": {""dist"": ""LogNormal"", ""mu"": 0.5, ""sigma"": 1.0}, ""meta"": {""dist"": ""LogNormal"", ""mu"": 0.5, ""sigma"": 0.5}, ""moloco"": {""dist"": ""LogNormal"", ""mu"": 0.5, ""sigma"": 0.5}, ""tiktok"": {""dist"": ""LogNormal"", ""mu"": 0.5, ""sigma"": 0.5}}, ""run_mode"": ""roi_full"", ""structural_overrides"": {""adstock_decay_spec"": ""geometric"", ""alpha_m"": 0.64, ""ec_m"": 1.53, ""max_lag"": 4, ""slope_m"": 1.2}, ""sweep_type"": ""fixed_full_grid"", ""target_channel"": ""liveintent"", ""two_layer_enabled"": false}",meta,REVIEW,REVIEW:PriorPosteriorShift,PriorPosteriorShift,"liveintent,tiktok",0.6200743053123976,0.412139523915636,0.20793478139676158,0.33533849026690865,0.64,1.53,1.2,4,geometric,prior_sweep,roi_full,roi,non_revenue,revenue,__revenue_equiv__,100.0,liveintent,fixed_full_grid,False,roi,roi,Revenue-equivalent ROI,0.5,1.0,LogNormal,target_channels,liveintent,configured,,,,upload_1bc112d58beb_monthly_mocha,/Users/jasper/Documents/Intern/BlueAlpha/capstone-Blue_Alpha_1/backend/storage/uploads/upload_1bc112d58beb_monthly_mocha.csv,0.5,1.0,LogNormal,0.4861901734527795,0.1053347028791904,0.4240260720252991,1.5302040576934814,0.3444115636632713,0.0826013945043087,0.310241550207138,1.1330918073654177,0.7099718248804575,0.5,0.5,LogNormal,0.1254483270597404,0.0942878317553379,840158.1265220001,520960.46665569465,346262.3702786298,-174698.09637706482,174698.09637706482,100.0,52096046.66556946,34626237.02786298,-17469809.63770648,17469809.63770648
"multi|amazon,beehiiv,liveintent,meta,moloco,tiktok|pmode=roi|rpk=100.0|target=liveintent|mu=0.500000|sigma=1.000000|dist=LogNormal|0.500000|1.000000|LogNormal|alpha=0p64|ec=1p53|slope=1p2|lag=4|decay=geometric",liveintent,"{""kpi_type"": ""non_revenue"", ""kpi_type_effective"": ""revenue"", ""prior_design_mode"": ""roi"", ""prior_grid_type"": ""roi"", ""revenue_per_kpi"": 100.0, ""roi_prior_overrides"": {""amazon"": {""dist"": ""LogNormal"", ""mu"": 0.5, ""sigma"": 0.5}, ""beehiiv"": {""dist"": ""LogNormal"", ""mu"": 0.5, ""sigma"": 0.5}, ""liveintent"": {""dist"": ""LogNormal"", ""mu"": 0.5, ""sigma"": 1.0}, ""meta"": {""dist"": ""LogNormal"", ""mu"": 0.5, ""sigma"": 0.5}, ""moloco"": {""dist"": ""LogNormal"", ""mu"": 0.5, ""sigma"": 0.5}, ""tiktok"": {""dist"": ""LogNormal"", ""mu"": 0.5, ""sigma"": 0.5}}, ""run_mode"": ""roi_full"", ""structural_overrides"": {""adstock_decay_spec"": ""geometric"", ""alpha_m"": 0.64, ""ec_m"": 1.53, ""max_lag"": 4, ""slope_m"": 1.2}, ""sweep_type"": ""fixed_full_grid"", ""target_channel"": ""liveintent"", ""two_layer_enabled"": false}",moloco,REVIEW,REVIEW:PriorPosteriorShift,PriorPosteriorShift,"liveintent,tiktok",0.6339402654984345,0.5357704924729964,0.09816977302543817,0.15485650363012093,0.64,1.53,1.2,4,geometric,prior_sweep,roi_full,roi,non_revenue,revenue,__revenue_equiv__,100.0,liveintent,fixed_full_grid,False,roi,roi,Revenue-equivalent ROI,0.5,1.0,LogNormal,target_channels,liveintent,configured,,,,upload_1bc112d58beb_monthly_mocha,/Users/jasper/Documents/Intern/BlueAlpha/capstone-Blue_Alpha_1/backend/storage/uploads/upload_1bc112d58beb_monthly_mocha.csv,0.5,1.0,LogNormal,0.5400197894281911,0.1072283249348402,0.4539413452148437,1.7795422077178955,0.5147706787421605,0.1017056629061698,0.3833859115839004,1.5298801481723778,0.8479084733472515,0.5,0.5,LogNormal,0.0034233405714693,0.027984531170075,842234.6095886,533926.4320145674,451244.451557086,-82681.9804574814,82681.9804574814,100.0,53392643.20145674,45124445.1557086,-8268198.045748137,8268198.045748137
"multi|amazon,beehiiv,liveintent,meta,moloco,tiktok|pmode=roi|rpk=100.0|target=liveintent|mu=0.500000|sigma=1.000000|dist=LogNormal|0.500000|1.000000|LogNormal|alpha=0p64|ec=1p53|slope=1p2|lag=4|decay=geometric",liveintent,"{""kpi_type"": ""non_revenue"", ""kpi_type_effective"": ""revenue"", ""prior_design_mode"": ""roi"", ""prior_grid_type"": ""roi"", ""revenue_per_kpi"": 100.0, ""roi_prior_overrides"": {""amazon"": {""dist"": ""LogNormal"", ""mu"": 0.5, ""sigma"": 0.5}, ""beehiiv"": {""dist"": ""LogNormal"", ""mu"": 0.5, ""sigma"": 0.5}, ""liveintent"": {""dist"": ""LogNormal"", ""mu"": 0.5, ""sigma"": 1.0}, ""meta"": {""dist"": ""LogNormal"", ""mu"": 0.5, ""sigma"": 0.5}, ""moloco"": {""dist"": ""LogNormal"", ""mu"": 0.5, ""sigma"": 0.5}, ""tiktok"": {""dist"": ""LogNormal"", ""mu"": 0.5, ""sigma"": 0.5}}, ""run_mode"": ""roi_full"", ""structural_overrides"": {""adstock_decay_spec"": ""geometric"", ""alpha_m"": 0.64, ""ec_m"": 1.53, ""max_lag"": 4, ""slope_m"": 1.2}, ""sweep_type"": ""fixed_full_grid"", ""target_channel"": ""liveintent"", ""two_layer_enabled"": false}",snapchat,REVIEW,REVIEW:PriorPosteriorShift,PriorPosteriorShift,"liveintent,tiktok",0.8269837570687135,0.4370018915932936,0.3899818654754199,0.4715713726442835,0.64,1.53,1.2,4,geometric,prior_sweep,roi_full,roi,non_revenue,revenue,__revenue_equiv__,100.0,liveintent,fixed_full_grid,False,roi,roi,Revenue-equivalent ROI,0.5,1.0,LogNormal,target_channels,liveintent,configured,,,,upload_1bc112d58beb_monthly_mocha,/Users/jasper/Documents/Intern/BlueAlpha/capstone-Blue_Alpha_1/backend/storage/uploads/upload_1bc112d58beb_monthly_mocha.csv,0.5,1.0,LogNormal,0.8713437341396965,0.0716421011835336,0.4354811757802963,2.750908374786377,0.4934712563613213,0.0501109879463911,0.285501092672348,1.275924390554428,0.44589879094186363,0.4,0.5,LogNormal,0.002909527372811,0.0427585080805443,4342436.908989999,3591124.789830401,1897653.1433531647,-1693471.6464772364,1693471.6464772364,100.0,359112478.9830401,189765314.33531648,-169347164.64772362,169347164.64772362
"multi|amazon,beehiiv,liveintent,meta,moloco,tiktok|pmode=roi|rpk=100.0|target=liveintent|mu=0.500000|sigma=1.000000|dist=LogNormal|0.500000|1.000000|LogNormal|alpha=0p64|ec=1p53|slope=1p2|lag=4|decay=geometric",liveintent,"{""kpi_type"": ""non_revenue"", ""kpi_type_effective"": ""revenue"", ""prior_design_mode"": ""roi"", ""prior_grid_type"": ""roi"", ""revenue_per_kpi"": 100.0, ""roi_prior_overrides"": {""amazon"": {""dist"": ""LogNormal"", ""mu"": 0.5, ""sigma"": 0.5}, ""beehiiv"": {""dist"": ""LogNormal"", ""mu"": 0.5, ""sigma"": 0.5}, ""liveintent"": {""dist"": ""LogNormal"", ""mu"": 0.5, ""sigma"": 1.0}, ""meta"": {""dist"": ""LogNormal"", ""mu"": 0.5, ""sigma"": 0.5}, ""moloco"": {""dist"": ""LogNormal"", ""mu"": 0.5, ""sigma"": 0.5}, ""tiktok"": {""dist"": ""LogNormal"", ""mu"": 0.5, ""sigma"": 0.5}}, ""run_mode"": ""roi_full"", ""structural_overrides"": {""adstock_decay_spec"": ""geometric"", ""alpha_m"": 0.64, ""ec_m"": 1.53, ""max_lag"": 4, ""slope_m"": 1.2}, ""sweep_type"": ""fixed_full_grid"", ""target_channel"": ""liveintent"", ""two_layer_enabled"": false}",tiktok,REVIEW,REVIEW:PriorPosteriorShift,PriorPosteriorShift,"liveintent,tiktok",0.464742603781633,0.4858468180475757,0.021104214265942667,0.045410543587389274,0.64,1.53,1.2,4,geometric,prior_sweep,roi_full,roi,non_revenue,revenue,__revenue_equiv__,100.0,liveintent,fixed_full_grid,False,roi,roi,Revenue-equivalent ROI,0.5,1.0,LogNormal,target_channels,liveintent,configured,,,,upload_1bc112d58beb_monthly_mocha,/Users/jasper/Documents/Intern/BlueAlpha/capstone-Blue_Alpha_1/backend/storage/uploads/upload_1bc112d58beb_monthly_mocha.csv,0.5,1.0,LogNormal,0.4119649280983944,0.0886418987065553,0.3509712815284729,1.194995081424713,0.4310359687153136,0.0946333773434162,0.357223629951477,1.3015933096408836,0.9071770675741212,0.5,0.5,LogNormal,0.0204011954761427,0.0336545599630455,1752685.0091300001,814547.3947521115,851536.4347254967,36989.03997338517,36989.03997338517,100.0,81454739.47521116,85153643.47254966,3698903.9973385036,3698903.9973385036
"multi|amazon,beehiiv,liveintent,meta,moloco,tiktok|pmode=roi|rpk=100.0|target=liveintent|mu=1.000000|sigma=0.500000|dist=LogNormal|1.000000|0.500000|LogNormal|alpha=0p64|ec=1p53|slope=1p2|lag=4|decay=geometric",liveintent,"{""kpi_type"": ""non_revenue"", ""kpi_type_effective"": ""revenue"", ""prior_design_mode"": ""roi"", ""prior_grid_type"": ""roi"", ""revenue_per_kpi"": 100.0, ""roi_prior_overrides"": {""amazon"": {""dist"": ""LogNormal"", ""mu"": 0.5, ""sigma"": 0.5}, ""beehiiv"": {""dist"": ""LogNormal"", ""mu"": 0.5, ""sigma"": 0.5}, ""liveintent"": {""dist"": ""LogNormal"", ""mu"": 1.0, ""sigma"": 0.5}, ""meta"": {""dist"": ""LogNormal"", ""mu"": 0.5, ""sigma"": 0.5}, ""moloco"": {""dist"": ""LogNormal"", ""mu"": 0.5, ""sigma"": 0.5}, ""tiktok"": {""dist"": ""LogNormal"", ""mu"": 0.5, ""sigma"": 0.5}}, ""run_mode"": ""roi_full"", ""structural_overrides"": {""adstock_decay_spec"": ""geometric"", ""alpha_m"": 0.64, ""ec_m"": 1.53, ""max_lag"": 4, ""slope_m"": 1.2}, ""sweep_type"": ""fixed_full_grid"", ""target_channel"": ""liveintent"", ""two_layer_enabled"": false}",amazon,REVIEW,REVIEW:PriorPosteriorShift,PriorPosteriorShift,"amazon,liveintent",0.6377680289559067,0.5198158133759474,0.11795221557995927,0.18494532529807028,0.64,1.53,1.2,4,geometric,prior_sweep,roi_full,roi,non_revenue,revenue,__revenue_equiv__,100.0,liveintent,fixed_full_grid,False,roi,roi,Revenue-equivalent ROI,1.0,0.5,LogNormal,target_channels,liveintent,configured,,,,upload_1bc112d58beb_monthly_mocha,/Users/jasper/Documents/Intern/BlueAlpha/capstone-Blue_Alpha_1/backend/storage/uploads/upload_1bc112d58beb_monthly_mocha.csv,1.0,0.5,LogNormal,0.6114372134697085,0.0995406173169612,0.4413366019725799,2.029905021190642,0.5339082020683782,0.0985074028372764,0.3602074086666107,1.5035003960132598,0.7269139018061231,0.5,0.5,LogNormal,0.0052854498698371,0.0433657050563335,15740.258094,10038.633379867637,8182.03506387995,-1856.5983159876869,1856.5983159876869,100.0,1003863.3379867637,818203.506387995,-185659.8315987687,185659.8315987687
"multi|amazon,beehiiv,liveintent,meta,moloco,tiktok|pmode=roi|rpk=100.0|target=liveintent|mu=1.000000|sigma=0.500000|dist=LogNormal|1.000000|0.500000|LogNormal|alpha=0p64|ec=1p53|slope=1p2|lag=4|decay=geometric",liveintent,"{""kpi_type"": ""non_revenue"", ""kpi_type_effective"": ""revenue"", ""prior_design_mode"": ""roi"", ""prior_grid_type"": ""roi"", ""revenue_per_kpi"": 100.0, ""roi_prior_overrides"": {""amazon"": {""dist"": ""LogNormal"", ""mu"": 0.5, ""sigma"": 0.5}, ""beehiiv"": {""dist"": ""LogNormal"", ""mu"": 0.5, ""sigma"": 0.5}, ""liveintent"": {""dist"": ""LogNormal"", ""mu"": 1.0, ""sigma"": 0.5}, ""meta"": {""dist"": ""LogNormal"", ""mu"": 0.5, ""sigma"": 0.5}, ""moloco"": {""dist"": ""LogNormal"", ""mu"": 0.5, ""sigma"": 0.5}, ""tiktok"": {""dist"": ""LogNormal"", ""mu"": 0.5, ""sigma"": 0.5}}, ""run_mode"": ""roi_full"", ""structural_overrides"": {""adstock_decay_spec"": ""geometric"", ""alpha_m"": 0.64, ""ec_m"": 1.53, ""max_lag"": 4, ""slope_m"": 1.2}, ""sweep_type"": ""fixed_full_grid"", ""target_channel"": ""liveintent"", ""two_layer_enabled"": false}",beehiiv,REVIEW,REVIEW:PriorPosteriorShift,PriorPosteriorShift,"amazon,liveintent",0.762659886876742,0.493044177403984,0.26961570947275804,0.35352024422956474,0.64,1.53,1.2,4,geometric,prior_sweep,roi_full,roi,non_revenue,revenue,__revenue_equiv__,100.0,liveintent,fixed_full_grid,False,roi,roi,Revenue-equivalent ROI,1.0,0.5,LogNormal,target_channels,liveintent,configured,,,,upload_1bc112d58beb_monthly_mocha,/Users/jasper/Documents/Intern/BlueAlpha/capstone-Blue_Alpha_1/backend/storage/uploads/upload_1bc112d58beb_monthly_mocha.csv,1.0,0.5,LogNormal,0.8561781928458713,0.1083850640803575,0.4253711998462677,2.5097618103027344,0.5005084496418917,0.0861809574067592,0.3428508788347244,1.3790089845657347,0.5242754410141047,0.5,0.5,LogNormal,9.780066987519208e-05,0.0191120581525819,328172.2732613,250283.82880154633,161803.42851691312,-88480.40028463322,88480.40028463322,100.0,25028382.880154632,16180342.851691311,-8848040.02846332,8848040.02846332
"multi|amazon,beehiiv,liveintent,meta,moloco,tiktok|pmode=roi|rpk=100.0|target=liveintent|mu=1.000000|sigma=0.500000|dist=LogNormal|1.000000|0.500000|LogNormal|alpha=0p64|ec=1p53|slope=1p2|lag=4|decay=geometric",liveintent,"{""kpi_type"": ""non_revenue"", ""kpi_type_effective"": ""revenue"", ""prior_design_mode"": ""roi"", ""prior_grid_type"": ""roi"", ""revenue_per_kpi"": 100.0, ""roi_prior_overrides"": {""amazon"": {""dist"": ""LogNormal"", ""mu"": 0.5, ""sigma"": 0.5}, ""beehiiv"": {""dist"": ""LogNormal"", ""mu"": 0.5, ""sigma"": 0.5}, ""liveintent"": {""dist"": ""LogNormal"", ""mu"": 1.0, ""sigma"": 0.5}, ""meta"": {""dist"": ""LogNormal"", ""mu"": 0.5, ""sigma"": 0.5}, ""moloco"": {""dist"": ""LogNormal"", ""mu"": 0.5, ""sigma"": 0.5}, ""tiktok"": {""dist"": ""LogNormal"", ""mu"": 0.5, ""sigma"": 0.5}}, ""run_mode"": ""roi_full"", ""structural_overrides"": {""adstock_decay_spec"": ""geometric"", ""alpha_m"": 0.64, ""ec_m"": 1.53, ""max_lag"": 4, ""slope_m"": 1.2}, ""sweep_type"": ""fixed_full_grid"", ""target_channel"": ""liveintent"", ""two_layer_enabled"": false}",google,REVIEW,REVIEW:PriorPosteriorShift,PriorPosteriorShift,"amazon,liveintent",0.5177610162024696,0.2647897894137228,0.25297122678874684,0.4885868554650372,0.64,1.53,1.2,4,geometric,prior_sweep,roi_full,roi,non_revenue,revenue,__revenue_equiv__,100.0,liveintent,fixed_full_grid,False,roi,roi,Revenue-equivalent ROI,1.0,0.5,LogNormal,target_channels,liveintent,configured,,,,upload_1bc112d58beb_monthly_mocha,/Users/jasper/Documents/Intern/BlueAlpha/capstone-Blue_Alpha_1/backend/storage/uploads/upload_1bc112d58beb_monthly_mocha.csv,1.0,0.5,LogNormal,0.4950598479489236,0.0569363014772534,0.2887331247329712,1.5954086780548096,0.2056915836034897,0.0462967466562986,0.2071740701794624,0.6743128627538679,0.3985357989717747,0.4,0.5,LogNormal,0.5094118757045236,0.1295125458810714,10298543.94665,5332184.579223297,2726949.282901423,-2605235.2963218736,2605235.2963218736,100.0,533218457.92232966,272694928.2901423,-260523529.63218737,260523529.63218737
"multi|amazon,beehiiv,liveintent,meta,moloco,tiktok|pmode=roi|rpk=100.0|target=liveintent|mu=1.000000|sigma=0.500000|dist=LogNormal|1.000000|0.500000|LogNormal|alpha=0p64|ec=1p53|slope=1p2|lag=4|decay=geometric",liveintent,"{""kpi_type"": ""non_revenue"", ""kpi_type_effective"": ""revenue"", ""prior_design_mode"": ""roi"", ""prior_grid_type"": ""roi"", ""revenue_per_kpi"": 100.0, ""roi_prior_overrides"": {""amazon"": {""dist"": ""LogNormal"", ""mu"": 0.5, ""sigma"": 0.5}, ""beehiiv"": {""dist"": ""LogNormal"", ""mu"": 0.5, ""sigma"": 0.5}, ""liveintent"": {""dist"": ""LogNormal"", ""mu"": 1.0, ""sigma"": 0.5}, ""meta"": {""dist"": ""LogNormal"", ""mu"": 0.5, ""sigma"": 0.5}, ""moloco"": {""dist"": ""LogNormal"", ""mu"": 0.5, ""sigma"": 0.5}, ""tiktok"": {""dist"": ""LogNormal"", ""mu"": 0.5, ""sigma"": 0.5}}, ""run_mode"": ""roi_full"", ""structural_overrides"": {""adstock_decay_spec"": ""geometric"", ""alpha_m"": 0.64, ""ec_m"": 1.53, ""max_lag"": 4, ""slope_m"": 1.2}, ""sweep_type"": ""fixed_full_grid"", ""target_channel"": ""liveintent"", ""two_layer_enabled"": false}",liveintent,REVIEW,REVIEW:PriorPosteriorShift,PriorPosteriorShift,"amazon,liveintent",0.5128150204243138,0.9923524357005954,0.4795374152762816,0.9351079749565494,0.64,1.53,1.2,4,geometric,prior_sweep,roi_full,roi,non_revenue,revenue,__revenue_equiv__,100.0,liveintent,fixed_full_grid,False,roi,roi,Revenue-equivalent ROI,1.0,0.5,LogNormal,target_channels,liveintent,configured,,,,upload_1bc112d58beb_monthly_mocha,/Users/jasper/Documents/Intern/BlueAlpha/capstone-Blue_Alpha_1/backend/storage/uploads/upload_1bc112d58beb_monthly_mocha.csv,1.0,0.5,LogNormal,0.477736227784908,0.0928924188017845,0.3985480219125747,1.2810815036296836,0.4938564087476412,0.4044660851359367,0.9051720499992372,1.862284815311432,0.49543301995814093,1.0,0.5,LogNormal,0.0002685694401372,0.0362155835299186,797987.173079,409219.8084608478,791884.5148627782,382664.7064019304,382664.7064019304,100.0,40921980.84608478,79188451.48627782,38266470.64019304,38266470.64019304
"multi|amazon,beehiiv,liveintent,meta,moloco,tiktok|pmode=roi|rpk=100.0|target=liveintent|mu=1.000000|sigma=0.500000|dist=LogNormal|1.000000|0.500000|LogNormal|alpha=0p64|ec=1p53|slope=1p2|lag=4|decay=geometric",liveintent,"{""kpi_type"": ""non_revenue"", ""kpi_type_effective"": ""revenue"", ""prior_design_mode"": ""roi"", ""prior_grid_type"": ""roi"", ""revenue_per_kpi"": 100.0, ""roi_prior_overrides"": {""amazon"": {""dist"": ""LogNormal"", ""mu"": 0.5, ""sigma"": 0.5}, ""beehiiv"": {""dist"": ""LogNormal"", ""mu"": 0.5, ""sigma"": 0.5}, ""liveintent"": {""dist"": ""LogNormal"", ""mu"": 1.0, ""sigma"": 0.5}, ""meta"": {""dist"": ""LogNormal"", ""mu"": 0.5, ""sigma"": 0.5}, ""moloco"": {""dist"": ""LogNormal"", ""mu"": 0.5, ""sigma"": 0.5}, ""tiktok"": {""dist"": ""LogNormal"", ""mu"": 0.5, ""sigma"": 0.5}}, ""run_mode"": ""roi_full"", ""structural_overrides"": {""adstock_decay_spec"": ""geometric"", ""alpha_m"": 0.64, ""ec_m"": 1.53, ""max_lag"": 4, ""slope_m"": 1.2}, ""sweep_type"": ""fixed_full_grid"", ""target_channel"": ""liveintent"", ""two_layer_enabled"": false}",meta,REVIEW,REVIEW:PriorPosteriorShift,PriorPosteriorShift,"amazon,liveintent",0.6200743053123976,0.424056674571087,0.19601763074131062,0.3161195828660496,0.64,1.53,1.2,4,geometric,prior_sweep,roi_full,roi,non_revenue,revenue,__revenue_equiv__,100.0,liveintent,fixed_full_grid,False,roi,roi,Revenue-equivalent ROI,1.0,0.5,LogNormal,target_channels,liveintent,configured,,,,upload_1bc112d58beb_monthly_mocha,/Users/jasper/Documents/Intern/BlueAlpha/capstone-Blue_Alpha_1/backend/storage/uploads/upload_1bc112d58beb_monthly_mocha.csv,1.0,0.5,LogNormal,0.4861901734527795,0.1053347028791904,0.4240260720252991,1.5302040576934814,0.3801775902021848,0.0850259307771921,0.3099066615104675,1.082744687795639,0.676324922659907,0.5,0.5,LogNormal,0.0745743897732744,0.0822540253286604,840158.1265220001,520960.46665569465,356274.6612467939,-164685.80540890072,164685.80540890072,100.0,52096046.66556946,35627466.124679394,-16468580.540890068,16468580.540890068
"multi|amazon,beehiiv,liveintent,meta,moloco,tiktok|pmode=roi|rpk=100.0|target=liveintent|mu=1.000000|sigma=0.500000|dist=LogNormal|1.000000|0.500000|LogNormal|alpha=0p64|ec=1p53|slope=1p2|lag=4|decay=geometric",liveintent,"{""kpi_type"": ""non_revenue"", ""kpi_type_effective"": ""revenue"", ""prior_design_mode"": ""roi"", ""prior_grid_type"": ""roi"", ""revenue_per_kpi"": 100.0, ""roi_prior_overrides"": {""amazon"": {""dist"": ""LogNormal"", ""mu"": 0.5, ""sigma"": 0.5}, ""beehiiv"": {""dist"": ""LogNormal"", ""mu"": 0.5, ""sigma"": 0.5}, ""liveintent"": {""dist"": ""LogNormal"", ""mu"": 1.0, ""sigma"": 0.5}, ""meta"": {""dist"": ""LogNormal"", ""mu"": 0.5, ""sigma"": 0.5}, ""moloco"": {""dist"": ""LogNormal"", ""mu"": 0.5, ""sigma"": 0.5}, ""tiktok"": {""dist"": ""LogNormal"", ""mu"": 0.5, ""sigma"": 0.5}}, ""run_mode"": ""roi_full"", ""structural_overrides"": {""adstock_decay_spec"": ""geometric"", ""alpha_m"": 0.64, ""ec_m"": 1.53, ""max_lag"": 4, ""slope_m"": 1.2}, ""sweep_type"": ""fixed_full_grid"", ""target_channel"": ""liveintent"", ""two_layer_enabled"": false}",moloco,REVIEW,REVIEW:PriorPosteriorShift,PriorPosteriorShift,"amazon,liveintent",0.6339402654984345,0.5310906823445112,0.10284958315392334,0.16223860314829197,0.64,1.53,1.2,4,geometric,prior_sweep,roi_full,roi,non_revenue,revenue,__revenue_equiv__,100.0,liveintent,fixed_full_grid,False,roi,roi,Revenue-equivalent ROI,1.0,0.5,LogNormal,target_channels,liveintent,configured,,,,upload_1bc112d58beb_monthly_mocha,/Users/jasper/Documents/Intern/BlueAlpha/capstone-Blue_Alpha_1/backend/storage/uploads/upload_1bc112d58beb_monthly_mocha.csv,1.0,0.5,LogNormal,0.5400197894281911,0.1072283249348402,0.4539413452148437,1.7795422077178955,0.4677528654662214,0.0948609098792076,0.3875230550765991,1.4658725321292856,0.8064695731694047,0.5,0.5,LogNormal,0.0061867545842324,0.0320909580858977,842234.6095886,533926.4320145674,447302.95350057253,-86623.4785139949,86623.4785139949,100.0,53392643.20145674,44730295.35005725,-8662347.851399489,8662347.851399489
"multi|amazon,beehiiv,liveintent,meta,moloco,tiktok|pmode=roi|rpk=100.0|target=liveintent|mu=1.000000|sigma=0.500000|dist=LogNormal|1.000000|0.500000|LogNormal|alpha=0p64|ec=1p53|slope=1p2|lag=4|decay=geometric",liveintent,"{""kpi_type"": ""non_revenue"", ""kpi_type_effective"": ""revenue"", ""prior_design_mode"": ""roi"", ""prior_grid_type"": ""roi"", ""revenue_per_kpi"": 100.0, ""roi_prior_overrides"": {""amazon"": {""dist"": ""LogNormal"", ""mu"": 0.5, ""sigma"": 0.5}, ""beehiiv"": {""dist"": ""LogNormal"", ""mu"": 0.5, ""sigma"": 0.5}, ""liveintent"": {""dist"": ""LogNormal"", ""mu"": 1.0, ""sigma"": 0.5}, ""meta"": {""dist"": ""LogNormal"", ""mu"": 0.5, ""sigma"": 0.5}, ""moloco"": {""dist"": ""LogNormal"", ""mu"": 0.5, ""sigma"": 0.5}, ""tiktok"": {""dist"": ""LogNormal"", ""mu"": 0.5, ""sigma"": 0.5}}, ""run_mode"": ""roi_full"", ""structural_overrides"": {""adstock_decay_spec"": ""geometric"", ""alpha_m"": 0.64, ""ec_m"": 1.53, ""max_lag"": 4, ""slope_m"": 1.2}, ""sweep_type"": ""fixed_full_grid"", ""target_channel"": ""liveintent"", ""two_layer_enabled"": false}",snapchat,REVIEW,REVIEW:PriorPosteriorShift,PriorPosteriorShift,"amazon,liveintent",0.8269837570687135,0.4051807118331392,0.4218030452355743,0.5100499757464123,0.64,1.53,1.2,4,geometric,prior_sweep,roi_full,roi,non_revenue,revenue,__revenue_equiv__,100.0,liveintent,fixed_full_grid,False,roi,roi,Revenue-equivalent ROI,1.0,0.5,LogNormal,target_channels,liveintent,configured,,,,upload_1bc112d58beb_monthly_mocha,/Users/jasper/Documents/Intern/BlueAlpha/capstone-Blue_Alpha_1/backend/storage/uploads/upload_1bc112d58beb_monthly_mocha.csv,1.0,0.5,LogNormal,0.8713437341396965,0.0716421011835336,0.4354811757802963,2.750908374786377,0.4180617960685951,0.0518972186371684,0.2679823189973831,1.1862028241157527,0.4129515064778055,0.4,0.5,LogNormal,0.0285838495540373,0.0196524843320824,4342436.908989999,3591124.789830401,1759471.6778750645,-1831653.1119553365,1831653.1119553365,100.0,359112478.9830401,175947167.78750646,-183165311.19553363,183165311.19553363
"multi|amazon,beehiiv,liveintent,meta,moloco,tiktok|pmode=roi|rpk=100.0|target=liveintent|mu=1.000000|sigma=0.500000|dist=LogNormal|1.000000|0.500000|LogNormal|alpha=0p64|ec=1p53|slope=1p2|lag=4|decay=geometric",liveintent,"{""kpi_type"": ""non_revenue"", ""kpi_type_effective"": ""revenue"", ""prior_design_mode"": ""roi"", ""prior_grid_type"": ""roi"", ""revenue_per_kpi"": 100.0, ""roi_prior_overrides"": {""amazon"": {""dist"": ""LogNormal"", ""mu"": 0.5, ""sigma"": 0.5}, ""beehiiv"": {""dist"": ""LogNormal"", ""mu"": 0.5, ""sigma"": 0.5}, ""liveintent"": {""dist"": ""LogNormal"", ""mu"": 1.0, ""sigma"": 0.5}, ""meta"": {""dist"": ""LogNormal"", ""mu"": 0.5, ""sigma"": 0.5}, ""moloco"": {""dist"": ""LogNormal"", ""mu"": 0.5, ""sigma"": 0.5}, ""tiktok"": {""dist"": ""LogNormal"", ""mu"": 0.5, ""sigma"": 0.5}}, ""run_mode"": ""roi_full"", ""structural_overrides"": {""adstock_decay_spec"": ""geometric"", ""alpha_m"": 0.64, ""ec_m"": 1.53, ""max_lag"": 4, ""slope_m"": 1.2}, ""sweep_type"": ""fixed_full_grid"", ""target_channel"": ""liveintent"", ""two_layer_enabled"": false}",tiktok,REVIEW,REVIEW:PriorPosteriorShift,PriorPosteriorShift,"amazon,liveintent",0.464742603781633,0.4781877566687763,0.013445152887143264,0.028930321381640978,0.64,1.53,1.2,4,geometric,prior_sweep,roi_full,roi,non_revenue,revenue,__revenue_equiv__,100.0,liveintent,fixed_full_grid,False,roi,roi,Revenue-equivalent ROI,1.0,0.5,LogNormal,target_channels,liveintent,configured,,,,upload_1bc112d58beb_monthly_mocha,/Users/jasper/Documents/Intern/BlueAlpha/capstone-Blue_Alpha_1/backend/storage/uploads/upload_1bc112d58beb_monthly_mocha.csv,1.0,0.5,LogNormal,0.4119649280983944,0.0886418987065553,0.3509712815284729,1.194995081424713,0.4271298210301475,0.0862201873213052,0.350433349609375,1.26967042684555,0.9348539936608734,0.5,0.5,LogNormal,0.0233514168306836,0.0396731661829556,1752685.0091300001,814547.3947521115,838112.5126628685,23565.117910756962,23565.117910756962,100.0,81454739.47521116,83811251.26628685,2356511.7910756916,2356511.7910756916
"multi|amazon,beehiiv,liveintent,meta,moloco,tiktok|pmode=roi|rpk=100.0|target=liveintent|mu=1.000000|sigma=1.000000|dist=LogNormal|1.000000|1.000000|LogNormal|alpha=0p64|ec=1p53|slope=1p2|lag=4|decay=geometric",liveintent,"{""kpi_type"": ""non_revenue"", ""kpi_type_effective"": ""revenue"", ""prior_design_mode"": ""roi"", ""prior_grid_type"": ""roi"", ""revenue_per_kpi"": 100.0, ""roi_prior_overrides"": {""amazon"": {""dist"": ""LogNormal"", ""mu"": 0.5, ""sigma"": 0.5}, ""beehiiv"": {""dist"": ""LogNormal"", ""mu"": 0.5, ""sigma"": 0.5}, ""liveintent"": {""dist"": ""LogNormal"", ""mu"": 1.0, ""sigma"": 1.0}, ""meta"": {""dist"": ""LogNormal"", ""mu"": 0.5, ""sigma"": 0.5}, ""moloco"": {""dist"": ""LogNormal"", ""mu"": 0.5, ""sigma"": 0.5}, ""tiktok"": {""dist"": ""LogNormal"", ""mu"": 0.5, ""sigma"": 0.5}}, ""run_mode"": ""roi_full"", ""structural_overrides"": {""adstock_decay_spec"": ""geometric"", ""alpha_m"": 0.64, ""ec_m"": 1.53, ""max_lag"": 4, ""slope_m"": 1.2}, ""sweep_type"": ""fixed_full_grid"", ""target_channel"": ""liveintent"", ""two_layer_enabled"": false}",amazon,REVIEW,REVIEW:PriorPosteriorShift,PriorPosteriorShift,"liveintent,tiktok",0.6377680289559067,0.5063308786352475,0.13143715032065917,0.20608927439626534,0.64,1.53,1.2,4,geometric,prior_sweep,roi_full,roi,non_revenue,revenue,__revenue_equiv__,100.0,liveintent,fixed_full_grid,False,roi,roi,Revenue-equivalent ROI,1.0,1.0,LogNormal,target_channels,liveintent,configured,,,,upload_1bc112d58beb_monthly_mocha,/Users/jasper/Documents/Intern/BlueAlpha/capstone-Blue_Alpha_1/backend/storage/uploads/upload_1bc112d58beb_monthly_mocha.csv,1.0,1.0,LogNormal,0.6114372134697085,0.0995406173169612,0.4413366019725799,2.029905021190642,0.502905684173682,0.0983079940080642,0.3559001386165619,1.41534686088562,0.6812012159119389,0.5,0.5,LogNormal,0.0001138669139603,0.0301996330970903,15740.258094,10038.633379867637,7969.778710680586,-2068.8546691870506,2068.8546691870506,100.0,1003863.3379867637,796977.8710680587,-206885.46691870503,206885.46691870503
"multi|amazon,beehiiv,liveintent,meta,moloco,tiktok|pmode=roi|rpk=100.0|target=liveintent|mu=1.000000|sigma=1.000000|dist=LogNormal|1.000000|1.000000|LogNormal|alpha=0p64|ec=1p53|slope=1p2|lag=4|decay=geometric",liveintent,"{""kpi_type"": ""non_revenue"", ""kpi_type_effective"": ""revenue"", ""prior_design_mode"": ""roi"", ""prior_grid_type"": ""roi"", ""revenue_per_kpi"": 100.0, ""roi_prior_overrides"": {""amazon"": {""dist"": ""LogNormal"", ""mu"": 0.5, ""sigma"": 0.5}, ""beehiiv"": {""dist"": ""LogNormal"", ""mu"": 0.5, ""sigma"": 0.5}, ""liveintent"": {""dist"": ""LogNormal"", ""mu"": 1.0, ""sigma"": 1.0}, ""meta"": {""dist"": ""LogNormal"", ""mu"": 0.5, ""sigma"": 0.5}, ""moloco"": {""dist"": ""LogNormal"", ""mu"": 0.5, ""sigma"": 0.5}, ""tiktok"": {""dist"": ""LogNormal"", ""mu"": 0.5, ""sigma"": 0.5}}, ""run_mode"": ""roi_full"", ""structural_overrides"": {""adstock_decay_spec"": ""geometric"", ""alpha_m"": 0.64, ""ec_m"": 1.53, ""max_lag"": 4, ""slope_m"": 1.2}, ""sweep_type"": ""fixed_full_grid"", ""target_channel"": ""liveintent"", ""two_layer_enabled"": false}",beehiiv,REVIEW,REVIEW:PriorPosteriorShift,PriorPosteriorShift,"liveintent,tiktok",0.762659886876742,0.5125330984639004,0.25012678841284164,0.3279663618302585,0.64,1.53,1.2,4,geometric,prior_sweep,roi_full,roi,non_revenue,revenue,__revenue_equiv__,100.0,liveintent,fixed_full_grid,False,roi,roi,Revenue-equivalent ROI,1.0,1.0,LogNormal,target_channels,liveintent,configured,,,,upload_1bc112d58beb_monthly_mocha,/Users/jasper/Documents/Intern/BlueAlpha/capstone-Blue_Alpha_1/backend/storage/uploads/upload_1bc112d58beb_monthly_mocha.csv,1.0,1.0,LogNormal,0.8561781928458713,0.1083850640803575,0.4253711998462677,2.5097618103027344,0.5305942740915188,0.085548972338438,0.3584148287773132,1.4269254148006432,0.543904532667814,0.5,0.5,LogNormal,0.0039851726726495,0.0199150228677605,328172.2732613,250283.82880154633,168199.1520445559,-82084.67675699043,82084.67675699043,100.0,25028382.880154632,16819915.20445559,-8208467.67569904,8208467.67569904
"multi|amazon,beehiiv,liveintent,meta,moloco,tiktok|pmode=roi|rpk=100.0|target=liveintent|mu=1.000000|sigma=1.000000|dist=LogNormal|1.000000|1.000000|LogNormal|alpha=0p64|ec=1p53|slope=1p2|lag=4|decay=geometric",liveintent,"{""kpi_type"": ""non_revenue"", ""kpi_type_effective"": ""revenue"", ""prior_design_mode"": ""roi"", ""prior_grid_type"": ""roi"", ""revenue_per_kpi"": 100.0, ""roi_prior_overrides"": {""amazon"": {""dist"": ""LogNormal"", ""mu"": 0.5, ""sigma"": 0.5}, ""beehiiv"": {""dist"": ""LogNormal"", ""mu"": 0.5, ""sigma"": 0.5}, ""liveintent"": {""dist"": ""LogNormal"", ""mu"": 1.0, ""sigma"": 1.0}, ""meta"": {""dist"": ""LogNormal"", ""mu"": 0.5, ""sigma"": 0.5}, ""moloco"": {""dist"": ""LogNormal"", ""mu"": 0.5, ""sigma"": 0.5}, ""tiktok"": {""dist"": ""LogNormal"", ""mu"": 0.5, ""sigma"": 0.5}}, ""run_mode"": ""roi_full"", ""structural_overrides"": {""adstock_decay_spec"": ""geometric"", ""alpha_m"": 0.64, ""ec_m"": 1.53, ""max_lag"": 4, ""slope_m"": 1.2}, ""sweep_type"": ""fixed_full_grid"", ""target_channel"": ""liveintent"", ""two_layer_enabled"": false}",google,REVIEW,REVIEW:PriorPosteriorShift,PriorPosteriorShift,"liveintent,tiktok",0.5177610162024696,0.2645044002961367,0.2532566159063329,0.4891380540077148,0.64,1.53,1.2,4,geometric,prior_sweep,roi_full,roi,non_revenue,revenue,__revenue_equiv__,100.0,liveintent,fixed_full_grid,False,roi,roi,Revenue-equivalent ROI,1.0,1.0,LogNormal,target_channels,liveintent,configured,,,,upload_1bc112d58beb_monthly_mocha,/Users/jasper/Documents/Intern/BlueAlpha/capstone-Blue_Alpha_1/backend/storage/uploads/upload_1bc112d58beb_monthly_mocha.csv,1.0,1.0,LogNormal,0.4950598479489236,0.0569363014772534,0.2887331247329712,1.5954086780548096,0.2091068467871976,0.0511531053110957,0.1986720710992813,0.6948990285396571,0.41311991248244023,0.4,0.5,LogNormal,0.4959322102681348,0.1299759094476796,10298543.94665,5332184.579223297,2724010.1905320673,-2608174.3886912293,2608174.3886912293,100.0,533218457.92232966,272401019.05320674,-260817438.86912292,260817438.86912292
"multi|amazon,beehiiv,liveintent,meta,moloco,tiktok|pmode=roi|rpk=100.0|target=liveintent|mu=1.000000|sigma=1.000000|dist=LogNormal|1.000000|1.000000|LogNormal|alpha=0p64|ec=1p53|slope=1p2|lag=4|decay=geometric",liveintent,"{""kpi_type"": ""non_revenue"", ""kpi_type_effective"": ""revenue"", ""prior_design_mode"": ""roi"", ""prior_grid_type"": ""roi"", ""revenue_per_kpi"": 100.0, ""roi_prior_overrides"": {""amazon"": {""dist"": ""LogNormal"", ""mu"": 0.5, ""sigma"": 0.5}, ""beehiiv"": {""dist"": ""LogNormal"", ""mu"": 0.5, ""sigma"": 0.5}, ""liveintent"": {""dist"": ""LogNormal"", ""mu"": 1.0, ""sigma"": 1.0}, ""meta"": {""dist"": ""LogNormal"", ""mu"": 0.5, ""sigma"": 0.5}, ""moloco"": {""dist"": ""LogNormal"", ""mu"": 0.5, ""sigma"": 0.5}, ""tiktok"": {""dist"": ""LogNormal"", ""mu"": 0.5, ""sigma"": 0.5}}, ""run_mode"": ""roi_full"", ""structural_overrides"": {""adstock_decay_spec"": ""geometric"", ""alpha_m"": 0.64, ""ec_m"": 1.53, ""max_lag"": 4, ""slope_m"": 1.2}, ""sweep_type"": ""fixed_full_grid"", ""target_channel"": ""liveintent"", ""two_layer_enabled"": false}",liveintent,REVIEW,REVIEW:PriorPosteriorShift,PriorPosteriorShift,"liveintent,tiktok",0.5128150204243138,1.0122935407577704,0.49947852033345663,0.9739935462892209,0.64,1.53,1.2,4,geometric,prior_sweep,roi_full,roi,non_revenue,revenue,__revenue_equiv__,100.0,liveintent,fixed_full_grid,False,roi,roi,Revenue-equivalent ROI,1.0,1.0,LogNormal,target_channels,liveintent,configured,,,,upload_1bc112d58beb_monthly_mocha,/Users/jasper/Documents/Intern/BlueAlpha/capstone-Blue_Alpha_1/backend/storage/uploads/upload_1bc112d58beb_monthly_mocha.csv,1.0,1.0,LogNormal,0.477736227784908,0.0928924188017845,0.3985480219125747,1.2810815036296836,0.9296145512732918,0.1883592918515205,0.7360077202320099,2.7600937962532037,0.4096886800584543,1.0,1.0,LogNormal,0.0051524122856969,0.0317899105057336,797987.173079,409219.8084608478,807797.2609154247,398577.45245457685,398577.45245457685,100.0,40921980.84608478,80779726.09154247,39857745.24545769,39857745.24545769
"multi|amazon,beehiiv,liveintent,meta,moloco,tiktok|pmode=roi|rpk=100.0|target=liveintent|mu=1.000000|sigma=1.000000|dist=LogNormal|1.000000|1.000000|LogNormal|alpha=0p64|ec=1p53|slope=1p2|lag=4|decay=geometric",liveintent,"{""kpi_type"": ""non_revenue"", ""kpi_type_effective"": ""revenue"", ""prior_design_mode"": ""roi"", ""prior_grid_type"": ""roi"", ""revenue_per_kpi"": 100.0, ""roi_prior_overrides"": {""amazon"": {""dist"": ""LogNormal"", ""mu"": 0.5, ""sigma"": 0.5}, ""beehiiv"": {""dist"": ""LogNormal"", ""mu"": 0.5, ""sigma"": 0.5}, ""liveintent"": {""dist"": ""LogNormal"", ""mu"": 1.0, ""sigma"": 1.0}, ""meta"": {""dist"": ""LogNormal"", ""mu"": 0.5, ""sigma"": 0.5}, ""moloco"": {""dist"": ""LogNormal"", ""mu"": 0.5, ""sigma"": 0.5}, ""tiktok"": {""dist"": ""LogNormal"", ""mu"": 0.5, ""sigma"": 0.5}}, ""run_mode"": ""roi_full"", ""structural_overrides"": {""adstock_decay_spec"": ""geometric"", ""alpha_m"": 0.64, ""ec_m"": 1.53, ""max_lag"": 4, ""slope_m"": 1.2}, ""sweep_type"": ""fixed_full_grid"", ""target_channel"": ""liveintent"", ""two_layer_enabled"": false}",meta,REVIEW,REVIEW:PriorPosteriorShift,PriorPosteriorShift,"liveintent,tiktok",0.6200743053123976,0.4143888626340776,0.20568544267832,0.33171095934171035,0.64,1.53,1.2,4,geometric,prior_sweep,roi_full,roi,non_revenue,revenue,__revenue_equiv__,100.0,liveintent,fixed_full_grid,False,roi,roi,Revenue-equivalent ROI,1.0,1.0,LogNormal,target_channels,liveintent,configured,,,,upload_1bc112d58beb_monthly_mocha,/Users/jasper/Documents/Intern/BlueAlpha/capstone-Blue_Alpha_1/backend/storage/uploads/upload_1bc112d58beb_monthly_mocha.csv,1.0,1.0,LogNormal,0.4861901734527795,0.1053347028791904,0.4240260720252991,1.5302040576934814,0.3547887859777096,0.0850728530436754,0.3019507080316543,1.163177621364593,0.7320047585172353,0.5,0.5,LogNormal,0.1094941540812346,0.0925471677860972,840158.1265220001,520960.46665569465,348152.1704822291,-172808.29617346555,172808.29617346555,100.0,52096046.66556946,34815217.04822291,-17280829.617346555,17280829.617346555
"multi|amazon,beehiiv,liveintent,meta,moloco,tiktok|pmode=roi|rpk=100.0|target=liveintent|mu=1.000000|sigma=1.000000|dist=LogNormal|1.000000|1.000000|LogNormal|alpha=0p64|ec=1p53|slope=1p2|lag=4|decay=geometric",liveintent,"{""kpi_type"": ""non_revenue"", ""kpi_type_effective"": ""revenue"", ""prior_design_mode"": ""roi"", ""prior_grid_type"": ""roi"", ""revenue_per_kpi"": 100.0, ""roi_prior_overrides"": {""amazon"": {""dist"": ""LogNormal"", ""mu"": 0.5, ""sigma"": 0.5}, ""beehiiv"": {""dist"": ""LogNormal"", ""mu"": 0.5, ""sigma"": 0.5}, ""liveintent"": {""dist"": ""LogNormal"", ""mu"": 1.0, ""sigma"": 1.0}, ""meta"": {""dist"": ""LogNormal"", ""mu"": 0.5, ""sigma"": 0.5}, ""moloco"": {""dist"": ""LogNormal"", ""mu"": 0.5, ""sigma"": 0.5}, ""tiktok"": {""dist"": ""LogNormal"", ""mu"": 0.5, ""sigma"": 0.5}}, ""run_mode"": ""roi_full"", ""structural_overrides"": {""adstock_decay_spec"": ""geometric"", ""alpha_m"": 0.64, ""ec_m"": 1.53, ""max_lag"": 4, ""slope_m"": 1.2}, ""sweep_type"": ""fixed_full_grid"", ""target_channel"": ""liveintent"", ""two_layer_enabled"": false}",moloco,REVIEW,REVIEW:PriorPosteriorShift,PriorPosteriorShift,"liveintent,tiktok",0.6339402654984345,0.5439542478804166,0.08998601761801794,0.14194715577384343,0.64,1.53,1.2,4,geometric,prior_sweep,roi_full,roi,non_revenue,revenue,__revenue_equiv__,100.0,liveintent,fixed_full_grid,False,roi,roi,Revenue-equivalent ROI,1.0,1.0,LogNormal,target_channels,liveintent,configured,,,,upload_1bc112d58beb_monthly_mocha,/Users/jasper/Documents/Intern/BlueAlpha/capstone-Blue_Alpha_1/backend/storage/uploads/upload_1bc112d58beb_monthly_mocha.csv,1.0,1.0,LogNormal,0.5400197894281911,0.1072283249348402,0.4539413452148437,1.7795422077178955,0.5330631634232316,0.1002229448407888,0.3911841809749603,1.5225008845329284,0.8427656318152162,0.5,0.5,LogNormal,0.0081448000041124,0.0355642190487306,842234.6095886,533926.4320145674,458137.0935976232,-75789.3384169442,75789.3384169442,100.0,53392643.20145674,45813709.359762326,-7578933.841694415,7578933.841694415
"multi|amazon,beehiiv,liveintent,meta,moloco,tiktok|pmode=roi|rpk=100.0|target=liveintent|mu=1.000000|sigma=1.000000|dist=LogNormal|1.000000|1.000000|LogNormal|alpha=0p64|ec=1p53|slope=1p2|lag=4|decay=geometric",liveintent,"{""kpi_type"": ""non_revenue"", ""kpi_type_effective"": ""revenue"", ""prior_design_mode"": ""roi"", ""prior_grid_type"": ""roi"", ""revenue_per_kpi"": 100.0, ""roi_prior_overrides"": {""amazon"": {""dist"": ""LogNormal"", ""mu"": 0.5, ""sigma"": 0.5}, ""beehiiv"": {""dist"": ""LogNormal"", ""mu"": 0.5, ""sigma"": 0.5}, ""liveintent"": {""dist"": ""LogNormal"", ""mu"": 1.0, ""sigma"": 1.0}, ""meta"": {""dist"": ""LogNormal"", ""mu"": 0.5, ""sigma"": 0.5}, ""moloco"": {""dist"": ""LogNormal"", ""mu"": 0.5, ""sigma"": 0.5}, ""tiktok"": {""dist"": ""LogNormal"", ""mu"": 0.5, ""sigma"": 0.5}}, ""run_mode"": ""roi_full"", ""structural_overrides"": {""adstock_decay_spec"": ""geometric"", ""alpha_m"": 0.64, ""ec_m"": 1.53, ""max_lag"": 4, ""slope_m"": 1.2}, ""sweep_type"": ""fixed_full_grid"", ""target_channel"": ""liveintent"", ""two_layer_enabled"": false}",snapchat,REVIEW,REVIEW:PriorPosteriorShift,PriorPosteriorShift,"liveintent,tiktok",0.8269837570687135,0.4153482676902786,0.4116354893784349,0.49775522899929514,0.64,1.53,1.2,4,geometric,prior_sweep,roi_full,roi,non_revenue,revenue,__revenue_equiv__,100.0,liveintent,fixed_full_grid,False,roi,roi,Revenue-equivalent ROI,1.0,1.0,LogNormal,target_channels,liveintent,configured,,,,upload_1bc112d58beb_monthly_mocha,/Users/jasper/Documents/Intern/BlueAlpha/capstone-Blue_Alpha_1/backend/storage/uploads/upload_1bc112d58beb_monthly_mocha.csv,1.0,1.0,LogNormal,0.8713437341396965,0.0716421011835336,0.4354811757802963,2.750908374786377,0.4025530592587259,0.0513497319072484,0.2752821147441864,1.2557529687881468,0.4386312817200879,0.4,0.5,LogNormal,0.0413502556856476,0.0406551908943412,4342436.908989999,3591124.789830401,1803623.6477033242,-1787501.1421270769,1787501.1421270769,100.0,359112478.9830401,180362364.77033243,-178750114.21270767,178750114.21270767
"multi|amazon,beehiiv,liveintent,meta,moloco,tiktok|pmode=roi|rpk=100.0|target=liveintent|mu=1.000000|sigma=1.000000|dist=LogNormal|1.000000|1.000000|LogNormal|alpha=0p64|ec=1p53|slope=1p2|lag=4|decay=geometric",liveintent,"{""kpi_type"": ""non_revenue"", ""kpi_type_effective"": ""revenue"", ""prior_design_mode"": ""roi"", ""prior_grid_type"": ""roi"", ""revenue_per_kpi"": 100.0, ""roi_prior_overrides"": {""amazon"": {""dist"": ""LogNormal"", ""mu"": 0.5, ""sigma"": 0.5}, ""beehiiv"": {""dist"": ""LogNormal"", ""mu"": 0.5, ""sigma"": 0.5}, ""liveintent"": {""dist"": ""LogNormal"", ""mu"": 1.0, ""sigma"": 1.0}, ""meta"": {""dist"": ""LogNormal"", ""mu"": 0.5, ""sigma"": 0.5}, ""moloco"": {""dist"": ""LogNormal"", ""mu"": 0.5, ""sigma"": 0.5}, ""tiktok"": {""dist"": ""LogNormal"", ""mu"": 0.5, ""sigma"": 0.5}}, ""run_mode"": ""roi_full"", ""structural_overrides"": {""adstock_decay_spec"": ""geometric"", ""alpha_m"": 0.64, ""ec_m"": 1.53, ""max_lag"": 4, ""slope_m"": 1.2}, ""sweep_type"": ""fixed_full_grid"", ""target_channel"": ""liveintent"", ""two_layer_enabled"": false}",tiktok,REVIEW,REVIEW:PriorPosteriorShift,PriorPosteriorShift,"liveintent,tiktok",0.464742603781633,0.4873751042969524,0.022632500515319398,0.04869900097636326,0.64,1.53,1.2,4,geometric,prior_sweep,roi_full,roi,non_revenue,revenue,__revenue_equiv__,100.0,liveintent,fixed_full_grid,False,roi,roi,Revenue-equivalent ROI,1.0,1.0,LogNormal,target_channels,liveintent,configured,,,,upload_1bc112d58beb_monthly_mocha,/Users/jasper/Documents/Intern/BlueAlpha/capstone-Blue_Alpha_1/backend/storage/uploads/upload_1bc112d58beb_monthly_mocha.csv,1.0,1.0,LogNormal,0.4119649280983944,0.0886418987065553,0.3509712815284729,1.194995081424713,0.4408989672444957,0.0881958998739719,0.3509649634361267,1.3632946610450742,0.8676607776655967,0.5,0.5,LogNormal,0.0148949230589627,0.0345498154656784,1752685.0091300001,814547.3947521115,854215.0391244388,39667.64437232725,39667.64437232725,100.0,81454739.47521116,85421503.91244388,3966764.437232718,3966764.437232718
"multi|amazon,beehiiv,liveintent,meta,moloco,tiktok|pmode=roi|rpk=100.0|target=liveintent|mu=1.500000|sigma=0.500000|dist=LogNormal|1.500000|0.500000|LogNormal|alpha=0p64|ec=1p53|slope=1p2|lag=4|decay=geometric",liveintent,"{""kpi_type"": ""non_revenue"", ""kpi_type_effective"": ""revenue"", ""prior_design_mode"": ""roi"", ""prior_grid_type"": ""roi"", ""revenue_per_kpi"": 100.0, ""roi_prior_overrides"": {""amazon"": {""dist"": ""LogNormal"", ""mu"": 0.5, ""sigma"": 0.5}, ""beehiiv"": {""dist"": ""LogNormal"", ""mu"": 0.5, ""sigma"": 0.5}, ""liveintent"": {""dist"": ""LogNormal"", ""mu"": 1.5, ""sigma"": 0.5}, ""meta"": {""dist"": ""LogNormal"", ""mu"": 0.5, ""sigma"": 0.5}, ""moloco"": {""dist"": ""LogNormal"", ""mu"": 0.5, ""sigma"": 0.5}, ""tiktok"": {""dist"": ""LogNormal"", ""mu"": 0.5, ""sigma"": 0.5}}, ""run_mode"": ""roi_full"", ""structural_overrides"": {""adstock_decay_spec"": ""geometric"", ""alpha_m"": 0.64, ""ec_m"": 1.53, ""max_lag"": 4, ""slope_m"": 1.2}, ""sweep_type"": ""fixed_full_grid"", ""target_channel"": ""liveintent"", ""two_layer_enabled"": false}",amazon,REVIEW,REVIEW:PriorPosteriorShift,PriorPosteriorShift,"amazon,beehiiv,liveintent,tiktok",0.6377680289559067,0.5026615588739515,0.1351064700819552,0.211842651164466,0.64,1.53,1.2,4,geometric,prior_sweep,roi_full,roi,non_revenue,revenue,__revenue_equiv__,100.0,liveintent,fixed_full_grid,False,roi,roi,Revenue-equivalent ROI,1.5,0.5,LogNormal,target_channels,liveintent,configured,,,,upload_1bc112d58beb_monthly_mocha,/Users/jasper/Documents/Intern/BlueAlpha/capstone-Blue_Alpha_1/backend/storage/uploads/upload_1bc112d58beb_monthly_mocha.csv,1.5,0.5,LogNormal,0.6114372134697085,0.0995406173169612,0.4413366019725799,2.029905021190642,0.4655897500992892,0.0959389373660087,0.3543317019939422,1.4653473317623138,0.706220613623336,0.5,0.5,LogNormal,0.004865015225161,0.029439281944859,15740.258094,10038.633379867637,7912.022670608372,-2126.6107092592647,2126.6107092592647,100.0,1003863.3379867637,791202.2670608372,-212661.07092592644,212661.07092592644
"multi|amazon,beehiiv,liveintent,meta,moloco,tiktok|pmode=roi|rpk=100.0|target=liveintent|mu=1.500000|sigma=0.500000|dist=LogNormal|1.500000|0.500000|LogNormal|alpha=0p64|ec=1p53|slope=1p2|lag=4|decay=geometric",liveintent,"{""kpi_type"": ""non_revenue"", ""kpi_type_effective"": ""revenue"", ""prior_design_mode"": ""roi"", ""prior_grid_type"": ""roi"", ""revenue_per_kpi"": 100.0, ""roi_prior_overrides"": {""amazon"": {""dist"": ""LogNormal"", ""mu"": 0.5, ""sigma"": 0.5}, ""beehiiv"": {""dist"": ""LogNormal"", ""mu"": 0.5, ""sigma"": 0.5}, ""liveintent"": {""dist"": ""LogNormal"", ""mu"": 1.5, ""sigma"": 0.5}, ""meta"": {""dist"": ""LogNormal"", ""mu"": 0.5, ""sigma"": 0.5}, ""moloco"": {""dist"": ""LogNormal"", ""mu"": 0.5, ""sigma"": 0.5}, ""tiktok"": {""dist"": ""LogNormal"", ""mu"": 0.5, ""sigma"": 0.5}}, ""run_mode"": ""roi_full"", ""structural_overrides"": {""adstock_decay_spec"": ""geometric"", ""alpha_m"": 0.64, ""ec_m"": 1.53, ""max_lag"": 4, ""slope_m"": 1.2}, ""sweep_type"": ""fixed_full_grid"", ""target_channel"": ""liveintent"", ""two_layer_enabled"": false}",beehiiv,REVIEW,REVIEW:PriorPosteriorShift,PriorPosteriorShift,"amazon,beehiiv,liveintent,tiktok",0.762659886876742,0.5196349602580691,0.24302492661867292,0.3186543973276381,0.64,1.53,1.2,4,geometric,prior_sweep,roi_full,roi,non_revenue,revenue,__revenue_equiv__,100.0,liveintent,fixed_full_grid,False,roi,roi,Revenue-equivalent ROI,1.5,0.5,LogNormal,target_channels,liveintent,configured,,,,upload_1bc112d58beb_monthly_mocha,/Users/jasper/Documents/Intern/BlueAlpha/capstone-Blue_Alpha_1/backend/storage/uploads/upload_1bc112d58beb_monthly_mocha.csv,1.5,0.5,LogNormal,0.8561781928458713,0.1083850640803575,0.4253711998462677,2.5097618103027344,0.5435331213925874,0.0975513532757759,0.3601566255092621,1.4528851926326751,0.557372647413779,0.5,0.5,LogNormal,0.0081450242232367,0.0229189172607733,328172.2732613,250283.82880154633,170529.7861739358,-79754.04262761053,79754.04262761053,100.0,25028382.880154632,17052978.61739358,-7975404.262761053,7975404.262761053
"multi|amazon,beehiiv,liveintent,meta,moloco,tiktok|pmode=roi|rpk=100.0|target=liveintent|mu=1.500000|sigma=0.500000|dist=LogNormal|1.500000|0.500000|LogNormal|alpha=0p64|ec=1p53|slope=1p2|lag=4|decay=geometric",liveintent,"{""kpi_type"": ""non_revenue"", ""kpi_type_effective"": ""revenue"", ""prior_design_mode"": ""roi"", ""prior_grid_type"": ""roi"", ""revenue_per_kpi"": 100.0, ""roi_prior_overrides"": {""amazon"": {""dist"": ""LogNormal"", ""mu"": 0.5, ""sigma"": 0.5}, ""beehiiv"": {""dist"": ""LogNormal"", ""mu"": 0.5, ""sigma"": 0.5}, ""liveintent"": {""dist"": ""LogNormal"", ""mu"": 1.5, ""sigma"": 0.5}, ""meta"": {""dist"": ""LogNormal"", ""mu"": 0.5, ""sigma"": 0.5}, ""moloco"": {""dist"": ""LogNormal"", ""mu"": 0.5, ""sigma"": 0.5}, ""tiktok"": {""dist"": ""LogNormal"", ""mu"": 0.5, ""sigma"": 0.5}}, ""run_mode"": ""roi_full"", ""structural_overrides"": {""adstock_decay_spec"": ""geometric"", ""alpha_m"": 0.64, ""ec_m"": 1.53, ""max_lag"": 4, ""slope_m"": 1.2}, ""sweep_type"": ""fixed_full_grid"", ""target_channel"": ""liveintent"", ""two_layer_enabled"": false}",google,REVIEW,REVIEW:PriorPosteriorShift,PriorPosteriorShift,"amazon,beehiiv,liveintent,tiktok",0.5177610162024696,0.2902251887585347,0.2275358274439349,0.43946110333451094,0.64,1.53,1.2,4,geometric,prior_sweep,roi_full,roi,non_revenue,revenue,__revenue_equiv__,100.0,liveintent,fixed_full_grid,False,roi,roi,Revenue-equivalent ROI,1.5,0.5,LogNormal,target_channels,liveintent,configured,,,,upload_1bc112d58beb_monthly_mocha,/Users/jasper/Documents/Intern/BlueAlpha/capstone-Blue_Alpha_1/backend/storage/uploads/upload_1bc112d58beb_monthly_mocha.csv,1.5,0.5,LogNormal,0.4950598479489236,0.0569363014772534,0.2887331247329712,1.5954086780548096,0.248384592868529,0.0462518872693181,0.2146712318062782,0.808571583032608,0.48518993430887136,0.4,0.5,LogNormal,0.3471206060906703,0.1039631102547895,10298543.94665,5332184.579223297,2988896.8608545614,-2343287.718368735,2343287.718368735,100.0,533218457.92232966,298889686.08545613,-234328771.83687353,234328771.83687353
"multi|amazon,beehiiv,liveintent,meta,moloco,tiktok|pmode=roi|rpk=100.0|target=liveintent|mu=1.500000|sigma=0.500000|dist=LogNormal|1.500000|0.500000|LogNormal|alpha=0p64|ec=1p53|slope=1p2|lag=4|decay=geometric",liveintent,"{""kpi_type"": ""non_revenue"", ""kpi_type_effective"": ""revenue"", ""prior_design_mode"": ""roi"", ""prior_grid_type"": ""roi"", ""revenue_per_kpi"": 100.0, ""roi_prior_overrides"": {""amazon"": {""dist"": ""LogNormal"", ""mu"": 0.5, ""sigma"": 0.5}, ""beehiiv"": {""dist"": ""LogNormal"", ""mu"": 0.5, ""sigma"": 0.5}, ""liveintent"": {""dist"": ""LogNormal"", ""mu"": 1.5, ""sigma"": 0.5}, ""meta"": {""dist"": ""LogNormal"", ""mu"": 0.5, ""sigma"": 0.5}, ""moloco"": {""dist"": ""LogNormal"", ""mu"": 0.5, ""sigma"": 0.5}, ""tiktok"": {""dist"": ""LogNormal"", ""mu"": 0.5, ""sigma"": 0.5}}, ""run_mode"": ""roi_full"", ""structural_overrides"": {""adstock_decay_spec"": ""geometric"", ""alpha_m"": 0.64, ""ec_m"": 1.53, ""max_lag"": 4, ""slope_m"": 1.2}, ""sweep_type"": ""fixed_full_grid"", ""target_channel"": ""liveintent"", ""two_layer_enabled"": false}",liveintent,REVIEW,REVIEW:PriorPosteriorShift,PriorPosteriorShift,"amazon,beehiiv,liveintent,tiktok",0.5128150204243138,1.505444401204586,0.9926293807802722,1.9356480236459337,0.64,1.53,1.2,4,geometric,prior_sweep,roi_full,roi,non_revenue,revenue,__revenue_equiv__,100.0,liveintent,fixed_full_grid,False,roi,roi,Revenue-equivalent ROI,1.5,0.5,LogNormal,target_channels,liveintent,configured,,,,upload_1bc112d58beb_monthly_mocha,/Users/jasper/Documents/Intern/BlueAlpha/capstone-Blue_Alpha_1/backend/storage/uploads/upload_1bc112d58beb_monthly_mocha.csv,1.5,0.5,LogNormal,0.477736227784908,0.0928924188017845,0.3985480219125747,1.2810815036296836,0.5020982675849035,0.8393946826457978,1.420350193977356,2.451775515079498,0.18724404854181279,1.5,0.5,LogNormal,7.686935873030265e-05,0.0203678803664213,797987.173079,409219.8084608478,1201325.3219448554,792105.5134840076,792105.5134840076,100.0,40921980.84608478,120132532.19448555,79210551.34840077,79210551.34840077
"multi|amazon,beehiiv,liveintent,meta,moloco,tiktok|pmode=roi|rpk=100.0|target=liveintent|mu=1.500000|sigma=0.500000|dist=LogNormal|1.500000|0.500000|LogNormal|alpha=0p64|ec=1p53|slope=1p2|lag=4|decay=geometric",liveintent,"{""kpi_type"": ""non_revenue"", ""kpi_type_effective"": ""revenue"", ""prior_design_mode"": ""roi"", ""prior_grid_type"": ""roi"", ""revenue_per_kpi"": 100.0, ""roi_prior_overrides"": {""amazon"": {""dist"": ""LogNormal"", ""mu"": 0.5, ""sigma"": 0.5}, ""beehiiv"": {""dist"": ""LogNormal"", ""mu"": 0.5, ""sigma"": 0.5}, ""liveintent"": {""dist"": ""LogNormal"", ""mu"": 1.5, ""sigma"": 0.5}, ""meta"": {""dist"": ""LogNormal"", ""mu"": 0.5, ""sigma"": 0.5}, ""moloco"": {""dist"": ""LogNormal"", ""mu"": 0.5, ""sigma"": 0.5}, ""tiktok"": {""dist"": ""LogNormal"", ""mu"": 0.5, ""sigma"": 0.5}}, ""run_mode"": ""roi_full"", ""structural_overrides"": {""adstock_decay_spec"": ""geometric"", ""alpha_m"": 0.64, ""ec_m"": 1.53, ""max_lag"": 4, ""slope_m"": 1.2}, ""sweep_type"": ""fixed_full_grid"", ""target_channel"": ""liveintent"", ""two_layer_enabled"": false}",meta,REVIEW,REVIEW:PriorPosteriorShift,PriorPosteriorShift,"amazon,beehiiv,liveintent,tiktok",0.6200743053123976,0.4129857460378359,0.2070885592745617,0.33397377943314244,0.64,1.53,1.2,4,geometric,prior_sweep,roi_full,roi,non_revenue,revenue,__revenue_equiv__,100.0,liveintent,fixed_full_grid,False,roi,roi,Revenue-equivalent ROI,1.5,0.5,LogNormal,target_channels,liveintent,configured,,,,upload_1bc112d58beb_monthly_mocha,/Users/jasper/Documents/Intern/BlueAlpha/capstone-Blue_Alpha_1/backend/storage/uploads/upload_1bc112d58beb_monthly_mocha.csv,1.5,0.5,LogNormal,0.4861901734527795,0.1053347028791904,0.4240260720252991,1.5302040576934814,0.3482949823871898,0.0891666062176227,0.3091460615396499,1.0641188919544218,0.6653430055501187,0.5,0.5,LogNormal,0.1193200774600159,0.0934944499768324,840158.1265220001,520960.46665569465,346973.3306714387,-173987.13598425593,173987.13598425593,100.0,52096046.66556946,34697333.06714387,-17398713.59842559,17398713.59842559
"multi|amazon,beehiiv,liveintent,meta,moloco,tiktok|pmode=roi|rpk=100.0|target=liveintent|mu=1.500000|sigma=0.500000|dist=LogNormal|1.500000|0.500000|LogNormal|alpha=0p64|ec=1p53|slope=1p2|lag=4|decay=geometric",liveintent,"{""kpi_type"": ""non_revenue"", ""kpi_type_effective"": ""revenue"", ""prior_design_mode"": ""roi"", ""prior_grid_type"": ""roi"", ""revenue_per_kpi"": 100.0, ""roi_prior_overrides"": {""amazon"": {""dist"": ""LogNormal"", ""mu"": 0.5, ""sigma"": 0.5}, ""beehiiv"": {""dist"": ""LogNormal"", ""mu"": 0.5, ""sigma"": 0.5}, ""liveintent"": {""dist"": ""LogNormal"", ""mu"": 1.5, ""sigma"": 0.5}, ""meta"": {""dist"": ""LogNormal"", ""mu"": 0.5, ""sigma"": 0.5}, ""moloco"": {""dist"": ""LogNormal"", ""mu"": 0.5, ""sigma"": 0.5}, ""tiktok"": {""dist"": ""LogNormal"", ""mu"": 0.5, ""sigma"": 0.5}}, ""run_mode"": ""roi_full"", ""structural_overrides"": {""adstock_decay_spec"": ""geometric"", ""alpha_m"": 0.64, ""ec_m"": 1.53, ""max_lag"": 4, ""slope_m"": 1.2}, ""sweep_type"": ""fixed_full_grid"", ""target_channel"": ""liveintent"", ""two_layer_enabled"": false}",moloco,REVIEW,REVIEW:PriorPosteriorShift,PriorPosteriorShift,"amazon,beehiiv,liveintent,tiktok",0.6339402654984345,0.5476496953796596,0.08629057011877495,0.1361178249987467,0.64,1.53,1.2,4,geometric,prior_sweep,roi_full,roi,non_revenue,revenue,__revenue_equiv__,100.0,liveintent,fixed_full_grid,False,roi,roi,Revenue-equivalent ROI,1.5,0.5,LogNormal,target_channels,liveintent,configured,,,,upload_1bc112d58beb_monthly_mocha,/Users/jasper/Documents/Intern/BlueAlpha/capstone-Blue_Alpha_1/backend/storage/uploads/upload_1bc112d58beb_monthly_mocha.csv,1.5,0.5,LogNormal,0.5400197894281911,0.1072283249348402,0.4539413452148437,1.7795422077178955,0.5470890105571714,0.101191783696413,0.3744953274726867,1.6195450782775875,0.9010732989354492,0.5,0.5,LogNormal,0.0131503421554737,0.0384946400655718,842234.6095886,533926.4320145674,461249.5273794033,-72676.90463516413,72676.90463516413,100.0,53392643.20145674,46124952.73794033,-7267690.463516414,7267690.463516414
"multi|amazon,beehiiv,liveintent,meta,moloco,tiktok|pmode=roi|rpk=100.0|target=liveintent|mu=1.500000|sigma=0.500000|dist=LogNormal|1.500000|0.500000|LogNormal|alpha=0p64|ec=1p53|slope=1p2|lag=4|decay=geometric",liveintent,"{""kpi_type"": ""non_revenue"", ""kpi_type_effective"": ""revenue"", ""prior_design_mode"": ""roi"", ""prior_grid_type"": ""roi"", ""revenue_per_kpi"": 100.0, ""roi_prior_overrides"": {""amazon"": {""dist"": ""LogNormal"", ""mu"": 0.5, ""sigma"": 0.5}, ""beehiiv"": {""dist"": ""LogNormal"", ""mu"": 0.5, ""sigma"": 0.5}, ""liveintent"": {""dist"": ""LogNormal"", ""mu"": 1.5, ""sigma"": 0.5}, ""meta"": {""dist"": ""LogNormal"", ""mu"": 0.5, ""sigma"": 0.5}, ""moloco"": {""dist"": ""LogNormal"", ""mu"": 0.5, ""sigma"": 0.5}, ""tiktok"": {""dist"": ""LogNormal"", ""mu"": 0.5, ""sigma"": 0.5}}, ""run_mode"": ""roi_full"", ""structural_overrides"": {""adstock_decay_spec"": ""geometric"", ""alpha_m"": 0.64, ""ec_m"": 1.53, ""max_lag"": 4, ""slope_m"": 1.2}, ""sweep_type"": ""fixed_full_grid"", ""target_channel"": ""liveintent"", ""two_layer_enabled"": false}",snapchat,REVIEW,REVIEW:PriorPosteriorShift,PriorPosteriorShift,"amazon,beehiiv,liveintent,tiktok",0.8269837570687135,0.4090991096648698,0.41788464740384373,0.5053117958266282,0.64,1.53,1.2,4,geometric,prior_sweep,roi_full,roi,non_revenue,revenue,__revenue_equiv__,100.0,liveintent,fixed_full_grid,False,roi,roi,Revenue-equivalent ROI,1.5,0.5,LogNormal,target_channels,liveintent,configured,,,,upload_1bc112d58beb_monthly_mocha,/Users/jasper/Documents/Intern/BlueAlpha/capstone-Blue_Alpha_1/backend/storage/uploads/upload_1bc112d58beb_monthly_mocha.csv,1.5,0.5,LogNormal,0.8713437341396965,0.0716421011835336,0.4354811757802963,2.750908374786377,0.3977832778072802,0.053823616169393,0.2821483463048935,1.1688963949680318,0.40682974099306773,0.4,0.5,LogNormal,0.0453294293690393,0.0331385102215192,4342436.908989999,3591124.789830401,1776487.0732436778,-1814637.7165867232,1814637.7165867232,100.0,359112478.9830401,177648707.3243678,-181463771.6586723,181463771.6586723
"multi|amazon,beehiiv,liveintent,meta,moloco,tiktok|pmode=roi|rpk=100.0|target=liveintent|mu=1.500000|sigma=0.500000|dist=LogNormal|1.500000|0.500000|LogNormal|alpha=0p64|ec=1p53|slope=1p2|lag=4|decay=geometric",liveintent,"{""kpi_type"": ""non_revenue"", ""kpi_type_effective"": ""revenue"", ""prior_design_mode"": ""roi"", ""prior_grid_type"": ""roi"", ""revenue_per_kpi"": 100.0, ""roi_prior_overrides"": {""amazon"": {""dist"": ""LogNormal"", ""mu"": 0.5, ""sigma"": 0.5}, ""beehiiv"": {""dist"": ""LogNormal"", ""mu"": 0.5, ""sigma"": 0.5}, ""liveintent"": {""dist"": ""LogNormal"", ""mu"": 1.5, ""sigma"": 0.5}, ""meta"": {""dist"": ""LogNormal"", ""mu"": 0.5, ""sigma"": 0.5}, ""moloco"": {""dist"": ""LogNormal"", ""mu"": 0.5, ""sigma"": 0.5}, ""tiktok"": {""dist"": ""LogNormal"", ""mu"": 0.5, ""sigma"": 0.5}}, ""run_mode"": ""roi_full"", ""structural_overrides"": {""adstock_decay_spec"": ""geometric"", ""alpha_m"": 0.64, ""ec_m"": 1.53, ""max_lag"": 4, ""slope_m"": 1.2}, ""sweep_type"": ""fixed_full_grid"", ""target_channel"": ""liveintent"", ""two_layer_enabled"": false}",tiktok,REVIEW,REVIEW:PriorPosteriorShift,PriorPosteriorShift,"amazon,beehiiv,liveintent,tiktok",0.464742603781633,0.4825273035808156,0.01778469979918257,0.03826784902969438,0.64,1.53,1.2,4,geometric,prior_sweep,roi_full,roi,non_revenue,revenue,__revenue_equiv__,100.0,liveintent,fixed_full_grid,False,roi,roi,Revenue-equivalent ROI,1.5,0.5,LogNormal,target_channels,liveintent,configured,,,,upload_1bc112d58beb_monthly_mocha,/Users/jasper/Documents/Intern/BlueAlpha/capstone-Blue_Alpha_1/backend/storage/uploads/upload_1bc112d58beb_monthly_mocha.csv,1.5,0.5,LogNormal,0.4119649280983944,0.0886418987065553,0.3509712815284729,1.194995081424713,0.4280317672505037,0.0889965757727622,0.347910389304161,1.3775396585464474,0.8580963829042102,0.5,0.5,LogNormal,0.0224436608383388,0.0383355809554525,1752685.0091300001,814547.3947521115,845718.371482016,31170.976729904534,31170.976729904534,100.0,81454739.47521116,84571837.1482016,3117097.6729904413,3117097.6729904413
"multi|amazon,beehiiv,liveintent,meta,moloco,tiktok|pmode=roi|rpk=100.0|target=liveintent|mu=1.500000|sigma=1.000000|dist=LogNormal|1.500000|1.000000|LogNormal|alpha=0p64|ec=1p53|slope=1p2|lag=4|decay=geometric",liveintent,"{""kpi_type"": ""non_revenue"", ""kpi_type_effective"": ""revenue"", ""prior_design_mode"": ""roi"", ""prior_grid_type"": ""roi"", ""revenue_per_kpi"": 100.0, ""roi_prior_overrides"": {""amazon"": {""dist"": ""LogNormal"", ""mu"": 0.5, ""sigma"": 0.5}, ""beehiiv"": {""dist"": ""LogNormal"", ""mu"": 0.5, ""sigma"": 0.5}, ""liveintent"": {""dist"": ""LogNormal"", ""mu"": 1.5, ""sigma"": 1.0}, ""meta"": {""dist"": ""LogNormal"", ""mu"": 0.5, ""sigma"": 0.5}, ""moloco"": {""dist"": ""LogNormal"", ""mu"": 0.5, ""sigma"": 0.5}, ""tiktok"": {""dist"": ""LogNormal"", ""mu"": 0.5, ""sigma"": 0.5}}, ""run_mode"": ""roi_full"", ""structural_overrides"": {""adstock_decay_spec"": ""geometric"", ""alpha_m"": 0.64, ""ec_m"": 1.53, ""max_lag"": 4, ""slope_m"": 1.2}, ""sweep_type"": ""fixed_full_grid"", ""target_channel"": ""liveintent"", ""two_layer_enabled"": false}",amazon,REVIEW,REVIEW:PriorPosteriorShift,PriorPosteriorShift,"amazon,beehiiv,tiktok",0.6377680289559067,0.5042017613180603,0.1335662676378464,0.20942766268247792,0.64,1.53,1.2,4,geometric,prior_sweep,roi_full,roi,non_revenue,revenue,__revenue_equiv__,100.0,liveintent,fixed_full_grid,False,roi,roi,Revenue-equivalent ROI,1.5,1.0,LogNormal,target_channels,liveintent,configured,,,,upload_1bc112d58beb_monthly_mocha,/Users/jasper/Documents/Intern/BlueAlpha/capstone-Blue_Alpha_1/backend/storage/uploads/upload_1bc112d58beb_monthly_mocha.csv,1.5,1.0,LogNormal,0.6114372134697085,0.0995406173169612,0.4413366019725799,2.029905021190642,0.4977478536442318,0.0885994121432304,0.3588984310626983,1.5506905674934386,0.7475123666327574,0.5,0.5,LogNormal,5.5628814469077525e-05,0.0309151465824871,15740.258094,10038.633379867637,7936.265854595655,-2102.3675252719822,2102.3675252719822,100.0,1003863.3379867637,793626.5854595655,-210236.75252719817,210236.75252719817
"multi|amazon,beehiiv,liveintent,meta,moloco,tiktok|pmode=roi|rpk=100.0|target=liveintent|mu=1.500000|sigma=1.000000|dist=LogNormal|1.500000|1.000000|LogNormal|alpha=0p64|ec=1p53|slope=1p2|lag=4|decay=geometric",liveintent,"{""kpi_type"": ""non_revenue"", ""kpi_type_effective"": ""revenue"", ""prior_design_mode"": ""roi"", ""prior_grid_type"": ""roi"", ""revenue_per_kpi"": 100.0, ""roi_prior_overrides"": {""amazon"": {""dist"": ""LogNormal"", ""mu"": 0.5, ""sigma"": 0.5}, ""beehiiv"": {""dist"": ""LogNormal"", ""mu"": 0.5, ""sigma"": 0.5}, ""liveintent"": {""dist"": ""LogNormal"", ""mu"": 1.5, ""sigma"": 1.0}, ""meta"": {""dist"": ""LogNormal"", ""mu"": 0.5, ""sigma"": 0.5}, ""moloco"": {""dist"": ""LogNormal"", ""mu"": 0.5, ""sigma"": 0.5}, ""tiktok"": {""dist"": ""LogNormal"", ""mu"": 0.5, ""sigma"": 0.5}}, ""run_mode"": ""roi_full"", ""structural_overrides"": {""adstock_decay_spec"": ""geometric"", ""alpha_m"": 0.64, ""ec_m"": 1.53, ""max_lag"": 4, ""slope_m"": 1.2}, ""sweep_type"": ""fixed_full_grid"", ""target_channel"": ""liveintent"", ""two_layer_enabled"": false}",beehiiv,REVIEW,REVIEW:PriorPosteriorShift,PriorPosteriorShift,"amazon,beehiiv,tiktok",0.762659886876742,0.5163212593924255,0.24633862748431656,0.32299932345088556,0.64,1.53,1.2,4,geometric,prior_sweep,roi_full,roi,non_revenue,revenue,__revenue_equiv__,100.0,liveintent,fixed_full_grid,False,roi,roi,Revenue-equivalent ROI,1.5,1.0,LogNormal,target_channels,liveintent,configured,,,,upload_1bc112d58beb_monthly_mocha,/Users/jasper/Documents/Intern/BlueAlpha/capstone-Blue_Alpha_1/backend/storage/uploads/upload_1bc112d58beb_monthly_mocha.csv,1.5,1.0,LogNormal,0.8561781928458713,0.1083850640803575,0.4253711998462677,2.5097618103027344,0.5413778461154787,0.0924721453338861,0.3704668283462524,1.417052674293517,0.5413780686602259,0.5,0.5,LogNormal,0.0072033532489631,0.0278141985118709,328172.2732613,250283.82880154633,169442.32142794962,-80841.50737359672,80841.50737359672,100.0,25028382.880154632,16944232.142794963,-8084150.737359669,8084150.737359669
"multi|amazon,beehiiv,liveintent,meta,moloco,tiktok|pmode=roi|rpk=100.0|target=liveintent|mu=1.500000|sigma=1.000000|dist=LogNormal|1.500000|1.000000|LogNormal|alpha=0p64|ec=1p53|slope=1p2|lag=4|decay=geometric",liveintent,"{""kpi_type"": ""non_revenue"", ""kpi_type_effective"": ""revenue"", ""prior_design_mode"": ""roi"", ""prior_grid_type"": ""roi"", ""revenue_per_kpi"": 100.0, ""roi_prior_overrides"": {""amazon"": {""dist"": ""LogNormal"", ""mu"": 0.5, ""sigma"": 0.5}, ""beehiiv"": {""dist"": ""LogNormal"", ""mu"": 0.5, ""sigma"": 0.5}, ""liveintent"": {""dist"": ""LogNormal"", ""mu"": 1.5, ""sigma"": 1.0}, ""meta"": {""dist"": ""LogNormal"", ""mu"": 0.5, ""sigma"": 0.5}, ""moloco"": {""dist"": ""LogNormal"", ""mu"": 0.5, ""sigma"": 0.5}, ""tiktok"": {""dist"": ""LogNormal"", ""mu"": 0.5, ""sigma"": 0.5}}, ""run_mode"": ""roi_full"", ""structural_overrides"": {""adstock_decay_spec"": ""geometric"", ""alpha_m"": 0.64, ""ec_m"": 1.53, ""max_lag"": 4, ""slope_m"": 1.2}, ""sweep_type"": ""fixed_full_grid"", ""target_channel"": ""liveintent"", ""two_layer_enabled"": false}",google,REVIEW,REVIEW:PriorPosteriorShift,PriorPosteriorShift,"amazon,beehiiv,tiktok",0.5177610162024696,0.2912578552883739,0.22650316091409572,0.43746661843216494,0.64,1.53,1.2,4,geometric,prior_sweep,roi_full,roi,non_revenue,revenue,__revenue_equiv__,100.0,liveintent,fixed_full_grid,False,roi,roi,Revenue-equivalent ROI,1.5,1.0,LogNormal,target_channels,liveintent,configured,,,,upload_1bc112d58beb_monthly_mocha,/Users/jasper/Documents/Intern/BlueAlpha/capstone-Blue_Alpha_1/backend/storage/uploads/upload_1bc112d58beb_monthly_mocha.csv,1.5,1.0,LogNormal,0.4950598479489236,0.0569363014772534,0.2887331247329712,1.5954086780548096,0.2434699627726913,0.0535851689055562,0.2185807153582573,0.8199979424476618,0.4949085524006896,0.4,0.5,LogNormal,0.3618194732962304,0.1033622527468064,10298543.94665,5332184.579223297,2999531.822494345,-2332652.756728952,2332652.756728952,100.0,533218457.92232966,299953182.2494345,-233265275.6728952,233265275.6728952
"multi|amazon,beehiiv,liveintent,meta,moloco,tiktok|pmode=roi|rpk=100.0|target=liveintent|mu=1.500000|sigma=1.000000|dist=LogNormal|1.500000|1.000000|LogNormal|alpha=0p64|ec=1p53|slope=1p2|lag=4|decay=geometric",liveintent,"{""kpi_type"": ""non_revenue"", ""kpi_type_effective"": ""revenue"", ""prior_design_mode"": ""roi"", ""prior_grid_type"": ""roi"", ""revenue_per_kpi"": 100.0, ""roi_prior_overrides"": {""amazon"": {""dist"": ""LogNormal"", ""mu"": 0.5, ""sigma"": 0.5}, ""beehiiv"": {""dist"": ""LogNormal"", ""mu"": 0.5, ""sigma"": 0.5}, ""liveintent"": {""dist"": ""LogNormal"", ""mu"": 1.5, ""sigma"": 1.0}, ""meta"": {""dist"": ""LogNormal"", ""mu"": 0.5, ""sigma"": 0.5}, ""moloco"": {""dist"": ""LogNormal"", ""mu"": 0.5, ""sigma"": 0.5}, ""tiktok"": {""dist"": ""LogNormal"", ""mu"": 0.5, ""sigma"": 0.5}}, ""run_mode"": ""roi_full"", ""structural_overrides"": {""adstock_decay_spec"": ""geometric"", ""alpha_m"": 0.64, ""ec_m"": 1.53, ""max_lag"": 4, ""slope_m"": 1.2}, ""sweep_type"": ""fixed_full_grid"", ""target_channel"": ""liveintent"", ""two_layer_enabled"": false}",liveintent,REVIEW,REVIEW:PriorPosteriorShift,PriorPosteriorShift,"amazon,beehiiv,tiktok",0.5128150204243138,1.5116418862342835,0.9988268658099697,1.9477332488886918,0.64,1.53,1.2,4,geometric,prior_sweep,roi_full,roi,non_revenue,revenue,__revenue_equiv__,100.0,liveintent,fixed_full_grid,False,roi,roi,Revenue-equivalent ROI,1.5,1.0,LogNormal,target_channels,liveintent,configured,,,,upload_1bc112d58beb_monthly_mocha,/Users/jasper/Documents/Intern/BlueAlpha/capstone-Blue_Alpha_1/backend/storage/uploads/upload_1bc112d58beb_monthly_mocha.csv,1.5,1.0,LogNormal,0.477736227784908,0.0928924188017845,0.3985480219125747,1.2810815036296836,0.9562103942816071,0.4571466326713562,1.2753868699073792,3.35395405292511,0.25265847855703794,1.5,1.0,LogNormal,0.0020142382674939,0.0316369775149322,797987.173079,409219.8084608478,1206270.8355039032,797051.0270430554,797051.0270430554,100.0,40921980.84608478,120627083.55039032,79705102.70430553,79705102.70430553
"multi|amazon,beehiiv,liveintent,meta,moloco,tiktok|pmode=roi|rpk=100.0|target=liveintent|mu=1.500000|sigma=1.000000|dist=LogNormal|1.500000|1.000000|LogNormal|alpha=0p64|ec=1p53|slope=1p2|lag=4|decay=geometric",liveintent,"{""kpi_type"": ""non_revenue"", ""kpi_type_effective"": ""revenue"", ""prior_design_mode"": ""roi"", ""prior_grid_type"": ""roi"", ""revenue_per_kpi"": 100.0, ""roi_prior_overrides"": {""amazon"": {""dist"": ""LogNormal"", ""mu"": 0.5, ""sigma"": 0.5}, ""beehiiv"": {""dist"": ""LogNormal"", ""mu"": 0.5, ""sigma"": 0.5}, ""liveintent"": {""dist"": ""LogNormal"", ""mu"": 1.5, ""sigma"": 1.0}, ""meta"": {""dist"": ""LogNormal"", ""mu"": 0.5, ""sigma"": 0.5}, ""moloco"": {""dist"": ""LogNormal"", ""mu"": 0.5, ""sigma"": 0.5}, ""tiktok"": {""dist"": ""LogNormal"", ""mu"": 0.5, ""sigma"": 0.5}}, ""run_mode"": ""roi_full"", ""structural_overrides"": {""adstock_decay_spec"": ""geometric"", ""alpha_m"": 0.64, ""ec_m"": 1.53, ""max_lag"": 4, ""slope_m"": 1.2}, ""sweep_type"": ""fixed_full_grid"", ""target_channel"": ""liveintent"", ""two_layer_enabled"": false}",meta,REVIEW,REVIEW:PriorPosteriorShift,PriorPosteriorShift,"amazon,beehiiv,tiktok",0.6200743053123976,0.4115077859194328,0.20856651939296478,0.3363573004172259,0.64,1.53,1.2,4,geometric,prior_sweep,roi_full,roi,non_revenue,revenue,__revenue_equiv__,100.0,liveintent,fixed_full_grid,False,roi,roi,Revenue-equivalent ROI,1.5,1.0,LogNormal,target_channels,liveintent,configured,,,,upload_1bc112d58beb_monthly_mocha,/Users/jasper/Documents/Intern/BlueAlpha/capstone-Blue_Alpha_1/backend/storage/uploads/upload_1bc112d58beb_monthly_mocha.csv,1.5,1.0,LogNormal,0.4861901734527795,0.1053347028791904,0.4240260720252991,1.5302040576934814,0.3424401852926145,0.0936942655593156,0.3092354834079742,1.0868665874004362,0.6832754568717715,0.5,0.5,LogNormal,0.1287034023651705,0.0949989644039764,840158.1265220001,520960.46665569465,345731.61046728696,-175228.8561884077,175228.8561884077,100.0,52096046.66556946,34573161.04672869,-17522885.61884077,17522885.61884077
"multi|amazon,beehiiv,liveintent,meta,moloco,tiktok|pmode=roi|rpk=100.0|target=liveintent|mu=1.500000|sigma=1.000000|dist=LogNormal|1.500000|1.000000|LogNormal|alpha=0p64|ec=1p53|slope=1p2|lag=4|decay=geometric",liveintent,"{""kpi_type"": ""non_revenue"", ""kpi_type_effective"": ""revenue"", ""prior_design_mode"": ""roi"", ""prior_grid_type"": ""roi"", ""revenue_per_kpi"": 100.0, ""roi_prior_overrides"": {""amazon"": {""dist"": ""LogNormal"", ""mu"": 0.5, ""sigma"": 0.5}, ""beehiiv"": {""dist"": ""LogNormal"", ""mu"": 0.5, ""sigma"": 0.5}, ""liveintent"": {""dist"": ""LogNormal"", ""mu"": 1.5, ""sigma"": 1.0}, ""meta"": {""dist"": ""LogNormal"", ""mu"": 0.5, ""sigma"": 0.5}, ""moloco"": {""dist"": ""LogNormal"", ""mu"": 0.5, ""sigma"": 0.5}, ""tiktok"": {""dist"": ""LogNormal"", ""mu"": 0.5, ""sigma"": 0.5}}, ""run_mode"": ""roi_full"", ""structural_overrides"": {""adstock_decay_spec"": ""geometric"", ""alpha_m"": 0.64, ""ec_m"": 1.53, ""max_lag"": 4, ""slope_m"": 1.2}, ""sweep_type"": ""fixed_full_grid"", ""target_channel"": ""liveintent"", ""two_layer_enabled"": false}",moloco,REVIEW,REVIEW:PriorPosteriorShift,PriorPosteriorShift,"amazon,beehiiv,tiktok",0.6339402654984345,0.5601764771683763,0.07376378833005826,0.11635763232685903,0.64,1.53,1.2,4,geometric,prior_sweep,roi_full,roi,non_revenue,revenue,__revenue_equiv__,100.0,liveintent,fixed_full_grid,False,roi,roi,Revenue-equivalent ROI,1.5,1.0,LogNormal,target_channels,liveintent,configured,,,,upload_1bc112d58beb_monthly_mocha,/Users/jasper/Documents/Intern/BlueAlpha/capstone-Blue_Alpha_1/backend/storage/uploads/upload_1bc112d58beb_monthly_mocha.csv,1.5,1.0,LogNormal,0.5400197894281911,0.1072283249348402,0.4539413452148437,1.7795422077178955,0.5573428012180626,0.105195028707385,0.383136048913002,1.6525150179862969,0.9229189217284526,0.5,0.5,LogNormal,0.0199320187064799,0.0516820767967939,842234.6095886,533926.4320145674,471800.01654862467,-62126.41546594276,62126.41546594276,100.0,53392643.20145674,47180001.65486246,-6212641.546594277,6212641.546594277
"multi|amazon,beehiiv,liveintent,meta,moloco,tiktok|pmode=roi|rpk=100.0|target=liveintent|mu=1.500000|sigma=1.000000|dist=LogNormal|1.500000|1.000000|LogNormal|alpha=0p64|ec=1p53|slope=1p2|lag=4|decay=geometric",liveintent,"{""kpi_type"": ""non_revenue"", ""kpi_type_effective"": ""revenue"", ""prior_design_mode"": ""roi"", ""prior_grid_type"": ""roi"", ""revenue_per_kpi"": 100.0, ""roi_prior_overrides"": {""amazon"": {""dist"": ""LogNormal"", ""mu"": 0.5, ""sigma"": 0.5}, ""beehiiv"": {""dist"": ""LogNormal"", ""mu"": 0.5, ""sigma"": 0.5}, ""liveintent"": {""dist"": ""LogNormal"", ""mu"": 1.5, ""sigma"": 1.0}, ""meta"": {""dist"": ""LogNormal"", ""mu"": 0.5, ""sigma"": 0.5}, ""moloco"": {""dist"": ""LogNormal"", ""mu"": 0.5, ""sigma"": 0.5}, ""tiktok"": {""dist"": ""LogNormal"", ""mu"": 0.5, ""sigma"": 0.5}}, ""run_mode"": ""roi_full"", ""structural_overrides"": {""adstock_decay_spec"": ""geometric"", ""alpha_m"": 0.64, ""ec_m"": 1.53, ""max_lag"": 4, ""slope_m"": 1.2}, ""sweep_type"": ""fixed_full_grid"", ""target_channel"": ""liveintent"", ""two_layer_enabled"": false}",snapchat,REVIEW,REVIEW:PriorPosteriorShift,PriorPosteriorShift,"amazon,beehiiv,tiktok",0.8269837570687135,0.4210021536354907,0.4059816034332228,0.490918473262698,0.64,1.53,1.2,4,geometric,prior_sweep,roi_full,roi,non_revenue,revenue,__revenue_equiv__,100.0,liveintent,fixed_full_grid,False,roi,roi,Revenue-equivalent ROI,1.5,1.0,LogNormal,target_channels,liveintent,configured,,,,upload_1bc112d58beb_monthly_mocha,/Users/jasper/Documents/Intern/BlueAlpha/capstone-Blue_Alpha_1/backend/storage/uploads/upload_1bc112d58beb_monthly_mocha.csv,1.5,1.0,LogNormal,0.8713437341396965,0.0716421011835336,0.4354811757802963,2.750908374786377,0.4308115724599365,0.0612195076420903,0.2721259295940399,1.2072452545166017,0.4222061396040829,0.4,0.5,LogNormal,0.0210166936258457,0.0330299728691978,4342436.908989999,3591124.789830401,1828175.2907110332,-1762949.499119368,1762949.499119368,100.0,359112478.9830401,182817529.0711033,-176294949.9119368,176294949.9119368
"multi|amazon,beehiiv,liveintent,meta,moloco,tiktok|pmode=roi|rpk=100.0|target=liveintent|mu=1.500000|sigma=1.000000|dist=LogNormal|1.500000|1.000000|LogNormal|alpha=0p64|ec=1p53|slope=1p2|lag=4|decay=geometric",liveintent,"{""kpi_type"": ""non_revenue"", ""kpi_type_effective"": ""revenue"", ""prior_design_mode"": ""roi"", ""prior_grid_type"": ""roi"", ""revenue_per_kpi"": 100.0, ""roi_prior_overrides"": {""amazon"": {""dist"": ""LogNormal"", ""mu"": 0.5, ""sigma"": 0.5}, ""beehiiv"": {""dist"": ""LogNormal"", ""mu"": 0.5, ""sigma"": 0.5}, ""liveintent"": {""dist"": ""LogNormal"", ""mu"": 1.5, ""sigma"": 1.0}, ""meta"": {""dist"": ""LogNormal"", ""mu"": 0.5, ""sigma"": 0.5}, ""moloco"": {""dist"": ""LogNormal"", ""mu"": 0.5, ""sigma"": 0.5}, ""tiktok"": {""dist"": ""LogNormal"", ""mu"": 0.5, ""sigma"": 0.5}}, ""run_mode"": ""roi_full"", ""structural_overrides"": {""adstock_decay_spec"": ""geometric"", ""alpha_m"": 0.64, ""ec_m"": 1.53, ""max_lag"": 4, ""slope_m"": 1.2}, ""sweep_type"": ""fixed_full_grid"", ""target_channel"": ""liveintent"", ""two_layer_enabled"": false}",tiktok,REVIEW,REVIEW:PriorPosteriorShift,PriorPosteriorShift,"amazon,beehiiv,tiktok",0.464742603781633,0.481633086836276,0.01689048305464297,0.03634373719388817,0.64,1.53,1.2,4,geometric,prior_sweep,roi_full,roi,non_revenue,revenue,__revenue_equiv__,100.0,liveintent,fixed_full_grid,False,roi,roi,Revenue-equivalent ROI,1.5,1.0,LogNormal,target_channels,liveintent,configured,,,,upload_1bc112d58beb_monthly_mocha,/Users/jasper/Documents/Intern/BlueAlpha/capstone-Blue_Alpha_1/backend/storage/uploads/upload_1bc112d58beb_monthly_mocha.csv,1.5,1.0,LogNormal,0.4119649280983944,0.0886418987065553,0.3509712815284729,1.194995081424713,0.4495617559618664,0.0893651712685823,0.3449483513832092,1.3224008619785306,0.8961474186367477,0.5,0.5,LogNormal,0.011221097668476,0.0369697882934977,1752685.0091300001,814547.3947521115,844151.0911989486,29603.696446837042,29603.696446837042,100.0,81454739.47521116,84415109.11989486,2960369.644683704,2960369.644683704
"multi|amazon,beehiiv,liveintent,meta,moloco,tiktok|pmode=roi|rpk=100.0|target=meta|mu=0.500000|sigma=1.000000|dist=LogNormal|0.500000|1.000000|LogNormal|alpha=0p64|ec=1p53|slope=1p2|lag=4|decay=geometric",meta,"{""kpi_type"": ""non_revenue"", ""kpi_type_effective"": ""revenue"", ""prior_design_mode"": ""roi"", ""prior_grid_type"": ""roi"", ""revenue_per_kpi"": 100.0, ""roi_prior_overrides"": {""amazon"": {""dist"": ""LogNormal"", ""mu"": 0.5, ""sigma"": 0.5}, ""beehiiv"": {""dist"": ""LogNormal"", ""mu"": 0.5, ""sigma"": 0.5}, ""liveintent"": {""dist"": ""LogNormal"", ""mu"": 0.5, ""sigma"": 0.5}, ""meta"": {""dist"": ""LogNormal"", ""mu"": 0.5, ""sigma"": 1.0}, ""moloco"": {""dist"": ""LogNormal"", ""mu"": 0.5, ""sigma"": 0.5}, ""tiktok"": {""dist"": ""LogNormal"", ""mu"": 0.5, ""sigma"": 0.5}}, ""run_mode"": ""roi_full"", ""structural_overrides"": {""adstock_decay_spec"": ""geometric"", ""alpha_m"": 0.64, ""ec_m"": 1.53, ""max_lag"": 4, ""slope_m"": 1.2}, ""sweep_type"": ""fixed_full_grid"", ""target_channel"": ""meta"", ""two_layer_enabled"": false}",amazon,REVIEW,REVIEW:PriorPosteriorShift,PriorPosteriorShift,"amazon,beehiiv,liveintent",0.6377680289559067,0.5025233506054307,0.13524467835047593,0.21205935733700176,0.64,1.53,1.2,4,geometric,prior_sweep,roi_full,roi,non_revenue,revenue,__revenue_equiv__,100.0,meta,fixed_full_grid,False,roi,roi,Revenue-equivalent ROI,0.5,1.0,LogNormal,target_channels,meta,configured,,,,upload_1bc112d58beb_monthly_mocha,/Users/jasper/Documents/Intern/BlueAlpha/capstone-Blue_Alpha_1/backend/storage/uploads/upload_1bc112d58beb_monthly_mocha.csv,0.5,1.0,LogNormal,0.6114372134697085,0.0995406173169612,0.4413366019725799,2.029905021190642,0.5039574414916489,0.0871917683631181,0.346884161233902,1.4682402133941648,0.7045299114962685,0.5,0.5,LogNormal,7.521566720292139e-05,0.0296085772571898,15740.258094,10038.633379867637,7909.847236791132,-2128.786143076505,2128.786143076505,100.0,1003863.3379867637,790984.7236791132,-212878.61430765048,212878.61430765048
"multi|amazon,beehiiv,liveintent,meta,moloco,tiktok|pmode=roi|rpk=100.0|target=meta|mu=0.500000|sigma=1.000000|dist=LogNormal|0.500000|1.000000|LogNormal|alpha=0p64|ec=1p53|slope=1p2|lag=4|decay=geometric",meta,"{""kpi_type"": ""non_revenue"", ""kpi_type_effective"": ""revenue"", ""prior_design_mode"": ""roi"", ""prior_grid_type"": ""roi"", ""revenue_per_kpi"": 100.0, ""roi_prior_overrides"": {""amazon"": {""dist"": ""LogNormal"", ""mu"": 0.5, ""sigma"": 0.5}, ""beehiiv"": {""dist"": ""LogNormal"", ""mu"": 0.5, ""sigma"": 0.5}, ""liveintent"": {""dist"": ""LogNormal"", ""mu"": 0.5, ""sigma"": 0.5}, ""meta"": {""dist"": ""LogNormal"", ""mu"": 0.5, ""sigma"": 1.0}, ""moloco"": {""dist"": ""LogNormal"", ""mu"": 0.5, ""sigma"": 0.5}, ""tiktok"": {""dist"": ""LogNormal"", ""mu"": 0.5, ""sigma"": 0.5}}, ""run_mode"": ""roi_full"", ""structural_overrides"": {""adstock_decay_spec"": ""geometric"", ""alpha_m"": 0.64, ""ec_m"": 1.53, ""max_lag"": 4, ""slope_m"": 1.2}, ""sweep_type"": ""fixed_full_grid"", ""target_channel"": ""meta"", ""two_layer_enabled"": false}",beehiiv,REVIEW,REVIEW:PriorPosteriorShift,PriorPosteriorShift,"amazon,beehiiv,liveintent",0.762659886876742,0.5115558711610113,0.2511040157157307,0.3292477027263834,0.64,1.53,1.2,4,geometric,prior_sweep,roi_full,roi,non_revenue,revenue,__revenue_equiv__,100.0,meta,fixed_full_grid,False,roi,roi,Revenue-equivalent ROI,0.5,1.0,LogNormal,target_channels,meta,configured,,,,upload_1bc112d58beb_monthly_mocha,/Users/jasper/Documents/Intern/BlueAlpha/capstone-Blue_Alpha_1/backend/storage/uploads/upload_1bc112d58beb_monthly_mocha.csv,0.5,1.0,LogNormal,0.8561781928458713,0.1083850640803575,0.4253711998462677,2.5097618103027344,0.5331268687746802,0.0903845638036728,0.3512583076953888,1.419191730022429,0.5417950705450598,0.5,0.5,LogNormal,0.0045642675961699,0.0167732744642216,328172.2732613,250283.82880154633,167878.45313907377,-82405.37566247256,82405.37566247256,100.0,25028382.880154632,16787845.313907377,-8240537.566247255,8240537.566247255
"multi|amazon,beehiiv,liveintent,meta,moloco,tiktok|pmode=roi|rpk=100.0|target=meta|mu=0.500000|sigma=1.000000|dist=LogNormal|0.500000|1.000000|LogNormal|alpha=0p64|ec=1p53|slope=1p2|lag=4|decay=geometric",meta,"{""kpi_type"": ""non_revenue"", ""kpi_type_effective"": ""revenue"", ""prior_design_mode"": ""roi"", ""prior_grid_type"": ""roi"", ""revenue_per_kpi"": 100.0, ""roi_prior_overrides"": {""amazon"": {""dist"": ""LogNormal"", ""mu"": 0.5, ""sigma"": 0.5}, ""beehiiv"": {""dist"": ""LogNormal"", ""mu"": 0.5, ""sigma"": 0.5}, ""liveintent"": {""dist"": ""LogNormal"", ""mu"": 0.5, ""sigma"": 0.5}, ""meta"": {""dist"": ""LogNormal"", ""mu"": 0.5, ""sigma"": 1.0}, ""moloco"": {""dist"": ""LogNormal"", ""mu"": 0.5, ""sigma"": 0.5}, ""tiktok"": {""dist"": ""LogNormal"", ""mu"": 0.5, ""sigma"": 0.5}}, ""run_mode"": ""roi_full"", ""structural_overrides"": {""adstock_decay_spec"": ""geometric"", ""alpha_m"": 0.64, ""ec_m"": 1.53, ""max_lag"": 4, ""slope_m"": 1.2}, ""sweep_type"": ""fixed_full_grid"", ""target_channel"": ""meta"", ""two_layer_enabled"": false}",google,REVIEW,REVIEW:PriorPosteriorShift,PriorPosteriorShift,"amazon,beehiiv,liveintent",0.5177610162024696,0.2667861402888472,0.25097487591362244,0.48473111736840213,0.64,1.53,1.2,4,geometric,prior_sweep,roi_full,roi,non_revenue,revenue,__revenue_equiv__,100.0,meta,fixed_full_grid,False,roi,roi,Revenue-equivalent ROI,0.5,1.0,LogNormal,target_channels,meta,configured,,,,upload_1bc112d58beb_monthly_mocha,/Users/jasper/Documents/Intern/BlueAlpha/capstone-Blue_Alpha_1/backend/storage/uploads/upload_1bc112d58beb_monthly_mocha.csv,0.5,1.0,LogNormal,0.4950598479489236,0.0569363014772534,0.2887331247329712,1.5954086780548096,0.2140621366349867,0.0515484392642974,0.2035026475787162,0.7291569232940673,0.4354154637361758,0.4,0.5,LogNormal,0.4754788289584396,0.1277773131854146,10298543.94665,5332184.579223297,2747508.790121825,-2584675.7891014717,2584675.7891014717,100.0,533218457.92232966,274750879.0121825,-258467578.9101472,258467578.9101472
"multi|amazon,beehiiv,liveintent,meta,moloco,tiktok|pmode=roi|rpk=100.0|target=meta|mu=0.500000|sigma=1.000000|dist=LogNormal|0.500000|1.000000|LogNormal|alpha=0p64|ec=1p53|slope=1p2|lag=4|decay=geometric",meta,"{""kpi_type"": ""non_revenue"", ""kpi_type_effective"": ""revenue"", ""prior_design_mode"": ""roi"", ""prior_grid_type"": ""roi"", ""revenue_per_kpi"": 100.0, ""roi_prior_overrides"": {""amazon"": {""dist"": ""LogNormal"", ""mu"": 0.5, ""sigma"": 0.5}, ""beehiiv"": {""dist"": ""LogNormal"", ""mu"": 0.5, ""sigma"": 0.5}, ""liveintent"": {""dist"": ""LogNormal"", ""mu"": 0.5, ""sigma"": 0.5}, ""meta"": {""dist"": ""LogNormal"", ""mu"": 0.5, ""sigma"": 1.0}, ""moloco"": {""dist"": ""LogNormal"", ""mu"": 0.5, ""sigma"": 0.5}, ""tiktok"": {""dist"": ""LogNormal"", ""mu"": 0.5, ""sigma"": 0.5}}, ""run_mode"": ""roi_full"", ""structural_overrides"": {""adstock_decay_spec"": ""geometric"", ""alpha_m"": 0.64, ""ec_m"": 1.53, ""max_lag"": 4, ""slope_m"": 1.2}, ""sweep_type"": ""fixed_full_grid"", ""target_channel"": ""meta"", ""two_layer_enabled"": false}",liveintent,REVIEW,REVIEW:PriorPosteriorShift,PriorPosteriorShift,"amazon,beehiiv,liveintent",0.5128150204243138,0.5102039122503872,0.002611108173926624,0.005091715472308356,0.64,1.53,1.2,4,geometric,prior_sweep,roi_full,roi,non_revenue,revenue,__revenue_equiv__,100.0,meta,fixed_full_grid,False,roi,roi,Revenue-equivalent ROI,0.5,1.0,LogNormal,target_channels,meta,configured,,,,upload_1bc112d58beb_monthly_mocha,/Users/jasper/Documents/Intern/BlueAlpha/capstone-Blue_Alpha_1/backend/storage/uploads/upload_1bc112d58beb_monthly_mocha.csv,0.5,1.0,LogNormal,0.477736227784908,0.0928924188017845,0.3985480219125747,1.2810815036296836,0.4789879394826189,0.0915522690862417,0.3659875839948654,1.416476625204086,0.8967976770458106,0.5,0.5,LogNormal,0.0019998118514529,0.0162868223383364,797987.173079,409219.8084608478,407136.17763053265,-2083.6308303151745,2083.6308303151745,100.0,40921980.84608478,40713617.76305327,-208363.0830315128,208363.0830315128
"multi|amazon,beehiiv,liveintent,meta,moloco,tiktok|pmode=roi|rpk=100.0|target=meta|mu=0.500000|sigma=1.000000|dist=LogNormal|0.500000|1.000000|LogNormal|alpha=0p64|ec=1p53|slope=1p2|lag=4|decay=geometric",meta,"{""kpi_type"": ""non_revenue"", ""kpi_type_effective"": ""revenue"", ""prior_design_mode"": ""roi"", ""prior_grid_type"": ""roi"", ""revenue_per_kpi"": 100.0, ""roi_prior_overrides"": {""amazon"": {""dist"": ""LogNormal"", ""mu"": 0.5, ""sigma"": 0.5}, ""beehiiv"": {""dist"": ""LogNormal"", ""mu"": 0.5, ""sigma"": 0.5}, ""liveintent"": {""dist"": ""LogNormal"", ""mu"": 0.5, ""sigma"": 0.5}, ""meta"": {""dist"": ""LogNormal"", ""mu"": 0.5, ""sigma"": 1.0}, ""moloco"": {""dist"": ""LogNormal"", ""mu"": 0.5, ""sigma"": 0.5}, ""tiktok"": {""dist"": ""LogNormal"", ""mu"": 0.5, ""sigma"": 0.5}}, ""run_mode"": ""roi_full"", ""structural_overrides"": {""adstock_decay_spec"": ""geometric"", ""alpha_m"": 0.64, ""ec_m"": 1.53, ""max_lag"": 4, ""slope_m"": 1.2}, ""sweep_type"": ""fixed_full_grid"", ""target_channel"": ""meta"", ""two_layer_enabled"": false}",meta,REVIEW,REVIEW:PriorPosteriorShift,PriorPosteriorShift,"amazon,beehiiv,liveintent",0.6200743053123976,0.30201671858745,0.3180575867249476,0.5129346338011991,0.64,1.53,1.2,4,geometric,prior_sweep,roi_full,roi,non_revenue,revenue,__revenue_equiv__,100.0,meta,fixed_full_grid,False,roi,roi,Revenue-equivalent ROI,0.5,1.0,LogNormal,target_channels,meta,configured,,,,upload_1bc112d58beb_monthly_mocha,/Users/jasper/Documents/Intern/BlueAlpha/capstone-Blue_Alpha_1/backend/storage/uploads/upload_1bc112d58beb_monthly_mocha.csv,0.5,1.0,LogNormal,0.4861901734527795,0.1053347028791904,0.4240260720252991,1.5302040576934814,0.358282376264982,0.0299640009179711,0.1813537552952766,0.9891625851392746,0.5891243059858763,0.5,1.0,LogNormal,0.6102156634033076,0.2111615274330466,840158.1265220001,520960.46665569465,253741.8004667541,-267218.6661889405,267218.6661889405,100.0,52096046.66556946,25374180.04667541,-26721866.61889405,26721866.61889405
"multi|amazon,beehiiv,liveintent,meta,moloco,tiktok|pmode=roi|rpk=100.0|target=meta|mu=0.500000|sigma=1.000000|dist=LogNormal|0.500000|1.000000|LogNormal|alpha=0p64|ec=1p53|slope=1p2|lag=4|decay=geometric",meta,"{""kpi_type"": ""non_revenue"", ""kpi_type_effective"": ""revenue"", ""prior_design_mode"": ""roi"", ""prior_grid_type"": ""roi"", ""revenue_per_kpi"": 100.0, ""roi_prior_overrides"": {""amazon"": {""dist"": ""LogNormal"", ""mu"": 0.5, ""sigma"": 0.5}, ""beehiiv"": {""dist"": ""LogNormal"", ""mu"": 0.5, ""sigma"": 0.5}, ""liveintent"": {""dist"": ""LogNormal"", ""mu"": 0.5, ""sigma"": 0.5}, ""meta"": {""dist"": ""LogNormal"", ""mu"": 0.5, ""sigma"": 1.0}, ""moloco"": {""dist"": ""LogNormal"", ""mu"": 0.5, ""sigma"": 0.5}, ""tiktok"": {""dist"": ""LogNormal"", ""mu"": 0.5, ""sigma"": 0.5}}, ""run_mode"": ""roi_full"", ""structural_overrides"": {""adstock_decay_spec"": ""geometric"", ""alpha_m"": 0.64, ""ec_m"": 1.53, ""max_lag"": 4, ""slope_m"": 1.2}, ""sweep_type"": ""fixed_full_grid"", ""target_channel"": ""meta"", ""two_layer_enabled"": false}",moloco,REVIEW,REVIEW:PriorPosteriorShift,PriorPosteriorShift,"amazon,beehiiv,liveintent",0.6339402654984345,0.5532300934568047,0.08071017204162978,0.12731510590855355,0.64,1.53,1.2,4,geometric,prior_sweep,roi_full,roi,non_revenue,revenue,__revenue_equiv__,100.0,meta,fixed_full_grid,False,roi,roi,Revenue-equivalent ROI,0.5,1.0,LogNormal,target_channels,meta,configured,,,,upload_1bc112d58beb_monthly_mocha,/Users/jasper/Documents/Intern/BlueAlpha/capstone-Blue_Alpha_1/backend/storage/uploads/upload_1bc112d58beb_monthly_mocha.csv,0.5,1.0,LogNormal,0.5400197894281911,0.1072283249348402,0.4539413452148437,1.7795422077178955,0.5366605254831421,0.1019551329314708,0.3828050792217254,1.5077497661113732,0.8348427704444699,0.5,0.5,LogNormal,0.0109182972989054,0.0453550671265022,842234.6095886,533926.4320145674,465949.5317752566,-67976.90023931081,67976.90023931081,100.0,53392643.20145674,46594953.17752566,-6797690.023931079,6797690.023931079
"multi|amazon,beehiiv,liveintent,meta,moloco,tiktok|pmode=roi|rpk=100.0|target=meta|mu=0.500000|sigma=1.000000|dist=LogNormal|0.500000|1.000000|LogNormal|alpha=0p64|ec=1p53|slope=1p2|lag=4|decay=geometric",meta,"{""kpi_type"": ""non_revenue"", ""kpi_type_effective"": ""revenue"", ""prior_design_mode"": ""roi"", ""prior_grid_type"": ""roi"", ""revenue_per_kpi"": 100.0, ""roi_prior_overrides"": {""amazon"": {""dist"": ""LogNormal"", ""mu"": 0.5, ""sigma"": 0.5}, ""beehiiv"": {""dist"": ""LogNormal"", ""mu"": 0.5, ""sigma"": 0.5}, ""liveintent"": {""dist"": ""LogNormal"", ""mu"": 0.5, ""sigma"": 0.5}, ""meta"": {""dist"": ""LogNormal"", ""mu"": 0.5, ""sigma"": 1.0}, ""moloco"": {""dist"": ""LogNormal"", ""mu"": 0.5, ""sigma"": 0.5}, ""tiktok"": {""dist"": ""LogNormal"", ""mu"": 0.5, ""sigma"": 0.5}}, ""run_mode"": ""roi_full"", ""structural_overrides"": {""adstock_decay_spec"": ""geometric"", ""alpha_m"": 0.64, ""ec_m"": 1.53, ""max_lag"": 4, ""slope_m"": 1.2}, ""sweep_type"": ""fixed_full_grid"", ""target_channel"": ""meta"", ""two_layer_enabled"": false}",snapchat,REVIEW,REVIEW:PriorPosteriorShift,PriorPosteriorShift,"amazon,beehiiv,liveintent",0.8269837570687135,0.4164752420503646,0.4105085150183489,0.4963924762844405,0.64,1.53,1.2,4,geometric,prior_sweep,roi_full,roi,non_revenue,revenue,__revenue_equiv__,100.0,meta,fixed_full_grid,False,roi,roi,Revenue-equivalent ROI,0.5,1.0,LogNormal,target_channels,meta,configured,,,,upload_1bc112d58beb_monthly_mocha,/Users/jasper/Documents/Intern/BlueAlpha/capstone-Blue_Alpha_1/backend/storage/uploads/upload_1bc112d58beb_monthly_mocha.csv,0.5,1.0,LogNormal,0.8713437341396965,0.0716421011835336,0.4354811757802963,2.750908374786377,0.4270899592130968,0.0575009334832429,0.2779724597930908,1.2730233311653134,0.4460451142885843,0.4,0.5,LogNormal,0.0229679637913975,0.0288833440146562,4342436.908989999,3591124.789830401,1808517.4627600473,-1782607.3270703538,1782607.3270703538,100.0,359112478.9830401,180851746.27600473,-178260732.70703536,178260732.70703536
"multi|amazon,beehiiv,liveintent,meta,moloco,tiktok|pmode=roi|rpk=100.0|target=meta|mu=0.500000|sigma=1.000000|dist=LogNormal|0.500000|1.000000|LogNormal|alpha=0p64|ec=1p53|slope=1p2|lag=4|decay=geometric",meta,"{""kpi_type"": ""non_revenue"", ""kpi_type_effective"": ""revenue"", ""prior_design_mode"": ""roi"", ""prior_grid_type"": ""roi"", ""revenue_per_kpi"": 100.0, ""roi_prior_overrides"": {""amazon"": {""dist"": ""LogNormal"", ""mu"": 0.5, ""sigma"": 0.5}, ""beehiiv"": {""dist"": ""LogNormal"", ""mu"": 0.5, ""sigma"": 0.5}, ""liveintent"": {""dist"": ""LogNormal"", ""mu"": 0.5, ""sigma"": 0.5}, ""meta"": {""dist"": ""LogNormal"", ""mu"": 0.5, ""sigma"": 1.0}, ""moloco"": {""dist"": ""LogNormal"", ""mu"": 0.5, ""sigma"": 0.5}, ""tiktok"": {""dist"": ""LogNormal"", ""mu"": 0.5, ""sigma"": 0.5}}, ""run_mode"": ""roi_full"", ""structural_overrides"": {""adstock_decay_spec"": ""geometric"", ""alpha_m"": 0.64, ""ec_m"": 1.53, ""max_lag"": 4, ""slope_m"": 1.2}, ""sweep_type"": ""fixed_full_grid"", ""target_channel"": ""meta"", ""two_layer_enabled"": false}",tiktok,REVIEW,REVIEW:PriorPosteriorShift,PriorPosteriorShift,"amazon,beehiiv,liveintent",0.464742603781633,0.4624409247011257,0.002301679080507324,0.004952588942305769,0.64,1.53,1.2,4,geometric,prior_sweep,roi_full,roi,non_revenue,revenue,__revenue_equiv__,100.0,meta,fixed_full_grid,False,roi,roi,Revenue-equivalent ROI,0.5,1.0,LogNormal,target_channels,meta,configured,,,,upload_1bc112d58beb_monthly_mocha,/Users/jasper/Documents/Intern/BlueAlpha/capstone-Blue_Alpha_1/backend/storage/uploads/upload_1bc112d58beb_monthly_mocha.csv,0.5,1.0,LogNormal,0.4119649280983944,0.0886418987065553,0.3509712815284729,1.194995081424713,0.4018033734701068,0.0955527406185865,0.3396063446998596,1.2828656673431391,0.9206334438154191,0.5,0.5,LogNormal,0.044358520321387,0.0553402493477497,1752685.0091300001,814547.3947521115,810513.2763318782,-4034.118420233368,4034.118420233368,100.0,81454739.47521116,81051327.63318782,-403411.84202334285,403411.84202334285
"multi|amazon,beehiiv,liveintent,meta,moloco,tiktok|pmode=roi|rpk=100.0|target=meta|mu=1.000000|sigma=1.000000|dist=LogNormal|1.000000|1.000000|LogNormal|alpha=0p64|ec=1p53|slope=1p2|lag=4|decay=geometric",meta,"{""kpi_type"": ""non_revenue"", ""kpi_type_effective"": ""revenue"", ""prior_design_mode"": ""roi"", ""prior_grid_type"": ""roi"", ""revenue_per_kpi"": 100.0, ""roi_prior_overrides"": {""amazon"": {""dist"": ""LogNormal"", ""mu"": 0.5, ""sigma"": 0.5}, ""beehiiv"": {""dist"": ""LogNormal"", ""mu"": 0.5, ""sigma"": 0.5}, ""liveintent"": {""dist"": ""LogNormal"", ""mu"": 0.5, ""sigma"": 0.5}, ""meta"": {""dist"": ""LogNormal"", ""mu"": 1.0, ""sigma"": 1.0}, ""moloco"": {""dist"": ""LogNormal"", ""mu"": 0.5, ""sigma"": 0.5}, ""tiktok"": {""dist"": ""LogNormal"", ""mu"": 0.5, ""sigma"": 0.5}}, ""run_mode"": ""roi_full"", ""structural_overrides"": {""adstock_decay_spec"": ""geometric"", ""alpha_m"": 0.64, ""ec_m"": 1.53, ""max_lag"": 4, ""slope_m"": 1.2}, ""sweep_type"": ""fixed_full_grid"", ""target_channel"": ""meta"", ""two_layer_enabled"": false}",amazon,REVIEW,REVIEW:PriorPosteriorShift,PriorPosteriorShift,"amazon,beehiiv,liveintent,tiktok",0.6377680289559067,0.5019483161329602,0.13581971282294647,0.2129609931142168,0.64,1.53,1.2,4,geometric,prior_sweep,roi_full,roi,non_revenue,revenue,__revenue_equiv__,100.0,meta,fixed_full_grid,False,roi,roi,Revenue-equivalent ROI,1.0,1.0,LogNormal,target_channels,meta,configured,,,,upload_1bc112d58beb_monthly_mocha,/Users/jasper/Documents/Intern/BlueAlpha/capstone-Blue_Alpha_1/backend/storage/uploads/upload_1bc112d58beb_monthly_mocha.csv,1.0,1.0,LogNormal,0.6114372134697085,0.0995406173169612,0.4413366019725799,2.029905021190642,0.5189820577537589,0.0873710285872221,0.3534242212772369,1.549029159545898,0.746184389950523,0.5,0.5,LogNormal,0.0014311310680528,0.0307677325418824,15740.258094,10038.633379867637,7900.796045781498,-2137.837334086139,2137.837334086139,100.0,1003863.3379867637,790079.6045781497,-213783.73340861395,213783.73340861395
"multi|amazon,beehiiv,liveintent,meta,moloco,tiktok|pmode=roi|rpk=100.0|target=meta|mu=1.000000|sigma=1.000000|dist=LogNormal|1.000000|1.000000|LogNormal|alpha=0p64|ec=1p53|slope=1p2|lag=4|decay=geometric",meta,"{""kpi_type"": ""non_revenue"", ""kpi_type_effective"": ""revenue"", ""prior_design_mode"": ""roi"", ""prior_grid_type"": ""roi"", ""revenue_per_kpi"": 100.0, ""roi_prior_overrides"": {""amazon"": {""dist"": ""LogNormal"", ""mu"": 0.5, ""sigma"": 0.5}, ""beehiiv"": {""dist"": ""LogNormal"", ""mu"": 0.5, ""sigma"": 0.5}, ""liveintent"": {""dist"": ""LogNormal"", ""mu"": 0.5, ""sigma"": 0.5}, ""meta"": {""dist"": ""LogNormal"", ""mu"": 1.0, ""sigma"": 1.0}, ""moloco"": {""dist"": ""LogNormal"", ""mu"": 0.5, ""sigma"": 0.5}, ""tiktok"": {""dist"": ""LogNormal"", ""mu"": 0.5, ""sigma"": 0.5}}, ""run_mode"": ""roi_full"", ""structural_overrides"": {""adstock_decay_spec"": ""geometric"", ""alpha_m"": 0.64, ""ec_m"": 1.53, ""max_lag"": 4, ""slope_m"": 1.2}, ""sweep_type"": ""fixed_full_grid"", ""target_channel"": ""meta"", ""two_layer_enabled"": false}",beehiiv,REVIEW,REVIEW:PriorPosteriorShift,PriorPosteriorShift,"amazon,beehiiv,liveintent,tiktok",0.762659886876742,0.488818779438734,0.27384110743800805,0.3590605880157758,0.64,1.53,1.2,4,geometric,prior_sweep,roi_full,roi,non_revenue,revenue,__revenue_equiv__,100.0,meta,fixed_full_grid,False,roi,roi,Revenue-equivalent ROI,1.0,1.0,LogNormal,target_channels,meta,configured,,,,upload_1bc112d58beb_monthly_mocha,/Users/jasper/Documents/Intern/BlueAlpha/capstone-Blue_Alpha_1/backend/storage/uploads/upload_1bc112d58beb_monthly_mocha.csv,1.0,1.0,LogNormal,0.8561781928458713,0.1083850640803575,0.4253711998462677,2.5097618103027344,0.4425127627805383,0.0933879267424345,0.3512206226587295,1.404728227853775,0.536482856644427,0.5,0.5,LogNormal,0.0140239217820574,0.0185548136301845,328172.2732613,250283.82880154633,160416.77006122333,-89867.058740323,89867.058740323,100.0,25028382.880154632,16041677.006122334,-8986705.874032298,8986705.874032298
"multi|amazon,beehiiv,liveintent,meta,moloco,tiktok|pmode=roi|rpk=100.0|target=meta|mu=1.000000|sigma=1.000000|dist=LogNormal|1.000000|1.000000|LogNormal|alpha=0p64|ec=1p53|slope=1p2|lag=4|decay=geometric",meta,"{""kpi_type"": ""non_revenue"", ""kpi_type_effective"": ""revenue"", ""prior_design_mode"": ""roi"", ""prior_grid_type"": ""roi"", ""revenue_per_kpi"": 100.0, ""roi_prior_overrides"": {""amazon"": {""dist"": ""LogNormal"", ""mu"": 0.5, ""sigma"": 0.5}, ""beehiiv"": {""dist"": ""LogNormal"", ""mu"": 0.5, ""sigma"": 0.5}, ""liveintent"": {""dist"": ""LogNormal"", ""mu"": 0.5, ""sigma"": 0.5}, ""meta"": {""dist"": ""LogNormal"", ""mu"": 1.0, ""sigma"": 1.0}, ""moloco"": {""dist"": ""LogNormal"", ""mu"": 0.5, ""sigma"": 0.5}, ""tiktok"": {""dist"": ""LogNormal"", ""mu"": 0.5, ""sigma"": 0.5}}, ""run_mode"": ""roi_full"", ""structural_overrides"": {""adstock_decay_spec"": ""geometric"", ""alpha_m"": 0.64, ""ec_m"": 1.53, ""max_lag"": 4, ""slope_m"": 1.2}, ""sweep_type"": ""fixed_full_grid"", ""target_channel"": ""meta"", ""two_layer_enabled"": false}",google,REVIEW,REVIEW:PriorPosteriorShift,PriorPosteriorShift,"amazon,beehiiv,liveintent,tiktok",0.5177610162024696,0.2794179081637412,0.23834310803872844,0.4603342093749382,0.64,1.53,1.2,4,geometric,prior_sweep,roi_full,roi,non_revenue,revenue,__revenue_equiv__,100.0,meta,fixed_full_grid,False,roi,roi,Revenue-equivalent ROI,1.0,1.0,LogNormal,target_channels,meta,configured,,,,upload_1bc112d58beb_monthly_mocha,/Users/jasper/Documents/Intern/BlueAlpha/capstone-Blue_Alpha_1/backend/storage/uploads/upload_1bc112d58beb_monthly_mocha.csv,1.0,1.0,LogNormal,0.4950598479489236,0.0569363014772534,0.2887331247329712,1.5954086780548096,0.233406601731652,0.0444103293120861,0.2055783718824386,0.7762115687131881,0.46374986009430413,0.4,0.5,LogNormal,0.3998634591225953,0.1148159519840183,10298543.94665,5332184.579223297,2877597.6067053024,-2454586.972517994,2454586.972517994,100.0,533218457.92232966,287759760.67053026,-245458697.2517994,245458697.2517994
"multi|amazon,beehiiv,liveintent,meta,moloco,tiktok|pmode=roi|rpk=100.0|target=meta|mu=1.000000|sigma=1.000000|dist=LogNormal|1.000000|1.000000|LogNormal|alpha=0p64|ec=1p53|slope=1p2|lag=4|decay=geometric",meta,"{""kpi_type"": ""non_revenue"", ""kpi_type_effective"": ""revenue"", ""prior_design_mode"": ""roi"", ""prior_grid_type"": ""roi"", ""revenue_per_kpi"": 100.0, ""roi_prior_overrides"": {""amazon"": {""dist"": ""LogNormal"", ""mu"": 0.5, ""sigma"": 0.5}, ""beehiiv"": {""dist"": ""LogNormal"", ""mu"": 0.5, ""sigma"": 0.5}, ""liveintent"": {""dist"": ""LogNormal"", ""mu"": 0.5, ""sigma"": 0.5}, ""meta"": {""dist"": ""LogNormal"", ""mu"": 1.0, ""sigma"": 1.0}, ""moloco"": {""dist"": ""LogNormal"", ""mu"": 0.5, ""sigma"": 0.5}, ""tiktok"": {""dist"": ""LogNormal"", ""mu"": 0.5, ""sigma"": 0.5}}, ""run_mode"": ""roi_full"", ""structural_overrides"": {""adstock_decay_spec"": ""geometric"", ""alpha_m"": 0.64, ""ec_m"": 1.53, ""max_lag"": 4, ""slope_m"": 1.2}, ""sweep_type"": ""fixed_full_grid"", ""target_channel"": ""meta"", ""two_layer_enabled"": false}",liveintent,REVIEW,REVIEW:PriorPosteriorShift,PriorPosteriorShift,"amazon,beehiiv,liveintent,tiktok",0.5128150204243138,0.5177206081679712,0.004905587743657347,0.009565998553627386,0.64,1.53,1.2,4,geometric,prior_sweep,roi_full,roi,non_revenue,revenue,__revenue_equiv__,100.0,meta,fixed_full_grid,False,roi,roi,Revenue-equivalent ROI,1.0,1.0,LogNormal,target_channels,meta,configured,,,,upload_1bc112d58beb_monthly_mocha,/Users/jasper/Documents/Intern/BlueAlpha/capstone-Blue_Alpha_1/backend/storage/uploads/upload_1bc112d58beb_monthly_mocha.csv,1.0,1.0,LogNormal,0.477736227784908,0.0928924188017845,0.3985480219125747,1.2810815036296836,0.51690907071321,0.0769904926419258,0.3606550693511963,1.492705994844435,0.8392852115975037,0.5,0.5,LogNormal,0.0017591327589616,0.0176463698014816,797987.173079,409219.8084608478,413134.4045566999,3914.596095852088,3914.596095852088,100.0,40921980.84608478,41313440.45566999,391459.6095852107,391459.6095852107
"multi|amazon,beehiiv,liveintent,meta,moloco,tiktok|pmode=roi|rpk=100.0|target=meta|mu=1.000000|sigma=1.000000|dist=LogNormal|1.000000|1.000000|LogNormal|alpha=0p64|ec=1p53|slope=1p2|lag=4|decay=geometric",meta,"{""kpi_type"": ""non_revenue"", ""kpi_type_effective"": ""revenue"", ""prior_design_mode"": ""roi"", ""prior_grid_type"": ""roi"", ""revenue_per_kpi"": 100.0, ""roi_prior_overrides"": {""amazon"": {""dist"": ""LogNormal"", ""mu"": 0.5, ""sigma"": 0.5}, ""beehiiv"": {""dist"": ""LogNormal"", ""mu"": 0.5, ""sigma"": 0.5}, ""liveintent"": {""dist"": ""LogNormal"", ""mu"": 0.5, ""sigma"": 0.5}, ""meta"": {""dist"": ""LogNormal"", ""mu"": 1.0, ""sigma"": 1.0}, ""moloco"": {""dist"": ""LogNormal"", ""mu"": 0.5, ""sigma"": 0.5}, ""tiktok"": {""dist"": ""LogNormal"", ""mu"": 0.5, ""sigma"": 0.5}}, ""run_mode"": ""roi_full"", ""structural_overrides"": {""adstock_decay_spec"": ""geometric"", ""alpha_m"": 0.64, ""ec_m"": 1.53, ""max_lag"": 4, ""slope_m"": 1.2}, ""sweep_type"": ""fixed_full_grid"", ""target_channel"": ""meta"", ""two_layer_enabled"": false}",meta,REVIEW,REVIEW:PriorPosteriorShift,PriorPosteriorShift,"amazon,beehiiv,liveintent,tiktok",0.6200743053123976,0.6797139319994797,0.059639626687082115,0.09618141918819756,0.64,1.53,1.2,4,geometric,prior_sweep,roi_full,roi,non_revenue,revenue,__revenue_equiv__,100.0,meta,fixed_full_grid,False,roi,roi,Revenue-equivalent ROI,1.0,1.0,LogNormal,target_channels,meta,configured,,,,upload_1bc112d58beb_monthly_mocha,/Users/jasper/Documents/Intern/BlueAlpha/capstone-Blue_Alpha_1/backend/storage/uploads/upload_1bc112d58beb_monthly_mocha.csv,1.0,1.0,LogNormal,0.4861901734527795,0.1053347028791904,0.4240260720252991,1.5302040576934814,0.467019723191537,0.1760527737438678,0.5493545234203339,1.6974655687808988,0.850527624927795,1.0,1.0,LogNormal,0.4217290819927745,0.3323214129810469,840158.1265220001,520960.46665569465,571067.183679585,50106.71702389035,50106.71702389035,100.0,52096046.66556946,57106718.3679585,5010671.702389039,5010671.702389039
"multi|amazon,beehiiv,liveintent,meta,moloco,tiktok|pmode=roi|rpk=100.0|target=meta|mu=1.000000|sigma=1.000000|dist=LogNormal|1.000000|1.000000|LogNormal|alpha=0p64|ec=1p53|slope=1p2|lag=4|decay=geometric",meta,"{""kpi_type"": ""non_revenue"", ""kpi_type_effective"": ""revenue"", ""prior_design_mode"": ""roi"", ""prior_grid_type"": ""roi"", ""revenue_per_kpi"": 100.0, ""roi_prior_overrides"": {""amazon"": {""dist"": ""LogNormal"", ""mu"": 0.5, ""sigma"": 0.5}, ""beehiiv"": {""dist"": ""LogNormal"", ""mu"": 0.5, ""sigma"": 0.5}, ""liveintent"": {""dist"": ""LogNormal"", ""mu"": 0.5, ""sigma"": 0.5}, ""meta"": {""dist"": ""LogNormal"", ""mu"": 1.0, ""sigma"": 1.0}, ""moloco"": {""dist"": ""LogNormal"", ""mu"": 0.5, ""sigma"": 0.5}, ""tiktok"": {""dist"": ""LogNormal"", ""mu"": 0.5, ""sigma"": 0.5}}, ""run_mode"": ""roi_full"", ""structural_overrides"": {""adstock_decay_spec"": ""geometric"", ""alpha_m"": 0.64, ""ec_m"": 1.53, ""max_lag"": 4, ""slope_m"": 1.2}, ""sweep_type"": ""fixed_full_grid"", ""target_channel"": ""meta"", ""two_layer_enabled"": false}",moloco,REVIEW,REVIEW:PriorPosteriorShift,PriorPosteriorShift,"amazon,beehiiv,liveintent,tiktok",0.6339402654984345,0.5341463716483364,0.09979389385009807,0.15741844978349073,0.64,1.53,1.2,4,geometric,prior_sweep,roi_full,roi,non_revenue,revenue,__revenue_equiv__,100.0,meta,fixed_full_grid,False,roi,roi,Revenue-equivalent ROI,1.0,1.0,LogNormal,target_channels,meta,configured,,,,upload_1bc112d58beb_monthly_mocha,/Users/jasper/Documents/Intern/BlueAlpha/capstone-Blue_Alpha_1/backend/storage/uploads/upload_1bc112d58beb_monthly_mocha.csv,1.0,1.0,LogNormal,0.5400197894281911,0.1072283249348402,0.4539413452148437,1.7795422077178955,0.4882577521372534,0.0966647919267416,0.380604013800621,1.4562346696853632,0.8016070167037855,0.5,0.5,LogNormal,0.0028878658359395,0.0316029846978907,842234.6095886,533926.4320145674,449876.5607884039,-84049.87122616352,84049.87122616352,100.0,53392643.20145674,44987656.07884039,-8404987.12261635,8404987.12261635
"multi|amazon,beehiiv,liveintent,meta,moloco,tiktok|pmode=roi|rpk=100.0|target=meta|mu=1.000000|sigma=1.000000|dist=LogNormal|1.000000|1.000000|LogNormal|alpha=0p64|ec=1p53|slope=1p2|lag=4|decay=geometric",meta,"{""kpi_type"": ""non_revenue"", ""kpi_type_effective"": ""revenue"", ""prior_design_mode"": ""roi"", ""prior_grid_type"": ""roi"", ""revenue_per_kpi"": 100.0, ""roi_prior_overrides"": {""amazon"": {""dist"": ""LogNormal"", ""mu"": 0.5, ""sigma"": 0.5}, ""beehiiv"": {""dist"": ""LogNormal"", ""mu"": 0.5, ""sigma"": 0.5}, ""liveintent"": {""dist"": ""LogNormal"", ""mu"": 0.5, ""sigma"": 0.5}, ""meta"": {""dist"": ""LogNormal"", ""mu"": 1.0, ""sigma"": 1.0}, ""moloco"": {""dist"": ""LogNormal"", ""mu"": 0.5, ""sigma"": 0.5}, ""tiktok"": {""dist"": ""LogNormal"", ""mu"": 0.5, ""sigma"": 0.5}}, ""run_mode"": ""roi_full"", ""structural_overrides"": {""adstock_decay_spec"": ""geometric"", ""alpha_m"": 0.64, ""ec_m"": 1.53, ""max_lag"": 4, ""slope_m"": 1.2}, ""sweep_type"": ""fixed_full_grid"", ""target_channel"": ""meta"", ""two_layer_enabled"": false}",snapchat,REVIEW,REVIEW:PriorPosteriorShift,PriorPosteriorShift,"amazon,beehiiv,liveintent,tiktok",0.8269837570687135,0.3766040016586582,0.4503797554100553,0.5446053221244025,0.64,1.53,1.2,4,geometric,prior_sweep,roi_full,roi,non_revenue,revenue,__revenue_equiv__,100.0,meta,fixed_full_grid,False,roi,roi,Revenue-equivalent ROI,1.0,1.0,LogNormal,target_channels,meta,configured,,,,upload_1bc112d58beb_monthly_mocha,/Users/jasper/Documents/Intern/BlueAlpha/capstone-Blue_Alpha_1/backend/storage/uploads/upload_1bc112d58beb_monthly_mocha.csv,1.0,1.0,LogNormal,0.8713437341396965,0.0716421011835336,0.4354811757802963,2.750908374786377,0.3449286221216541,0.0565654270350933,0.2742819488048553,1.0629942536354056,0.3679383700130902,0.4,0.5,LogNormal,0.1103168493912817,0.0339484486992454,4342436.908989999,3591124.789830401,1635379.1168758883,-1955745.6729545128,1955745.6729545128,100.0,359112478.9830401,163537911.68758884,-195574567.29545125,195574567.29545125
"multi|amazon,beehiiv,liveintent,meta,moloco,tiktok|pmode=roi|rpk=100.0|target=meta|mu=1.000000|sigma=1.000000|dist=LogNormal|1.000000|1.000000|LogNormal|alpha=0p64|ec=1p53|slope=1p2|lag=4|decay=geometric",meta,"{""kpi_type"": ""non_revenue"", ""kpi_type_effective"": ""revenue"", ""prior_design_mode"": ""roi"", ""prior_grid_type"": ""roi"", ""revenue_per_kpi"": 100.0, ""roi_prior_overrides"": {""amazon"": {""dist"": ""LogNormal"", ""mu"": 0.5, ""sigma"": 0.5}, ""beehiiv"": {""dist"": ""LogNormal"", ""mu"": 0.5, ""sigma"": 0.5}, ""liveintent"": {""dist"": ""LogNormal"", ""mu"": 0.5, ""sigma"": 0.5}, ""meta"": {""dist"": ""LogNormal"", ""mu"": 1.0, ""sigma"": 1.0}, ""moloco"": {""dist"": ""LogNormal"", ""mu"": 0.5, ""sigma"": 0.5}, ""tiktok"": {""dist"": ""LogNormal"", ""mu"": 0.5, ""sigma"": 0.5}}, ""run_mode"": ""roi_full"", ""structural_overrides"": {""adstock_decay_spec"": ""geometric"", ""alpha_m"": 0.64, ""ec_m"": 1.53, ""max_lag"": 4, ""slope_m"": 1.2}, ""sweep_type"": ""fixed_full_grid"", ""target_channel"": ""meta"", ""two_layer_enabled"": false}",tiktok,REVIEW,REVIEW:PriorPosteriorShift,PriorPosteriorShift,"amazon,beehiiv,liveintent,tiktok",0.464742603781633,0.4855505116609857,0.02080790787935266,0.044772972630522156,0.64,1.53,1.2,4,geometric,prior_sweep,roi_full,roi,non_revenue,revenue,__revenue_equiv__,100.0,meta,fixed_full_grid,False,roi,roi,Revenue-equivalent ROI,1.0,1.0,LogNormal,target_channels,meta,configured,,,,upload_1bc112d58beb_monthly_mocha,/Users/jasper/Documents/Intern/BlueAlpha/capstone-Blue_Alpha_1/backend/storage/uploads/upload_1bc112d58beb_monthly_mocha.csv,1.0,1.0,LogNormal,0.4119649280983944,0.0886418987065553,0.3509712815284729,1.194995081424713,0.4554100122195,0.0865143224596977,0.3576312661170959,1.4128238677978513,0.8341591045671648,0.5,0.5,LogNormal,0.0086240933702141,0.0371525911810844,1752685.0091300001,814547.3947521115,851017.1029636109,36469.70821149938,36469.70821149938,100.0,81454739.47521116,85101710.29636109,3646970.8211499304,3646970.8211499304
"multi|amazon,beehiiv,liveintent,meta,moloco,tiktok|pmode=roi|rpk=100.0|target=meta|mu=1.000000|sigma=0.500000|dist=LogNormal|1.000000|0.500000|LogNormal|alpha=0p64|ec=1p53|slope=1p2|lag=4|decay=geometric",meta,"{""kpi_type"": ""non_revenue"", ""kpi_type_effective"": ""revenue"", ""prior_design_mode"": ""roi"", ""prior_grid_type"": ""roi"", ""revenue_per_kpi"": 100.0, ""roi_prior_overrides"": {""amazon"": {""dist"": ""LogNormal"", ""mu"": 0.5, ""sigma"": 0.5}, ""beehiiv"": {""dist"": ""LogNormal"", ""mu"": 0.5, ""sigma"": 0.5}, ""liveintent"": {""dist"": ""LogNormal"", ""mu"": 0.5, ""sigma"": 0.5}, ""meta"": {""dist"": ""LogNormal"", ""mu"": 1.0, ""sigma"": 0.5}, ""moloco"": {""dist"": ""LogNormal"", ""mu"": 0.5, ""sigma"": 0.5}, ""tiktok"": {""dist"": ""LogNormal"", ""mu"": 0.5, ""sigma"": 0.5}}, ""run_mode"": ""roi_full"", ""structural_overrides"": {""adstock_decay_spec"": ""geometric"", ""alpha_m"": 0.64, ""ec_m"": 1.53, ""max_lag"": 4, ""slope_m"": 1.2}, ""sweep_type"": ""fixed_full_grid"", ""target_channel"": ""meta"", ""two_layer_enabled"": false}",amazon,REVIEW,REVIEW:PriorPosteriorShift,PriorPosteriorShift,"amazon,beehiiv",0.6377680289559067,0.4948906976900374,0.14287733126586927,0.22402711452904667,0.64,1.53,1.2,4,geometric,prior_sweep,roi_full,roi,non_revenue,revenue,__revenue_equiv__,100.0,meta,fixed_full_grid,False,roi,roi,Revenue-equivalent ROI,1.0,0.5,LogNormal,target_channels,meta,configured,,,,upload_1bc112d58beb_monthly_mocha,/Users/jasper/Documents/Intern/BlueAlpha/capstone-Blue_Alpha_1/backend/storage/uploads/upload_1bc112d58beb_monthly_mocha.csv,1.0,0.5,LogNormal,0.6114372134697085,0.0995406173169612,0.4413366019725799,2.029905021190642,0.477241703278071,0.0879620749503374,0.3520013093948364,1.4435085117816924,0.6920738310395359,0.5,0.5,LogNormal,0.0021565170388251,0.0226524102783265,15740.258094,10038.633379867637,7789.707309960919,-2248.926069906718,2248.926069906718,100.0,1003863.3379867637,778970.7309960919,-224892.60699067183,224892.60699067183
"multi|amazon,beehiiv,liveintent,meta,moloco,tiktok|pmode=roi|rpk=100.0|target=meta|mu=1.000000|sigma=0.500000|dist=LogNormal|1.000000|0.500000|LogNormal|alpha=0p64|ec=1p53|slope=1p2|lag=4|decay=geometric",meta,"{""kpi_type"": ""non_revenue"", ""kpi_type_effective"": ""revenue"", ""prior_design_mode"": ""roi"", ""prior_grid_type"": ""roi"", ""revenue_per_kpi"": 100.0, ""roi_prior_overrides"": {""amazon"": {""dist"": ""LogNormal"", ""mu"": 0.5, ""sigma"": 0.5}, ""beehiiv"": {""dist"": ""LogNormal"", ""mu"": 0.5, ""sigma"": 0.5}, ""liveintent"": {""dist"": ""LogNormal"", ""mu"": 0.5, ""sigma"": 0.5}, ""meta"": {""dist"": ""LogNormal"", ""mu"": 1.0, ""sigma"": 0.5}, ""moloco"": {""dist"": ""LogNormal"", ""mu"": 0.5, ""sigma"": 0.5}, ""tiktok"": {""dist"": ""LogNormal"", ""mu"": 0.5, ""sigma"": 0.5}}, ""run_mode"": ""roi_full"", ""structural_overrides"": {""adstock_decay_spec"": ""geometric"", ""alpha_m"": 0.64, ""ec_m"": 1.53, ""max_lag"": 4, ""slope_m"": 1.2}, ""sweep_type"": ""fixed_full_grid"", ""target_channel"": ""meta"", ""two_layer_enabled"": false}",beehiiv,REVIEW,REVIEW:PriorPosteriorShift,PriorPosteriorShift,"amazon,beehiiv",0.762659886876742,0.4951958856452256,0.2674640012315164,0.3506989233783353,0.64,1.53,1.2,4,geometric,prior_sweep,roi_full,roi,non_revenue,revenue,__revenue_equiv__,100.0,meta,fixed_full_grid,False,roi,roi,Revenue-equivalent ROI,1.0,0.5,LogNormal,target_channels,meta,configured,,,,upload_1bc112d58beb_monthly_mocha,/Users/jasper/Documents/Intern/BlueAlpha/capstone-Blue_Alpha_1/backend/storage/uploads/upload_1bc112d58beb_monthly_mocha.csv,1.0,0.5,LogNormal,0.8561781928458713,0.1083850640803575,0.4253711998462677,2.5097618103027344,0.5018809920841705,0.0861281152814626,0.3567617982625961,1.3334617257118213,0.5054710471091679,0.5,0.5,LogNormal,6.029385708206103e-05,0.0245338540654098,328172.2732613,250283.82880154633,162509.55950183643,-87774.26929970991,87774.26929970991,100.0,25028382.880154632,16250955.950183643,-8777426.929970989,8777426.929970989
"multi|amazon,beehiiv,liveintent,meta,moloco,tiktok|pmode=roi|rpk=100.0|target=meta|mu=1.000000|sigma=0.500000|dist=LogNormal|1.000000|0.500000|LogNormal|alpha=0p64|ec=1p53|slope=1p2|lag=4|decay=geometric",meta,"{""kpi_type"": ""non_revenue"", ""kpi_type_effective"": ""revenue"", ""prior_design_mode"": ""roi"", ""prior_grid_type"": ""roi"", ""revenue_per_kpi"": 100.0, ""roi_prior_overrides"": {""amazon"": {""dist"": ""LogNormal"", ""mu"": 0.5, ""sigma"": 0.5}, ""beehiiv"": {""dist"": ""LogNormal"", ""mu"": 0.5, ""sigma"": 0.5}, ""liveintent"": {""dist"": ""LogNormal"", ""mu"": 0.5, ""sigma"": 0.5}, ""meta"": {""dist"": ""LogNormal"", ""mu"": 1.0, ""sigma"": 0.5}, ""moloco"": {""dist"": ""LogNormal"", ""mu"": 0.5, ""sigma"": 0.5}, ""tiktok"": {""dist"": ""LogNormal"", ""mu"": 0.5, ""sigma"": 0.5}}, ""run_mode"": ""roi_full"", ""structural_overrides"": {""adstock_decay_spec"": ""geometric"", ""alpha_m"": 0.64, ""ec_m"": 1.53, ""max_lag"": 4, ""slope_m"": 1.2}, ""sweep_type"": ""fixed_full_grid"", ""target_channel"": ""meta"", ""two_layer_enabled"": false}",google,REVIEW,REVIEW:PriorPosteriorShift,PriorPosteriorShift,"amazon,beehiiv",0.5177610162024696,0.2922172951558605,0.22554372104660914,0.4356135629925654,0.64,1.53,1.2,4,geometric,prior_sweep,roi_full,roi,non_revenue,revenue,__revenue_equiv__,100.0,meta,fixed_full_grid,False,roi,roi,Revenue-equivalent ROI,1.0,0.5,LogNormal,target_channels,meta,configured,,,,upload_1bc112d58beb_monthly_mocha,/Users/jasper/Documents/Intern/BlueAlpha/capstone-Blue_Alpha_1/backend/storage/uploads/upload_1bc112d58beb_monthly_mocha.csv,1.0,0.5,LogNormal,0.4950598479489236,0.0569363014772534,0.2887331247329712,1.5954086780548096,0.2442327466775299,0.0496708132326602,0.2215213030576706,0.7836702138185497,0.47015339979713405,0.4,0.5,LogNormal,0.3590199399836468,0.102236990280483,10298543.94665,5332184.579223297,3009412.6561338236,-2322771.923089473,2322771.923089473,100.0,533218457.92232966,300941265.61338234,-232277192.30894732,232277192.30894732
"multi|amazon,beehiiv,liveintent,meta,moloco,tiktok|pmode=roi|rpk=100.0|target=meta|mu=1.000000|sigma=0.500000|dist=LogNormal|1.000000|0.500000|LogNormal|alpha=0p64|ec=1p53|slope=1p2|lag=4|decay=geometric",meta,"{""kpi_type"": ""non_revenue"", ""kpi_type_effective"": ""revenue"", ""prior_design_mode"": ""roi"", ""prior_grid_type"": ""roi"", ""revenue_per_kpi"": 100.0, ""roi_prior_overrides"": {""amazon"": {""dist"": ""LogNormal"", ""mu"": 0.5, ""sigma"": 0.5}, ""beehiiv"": {""dist"": ""LogNormal"", ""mu"": 0.5, ""sigma"": 0.5}, ""liveintent"": {""dist"": ""LogNormal"", ""mu"": 0.5, ""sigma"": 0.5}, ""meta"": {""dist"": ""LogNormal"", ""mu"": 1.0, ""sigma"": 0.5}, ""moloco"": {""dist"": ""LogNormal"", ""mu"": 0.5, ""sigma"": 0.5}, ""tiktok"": {""dist"": ""LogNormal"", ""mu"": 0.5, ""sigma"": 0.5}}, ""run_mode"": ""roi_full"", ""structural_overrides"": {""adstock_decay_spec"": ""geometric"", ""alpha_m"": 0.64, ""ec_m"": 1.53, ""max_lag"": 4, ""slope_m"": 1.2}, ""sweep_type"": ""fixed_full_grid"", ""target_channel"": ""meta"", ""two_layer_enabled"": false}",liveintent,REVIEW,REVIEW:PriorPosteriorShift,PriorPosteriorShift,"amazon,beehiiv",0.5128150204243138,0.5216057099976267,0.00879068957331286,0.017142028262041364,0.64,1.53,1.2,4,geometric,prior_sweep,roi_full,roi,non_revenue,revenue,__revenue_equiv__,100.0,meta,fixed_full_grid,False,roi,roi,Revenue-equivalent ROI,1.0,0.5,LogNormal,target_channels,meta,configured,,,,upload_1bc112d58beb_monthly_mocha,/Users/jasper/Documents/Intern/BlueAlpha/capstone-Blue_Alpha_1/backend/storage/uploads/upload_1bc112d58beb_monthly_mocha.csv,1.0,0.5,LogNormal,0.477736227784908,0.0928924188017845,0.3985480219125747,1.2810815036296836,0.5288800229881387,0.092051975429058,0.3663200438022613,1.4361823737621298,0.8839834931948837,0.5,0.5,LogNormal,0.0042082627720427,0.0203004567426956,797987.173079,409219.8084608478,416234.6659828708,7014.857522022969,7014.857522022969,100.0,40921980.84608478,41623466.598287076,701485.7522022948,701485.7522022948
"multi|amazon,beehiiv,liveintent,meta,moloco,tiktok|pmode=roi|rpk=100.0|target=meta|mu=1.000000|sigma=0.500000|dist=LogNormal|1.000000|0.500000|LogNormal|alpha=0p64|ec=1p53|slope=1p2|lag=4|decay=geometric",meta,"{""kpi_type"": ""non_revenue"", ""kpi_type_effective"": ""revenue"", ""prior_design_mode"": ""roi"", ""prior_grid_type"": ""roi"", ""revenue_per_kpi"": 100.0, ""roi_prior_overrides"": {""amazon"": {""dist"": ""LogNormal"", ""mu"": 0.5, ""sigma"": 0.5}, ""beehiiv"": {""dist"": ""LogNormal"", ""mu"": 0.5, ""sigma"": 0.5}, ""liveintent"": {""dist"": ""LogNormal"", ""mu"": 0.5, ""sigma"": 0.5}, ""meta"": {""dist"": ""LogNormal"", ""mu"": 1.0, ""sigma"": 0.5}, ""moloco"": {""dist"": ""LogNormal"", ""mu"": 0.5, ""sigma"": 0.5}, ""tiktok"": {""dist"": ""LogNormal"", ""mu"": 0.5, ""sigma"": 0.5}}, ""run_mode"": ""roi_full"", ""structural_overrides"": {""adstock_decay_spec"": ""geometric"", ""alpha_m"": 0.64, ""ec_m"": 1.53, ""max_lag"": 4, ""slope_m"": 1.2}, ""sweep_type"": ""fixed_full_grid"", ""target_channel"": ""meta"", ""two_layer_enabled"": false}",meta,REVIEW,REVIEW:PriorPosteriorShift,PriorPosteriorShift,"amazon,beehiiv",0.6200743053123976,0.8932675903911392,0.27319328507874163,0.44058152827523633,0.64,1.53,1.2,4,geometric,prior_sweep,roi_full,roi,non_revenue,revenue,__revenue_equiv__,100.0,meta,fixed_full_grid,False,roi,roi,Revenue-equivalent ROI,1.0,0.5,LogNormal,target_channels,meta,configured,,,,upload_1bc112d58beb_monthly_mocha,/Users/jasper/Documents/Intern/BlueAlpha/capstone-Blue_Alpha_1/backend/storage/uploads/upload_1bc112d58beb_monthly_mocha.csv,1.0,0.5,LogNormal,0.4861901734527795,0.1053347028791904,0.4240260720252991,1.5302040576934814,0.3932148785072272,0.4001065999269486,0.8133087158203125,1.6072156965732571,0.7524547301094175,1.0,0.5,LogNormal,0.0722713672055594,0.1122615554539419,840158.1265220001,520960.46665569465,750486.0252258409,229525.5585701462,229525.5585701462,100.0,52096046.66556946,75048602.52258408,22952555.85701462,22952555.85701462
"multi|amazon,beehiiv,liveintent,meta,moloco,tiktok|pmode=roi|rpk=100.0|target=meta|mu=1.000000|sigma=0.500000|dist=LogNormal|1.000000|0.500000|LogNormal|alpha=0p64|ec=1p53|slope=1p2|lag=4|decay=geometric",meta,"{""kpi_type"": ""non_revenue"", ""kpi_type_effective"": ""revenue"", ""prior_design_mode"": ""roi"", ""prior_grid_type"": ""roi"", ""revenue_per_kpi"": 100.0, ""roi_prior_overrides"": {""amazon"": {""dist"": ""LogNormal"", ""mu"": 0.5, ""sigma"": 0.5}, ""beehiiv"": {""dist"": ""LogNormal"", ""mu"": 0.5, ""sigma"": 0.5}, ""liveintent"": {""dist"": ""LogNormal"", ""mu"": 0.5, ""sigma"": 0.5}, ""meta"": {""dist"": ""LogNormal"", ""mu"": 1.0, ""sigma"": 0.5}, ""moloco"": {""dist"": ""LogNormal"", ""mu"": 0.5, ""sigma"": 0.5}, ""tiktok"": {""dist"": ""LogNormal"", ""mu"": 0.5, ""sigma"": 0.5}}, ""run_mode"": ""roi_full"", ""structural_overrides"": {""adstock_decay_spec"": ""geometric"", ""alpha_m"": 0.64, ""ec_m"": 1.53, ""max_lag"": 4, ""slope_m"": 1.2}, ""sweep_type"": ""fixed_full_grid"", ""target_channel"": ""meta"", ""two_layer_enabled"": false}",moloco,REVIEW,REVIEW:PriorPosteriorShift,PriorPosteriorShift,"amazon,beehiiv",0.6339402654984345,0.5672008231468498,0.06673944235158469,0.10527717828289529,0.64,1.53,1.2,4,geometric,prior_sweep,roi_full,roi,non_revenue,revenue,__revenue_equiv__,100.0,meta,fixed_full_grid,False,roi,roi,Revenue-equivalent ROI,1.0,0.5,LogNormal,target_channels,meta,configured,,,,upload_1bc112d58beb_monthly_mocha,/Users/jasper/Documents/Intern/BlueAlpha/capstone-Blue_Alpha_1/backend/storage/uploads/upload_1bc112d58beb_monthly_mocha.csv,1.0,0.5,LogNormal,0.5400197894281911,0.1072283249348402,0.4539413452148437,1.7795422077178955,0.5654752407119086,0.0914139203727245,0.4012674689292907,1.6004626154899584,0.8845502452325159,0.5,0.5,LogNormal,0.0254979838069447,0.0589995767307537,842234.6095886,533926.4320145674,477716.1638414196,-56210.26817314781,56210.26817314781,100.0,53392643.20145674,47771616.38414196,-5621026.817314781,5621026.817314781
"multi|amazon,beehiiv,liveintent,meta,moloco,tiktok|pmode=roi|rpk=100.0|target=meta|mu=1.000000|sigma=0.500000|dist=LogNormal|1.000000|0.500000|LogNormal|alpha=0p64|ec=1p53|slope=1p2|lag=4|decay=geometric",meta,"{""kpi_type"": ""non_revenue"", ""kpi_type_effective"": ""revenue"", ""prior_design_mode"": ""roi"", ""prior_grid_type"": ""roi"", ""revenue_per_kpi"": 100.0, ""roi_prior_overrides"": {""amazon"": {""dist"": ""LogNormal"", ""mu"": 0.5, ""sigma"": 0.5}, ""beehiiv"": {""dist"": ""LogNormal"", ""mu"": 0.5, ""sigma"": 0.5}, ""liveintent"": {""dist"": ""LogNormal"", ""mu"": 0.5, ""sigma"": 0.5}, ""meta"": {""dist"": ""LogNormal"", ""mu"": 1.0, ""sigma"": 0.5}, ""moloco"": {""dist"": ""LogNormal"", ""mu"": 0.5, ""sigma"": 0.5}, ""tiktok"": {""dist"": ""LogNormal"", ""mu"": 0.5, ""sigma"": 0.5}}, ""run_mode"": ""roi_full"", ""structural_overrides"": {""adstock_decay_spec"": ""geometric"", ""alpha_m"": 0.64, ""ec_m"": 1.53, ""max_lag"": 4, ""slope_m"": 1.2}, ""sweep_type"": ""fixed_full_grid"", ""target_channel"": ""meta"", ""two_layer_enabled"": false}",snapchat,REVIEW,REVIEW:PriorPosteriorShift,PriorPosteriorShift,"amazon,beehiiv",0.8269837570687135,0.4198290780590226,0.40715467900969093,0.49233697219504247,0.64,1.53,1.2,4,geometric,prior_sweep,roi_full,roi,non_revenue,revenue,__revenue_equiv__,100.0,meta,fixed_full_grid,False,roi,roi,Revenue-equivalent ROI,1.0,0.5,LogNormal,target_channels,meta,configured,,,,upload_1bc112d58beb_monthly_mocha,/Users/jasper/Documents/Intern/BlueAlpha/capstone-Blue_Alpha_1/backend/storage/uploads/upload_1bc112d58beb_monthly_mocha.csv,1.0,0.5,LogNormal,0.8713437341396965,0.0716421011835336,0.4354811757802963,2.750908374786377,0.4039143340666229,0.0565066965296864,0.2702057808637619,1.261121070384979,0.4414631191779291,0.4,0.5,LogNormal,0.0404852505374875,0.0448312154304469,4342436.908989999,3591124.789830401,1823081.2840307432,-1768043.505799658,1768043.505799658,100.0,359112478.9830401,182308128.40307432,-176804350.57996577,176804350.57996577
"multi|amazon,beehiiv,liveintent,meta,moloco,tiktok|pmode=roi|rpk=100.0|target=meta|mu=1.000000|sigma=0.500000|dist=LogNormal|1.000000|0.500000|LogNormal|alpha=0p64|ec=1p53|slope=1p2|lag=4|decay=geometric",meta,"{""kpi_type"": ""non_revenue"", ""kpi_type_effective"": ""revenue"", ""prior_design_mode"": ""roi"", ""prior_grid_type"": ""roi"", ""revenue_per_kpi"": 100.0, ""roi_prior_overrides"": {""amazon"": {""dist"": ""LogNormal"", ""mu"": 0.5, ""sigma"": 0.5}, ""beehiiv"": {""dist"": ""LogNormal"", ""mu"": 0.5, ""sigma"": 0.5}, ""liveintent"": {""dist"": ""LogNormal"", ""mu"": 0.5, ""sigma"": 0.5}, ""meta"": {""dist"": ""LogNormal"", ""mu"": 1.0, ""sigma"": 0.5}, ""moloco"": {""dist"": ""LogNormal"", ""mu"": 0.5, ""sigma"": 0.5}, ""tiktok"": {""dist"": ""LogNormal"", ""mu"": 0.5, ""sigma"": 0.5}}, ""run_mode"": ""roi_full"", ""structural_overrides"": {""adstock_decay_spec"": ""geometric"", ""alpha_m"": 0.64, ""ec_m"": 1.53, ""max_lag"": 4, ""slope_m"": 1.2}, ""sweep_type"": ""fixed_full_grid"", ""target_channel"": ""meta"", ""two_layer_enabled"": false}",tiktok,REVIEW,REVIEW:PriorPosteriorShift,PriorPosteriorShift,"amazon,beehiiv",0.464742603781633,0.4804219971581672,0.01567939337653418,0.03373780077176103,0.64,1.53,1.2,4,geometric,prior_sweep,roi_full,roi,non_revenue,revenue,__revenue_equiv__,100.0,meta,fixed_full_grid,False,roi,roi,Revenue-equivalent ROI,1.0,0.5,LogNormal,target_channels,meta,configured,,,,upload_1bc112d58beb_monthly_mocha,/Users/jasper/Documents/Intern/BlueAlpha/capstone-Blue_Alpha_1/backend/storage/uploads/upload_1bc112d58beb_monthly_mocha.csv,1.0,0.5,LogNormal,0.4119649280983944,0.0886418987065553,0.3509712815284729,1.194995081424713,0.4210167458778868,0.0891194269061088,0.3546566069126129,1.3320235490798948,0.8894096629032223,0.5,0.5,LogNormal,0.0272122861085961,0.0383540815060692,1752685.0091300001,814547.3947521115,842028.4324754152,27481.037723303656,27481.037723303656,100.0,81454739.47521116,84202843.24754152,2748103.7723303586,2748103.7723303586
"multi|amazon,beehiiv,liveintent,meta,moloco,tiktok|pmode=roi|rpk=100.0|target=moloco|mu=0.500000|sigma=1.000000|dist=LogNormal|0.500000|1.000000|LogNormal|alpha=0p64|ec=1p53|slope=1p2|lag=4|decay=geometric",moloco,"{""kpi_type"": ""non_revenue"", ""kpi_type_effective"": ""revenue"", ""prior_design_mode"": ""roi"", ""prior_grid_type"": ""roi"", ""revenue_per_kpi"": 100.0, ""roi_prior_overrides"": {""amazon"": {""dist"": ""LogNormal"", ""mu"": 0.5, ""sigma"": 0.5}, ""beehiiv"": {""dist"": ""LogNormal"", ""mu"": 0.5, ""sigma"": 0.5}, ""liveintent"": {""dist"": ""LogNormal"", ""mu"": 0.5, ""sigma"": 0.5}, ""meta"": {""dist"": ""LogNormal"", ""mu"": 0.5, ""sigma"": 0.5}, ""moloco"": {""dist"": ""LogNormal"", ""mu"": 0.5, ""sigma"": 1.0}, ""tiktok"": {""dist"": ""LogNormal"", ""mu"": 0.5, ""sigma"": 0.5}}, ""run_mode"": ""roi_full"", ""structural_overrides"": {""adstock_decay_spec"": ""geometric"", ""alpha_m"": 0.64, ""ec_m"": 1.53, ""max_lag"": 4, ""slope_m"": 1.2}, ""sweep_type"": ""fixed_full_grid"", ""target_channel"": ""moloco"", ""two_layer_enabled"": false}",amazon,REVIEW,REVIEW:PriorPosteriorShift,PriorPosteriorShift,"beehiiv,liveintent,tiktok",0.6377680289559067,0.5112614598264917,0.12650656912941494,0.1983582797910386,0.64,1.53,1.2,4,geometric,prior_sweep,roi_full,roi,non_revenue,revenue,__revenue_equiv__,100.0,moloco,fixed_full_grid,False,roi,roi,Revenue-equivalent ROI,0.5,1.0,LogNormal,target_channels,moloco,configured,,,,upload_1bc112d58beb_monthly_mocha,/Users/jasper/Documents/Intern/BlueAlpha/capstone-Blue_Alpha_1/backend/storage/uploads/upload_1bc112d58beb_monthly_mocha.csv,0.5,1.0,LogNormal,0.6114372134697085,0.0995406173169612,0.4413366019725799,2.029905021190642,0.5057875939148875,0.0986427206546068,0.3617138117551803,1.4546998620033262,0.7016961105232734,0.5,0.5,LogNormal,0.0003871134078952,0.0345464092834688,15740.258094,10038.633379867637,8047.387331184193,-1991.2460486834443,1991.2460486834443,100.0,1003863.3379867637,804738.7331184193,-199124.60486834438,199124.60486834438
"multi|amazon,beehiiv,liveintent,meta,moloco,tiktok|pmode=roi|rpk=100.0|target=moloco|mu=0.500000|sigma=1.000000|dist=LogNormal|0.500000|1.000000|LogNormal|alpha=0p64|ec=1p53|slope=1p2|lag=4|decay=geometric",moloco,"{""kpi_type"": ""non_revenue"", ""kpi_type_effective"": ""revenue"", ""prior_design_mode"": ""roi"", ""prior_grid_type"": ""roi"", ""revenue_per_kpi"": 100.0, ""roi_prior_overrides"": {""amazon"": {""dist"": ""LogNormal"", ""mu"": 0.5, ""sigma"": 0.5}, ""beehiiv"": {""dist"": ""LogNormal"", ""mu"": 0.5, ""sigma"": 0.5}, ""liveintent"": {""dist"": ""LogNormal"", ""mu"": 0.5, ""sigma"": 0.5}, ""meta"": {""dist"": ""LogNormal"", ""mu"": 0.5, ""sigma"": 0.5}, ""moloco"": {""dist"": ""LogNormal"", ""mu"": 0.5, ""sigma"": 1.0}, ""tiktok"": {""dist"": ""LogNormal"", ""mu"": 0.5, ""sigma"": 0.5}}, ""run_mode"": ""roi_full"", ""structural_overrides"": {""adstock_decay_spec"": ""geometric"", ""alpha_m"": 0.64, ""ec_m"": 1.53, ""max_lag"": 4, ""slope_m"": 1.2}, ""sweep_type"": ""fixed_full_grid"", ""target_channel"": ""moloco"", ""two_layer_enabled"": false}",beehiiv,REVIEW,REVIEW:PriorPosteriorShift,PriorPosteriorShift,"beehiiv,liveintent,tiktok",0.762659886876742,0.5179220191280668,0.24473786774867523,0.3209004065376114,0.64,1.53,1.2,4,geometric,prior_sweep,roi_full,roi,non_revenue,revenue,__revenue_equiv__,100.0,moloco,fixed_full_grid,False,roi,roi,Revenue-equivalent ROI,0.5,1.0,LogNormal,target_channels,moloco,configured,,,,upload_1bc112d58beb_monthly_mocha,/Users/jasper/Documents/Intern/BlueAlpha/capstone-Blue_Alpha_1/backend/storage/uploads/upload_1bc112d58beb_monthly_mocha.csv,0.5,1.0,LogNormal,0.8561781928458713,0.1083850640803575,0.4253711998462677,2.5097618103027344,0.5152776292702685,0.0849549818783998,0.3677467107772827,1.4641964316368103,0.559142011505087,0.5,0.5,LogNormal,0.0015667250434354,0.0209373975699026,328172.2732613,250283.82880154633,169967.64638934017,-80316.18241220617,80316.18241220617,100.0,25028382.880154632,16996764.638934016,-8031618.241220616,8031618.241220616
"multi|amazon,beehiiv,liveintent,meta,moloco,tiktok|pmode=roi|rpk=100.0|target=moloco|mu=0.500000|sigma=1.000000|dist=LogNormal|0.500000|1.000000|LogNormal|alpha=0p64|ec=1p53|slope=1p2|lag=4|decay=geometric",moloco,"{""kpi_type"": ""non_revenue"", ""kpi_type_effective"": ""revenue"", ""prior_design_mode"": ""roi"", ""prior_grid_type"": ""roi"", ""revenue_per_kpi"": 100.0, ""roi_prior_overrides"": {""amazon"": {""dist"": ""LogNormal"", ""mu"": 0.5, ""sigma"": 0.5}, ""beehiiv"": {""dist"": ""LogNormal"", ""mu"": 0.5, ""sigma"": 0.5}, ""liveintent"": {""dist"": ""LogNormal"", ""mu"": 0.5, ""sigma"": 0.5}, ""meta"": {""dist"": ""LogNormal"", ""mu"": 0.5, ""sigma"": 0.5}, ""moloco"": {""dist"": ""LogNormal"", ""mu"": 0.5, ""sigma"": 1.0}, ""tiktok"": {""dist"": ""LogNormal"", ""mu"": 0.5, ""sigma"": 0.5}}, ""run_mode"": ""roi_full"", ""structural_overrides"": {""adstock_decay_spec"": ""geometric"", ""alpha_m"": 0.64, ""ec_m"": 1.53, ""max_lag"": 4, ""slope_m"": 1.2}, ""sweep_type"": ""fixed_full_grid"", ""target_channel"": ""moloco"", ""two_layer_enabled"": false}",google,REVIEW,REVIEW:PriorPosteriorShift,PriorPosteriorShift,"beehiiv,liveintent,tiktok",0.5177610162024696,0.2660919147543609,0.2516691014481087,0.48607193970295737,0.64,1.53,1.2,4,geometric,prior_sweep,roi_full,roi,non_revenue,revenue,__revenue_equiv__,100.0,moloco,fixed_full_grid,False,roi,roi,Revenue-equivalent ROI,0.5,1.0,LogNormal,target_channels,moloco,configured,,,,upload_1bc112d58beb_monthly_mocha,/Users/jasper/Documents/Intern/BlueAlpha/capstone-Blue_Alpha_1/backend/storage/uploads/upload_1bc112d58beb_monthly_mocha.csv,0.5,1.0,LogNormal,0.4950598479489236,0.0569363014772534,0.2887331247329712,1.5954086780548096,0.205098774467629,0.0473170310258865,0.2029648125171661,0.6943896174430846,0.41176716972100663,0.4,0.5,LogNormal,0.5111101738181736,0.1282183744864772,10298543.94665,5332184.579223297,2740359.277946031,-2591825.3012772654,2591825.3012772654,100.0,533218457.92232966,274035927.7946031,-259182530.12772655,259182530.12772655
"multi|amazon,beehiiv,liveintent,meta,moloco,tiktok|pmode=roi|rpk=100.0|target=moloco|mu=0.500000|sigma=1.000000|dist=LogNormal|0.500000|1.000000|LogNormal|alpha=0p64|ec=1p53|slope=1p2|lag=4|decay=geometric",moloco,"{""kpi_type"": ""non_revenue"", ""kpi_type_effective"": ""revenue"", ""prior_design_mode"": ""roi"", ""prior_grid_type"": ""roi"", ""revenue_per_kpi"": 100.0, ""roi_prior_overrides"": {""amazon"": {""dist"": ""LogNormal"", ""mu"": 0.5, ""sigma"": 0.5}, ""beehiiv"": {""dist"": ""LogNormal"", ""mu"": 0.5, ""sigma"": 0.5}, ""liveintent"": {""dist"": ""LogNormal"", ""mu"": 0.5, ""sigma"": 0.5}, ""meta"": {""dist"": ""LogNormal"", ""mu"": 0.5, ""sigma"": 0.5}, ""moloco"": {""dist"": ""LogNormal"", ""mu"": 0.5, ""sigma"": 1.0}, ""tiktok"": {""dist"": ""LogNormal"", ""mu"": 0.5, ""sigma"": 0.5}}, ""run_mode"": ""roi_full"", ""structural_overrides"": {""adstock_decay_spec"": ""geometric"", ""alpha_m"": 0.64, ""ec_m"": 1.53, ""max_lag"": 4, ""slope_m"": 1.2}, ""sweep_type"": ""fixed_full_grid"", ""target_channel"": ""moloco"", ""two_layer_enabled"": false}",liveintent,REVIEW,REVIEW:PriorPosteriorShift,PriorPosteriorShift,"beehiiv,liveintent,tiktok",0.5128150204243138,0.5075460222037509,0.005268998220562926,0.010274656573442842,0.64,1.53,1.2,4,geometric,prior_sweep,roi_full,roi,non_revenue,revenue,__revenue_equiv__,100.0,moloco,fixed_full_grid,False,roi,roi,Revenue-equivalent ROI,0.5,1.0,LogNormal,target_channels,moloco,configured,,,,upload_1bc112d58beb_monthly_mocha,/Users/jasper/Documents/Intern/BlueAlpha/capstone-Blue_Alpha_1/backend/storage/uploads/upload_1bc112d58beb_monthly_mocha.csv,0.5,1.0,LogNormal,0.477736227784908,0.0928924188017845,0.3985480219125747,1.2810815036296836,0.4575429058010117,0.0947961293160915,0.3685998618602752,1.4720546424388885,0.8601492659689735,0.5,0.5,LogNormal,0.0075423411322381,0.0194274050815885,797987.173079,409219.8084608478,405015.21546586254,-4204.592994985287,4204.592994985287,100.0,40921980.84608478,40501521.54658625,-420459.29949852824,420459.29949852824
"multi|amazon,beehiiv,liveintent,meta,moloco,tiktok|pmode=roi|rpk=100.0|target=moloco|mu=0.500000|sigma=1.000000|dist=LogNormal|0.500000|1.000000|LogNormal|alpha=0p64|ec=1p53|slope=1p2|lag=4|decay=geometric",moloco,"{""kpi_type"": ""non_revenue"", ""kpi_type_effective"": ""revenue"", ""prior_design_mode"": ""roi"", ""prior_grid_type"": ""roi"", ""revenue_per_kpi"": 100.0, ""roi_prior_overrides"": {""amazon"": {""dist"": ""LogNormal"", ""mu"": 0.5, ""sigma"": 0.5}, ""beehiiv"": {""dist"": ""LogNormal"", ""mu"": 0.5, ""sigma"": 0.5}, ""liveintent"": {""dist"": ""LogNormal"", ""mu"": 0.5, ""sigma"": 0.5}, ""meta"": {""dist"": ""LogNormal"", ""mu"": 0.5, ""sigma"": 0.5}, ""moloco"": {""dist"": ""LogNormal"", ""mu"": 0.5, ""sigma"": 1.0}, ""tiktok"": {""dist"": ""LogNormal"", ""mu"": 0.5, ""sigma"": 0.5}}, ""run_mode"": ""roi_full"", ""structural_overrides"": {""adstock_decay_spec"": ""geometric"", ""alpha_m"": 0.64, ""ec_m"": 1.53, ""max_lag"": 4, ""slope_m"": 1.2}, ""sweep_type"": ""fixed_full_grid"", ""target_channel"": ""moloco"", ""two_layer_enabled"": false}",meta,REVIEW,REVIEW:PriorPosteriorShift,PriorPosteriorShift,"beehiiv,liveintent,tiktok",0.6200743053123976,0.4205212473062177,0.1995530580061799,0.3218212015826776,0.64,1.53,1.2,4,geometric,prior_sweep,roi_full,roi,non_revenue,revenue,__revenue_equiv__,100.0,moloco,fixed_full_grid,False,roi,roi,Revenue-equivalent ROI,0.5,1.0,LogNormal,target_channels,moloco,configured,,,,upload_1bc112d58beb_monthly_mocha,/Users/jasper/Documents/Intern/BlueAlpha/capstone-Blue_Alpha_1/backend/storage/uploads/upload_1bc112d58beb_monthly_mocha.csv,0.5,1.0,LogNormal,0.4861901734527795,0.1053347028791904,0.4240260720252991,1.5302040576934814,0.3652667293704709,0.0910008616745472,0.2978512793779373,1.1467679142951963,0.7236179118395348,0.5,0.5,LogNormal,0.0934535577496947,0.0862219511578274,840158.1265220001,520960.46665569465,353304.34329948656,-167656.1233562081,167656.1233562081,100.0,52096046.66556946,35330434.329948656,-16765612.335620806,16765612.335620806
"multi|amazon,beehiiv,liveintent,meta,moloco,tiktok|pmode=roi|rpk=100.0|target=moloco|mu=0.500000|sigma=1.000000|dist=LogNormal|0.500000|1.000000|LogNormal|alpha=0p64|ec=1p53|slope=1p2|lag=4|decay=geometric",moloco,"{""kpi_type"": ""non_revenue"", ""kpi_type_effective"": ""revenue"", ""prior_design_mode"": ""roi"", ""prior_grid_type"": ""roi"", ""revenue_per_kpi"": 100.0, ""roi_prior_overrides"": {""amazon"": {""dist"": ""LogNormal"", ""mu"": 0.5, ""sigma"": 0.5}, ""beehiiv"": {""dist"": ""LogNormal"", ""mu"": 0.5, ""sigma"": 0.5}, ""liveintent"": {""dist"": ""LogNormal"", ""mu"": 0.5, ""sigma"": 0.5}, ""meta"": {""dist"": ""LogNormal"", ""mu"": 0.5, ""sigma"": 0.5}, ""moloco"": {""dist"": ""LogNormal"", ""mu"": 0.5, ""sigma"": 1.0}, ""tiktok"": {""dist"": ""LogNormal"", ""mu"": 0.5, ""sigma"": 0.5}}, ""run_mode"": ""roi_full"", ""structural_overrides"": {""adstock_decay_spec"": ""geometric"", ""alpha_m"": 0.64, ""ec_m"": 1.53, ""max_lag"": 4, ""slope_m"": 1.2}, ""sweep_type"": ""fixed_full_grid"", ""target_channel"": ""moloco"", ""two_layer_enabled"": false}",moloco,REVIEW,REVIEW:PriorPosteriorShift,PriorPosteriorShift,"beehiiv,liveintent,tiktok",0.6339402654984345,0.6207321420164469,0.013208123481987633,0.02083496537580365,0.64,1.53,1.2,4,geometric,prior_sweep,roi_full,roi,non_revenue,revenue,__revenue_equiv__,100.0,moloco,fixed_full_grid,False,roi,roi,Revenue-equivalent ROI,0.5,1.0,LogNormal,target_channels,moloco,configured,,,,upload_1bc112d58beb_monthly_mocha,/Users/jasper/Documents/Intern/BlueAlpha/capstone-Blue_Alpha_1/backend/storage/uploads/upload_1bc112d58beb_monthly_mocha.csv,0.5,1.0,LogNormal,0.5400197894281911,0.1072283249348402,0.4539413452148437,1.7795422077178955,0.9535527145458512,0.0318826211616396,0.2804000079631805,2.3336033940315244,0.7265494157651199,0.5,1.0,LogNormal,0.0094800849237592,0.1266421647105947,842234.6095886,533926.4320145674,522802.09329031757,-11124.338724249857,11124.338724249857,100.0,53392643.20145674,52280209.32903176,-1112433.8724249825,1112433.8724249825
"multi|amazon,beehiiv,liveintent,meta,moloco,tiktok|pmode=roi|rpk=100.0|target=moloco|mu=0.500000|sigma=1.000000|dist=LogNormal|0.500000|1.000000|LogNormal|alpha=0p64|ec=1p53|slope=1p2|lag=4|decay=geometric",moloco,"{""kpi_type"": ""non_revenue"", ""kpi_type_effective"": ""revenue"", ""prior_design_mode"": ""roi"", ""prior_grid_type"": ""roi"", ""revenue_per_kpi"": 100.0, ""roi_prior_overrides"": {""amazon"": {""dist"": ""LogNormal"", ""mu"": 0.5, ""sigma"": 0.5}, ""beehiiv"": {""dist"": ""LogNormal"", ""mu"": 0.5, ""sigma"": 0.5}, ""liveintent"": {""dist"": ""LogNormal"", ""mu"": 0.5, ""sigma"": 0.5}, ""meta"": {""dist"": ""LogNormal"", ""mu"": 0.5, ""sigma"": 0.5}, ""moloco"": {""dist"": ""LogNormal"", ""mu"": 0.5, ""sigma"": 1.0}, ""tiktok"": {""dist"": ""LogNormal"", ""mu"": 0.5, ""sigma"": 0.5}}, ""run_mode"": ""roi_full"", ""structural_overrides"": {""adstock_decay_spec"": ""geometric"", ""alpha_m"": 0.64, ""ec_m"": 1.53, ""max_lag"": 4, ""slope_m"": 1.2}, ""sweep_type"": ""fixed_full_grid"", ""target_channel"": ""moloco"", ""two_layer_enabled"": false}",snapchat,REVIEW,REVIEW:PriorPosteriorShift,PriorPosteriorShift,"beehiiv,liveintent,tiktok",0.8269837570687135,0.4243849822490786,0.4025987748196349,0.4868279109213305,0.64,1.53,1.2,4,geometric,prior_sweep,roi_full,roi,non_revenue,revenue,__revenue_equiv__,100.0,moloco,fixed_full_grid,False,roi,roi,Revenue-equivalent ROI,0.5,1.0,LogNormal,target_channels,moloco,configured,,,,upload_1bc112d58beb_monthly_mocha,/Users/jasper/Documents/Intern/BlueAlpha/capstone-Blue_Alpha_1/backend/storage/uploads/upload_1bc112d58beb_monthly_mocha.csv,0.5,1.0,LogNormal,0.8713437341396965,0.0716421011835336,0.4354811757802963,2.750908374786377,0.4080691869726154,0.0550887329503893,0.3012888133525848,1.2301646292209625,0.4297477880413459,0.4,0.5,LogNormal,0.0374015399126853,0.0427815752494625,4342436.908989999,3591124.789830401,1842865.0105394647,-1748259.7792909364,1748259.7792909364,100.0,359112478.9830401,184286501.05394647,-174825977.92909363,174825977.92909363
"multi|amazon,beehiiv,liveintent,meta,moloco,tiktok|pmode=roi|rpk=100.0|target=moloco|mu=0.500000|sigma=1.000000|dist=LogNormal|0.500000|1.000000|LogNormal|alpha=0p64|ec=1p53|slope=1p2|lag=4|decay=geometric",moloco,"{""kpi_type"": ""non_revenue"", ""kpi_type_effective"": ""revenue"", ""prior_design_mode"": ""roi"", ""prior_grid_type"": ""roi"", ""revenue_per_kpi"": 100.0, ""roi_prior_overrides"": {""amazon"": {""dist"": ""LogNormal"", ""mu"": 0.5, ""sigma"": 0.5}, ""beehiiv"": {""dist"": ""LogNormal"", ""mu"": 0.5, ""sigma"": 0.5}, ""liveintent"": {""dist"": ""LogNormal"", ""mu"": 0.5, ""sigma"": 0.5}, ""meta"": {""dist"": ""LogNormal"", ""mu"": 0.5, ""sigma"": 0.5}, ""moloco"": {""dist"": ""LogNormal"", ""mu"": 0.5, ""sigma"": 1.0}, ""tiktok"": {""dist"": ""LogNormal"", ""mu"": 0.5, ""sigma"": 0.5}}, ""run_mode"": ""roi_full"", ""structural_overrides"": {""adstock_decay_spec"": ""geometric"", ""alpha_m"": 0.64, ""ec_m"": 1.53, ""max_lag"": 4, ""slope_m"": 1.2}, ""sweep_type"": ""fixed_full_grid"", ""target_channel"": ""moloco"", ""two_layer_enabled"": false}",tiktok,REVIEW,REVIEW:PriorPosteriorShift,PriorPosteriorShift,"beehiiv,liveintent,tiktok",0.464742603781633,0.4836079048008347,0.018865301019201697,0.040593009691157755,0.64,1.53,1.2,4,geometric,prior_sweep,roi_full,roi,non_revenue,revenue,__revenue_equiv__,100.0,moloco,fixed_full_grid,False,roi,roi,Revenue-equivalent ROI,0.5,1.0,LogNormal,target_channels,moloco,configured,,,,upload_1bc112d58beb_monthly_mocha,/Users/jasper/Documents/Intern/BlueAlpha/capstone-Blue_Alpha_1/backend/storage/uploads/upload_1bc112d58beb_monthly_mocha.csv,0.5,1.0,LogNormal,0.4119649280983944,0.0886418987065553,0.3509712815284729,1.194995081424713,0.4302023201369022,0.0880788646638393,0.3552551865577698,1.2832484245300293,0.9256872161653982,0.5,0.5,LogNormal,0.0210379625167209,0.0344431372611158,1752685.0091300001,814547.3947521115,847612.3250411912,33064.93028907967,33064.93028907967,100.0,81454739.47521116,84761232.50411911,3306493.0289079547,3306493.0289079547
"multi|amazon,beehiiv,liveintent,meta,moloco,tiktok|pmode=roi|rpk=100.0|target=moloco|mu=1.000000|sigma=0.500000|dist=LogNormal|1.000000|0.500000|LogNormal|alpha=0p64|ec=1p53|slope=1p2|lag=4|decay=geometric",moloco,"{""kpi_type"": ""non_revenue"", ""kpi_type_effective"": ""revenue"", ""prior_design_mode"": ""roi"", ""prior_grid_type"": ""roi"", ""revenue_per_kpi"": 100.0, ""roi_prior_overrides"": {""amazon"": {""dist"": ""LogNormal"", ""mu"": 0.5, ""sigma"": 0.5}, ""beehiiv"": {""dist"": ""LogNormal"", ""mu"": 0.5, ""sigma"": 0.5}, ""liveintent"": {""dist"": ""LogNormal"", ""mu"": 0.5, ""sigma"": 0.5}, ""meta"": {""dist"": ""LogNormal"", ""mu"": 0.5, ""sigma"": 0.5}, ""moloco"": {""dist"": ""LogNormal"", ""mu"": 1.0, ""sigma"": 0.5}, ""tiktok"": {""dist"": ""LogNormal"", ""mu"": 0.5, ""sigma"": 0.5}}, ""run_mode"": ""roi_full"", ""structural_overrides"": {""adstock_decay_spec"": ""geometric"", ""alpha_m"": 0.64, ""ec_m"": 1.53, ""max_lag"": 4, ""slope_m"": 1.2}, ""sweep_type"": ""fixed_full_grid"", ""target_channel"": ""moloco"", ""two_layer_enabled"": false}",amazon,REVIEW,REVIEW:PriorPosteriorShift,PriorPosteriorShift,beehiiv,0.6377680289559067,0.5102377519834166,0.1275302769724901,0.19996342115372345,0.64,1.53,1.2,4,geometric,prior_sweep,roi_full,roi,non_revenue,revenue,__revenue_equiv__,100.0,moloco,fixed_full_grid,False,roi,roi,Revenue-equivalent ROI,1.0,0.5,LogNormal,target_channels,moloco,configured,,,,upload_1bc112d58beb_monthly_mocha,/Users/jasper/Documents/Intern/BlueAlpha/capstone-Blue_Alpha_1/backend/storage/uploads/upload_1bc112d58beb_monthly_mocha.csv,1.0,0.5,LogNormal,0.6114372134697085,0.0995406173169612,0.4413366019725799,2.029905021190642,0.4678882153176633,0.0934222910553217,0.3598609864711761,1.4589662969112396,0.7020076442919181,0.5,0.5,LogNormal,0.0044270743917036,0.0358594398582986,15740.258094,10038.633379867637,8031.273905521338,-2007.359474346299,2007.359474346299,100.0,1003863.3379867637,803127.3905521338,-200735.9474346299,200735.9474346299
"multi|amazon,beehiiv,liveintent,meta,moloco,tiktok|pmode=roi|rpk=100.0|target=moloco|mu=1.000000|sigma=0.500000|dist=LogNormal|1.000000|0.500000|LogNormal|alpha=0p64|ec=1p53|slope=1p2|lag=4|decay=geometric",moloco,"{""kpi_type"": ""non_revenue"", ""kpi_type_effective"": ""revenue"", ""prior_design_mode"": ""roi"", ""prior_grid_type"": ""roi"", ""revenue_per_kpi"": 100.0, ""roi_prior_overrides"": {""amazon"": {""dist"": ""LogNormal"", ""mu"": 0.5, ""sigma"": 0.5}, ""beehiiv"": {""dist"": ""LogNormal"", ""mu"": 0.5, ""sigma"": 0.5}, ""liveintent"": {""dist"": ""LogNormal"", ""mu"": 0.5, ""sigma"": 0.5}, ""meta"": {""dist"": ""LogNormal"", ""mu"": 0.5, ""sigma"": 0.5}, ""moloco"": {""dist"": ""LogNormal"", ""mu"": 1.0, ""sigma"": 0.5}, ""tiktok"": {""dist"": ""LogNormal"", ""mu"": 0.5, ""sigma"": 0.5}}, ""run_mode"": ""roi_full"", ""structural_overrides"": {""adstock_decay_spec"": ""geometric"", ""alpha_m"": 0.64, ""ec_m"": 1.53, ""max_lag"": 4, ""slope_m"": 1.2}, ""sweep_type"": ""fixed_full_grid"", ""target_channel"": ""moloco"", ""two_layer_enabled"": false}",beehiiv,REVIEW,REVIEW:PriorPosteriorShift,PriorPosteriorShift,beehiiv,0.762659886876742,0.5160394573149581,0.24662042956178387,0.3233688224665232,0.64,1.53,1.2,4,geometric,prior_sweep,roi_full,roi,non_revenue,revenue,__revenue_equiv__,100.0,moloco,fixed_full_grid,False,roi,roi,Revenue-equivalent ROI,1.0,0.5,LogNormal,target_channels,moloco,configured,,,,upload_1bc112d58beb_monthly_mocha,/Users/jasper/Documents/Intern/BlueAlpha/capstone-Blue_Alpha_1/backend/storage/uploads/upload_1bc112d58beb_monthly_mocha.csv,1.0,0.5,LogNormal,0.8561781928458713,0.1083850640803575,0.4253711998462677,2.5097618103027344,0.534890383869689,0.0863433480262756,0.3557294756174087,1.5155348539352411,0.5806466409986271,0.5,0.5,LogNormal,0.0052762363766425,0.018803958977958,328172.2732613,250283.82880154633,169349.8417995774,-80933.98700196893,80933.98700196893,100.0,25028382.880154632,16934984.17995774,-8093398.700196892,8093398.700196892
"multi|amazon,beehiiv,liveintent,meta,moloco,tiktok|pmode=roi|rpk=100.0|target=moloco|mu=1.000000|sigma=0.500000|dist=LogNormal|1.000000|0.500000|LogNormal|alpha=0p64|ec=1p53|slope=1p2|lag=4|decay=geometric",moloco,"{""kpi_type"": ""non_revenue"", ""kpi_type_effective"": ""revenue"", ""prior_design_mode"": ""roi"", ""prior_grid_type"": ""roi"", ""revenue_per_kpi"": 100.0, ""roi_prior_overrides"": {""amazon"": {""dist"": ""LogNormal"", ""mu"": 0.5, ""sigma"": 0.5}, ""beehiiv"": {""dist"": ""LogNormal"", ""mu"": 0.5, ""sigma"": 0.5}, ""liveintent"": {""dist"": ""LogNormal"", ""mu"": 0.5, ""sigma"": 0.5}, ""meta"": {""dist"": ""LogNormal"", ""mu"": 0.5, ""sigma"": 0.5}, ""moloco"": {""dist"": ""LogNormal"", ""mu"": 1.0, ""sigma"": 0.5}, ""tiktok"": {""dist"": ""LogNormal"", ""mu"": 0.5, ""sigma"": 0.5}}, ""run_mode"": ""roi_full"", ""structural_overrides"": {""adstock_decay_spec"": ""geometric"", ""alpha_m"": 0.64, ""ec_m"": 1.53, ""max_lag"": 4, ""slope_m"": 1.2}, ""sweep_type"": ""fixed_full_grid"", ""target_channel"": ""moloco"", ""two_layer_enabled"": false}",google,REVIEW,REVIEW:PriorPosteriorShift,PriorPosteriorShift,beehiiv,0.5177610162024696,0.2907218557968736,0.22703916040559602,0.43850184409560244,0.64,1.53,1.2,4,geometric,prior_sweep,roi_full,roi,non_revenue,revenue,__revenue_equiv__,100.0,moloco,fixed_full_grid,False,roi,roi,Revenue-equivalent ROI,1.0,0.5,LogNormal,target_channels,moloco,configured,,,,upload_1bc112d58beb_monthly_mocha,/Users/jasper/Documents/Intern/BlueAlpha/capstone-Blue_Alpha_1/backend/storage/uploads/upload_1bc112d58beb_monthly_mocha.csv,1.0,0.5,LogNormal,0.4950598479489236,0.0569363014772534,0.2887331247329712,1.5954086780548096,0.2521263333792002,0.0478803152218461,0.2093234807252884,0.7983954221010208,0.47912473750492335,0.4,0.5,LogNormal,0.3356966151652312,0.103637774331495,10298543.94665,5332184.579223297,2994011.808175747,-2338172.77104755,2338172.77104755,100.0,533218457.92232966,299401180.8175747,-233817277.10475498,233817277.10475498
"multi|amazon,beehiiv,liveintent,meta,moloco,tiktok|pmode=roi|rpk=100.0|target=moloco|mu=1.000000|sigma=0.500000|dist=LogNormal|1.000000|0.500000|LogNormal|alpha=0p64|ec=1p53|slope=1p2|lag=4|decay=geometric",moloco,"{""kpi_type"": ""non_revenue"", ""kpi_type_effective"": ""revenue"", ""prior_design_mode"": ""roi"", ""prior_grid_type"": ""roi"", ""revenue_per_kpi"": 100.0, ""roi_prior_overrides"": {""amazon"": {""dist"": ""LogNormal"", ""mu"": 0.5, ""sigma"": 0.5}, ""beehiiv"": {""dist"": ""LogNormal"", ""mu"": 0.5, ""sigma"": 0.5}, ""liveintent"": {""dist"": ""LogNormal"", ""mu"": 0.5, ""sigma"": 0.5}, ""meta"": {""dist"": ""LogNormal"", ""mu"": 0.5, ""sigma"": 0.5}, ""moloco"": {""dist"": ""LogNormal"", ""mu"": 1.0, ""sigma"": 0.5}, ""tiktok"": {""dist"": ""LogNormal"", ""mu"": 0.5, ""sigma"": 0.5}}, ""run_mode"": ""roi_full"", ""structural_overrides"": {""adstock_decay_spec"": ""geometric"", ""alpha_m"": 0.64, ""ec_m"": 1.53, ""max_lag"": 4, ""slope_m"": 1.2}, ""sweep_type"": ""fixed_full_grid"", ""target_channel"": ""moloco"", ""two_layer_enabled"": false}",liveintent,REVIEW,REVIEW:PriorPosteriorShift,PriorPosteriorShift,beehiiv,0.5128150204243138,0.5436342408321798,0.030819220407866,0.06009812345661314,0.64,1.53,1.2,4,geometric,prior_sweep,roi_full,roi,non_revenue,revenue,__revenue_equiv__,100.0,moloco,fixed_full_grid,False,roi,roi,Revenue-equivalent ROI,1.0,0.5,LogNormal,target_channels,moloco,configured,,,,upload_1bc112d58beb_monthly_mocha,/Users/jasper/Documents/Intern/BlueAlpha/capstone-Blue_Alpha_1/backend/storage/uploads/upload_1bc112d58beb_monthly_mocha.csv,1.0,0.5,LogNormal,0.477736227784908,0.0928924188017845,0.3985480219125747,1.2810815036296836,0.5633771373553736,0.0909388154745102,0.370346188545227,1.5858896553516386,0.7948014430531759,0.5,0.5,LogNormal,0.0192543153126929,0.0308878454791899,797987.173079,409219.8084608478,433813.15103061945,24593.34256977163,24593.34256977163,100.0,40921980.84608478,43381315.103061944,2459334.2569771633,2459334.2569771633
"multi|amazon,beehiiv,liveintent,meta,moloco,tiktok|pmode=roi|rpk=100.0|target=moloco|mu=1.000000|sigma=0.500000|dist=LogNormal|1.000000|0.500000|LogNormal|alpha=0p64|ec=1p53|slope=1p2|lag=4|decay=geometric",moloco,"{""kpi_type"": ""non_revenue"", ""kpi_type_effective"": ""revenue"", ""prior_design_mode"": ""roi"", ""prior_grid_type"": ""roi"", ""revenue_per_kpi"": 100.0, ""roi_prior_overrides"": {""amazon"": {""dist"": ""LogNormal"", ""mu"": 0.5, ""sigma"": 0.5}, ""beehiiv"": {""dist"": ""LogNormal"", ""mu"": 0.5, ""sigma"": 0.5}, ""liveintent"": {""dist"": ""LogNormal"", ""mu"": 0.5, ""sigma"": 0.5}, ""meta"": {""dist"": ""LogNormal"", ""mu"": 0.5, ""sigma"": 0.5}, ""moloco"": {""dist"": ""LogNormal"", ""mu"": 1.0, ""sigma"": 0.5}, ""tiktok"": {""dist"": ""LogNormal"", ""mu"": 0.5, ""sigma"": 0.5}}, ""run_mode"": ""roi_full"", ""structural_overrides"": {""adstock_decay_spec"": ""geometric"", ""alpha_m"": 0.64, ""ec_m"": 1.53, ""max_lag"": 4, ""slope_m"": 1.2}, ""sweep_type"": ""fixed_full_grid"", ""target_channel"": ""moloco"", ""two_layer_enabled"": false}",meta,REVIEW,REVIEW:PriorPosteriorShift,PriorPosteriorShift,beehiiv,0.6200743053123976,0.4226230383198708,0.1974512669925268,0.3184316223086353,0.64,1.53,1.2,4,geometric,prior_sweep,roi_full,roi,non_revenue,revenue,__revenue_equiv__,100.0,moloco,fixed_full_grid,False,roi,roi,Revenue-equivalent ROI,1.0,0.5,LogNormal,target_channels,moloco,configured,,,,upload_1bc112d58beb_monthly_mocha,/Users/jasper/Documents/Intern/BlueAlpha/capstone-Blue_Alpha_1/backend/storage/uploads/upload_1bc112d58beb_monthly_mocha.csv,1.0,0.5,LogNormal,0.4861901734527795,0.1053347028791904,0.4240260720252991,1.5302040576934814,0.3807158496405617,0.0882634848356247,0.3088132739067077,1.1703018903732294,0.738565241550368,0.5,0.5,LogNormal,0.0744183077448675,0.0837136724406727,840158.1265220001,520960.46665569465,355070.1800998581,-165890.28655583656,165890.28655583656,100.0,52096046.66556946,35507018.00998581,-16589028.65558365,16589028.65558365
"multi|amazon,beehiiv,liveintent,meta,moloco,tiktok|pmode=roi|rpk=100.0|target=moloco|mu=1.000000|sigma=0.500000|dist=LogNormal|1.000000|0.500000|LogNormal|alpha=0p64|ec=1p53|slope=1p2|lag=4|decay=geometric",moloco,"{""kpi_type"": ""non_revenue"", ""kpi_type_effective"": ""revenue"", ""prior_design_mode"": ""roi"", ""prior_grid_type"": ""roi"", ""revenue_per_kpi"": 100.0, ""roi_prior_overrides"": {""amazon"": {""dist"": ""LogNormal"", ""mu"": 0.5, ""sigma"": 0.5}, ""beehiiv"": {""dist"": ""LogNormal"", ""mu"": 0.5, ""sigma"": 0.5}, ""liveintent"": {""dist"": ""LogNormal"", ""mu"": 0.5, ""sigma"": 0.5}, ""meta"": {""dist"": ""LogNormal"", ""mu"": 0.5, ""sigma"": 0.5}, ""moloco"": {""dist"": ""LogNormal"", ""mu"": 1.0, ""sigma"": 0.5}, ""tiktok"": {""dist"": ""LogNormal"", ""mu"": 0.5, ""sigma"": 0.5}}, ""run_mode"": ""roi_full"", ""structural_overrides"": {""adstock_decay_spec"": ""geometric"", ""alpha_m"": 0.64, ""ec_m"": 1.53, ""max_lag"": 4, ""slope_m"": 1.2}, ""sweep_type"": ""fixed_full_grid"", ""target_channel"": ""moloco"", ""two_layer_enabled"": false}",moloco,REVIEW,REVIEW:PriorPosteriorShift,PriorPosteriorShift,beehiiv,0.6339402654984345,1.0533071208993594,0.4193668554009249,0.661524244829595,0.64,1.53,1.2,4,geometric,prior_sweep,roi_full,roi,non_revenue,revenue,__revenue_equiv__,100.0,moloco,fixed_full_grid,False,roi,roi,Revenue-equivalent ROI,1.0,0.5,LogNormal,target_channels,moloco,configured,,,,upload_1bc112d58beb_monthly_mocha,/Users/jasper/Documents/Intern/BlueAlpha/capstone-Blue_Alpha_1/backend/storage/uploads/upload_1bc112d58beb_monthly_mocha.csv,1.0,0.5,LogNormal,0.5400197894281911,0.1072283249348402,0.4539413452148437,1.7795422077178955,0.5137720516903017,0.4536613047122955,0.9534347653388976,2.030977094173431,0.6892172846095577,1.0,0.5,LogNormal,0.0064351510080405,0.0437844048001289,842234.6095886,533926.4320145674,887131.7117475643,353205.27973299683,353205.27973299683,100.0,53392643.20145674,88713171.17475642,35320527.97329968,35320527.97329968
"multi|amazon,beehiiv,liveintent,meta,moloco,tiktok|pmode=roi|rpk=100.0|target=moloco|mu=1.000000|sigma=0.500000|dist=LogNormal|1.000000|0.500000|LogNormal|alpha=0p64|ec=1p53|slope=1p2|lag=4|decay=geometric",moloco,"{""kpi_type"": ""non_revenue"", ""kpi_type_effective"": ""revenue"", ""prior_design_mode"": ""roi"", ""prior_grid_type"": ""roi"", ""revenue_per_kpi"": 100.0, ""roi_prior_overrides"": {""amazon"": {""dist"": ""LogNormal"", ""mu"": 0.5, ""sigma"": 0.5}, ""beehiiv"": {""dist"": ""LogNormal"", ""mu"": 0.5, ""sigma"": 0.5}, ""liveintent"": {""dist"": ""LogNormal"", ""mu"": 0.5, ""sigma"": 0.5}, ""meta"": {""dist"": ""LogNormal"", ""mu"": 0.5, ""sigma"": 0.5}, ""moloco"": {""dist"": ""LogNormal"", ""mu"": 1.0, ""sigma"": 0.5}, ""tiktok"": {""dist"": ""LogNormal"", ""mu"": 0.5, ""sigma"": 0.5}}, ""run_mode"": ""roi_full"", ""structural_overrides"": {""adstock_decay_spec"": ""geometric"", ""alpha_m"": 0.64, ""ec_m"": 1.53, ""max_lag"": 4, ""slope_m"": 1.2}, ""sweep_type"": ""fixed_full_grid"", ""target_channel"": ""moloco"", ""two_layer_enabled"": false}",snapchat,REVIEW,REVIEW:PriorPosteriorShift,PriorPosteriorShift,beehiiv,0.8269837570687135,0.433430566174599,0.3935531908941145,0.4758898678845689,0.64,1.53,1.2,4,geometric,prior_sweep,roi_full,roi,non_revenue,revenue,__revenue_equiv__,100.0,moloco,fixed_full_grid,False,roi,roi,Revenue-equivalent ROI,1.0,0.5,LogNormal,target_channels,moloco,configured,,,,upload_1bc112d58beb_monthly_mocha,/Users/jasper/Documents/Intern/BlueAlpha/capstone-Blue_Alpha_1/backend/storage/uploads/upload_1bc112d58beb_monthly_mocha.csv,1.0,0.5,LogNormal,0.8713437341396965,0.0716421011835336,0.4354811757802963,2.750908374786377,0.4255773995527748,0.0485396698117256,0.2952672988176346,1.300659722089767,0.45479272263766163,0.4,0.5,LogNormal,0.0256287158890309,0.0508746433169967,4342436.908989999,3591124.789830401,1882144.888041011,-1708979.90178939,1708979.90178939,100.0,359112478.9830401,188214488.8041011,-170897990.17893898,170897990.17893898
"multi|amazon,beehiiv,liveintent,meta,moloco,tiktok|pmode=roi|rpk=100.0|target=moloco|mu=1.000000|sigma=0.500000|dist=LogNormal|1.000000|0.500000|LogNormal|alpha=0p64|ec=1p53|slope=1p2|lag=4|decay=geometric",moloco,"{""kpi_type"": ""non_revenue"", ""kpi_type_effective"": ""revenue"", ""prior_design_mode"": ""roi"", ""prior_grid_type"": ""roi"", ""revenue_per_kpi"": 100.0, ""roi_prior_overrides"": {""amazon"": {""dist"": ""LogNormal"", ""mu"": 0.5, ""sigma"": 0.5}, ""beehiiv"": {""dist"": ""LogNormal"", ""mu"": 0.5, ""sigma"": 0.5}, ""liveintent"": {""dist"": ""LogNormal"", ""mu"": 0.5, ""sigma"": 0.5}, ""meta"": {""dist"": ""LogNormal"", ""mu"": 0.5, ""sigma"": 0.5}, ""moloco"": {""dist"": ""LogNormal"", ""mu"": 1.0, ""sigma"": 0.5}, ""tiktok"": {""dist"": ""LogNormal"", ""mu"": 0.5, ""sigma"": 0.5}}, ""run_mode"": ""roi_full"", ""structural_overrides"": {""adstock_decay_spec"": ""geometric"", ""alpha_m"": 0.64, ""ec_m"": 1.53, ""max_lag"": 4, ""slope_m"": 1.2}, ""sweep_type"": ""fixed_full_grid"", ""target_channel"": ""moloco"", ""two_layer_enabled"": false}",tiktok,REVIEW,REVIEW:PriorPosteriorShift,PriorPosteriorShift,beehiiv,0.464742603781633,0.4790102502098307,0.014267646428197667,0.030700104341846668,0.64,1.53,1.2,4,geometric,prior_sweep,roi_full,roi,non_revenue,revenue,__revenue_equiv__,100.0,moloco,fixed_full_grid,False,roi,roi,Revenue-equivalent ROI,1.0,0.5,LogNormal,target_channels,moloco,configured,,,,upload_1bc112d58beb_monthly_mocha,/Users/jasper/Documents/Intern/BlueAlpha/capstone-Blue_Alpha_1/backend/storage/uploads/upload_1bc112d58beb_monthly_mocha.csv,1.0,0.5,LogNormal,0.4119649280983944,0.0886418987065553,0.3509712815284729,1.194995081424713,0.4224839830472924,0.0938864864408969,0.3547510206699371,1.309356713294982,0.9020195231718093,0.5,0.5,LogNormal,0.0263231333463178,0.0389477609472331,1752685.0091300001,814547.3947521115,839554.0847623807,25006.690010269172,25006.690010269172,100.0,81454739.47521116,83955408.47623807,2500669.0010269135,2500669.0010269135
"multi|amazon,beehiiv,liveintent,meta,moloco,tiktok|pmode=roi|rpk=100.0|target=moloco|mu=1.000000|sigma=1.000000|dist=LogNormal|1.000000|1.000000|LogNormal|alpha=0p64|ec=1p53|slope=1p2|lag=4|decay=geometric",moloco,"{""kpi_type"": ""non_revenue"", ""kpi_type_effective"": ""revenue"", ""prior_design_mode"": ""roi"", ""prior_grid_type"": ""roi"", ""revenue_per_kpi"": 100.0, ""roi_prior_overrides"": {""amazon"": {""dist"": ""LogNormal"", ""mu"": 0.5, ""sigma"": 0.5}, ""beehiiv"": {""dist"": ""LogNormal"", ""mu"": 0.5, ""sigma"": 0.5}, ""liveintent"": {""dist"": ""LogNormal"", ""mu"": 0.5, ""sigma"": 0.5}, ""meta"": {""dist"": ""LogNormal"", ""mu"": 0.5, ""sigma"": 0.5}, ""moloco"": {""dist"": ""LogNormal"", ""mu"": 1.0, ""sigma"": 1.0}, ""tiktok"": {""dist"": ""LogNormal"", ""mu"": 0.5, ""sigma"": 0.5}}, ""run_mode"": ""roi_full"", ""structural_overrides"": {""adstock_decay_spec"": ""geometric"", ""alpha_m"": 0.64, ""ec_m"": 1.53, ""max_lag"": 4, ""slope_m"": 1.2}, ""sweep_type"": ""fixed_full_grid"", ""target_channel"": ""moloco"", ""two_layer_enabled"": false}",amazon,REVIEW,REVIEW:PriorPosteriorShift,PriorPosteriorShift,"amazon,beehiiv",0.6377680289559067,0.5062057346726457,0.13156229428326094,0.20628549615232716,0.64,1.53,1.2,4,geometric,prior_sweep,roi_full,roi,non_revenue,revenue,__revenue_equiv__,100.0,moloco,fixed_full_grid,False,roi,roi,Revenue-equivalent ROI,1.0,1.0,LogNormal,target_channels,moloco,configured,,,,upload_1bc112d58beb_monthly_mocha,/Users/jasper/Documents/Intern/BlueAlpha/capstone-Blue_Alpha_1/backend/storage/uploads/upload_1bc112d58beb_monthly_mocha.csv,1.0,1.0,LogNormal,0.6114372134697085,0.0995406173169612,0.4413366019725799,2.029905021190642,0.5167125071764412,0.0905659034848213,0.3426701426506042,1.5489771485328672,0.7473868381155253,0.5,0.5,LogNormal,0.0011821099761887,0.0329777126029456,15740.258094,10038.633379867637,7967.808912410329,-2070.824467457308,2070.824467457308,100.0,1003863.3379867637,796780.8912410329,-207082.44674573082,207082.44674573082
"multi|amazon,beehiiv,liveintent,meta,moloco,tiktok|pmode=roi|rpk=100.0|target=moloco|mu=1.000000|sigma=1.000000|dist=LogNormal|1.000000|1.000000|LogNormal|alpha=0p64|ec=1p53|slope=1p2|lag=4|decay=geometric",moloco,"{""kpi_type"": ""non_revenue"", ""kpi_type_effective"": ""revenue"", ""prior_design_mode"": ""roi"", ""prior_grid_type"": ""roi"", ""revenue_per_kpi"": 100.0, ""roi_prior_overrides"": {""amazon"": {""dist"": ""LogNormal"", ""mu"": 0.5, ""sigma"": 0.5}, ""beehiiv"": {""dist"": ""LogNormal"", ""mu"": 0.5, ""sigma"": 0.5}, ""liveintent"": {""dist"": ""LogNormal"", ""mu"": 0.5, ""sigma"": 0.5}, ""meta"": {""dist"": ""LogNormal"", ""mu"": 0.5, ""sigma"": 0.5}, ""moloco"": {""dist"": ""LogNormal"", ""mu"": 1.0, ""sigma"": 1.0}, ""tiktok"": {""dist"": ""LogNormal"", ""mu"": 0.5, ""sigma"": 0.5}}, ""run_mode"": ""roi_full"", ""structural_overrides"": {""adstock_decay_spec"": ""geometric"", ""alpha_m"": 0.64, ""ec_m"": 1.53, ""max_lag"": 4, ""slope_m"": 1.2}, ""sweep_type"": ""fixed_full_grid"", ""target_channel"": ""moloco"", ""two_layer_enabled"": false}",beehiiv,REVIEW,REVIEW:PriorPosteriorShift,PriorPosteriorShift,"amazon,beehiiv",0.762659886876742,0.5105402721744031,0.2521196147023389,0.33057935659212856,0.64,1.53,1.2,4,geometric,prior_sweep,roi_full,roi,non_revenue,revenue,__revenue_equiv__,100.0,moloco,fixed_full_grid,False,roi,roi,Revenue-equivalent ROI,1.0,1.0,LogNormal,target_channels,moloco,configured,,,,upload_1bc112d58beb_monthly_mocha,/Users/jasper/Documents/Intern/BlueAlpha/capstone-Blue_Alpha_1/backend/storage/uploads/upload_1bc112d58beb_monthly_mocha.csv,1.0,1.0,LogNormal,0.8561781928458713,0.1083850640803575,0.4253711998462677,2.5097618103027344,0.5377940865444369,0.0909013640135526,0.3522880971431732,1.5216023921966533,0.5842492196208916,0.5,0.5,LogNormal,0.0057995040079216,0.0191277757575383,328172.2732613,250283.82880154633,167545.1617109167,-82738.66709062963,82738.66709062963,100.0,25028382.880154632,16754516.17109167,-8273866.709062962,8273866.709062962
"multi|amazon,beehiiv,liveintent,meta,moloco,tiktok|pmode=roi|rpk=100.0|target=moloco|mu=1.000000|sigma=1.000000|dist=LogNormal|1.000000|1.000000|LogNormal|alpha=0p64|ec=1p53|slope=1p2|lag=4|decay=geometric",moloco,"{""kpi_type"": ""non_revenue"", ""kpi_type_effective"": ""revenue"", ""prior_design_mode"": ""roi"", ""prior_grid_type"": ""roi"", ""revenue_per_kpi"": 100.0, ""roi_prior_overrides"": {""amazon"": {""dist"": ""LogNormal"", ""mu"": 0.5, ""sigma"": 0.5}, ""beehiiv"": {""dist"": ""LogNormal"", ""mu"": 0.5, ""sigma"": 0.5}, ""liveintent"": {""dist"": ""LogNormal"", ""mu"": 0.5, ""sigma"": 0.5}, ""meta"": {""dist"": ""LogNormal"", ""mu"": 0.5, ""sigma"": 0.5}, ""moloco"": {""dist"": ""LogNormal"", ""mu"": 1.0, ""sigma"": 1.0}, ""tiktok"": {""dist"": ""LogNormal"", ""mu"": 0.5, ""sigma"": 0.5}}, ""run_mode"": ""roi_full"", ""structural_overrides"": {""adstock_decay_spec"": ""geometric"", ""alpha_m"": 0.64, ""ec_m"": 1.53, ""max_lag"": 4, ""slope_m"": 1.2}, ""sweep_type"": ""fixed_full_grid"", ""target_channel"": ""moloco"", ""two_layer_enabled"": false}",google,REVIEW,REVIEW:PriorPosteriorShift,PriorPosteriorShift,"amazon,beehiiv",0.5177610162024696,0.2612662127218209,0.25649480348064874,0.49539226680663584,0.64,1.53,1.2,4,geometric,prior_sweep,roi_full,roi,non_revenue,revenue,__revenue_equiv__,100.0,moloco,fixed_full_grid,False,roi,roi,Revenue-equivalent ROI,1.0,1.0,LogNormal,target_channels,moloco,configured,,,,upload_1bc112d58beb_monthly_mocha,/Users/jasper/Documents/Intern/BlueAlpha/capstone-Blue_Alpha_1/backend/storage/uploads/upload_1bc112d58beb_monthly_mocha.csv,1.0,1.0,LogNormal,0.4950598479489236,0.0569363014772534,0.2887331247329712,1.5954086780548096,0.2014830057964563,0.0491666372865438,0.2079594805836677,0.7129200249910354,0.4242438804650855,0.4,0.5,LogNormal,0.5285879897859123,0.1329939827398093,10298543.94665,5332184.579223297,2690661.5734904795,-2641523.005732817,2641523.005732817,100.0,533218457.92232966,269066157.34904796,-264152300.5732817,264152300.5732817
"multi|amazon,beehiiv,liveintent,meta,moloco,tiktok|pmode=roi|rpk=100.0|target=moloco|mu=1.000000|sigma=1.000000|dist=LogNormal|1.000000|1.000000|LogNormal|alpha=0p64|ec=1p53|slope=1p2|lag=4|decay=geometric",moloco,"{""kpi_type"": ""non_revenue"", ""kpi_type_effective"": ""revenue"", ""prior_design_mode"": ""roi"", ""prior_grid_type"": ""roi"", ""revenue_per_kpi"": 100.0, ""roi_prior_overrides"": {""amazon"": {""dist"": ""LogNormal"", ""mu"": 0.5, ""sigma"": 0.5}, ""beehiiv"": {""dist"": ""LogNormal"", ""mu"": 0.5, ""sigma"": 0.5}, ""liveintent"": {""dist"": ""LogNormal"", ""mu"": 0.5, ""sigma"": 0.5}, ""meta"": {""dist"": ""LogNormal"", ""mu"": 0.5, ""sigma"": 0.5}, ""moloco"": {""dist"": ""LogNormal"", ""mu"": 1.0, ""sigma"": 1.0}, ""tiktok"": {""dist"": ""LogNormal"", ""mu"": 0.5, ""sigma"": 0.5}}, ""run_mode"": ""roi_full"", ""structural_overrides"": {""adstock_decay_spec"": ""geometric"", ""alpha_m"": 0.64, ""ec_m"": 1.53, ""max_lag"": 4, ""slope_m"": 1.2}, ""sweep_type"": ""fixed_full_grid"", ""target_channel"": ""moloco"", ""two_layer_enabled"": false}",liveintent,REVIEW,REVIEW:PriorPosteriorShift,PriorPosteriorShift,"amazon,beehiiv",0.5128150204243138,0.5201373069283242,0.007322286504010345,0.014278611609214842,0.64,1.53,1.2,4,geometric,prior_sweep,roi_full,roi,non_revenue,revenue,__revenue_equiv__,100.0,moloco,fixed_full_grid,False,roi,roi,Revenue-equivalent ROI,1.0,1.0,LogNormal,target_channels,moloco,configured,,,,upload_1bc112d58beb_monthly_mocha,/Users/jasper/Documents/Intern/BlueAlpha/capstone-Blue_Alpha_1/backend/storage/uploads/upload_1bc112d58beb_monthly_mocha.csv,1.0,1.0,LogNormal,0.477736227784908,0.0928924188017845,0.3985480219125747,1.2810815036296836,0.5195719485337972,0.0910161234438419,0.3594433665275574,1.5180923223495464,0.8326038131243543,0.5,0.5,LogNormal,0.0023238434056535,0.0168282926526376,797987.173079,409219.8084608478,415062.89916865755,5843.0907078097225,5843.0907078097225,100.0,40921980.84608478,41506289.91686575,584309.0707809702,584309.0707809702
"multi|amazon,beehiiv,liveintent,meta,moloco,tiktok|pmode=roi|rpk=100.0|target=moloco|mu=1.000000|sigma=1.000000|dist=LogNormal|1.000000|1.000000|LogNormal|alpha=0p64|ec=1p53|slope=1p2|lag=4|decay=geometric",moloco,"{""kpi_type"": ""non_revenue"", ""kpi_type_effective"": ""revenue"", ""prior_design_mode"": ""roi"", ""prior_grid_type"": ""roi"", ""revenue_per_kpi"": 100.0, ""roi_prior_overrides"": {""amazon"": {""dist"": ""LogNormal"", ""mu"": 0.5, ""sigma"": 0.5}, ""beehiiv"": {""dist"": ""LogNormal"", ""mu"": 0.5, ""sigma"": 0.5}, ""liveintent"": {""dist"": ""LogNormal"", ""mu"": 0.5, ""sigma"": 0.5}, ""meta"": {""dist"": ""LogNormal"", ""mu"": 0.5, ""sigma"": 0.5}, ""moloco"": {""dist"": ""LogNormal"", ""mu"": 1.0, ""sigma"": 1.0}, ""tiktok"": {""dist"": ""LogNormal"", ""mu"": 0.5, ""sigma"": 0.5}}, ""run_mode"": ""roi_full"", ""structural_overrides"": {""adstock_decay_spec"": ""geometric"", ""alpha_m"": 0.64, ""ec_m"": 1.53, ""max_lag"": 4, ""slope_m"": 1.2}, ""sweep_type"": ""fixed_full_grid"", ""target_channel"": ""moloco"", ""two_layer_enabled"": false}",meta,REVIEW,REVIEW:PriorPosteriorShift,PriorPosteriorShift,"amazon,beehiiv",0.6200743053123976,0.4195356259712328,0.20053867934116482,0.3234107229134935,0.64,1.53,1.2,4,geometric,prior_sweep,roi_full,roi,non_revenue,revenue,__revenue_equiv__,100.0,moloco,fixed_full_grid,False,roi,roi,Revenue-equivalent ROI,1.0,1.0,LogNormal,target_channels,moloco,configured,,,,upload_1bc112d58beb_monthly_mocha,/Users/jasper/Documents/Intern/BlueAlpha/capstone-Blue_Alpha_1/backend/storage/uploads/upload_1bc112d58beb_monthly_mocha.csv,1.0,1.0,LogNormal,0.4861901734527795,0.1053347028791904,0.4240260720252991,1.5302040576934814,0.3544877434734571,0.0944876879453659,0.3109096735715866,1.1762291789054868,0.7458955672520304,0.5,0.5,LogNormal,0.1082064786920269,0.0867193801856914,840158.1265220001,520960.46665569465,352476.2655252255,-168484.20113046916,168484.20113046916,100.0,52096046.66556946,35247626.55252255,-16848420.113046914,16848420.113046914
"multi|amazon,beehiiv,liveintent,meta,moloco,tiktok|pmode=roi|rpk=100.0|target=moloco|mu=1.000000|sigma=1.000000|dist=LogNormal|1.000000|1.000000|LogNormal|alpha=0p64|ec=1p53|slope=1p2|lag=4|decay=geometric",moloco,"{""kpi_type"": ""non_revenue"", ""kpi_type_effective"": ""revenue"", ""prior_design_mode"": ""roi"", ""prior_grid_type"": ""roi"", ""revenue_per_kpi"": 100.0, ""roi_prior_overrides"": {""amazon"": {""dist"": ""LogNormal"", ""mu"": 0.5, ""sigma"": 0.5}, ""beehiiv"": {""dist"": ""LogNormal"", ""mu"": 0.5, ""sigma"": 0.5}, ""liveintent"": {""dist"": ""LogNormal"", ""mu"": 0.5, ""sigma"": 0.5}, ""meta"": {""dist"": ""LogNormal"", ""mu"": 0.5, ""sigma"": 0.5}, ""moloco"": {""dist"": ""LogNormal"", ""mu"": 1.0, ""sigma"": 1.0}, ""tiktok"": {""dist"": ""LogNormal"", ""mu"": 0.5, ""sigma"": 0.5}}, ""run_mode"": ""roi_full"", ""structural_overrides"": {""adstock_decay_spec"": ""geometric"", ""alpha_m"": 0.64, ""ec_m"": 1.53, ""max_lag"": 4, ""slope_m"": 1.2}, ""sweep_type"": ""fixed_full_grid"", ""target_channel"": ""moloco"", ""two_layer_enabled"": false}",moloco,REVIEW,REVIEW:PriorPosteriorShift,PriorPosteriorShift,"amazon,beehiiv",0.6339402654984345,1.1911794117682923,0.5572391462698578,0.8790089170810589,0.64,1.53,1.2,4,geometric,prior_sweep,roi_full,roi,non_revenue,revenue,__revenue_equiv__,100.0,moloco,fixed_full_grid,False,roi,roi,Revenue-equivalent ROI,1.0,1.0,LogNormal,target_channels,moloco,configured,,,,upload_1bc112d58beb_monthly_mocha,/Users/jasper/Documents/Intern/BlueAlpha/capstone-Blue_Alpha_1/backend/storage/uploads/upload_1bc112d58beb_monthly_mocha.csv,1.0,1.0,LogNormal,0.5400197894281911,0.1072283249348402,0.4539413452148437,1.7795422077178955,1.1228388381428007,0.2076571680605411,0.8279136121273041,3.3376097559928883,0.48659425309490906,1.0,1.0,LogNormal,0.0327981566184953,0.1747213865896533,842234.6095886,533926.4320145674,1003252.5268206459,469326.0948060785,469326.0948060785,100.0,53392643.20145674,100325252.6820646,46932609.48060785,46932609.48060785
"multi|amazon,beehiiv,liveintent,meta,moloco,tiktok|pmode=roi|rpk=100.0|target=moloco|mu=1.000000|sigma=1.000000|dist=LogNormal|1.000000|1.000000|LogNormal|alpha=0p64|ec=1p53|slope=1p2|lag=4|decay=geometric",moloco,"{""kpi_type"": ""non_revenue"", ""kpi_type_effective"": ""revenue"", ""prior_design_mode"": ""roi"", ""prior_grid_type"": ""roi"", ""revenue_per_kpi"": 100.0, ""roi_prior_overrides"": {""amazon"": {""dist"": ""LogNormal"", ""mu"": 0.5, ""sigma"": 0.5}, ""beehiiv"": {""dist"": ""LogNormal"", ""mu"": 0.5, ""sigma"": 0.5}, ""liveintent"": {""dist"": ""LogNormal"", ""mu"": 0.5, ""sigma"": 0.5}, ""meta"": {""dist"": ""LogNormal"", ""mu"": 0.5, ""sigma"": 0.5}, ""moloco"": {""dist"": ""LogNormal"", ""mu"": 1.0, ""sigma"": 1.0}, ""tiktok"": {""dist"": ""LogNormal"", ""mu"": 0.5, ""sigma"": 0.5}}, ""run_mode"": ""roi_full"", ""structural_overrides"": {""adstock_decay_spec"": ""geometric"", ""alpha_m"": 0.64, ""ec_m"": 1.53, ""max_lag"": 4, ""slope_m"": 1.2}, ""sweep_type"": ""fixed_full_grid"", ""target_channel"": ""moloco"", ""two_layer_enabled"": false}",snapchat,REVIEW,REVIEW:PriorPosteriorShift,PriorPosteriorShift,"amazon,beehiiv",0.8269837570687135,0.3907314093861108,0.43625234768260274,0.5275222686705742,0.64,1.53,1.2,4,geometric,prior_sweep,roi_full,roi,non_revenue,revenue,__revenue_equiv__,100.0,moloco,fixed_full_grid,False,roi,roi,Revenue-equivalent ROI,1.0,1.0,LogNormal,target_channels,moloco,configured,,,,upload_1bc112d58beb_monthly_mocha,/Users/jasper/Documents/Intern/BlueAlpha/capstone-Blue_Alpha_1/backend/storage/uploads/upload_1bc112d58beb_monthly_mocha.csv,1.0,1.0,LogNormal,0.8713437341396965,0.0716421011835336,0.4354811757802963,2.750908374786377,0.3598157923713755,0.0571098301559686,0.2816908359527588,1.1024922788143157,0.38267530424114016,0.4,0.5,LogNormal,0.08812250820985,0.0322260674261052,4342436.908989999,3591124.789830401,1696726.493619929,-1894398.296210472,1894398.296210472,100.0,359112478.9830401,169672649.3619929,-189439829.6210472,189439829.6210472
"multi|amazon,beehiiv,liveintent,meta,moloco,tiktok|pmode=roi|rpk=100.0|target=moloco|mu=1.000000|sigma=1.000000|dist=LogNormal|1.000000|1.000000|LogNormal|alpha=0p64|ec=1p53|slope=1p2|lag=4|decay=geometric",moloco,"{""kpi_type"": ""non_revenue"", ""kpi_type_effective"": ""revenue"", ""prior_design_mode"": ""roi"", ""prior_grid_type"": ""roi"", ""revenue_per_kpi"": 100.0, ""roi_prior_overrides"": {""amazon"": {""dist"": ""LogNormal"", ""mu"": 0.5, ""sigma"": 0.5}, ""beehiiv"": {""dist"": ""LogNormal"", ""mu"": 0.5, ""sigma"": 0.5}, ""liveintent"": {""dist"": ""LogNormal"", ""mu"": 0.5, ""sigma"": 0.5}, ""meta"": {""dist"": ""LogNormal"", ""mu"": 0.5, ""sigma"": 0.5}, ""moloco"": {""dist"": ""LogNormal"", ""mu"": 1.0, ""sigma"": 1.0}, ""tiktok"": {""dist"": ""LogNormal"", ""mu"": 0.5, ""sigma"": 0.5}}, ""run_mode"": ""roi_full"", ""structural_overrides"": {""adstock_decay_spec"": ""geometric"", ""alpha_m"": 0.64, ""ec_m"": 1.53, ""max_lag"": 4, ""slope_m"": 1.2}, ""sweep_type"": ""fixed_full_grid"", ""target_channel"": ""moloco"", ""two_layer_enabled"": false}",tiktok,REVIEW,REVIEW:PriorPosteriorShift,PriorPosteriorShift,"amazon,beehiiv",0.464742603781633,0.4735738045613591,0.0088312007797261,0.019002348198478458,0.64,1.53,1.2,4,geometric,prior_sweep,roi_full,roi,non_revenue,revenue,__revenue_equiv__,100.0,moloco,fixed_full_grid,False,roi,roi,Revenue-equivalent ROI,1.0,1.0,LogNormal,target_channels,moloco,configured,,,,upload_1bc112d58beb_monthly_mocha,/Users/jasper/Documents/Intern/BlueAlpha/capstone-Blue_Alpha_1/backend/storage/uploads/upload_1bc112d58beb_monthly_mocha.csv,1.0,1.0,LogNormal,0.4119649280983944,0.0886418987065553,0.3509712815284729,1.194995081424713,0.4692444761740951,0.0843152336776256,0.3414801955223083,1.356929087638855,0.8693549730536433,0.5,0.5,LogNormal,0.0052616390809349,0.0485057159447146,1752685.0091300001,814547.3947521115,830025.7079713546,15478.313219243078,15478.313219243078,100.0,81454739.47521116,83002570.79713546,1547831.321924299,1547831.321924299
"multi|amazon,beehiiv,liveintent,meta,moloco,tiktok|pmode=roi|rpk=100.0|target=moloco|mu=1.500000|sigma=0.500000|dist=LogNormal|1.500000|0.500000|LogNormal|alpha=0p64|ec=1p53|slope=1p2|lag=4|decay=geometric",moloco,"{""kpi_type"": ""non_revenue"", ""kpi_type_effective"": ""revenue"", ""prior_design_mode"": ""roi"", ""prior_grid_type"": ""roi"", ""revenue_per_kpi"": 100.0, ""roi_prior_overrides"": {""amazon"": {""dist"": ""LogNormal"", ""mu"": 0.5, ""sigma"": 0.5}, ""beehiiv"": {""dist"": ""LogNormal"", ""mu"": 0.5, ""sigma"": 0.5}, ""liveintent"": {""dist"": ""LogNormal"", ""mu"": 0.5, ""sigma"": 0.5}, ""meta"": {""dist"": ""LogNormal"", ""mu"": 0.5, ""sigma"": 0.5}, ""moloco"": {""dist"": ""LogNormal"", ""mu"": 1.5, ""sigma"": 0.5}, ""tiktok"": {""dist"": ""LogNormal"", ""mu"": 0.5, ""sigma"": 0.5}}, ""run_mode"": ""roi_full"", ""structural_overrides"": {""adstock_decay_spec"": ""geometric"", ""alpha_m"": 0.64, ""ec_m"": 1.53, ""max_lag"": 4, ""slope_m"": 1.2}, ""sweep_type"": ""fixed_full_grid"", ""target_channel"": ""moloco"", ""two_layer_enabled"": false}",amazon,REVIEW,REVIEW:PriorPosteriorShift,PriorPosteriorShift,liveintent,0.6377680289559067,0.5052746292886635,0.13249339966724316,0.20774543980222526,0.64,1.53,1.2,4,geometric,prior_sweep,roi_full,roi,non_revenue,revenue,__revenue_equiv__,100.0,moloco,fixed_full_grid,False,roi,roi,Revenue-equivalent ROI,1.5,0.5,LogNormal,target_channels,moloco,configured,,,,upload_1bc112d58beb_monthly_mocha,/Users/jasper/Documents/Intern/BlueAlpha/capstone-Blue_Alpha_1/backend/storage/uploads/upload_1bc112d58beb_monthly_mocha.csv,1.5,0.5,LogNormal,0.6114372134697085,0.0995406173169612,0.4413366019725799,2.029905021190642,0.4986284366501326,0.0977708838880062,0.3576098084449768,1.4554731845855713,0.7017797269301217,0.5,0.5,LogNormal,6.317506698516606e-05,0.0288234586570005,15740.258094,10038.633379867637,7953.153073353736,-2085.4803065139013,2085.4803065139013,100.0,1003863.3379867637,795315.3073353736,-208548.0306513901,208548.0306513901
"multi|amazon,beehiiv,liveintent,meta,moloco,tiktok|pmode=roi|rpk=100.0|target=moloco|mu=1.500000|sigma=0.500000|dist=LogNormal|1.500000|0.500000|LogNormal|alpha=0p64|ec=1p53|slope=1p2|lag=4|decay=geometric",moloco,"{""kpi_type"": ""non_revenue"", ""kpi_type_effective"": ""revenue"", ""prior_design_mode"": ""roi"", ""prior_grid_type"": ""roi"", ""revenue_per_kpi"": 100.0, ""roi_prior_overrides"": {""amazon"": {""dist"": ""LogNormal"", ""mu"": 0.5, ""sigma"": 0.5}, ""beehiiv"": {""dist"": ""LogNormal"", ""mu"": 0.5, ""sigma"": 0.5}, ""liveintent"": {""dist"": ""LogNormal"", ""mu"": 0.5, ""sigma"": 0.5}, ""meta"": {""dist"": ""LogNormal"", ""mu"": 0.5, ""sigma"": 0.5}, ""moloco"": {""dist"": ""LogNormal"", ""mu"": 1.5, ""sigma"": 0.5}, ""tiktok"": {""dist"": ""LogNormal"", ""mu"": 0.5, ""sigma"": 0.5}}, ""run_mode"": ""roi_full"", ""structural_overrides"": {""adstock_decay_spec"": ""geometric"", ""alpha_m"": 0.64, ""ec_m"": 1.53, ""max_lag"": 4, ""slope_m"": 1.2}, ""sweep_type"": ""fixed_full_grid"", ""target_channel"": ""moloco"", ""two_layer_enabled"": false}",beehiiv,REVIEW,REVIEW:PriorPosteriorShift,PriorPosteriorShift,liveintent,0.762659886876742,0.5182985733294239,0.24436131354731816,0.3204066684928597,0.64,1.53,1.2,4,geometric,prior_sweep,roi_full,roi,non_revenue,revenue,__revenue_equiv__,100.0,moloco,fixed_full_grid,False,roi,roi,Revenue-equivalent ROI,1.5,0.5,LogNormal,target_channels,moloco,configured,,,,upload_1bc112d58beb_monthly_mocha,/Users/jasper/Documents/Intern/BlueAlpha/capstone-Blue_Alpha_1/backend/storage/uploads/upload_1bc112d58beb_monthly_mocha.csv,1.5,0.5,LogNormal,0.8561781928458713,0.1083850640803575,0.4253711998462677,2.5097618103027344,0.5387293147848137,0.0915113355964422,0.3711154162883758,1.4607176423072814,0.5592193994673654,0.5,0.5,LogNormal,0.0065230773611213,0.022851892825518,328172.2732613,250283.82880154633,170091.22103760563,-80192.6077639407,80192.6077639407,100.0,25028382.880154632,17009122.103760563,-8019260.776394069,8019260.776394069
"multi|amazon,beehiiv,liveintent,meta,moloco,tiktok|pmode=roi|rpk=100.0|target=moloco|mu=1.500000|sigma=0.500000|dist=LogNormal|1.500000|0.500000|LogNormal|alpha=0p64|ec=1p53|slope=1p2|lag=4|decay=geometric",moloco,"{""kpi_type"": ""non_revenue"", ""kpi_type_effective"": ""revenue"", ""prior_design_mode"": ""roi"", ""prior_grid_type"": ""roi"", ""revenue_per_kpi"": 100.0, ""roi_prior_overrides"": {""amazon"": {""dist"": ""LogNormal"", ""mu"": 0.5, ""sigma"": 0.5}, ""beehiiv"": {""dist"": ""LogNormal"", ""mu"": 0.5, ""sigma"": 0.5}, ""liveintent"": {""dist"": ""LogNormal"", ""mu"": 0.5, ""sigma"": 0.5}, ""meta"": {""dist"": ""LogNormal"", ""mu"": 0.5, ""sigma"": 0.5}, ""moloco"": {""dist"": ""LogNormal"", ""mu"": 1.5, ""sigma"": 0.5}, ""tiktok"": {""dist"": ""LogNormal"", ""mu"": 0.5, ""sigma"": 0.5}}, ""run_mode"": ""roi_full"", ""structural_overrides"": {""adstock_decay_spec"": ""geometric"", ""alpha_m"": 0.64, ""ec_m"": 1.53, ""max_lag"": 4, ""slope_m"": 1.2}, ""sweep_type"": ""fixed_full_grid"", ""target_channel"": ""moloco"", ""two_layer_enabled"": false}",google,REVIEW,REVIEW:PriorPosteriorShift,PriorPosteriorShift,liveintent,0.5177610162024696,0.2773788913805037,0.24038212482196591,0.4642723521076466,0.64,1.53,1.2,4,geometric,prior_sweep,roi_full,roi,non_revenue,revenue,__revenue_equiv__,100.0,moloco,fixed_full_grid,False,roi,roi,Revenue-equivalent ROI,1.5,0.5,LogNormal,target_channels,moloco,configured,,,,upload_1bc112d58beb_monthly_mocha,/Users/jasper/Documents/Intern/BlueAlpha/capstone-Blue_Alpha_1/backend/storage/uploads/upload_1bc112d58beb_monthly_mocha.csv,1.5,0.5,LogNormal,0.4950598479489236,0.0569363014772534,0.2887331247329712,1.5954086780548096,0.2232638491021235,0.0494613755494356,0.2097563594579696,0.7527354240417475,0.4500794570661476,0.4,0.5,LogNormal,0.4360192117274907,0.1171076289080182,10298543.94665,5332184.579223297,2856598.702755174,-2475585.8764681225,2475585.8764681225,100.0,533218457.92232966,285659870.2755174,-247558587.64681226,247558587.64681226
"multi|amazon,beehiiv,liveintent,meta,moloco,tiktok|pmode=roi|rpk=100.0|target=moloco|mu=1.500000|sigma=0.500000|dist=LogNormal|1.500000|0.500000|LogNormal|alpha=0p64|ec=1p53|slope=1p2|lag=4|decay=geometric",moloco,"{""kpi_type"": ""non_revenue"", ""kpi_type_effective"": ""revenue"", ""prior_design_mode"": ""roi"", ""prior_grid_type"": ""roi"", ""revenue_per_kpi"": 100.0, ""roi_prior_overrides"": {""amazon"": {""dist"": ""LogNormal"", ""mu"": 0.5, ""sigma"": 0.5}, ""beehiiv"": {""dist"": ""LogNormal"", ""mu"": 0.5, ""sigma"": 0.5}, ""liveintent"": {""dist"": ""LogNormal"", ""mu"": 0.5, ""sigma"": 0.5}, ""meta"": {""dist"": ""LogNormal"", ""mu"": 0.5, ""sigma"": 0.5}, ""moloco"": {""dist"": ""LogNormal"", ""mu"": 1.5, ""sigma"": 0.5}, ""tiktok"": {""dist"": ""LogNormal"", ""mu"": 0.5, ""sigma"": 0.5}}, ""run_mode"": ""roi_full"", ""structural_overrides"": {""adstock_decay_spec"": ""geometric"", ""alpha_m"": 0.64, ""ec_m"": 1.53, ""max_lag"": 4, ""slope_m"": 1.2}, ""sweep_type"": ""fixed_full_grid"", ""target_channel"": ""moloco"", ""two_layer_enabled"": false}",liveintent,REVIEW,REVIEW:PriorPosteriorShift,PriorPosteriorShift,liveintent,0.5128150204243138,0.5053907359329363,0.007424284491377553,0.014477509814814993,0.64,1.53,1.2,4,geometric,prior_sweep,roi_full,roi,non_revenue,revenue,__revenue_equiv__,100.0,moloco,fixed_full_grid,False,roi,roi,Revenue-equivalent ROI,1.5,0.5,LogNormal,target_channels,moloco,configured,,,,upload_1bc112d58beb_monthly_mocha,/Users/jasper/Documents/Intern/BlueAlpha/capstone-Blue_Alpha_1/backend/storage/uploads/upload_1bc112d58beb_monthly_mocha.csv,1.5,0.5,LogNormal,0.477736227784908,0.0928924188017845,0.3985480219125747,1.2810815036296836,0.486694743438204,0.0883701380342245,0.3744750618934631,1.4257585644721984,0.8884397840891631,0.5,0.5,LogNormal,0.0007726487042846,0.0195989176812555,797987.173079,409219.8084608478,403295.32466743916,-5924.483793408668,5924.483793408668,100.0,40921980.84608478,40329532.466743916,-592448.3793408647,592448.3793408647
"multi|amazon,beehiiv,liveintent,meta,moloco,tiktok|pmode=roi|rpk=100.0|target=moloco|mu=1.500000|sigma=0.500000|dist=LogNormal|1.500000|0.500000|LogNormal|alpha=0p64|ec=1p53|slope=1p2|lag=4|decay=geometric",moloco,"{""kpi_type"": ""non_revenue"", ""kpi_type_effective"": ""revenue"", ""prior_design_mode"": ""roi"", ""prior_grid_type"": ""roi"", ""revenue_per_kpi"": 100.0, ""roi_prior_overrides"": {""amazon"": {""dist"": ""LogNormal"", ""mu"": 0.5, ""sigma"": 0.5}, ""beehiiv"": {""dist"": ""LogNormal"", ""mu"": 0.5, ""sigma"": 0.5}, ""liveintent"": {""dist"": ""LogNormal"", ""mu"": 0.5, ""sigma"": 0.5}, ""meta"": {""dist"": ""LogNormal"", ""mu"": 0.5, ""sigma"": 0.5}, ""moloco"": {""dist"": ""LogNormal"", ""mu"": 1.5, ""sigma"": 0.5}, ""tiktok"": {""dist"": ""LogNormal"", ""mu"": 0.5, ""sigma"": 0.5}}, ""run_mode"": ""roi_full"", ""structural_overrides"": {""adstock_decay_spec"": ""geometric"", ""alpha_m"": 0.64, ""ec_m"": 1.53, ""max_lag"": 4, ""slope_m"": 1.2}, ""sweep_type"": ""fixed_full_grid"", ""target_channel"": ""moloco"", ""two_layer_enabled"": false}",meta,REVIEW,REVIEW:PriorPosteriorShift,PriorPosteriorShift,liveintent,0.6200743053123976,0.4061975613997007,0.2138767439126969,0.344921152320518,0.64,1.53,1.2,4,geometric,prior_sweep,roi_full,roi,non_revenue,revenue,__revenue_equiv__,100.0,moloco,fixed_full_grid,False,roi,roi,Revenue-equivalent ROI,1.5,0.5,LogNormal,target_channels,moloco,configured,,,,upload_1bc112d58beb_monthly_mocha,/Users/jasper/Documents/Intern/BlueAlpha/capstone-Blue_Alpha_1/backend/storage/uploads/upload_1bc112d58beb_monthly_mocha.csv,1.5,0.5,LogNormal,0.4861901734527795,0.1053347028791904,0.4240260720252991,1.5302040576934814,0.3346550570668564,0.0881877452135086,0.3008557707071304,1.1035111665725703,0.6922088571777116,0.5,0.5,LogNormal,0.1430935868951817,0.1007103335352229,840158.1265220001,520960.46665569465,341270.1821833776,-179690.28447231703,179690.28447231703,100.0,52096046.66556946,34127018.21833776,-17969028.447231703,17969028.447231703
"multi|amazon,beehiiv,liveintent,meta,moloco,tiktok|pmode=roi|rpk=100.0|target=moloco|mu=1.500000|sigma=0.500000|dist=LogNormal|1.500000|0.500000|LogNormal|alpha=0p64|ec=1p53|slope=1p2|lag=4|decay=geometric",moloco,"{""kpi_type"": ""non_revenue"", ""kpi_type_effective"": ""revenue"", ""prior_design_mode"": ""roi"", ""prior_grid_type"": ""roi"", ""revenue_per_kpi"": 100.0, ""roi_prior_overrides"": {""amazon"": {""dist"": ""LogNormal"", ""mu"": 0.5, ""sigma"": 0.5}, ""beehiiv"": {""dist"": ""LogNormal"", ""mu"": 0.5, ""sigma"": 0.5}, ""liveintent"": {""dist"": ""LogNormal"", ""mu"": 0.5, ""sigma"": 0.5}, ""meta"": {""dist"": ""LogNormal"", ""mu"": 0.5, ""sigma"": 0.5}, ""moloco"": {""dist"": ""LogNormal"", ""mu"": 1.5, ""sigma"": 0.5}, ""tiktok"": {""dist"": ""LogNormal"", ""mu"": 0.5, ""sigma"": 0.5}}, ""run_mode"": ""roi_full"", ""structural_overrides"": {""adstock_decay_spec"": ""geometric"", ""alpha_m"": 0.64, ""ec_m"": 1.53, ""max_lag"": 4, ""slope_m"": 1.2}, ""sweep_type"": ""fixed_full_grid"", ""target_channel"": ""moloco"", ""two_layer_enabled"": false}",moloco,REVIEW,REVIEW:PriorPosteriorShift,PriorPosteriorShift,liveintent,0.6339402654984345,1.5452685108284157,0.9113282453299811,1.4375616993084526,0.64,1.53,1.2,4,geometric,prior_sweep,roi_full,roi,non_revenue,revenue,__revenue_equiv__,100.0,moloco,fixed_full_grid,False,roi,roi,Revenue-equivalent ROI,1.5,0.5,LogNormal,target_channels,moloco,configured,,,,upload_1bc112d58beb_monthly_mocha,/Users/jasper/Documents/Intern/BlueAlpha/capstone-Blue_Alpha_1/backend/storage/uploads/upload_1bc112d58beb_monthly_mocha.csv,1.5,0.5,LogNormal,0.5400197894281911,0.1072283249348402,0.4539413452148437,1.7795422077178955,0.5034588607506485,0.8963900804519653,1.461249589920044,2.495459377765655,0.369793419367491,1.5,0.5,LogNormal,0.0041462212364966,0.0381379206196331,842234.6095886,533926.4320145674,1301478.620927128,767552.1889125606,767552.1889125606,100.0,53392643.20145674,130147862.0927128,76755218.89125606,76755218.89125606
"multi|amazon,beehiiv,liveintent,meta,moloco,tiktok|pmode=roi|rpk=100.0|target=moloco|mu=1.500000|sigma=0.500000|dist=LogNormal|1.500000|0.500000|LogNormal|alpha=0p64|ec=1p53|slope=1p2|lag=4|decay=geometric",moloco,"{""kpi_type"": ""non_revenue"", ""kpi_type_effective"": ""revenue"", ""prior_design_mode"": ""roi"", ""prior_grid_type"": ""roi"", ""revenue_per_kpi"": 100.0, ""roi_prior_overrides"": {""amazon"": {""dist"": ""LogNormal"", ""mu"": 0.5, ""sigma"": 0.5}, ""beehiiv"": {""dist"": ""LogNormal"", ""mu"": 0.5, ""sigma"": 0.5}, ""liveintent"": {""dist"": ""LogNormal"", ""mu"": 0.5, ""sigma"": 0.5}, ""meta"": {""dist"": ""LogNormal"", ""mu"": 0.5, ""sigma"": 0.5}, ""moloco"": {""dist"": ""LogNormal"", ""mu"": 1.5, ""sigma"": 0.5}, ""tiktok"": {""dist"": ""LogNormal"", ""mu"": 0.5, ""sigma"": 0.5}}, ""run_mode"": ""roi_full"", ""structural_overrides"": {""adstock_decay_spec"": ""geometric"", ""alpha_m"": 0.64, ""ec_m"": 1.53, ""max_lag"": 4, ""slope_m"": 1.2}, ""sweep_type"": ""fixed_full_grid"", ""target_channel"": ""moloco"", ""two_layer_enabled"": false}",snapchat,REVIEW,REVIEW:PriorPosteriorShift,PriorPosteriorShift,liveintent,0.8269837570687135,0.4113699263396362,0.4156138307290773,0.5025658934369424,0.64,1.53,1.2,4,geometric,prior_sweep,roi_full,roi,non_revenue,revenue,__revenue_equiv__,100.0,moloco,fixed_full_grid,False,roi,roi,Revenue-equivalent ROI,1.5,0.5,LogNormal,target_channels,moloco,configured,,,,upload_1bc112d58beb_monthly_mocha,/Users/jasper/Documents/Intern/BlueAlpha/capstone-Blue_Alpha_1/backend/storage/uploads/upload_1bc112d58beb_monthly_mocha.csv,1.5,0.5,LogNormal,0.8713437341396965,0.0716421011835336,0.4354811757802963,2.750908374786377,0.4226027639161157,0.0518577251583337,0.2775715291500091,1.226847976446151,0.42800451907852,0.4,0.5,LogNormal,0.025620195585341,0.0265088090651233,4342436.908989999,3591124.789830401,1786347.9513857337,-1804776.8384446674,1804776.8384446674,100.0,359112478.9830401,178634795.13857338,-180477683.84446672,180477683.84446672
"multi|amazon,beehiiv,liveintent,meta,moloco,tiktok|pmode=roi|rpk=100.0|target=moloco|mu=1.500000|sigma=0.500000|dist=LogNormal|1.500000|0.500000|LogNormal|alpha=0p64|ec=1p53|slope=1p2|lag=4|decay=geometric",moloco,"{""kpi_type"": ""non_revenue"", ""kpi_type_effective"": ""revenue"", ""prior_design_mode"": ""roi"", ""prior_grid_type"": ""roi"", ""revenue_per_kpi"": 100.0, ""roi_prior_overrides"": {""amazon"": {""dist"": ""LogNormal"", ""mu"": 0.5, ""sigma"": 0.5}, ""beehiiv"": {""dist"": ""LogNormal"", ""mu"": 0.5, ""sigma"": 0.5}, ""liveintent"": {""dist"": ""LogNormal"", ""mu"": 0.5, ""sigma"": 0.5}, ""meta"": {""dist"": ""LogNormal"", ""mu"": 0.5, ""sigma"": 0.5}, ""moloco"": {""dist"": ""LogNormal"", ""mu"": 1.5, ""sigma"": 0.5}, ""tiktok"": {""dist"": ""LogNormal"", ""mu"": 0.5, ""sigma"": 0.5}}, ""run_mode"": ""roi_full"", ""structural_overrides"": {""adstock_decay_spec"": ""geometric"", ""alpha_m"": 0.64, ""ec_m"": 1.53, ""max_lag"": 4, ""slope_m"": 1.2}, ""sweep_type"": ""fixed_full_grid"", ""target_channel"": ""moloco"", ""two_layer_enabled"": false}",tiktok,REVIEW,REVIEW:PriorPosteriorShift,PriorPosteriorShift,liveintent,0.464742603781633,0.4772103721904568,0.012467768408823798,0.026827255145908557,0.64,1.53,1.2,4,geometric,prior_sweep,roi_full,roi,non_revenue,revenue,__revenue_equiv__,100.0,moloco,fixed_full_grid,False,roi,roi,Revenue-equivalent ROI,1.5,0.5,LogNormal,target_channels,moloco,configured,,,,upload_1bc112d58beb_monthly_mocha,/Users/jasper/Documents/Intern/BlueAlpha/capstone-Blue_Alpha_1/backend/storage/uploads/upload_1bc112d58beb_monthly_mocha.csv,1.5,0.5,LogNormal,0.4119649280983944,0.0886418987065553,0.3509712815284729,1.194995081424713,0.4154312744281923,0.0902703277766704,0.3484918475151062,1.2813850939273834,0.9262050356476866,0.5,0.5,LogNormal,0.0314959241299339,0.0400763261339772,1752685.0091300001,814547.3947521115,836399.4655395616,21852.070787450066,21852.070787450066,100.0,81454739.47521116,83639946.55395615,2185207.0787449926,2185207.0787449926
"multi|amazon,beehiiv,liveintent,meta,moloco,tiktok|pmode=roi|rpk=100.0|target=moloco|mu=1.500000|sigma=1.000000|dist=LogNormal|1.500000|1.000000|LogNormal|alpha=0p64|ec=1p53|slope=1p2|lag=4|decay=geometric",moloco,"{""kpi_type"": ""non_revenue"", ""kpi_type_effective"": ""revenue"", ""prior_design_mode"": ""roi"", ""prior_grid_type"": ""roi"", ""revenue_per_kpi"": 100.0, ""roi_prior_overrides"": {""amazon"": {""dist"": ""LogNormal"", ""mu"": 0.5, ""sigma"": 0.5}, ""beehiiv"": {""dist"": ""LogNormal"", ""mu"": 0.5, ""sigma"": 0.5}, ""liveintent"": {""dist"": ""LogNormal"", ""mu"": 0.5, ""sigma"": 0.5}, ""meta"": {""dist"": ""LogNormal"", ""mu"": 0.5, ""sigma"": 0.5}, ""moloco"": {""dist"": ""LogNormal"", ""mu"": 1.5, ""sigma"": 1.0}, ""tiktok"": {""dist"": ""LogNormal"", ""mu"": 0.5, ""sigma"": 0.5}}, ""run_mode"": ""roi_full"", ""structural_overrides"": {""adstock_decay_spec"": ""geometric"", ""alpha_m"": 0.64, ""ec_m"": 1.53, ""max_lag"": 4, ""slope_m"": 1.2}, ""sweep_type"": ""fixed_full_grid"", ""target_channel"": ""moloco"", ""two_layer_enabled"": false}",amazon,REVIEW,REVIEW:PriorPosteriorShift,PriorPosteriorShift,beehiiv,0.6377680289559067,0.5252558560855687,0.11251217287033799,0.17641551122362198,0.64,1.53,1.2,4,geometric,prior_sweep,roi_full,roi,non_revenue,revenue,__revenue_equiv__,100.0,moloco,fixed_full_grid,False,roi,roi,Revenue-equivalent ROI,1.5,1.0,LogNormal,target_channels,moloco,configured,,,,upload_1bc112d58beb_monthly_mocha,/Users/jasper/Documents/Intern/BlueAlpha/capstone-Blue_Alpha_1/backend/storage/uploads/upload_1bc112d58beb_monthly_mocha.csv,1.5,1.0,LogNormal,0.6114372134697085,0.0995406173169612,0.4413366019725799,2.029905021190642,0.5135235390187796,0.0934426583349704,0.3581005334854126,1.5259073793888087,0.7365837774241096,0.5,0.5,LogNormal,0.0020007965420304,0.0512907795135114,15740.258094,10038.633379867637,8267.662740171772,-1770.9706396958645,1770.9706396958645,100.0,1003863.3379867637,826766.2740171773,-177097.0639695864,177097.0639695864
"multi|amazon,beehiiv,liveintent,meta,moloco,tiktok|pmode=roi|rpk=100.0|target=moloco|mu=1.500000|sigma=1.000000|dist=LogNormal|1.500000|1.000000|LogNormal|alpha=0p64|ec=1p53|slope=1p2|lag=4|decay=geometric",moloco,"{""kpi_type"": ""non_revenue"", ""kpi_type_effective"": ""revenue"", ""prior_design_mode"": ""roi"", ""prior_grid_type"": ""roi"", ""revenue_per_kpi"": 100.0, ""roi_prior_overrides"": {""amazon"": {""dist"": ""LogNormal"", ""mu"": 0.5, ""sigma"": 0.5}, ""beehiiv"": {""dist"": ""LogNormal"", ""mu"": 0.5, ""sigma"": 0.5}, ""liveintent"": {""dist"": ""LogNormal"", ""mu"": 0.5, ""sigma"": 0.5}, ""meta"": {""dist"": ""LogNormal"", ""mu"": 0.5, ""sigma"": 0.5}, ""moloco"": {""dist"": ""LogNormal"", ""mu"": 1.5, ""sigma"": 1.0}, ""tiktok"": {""dist"": ""LogNormal"", ""mu"": 0.5, ""sigma"": 0.5}}, ""run_mode"": ""roi_full"", ""structural_overrides"": {""adstock_decay_spec"": ""geometric"", ""alpha_m"": 0.64, ""ec_m"": 1.53, ""max_lag"": 4, ""slope_m"": 1.2}, ""sweep_type"": ""fixed_full_grid"", ""target_channel"": ""moloco"", ""two_layer_enabled"": false}",beehiiv,REVIEW,REVIEW:PriorPosteriorShift,PriorPosteriorShift,beehiiv,0.762659886876742,0.5248234813474119,0.23783640552933016,0.3118512060511297,0.64,1.53,1.2,4,geometric,prior_sweep,roi_full,roi,non_revenue,revenue,__revenue_equiv__,100.0,moloco,fixed_full_grid,False,roi,roi,Revenue-equivalent ROI,1.5,1.0,LogNormal,target_channels,moloco,configured,,,,upload_1bc112d58beb_monthly_mocha,/Users/jasper/Documents/Intern/BlueAlpha/capstone-Blue_Alpha_1/backend/storage/uploads/upload_1bc112d58beb_monthly_mocha.csv,1.5,1.0,LogNormal,0.8561781928458713,0.1083850640803575,0.4253711998462677,2.5097618103027344,0.5324133474747981,0.0884770728647708,0.3575410097837448,1.5190622389316553,0.5826151517991144,0.5,0.5,LogNormal,0.0053482974181167,0.0264818815611523,328172.2732613,250283.82880154633,172232.51493468962,-78051.31386685671,78051.31386685671,100.0,25028382.880154632,17223251.493468963,-7805131.386685669,7805131.386685669
"multi|amazon,beehiiv,liveintent,meta,moloco,tiktok|pmode=roi|rpk=100.0|target=moloco|mu=1.500000|sigma=1.000000|dist=LogNormal|1.500000|1.000000|LogNormal|alpha=0p64|ec=1p53|slope=1p2|lag=4|decay=geometric",moloco,"{""kpi_type"": ""non_revenue"", ""kpi_type_effective"": ""revenue"", ""prior_design_mode"": ""roi"", ""prior_grid_type"": ""roi"", ""revenue_per_kpi"": 100.0, ""roi_prior_overrides"": {""amazon"": {""dist"": ""LogNormal"", ""mu"": 0.5, ""sigma"": 0.5}, ""beehiiv"": {""dist"": ""LogNormal"", ""mu"": 0.5, ""sigma"": 0.5}, ""liveintent"": {""dist"": ""LogNormal"", ""mu"": 0.5, ""sigma"": 0.5}, ""meta"": {""dist"": ""LogNormal"", ""mu"": 0.5, ""sigma"": 0.5}, ""moloco"": {""dist"": ""LogNormal"", ""mu"": 1.5, ""sigma"": 1.0}, ""tiktok"": {""dist"": ""LogNormal"", ""mu"": 0.5, ""sigma"": 0.5}}, ""run_mode"": ""roi_full"", ""structural_overrides"": {""adstock_decay_spec"": ""geometric"", ""alpha_m"": 0.64, ""ec_m"": 1.53, ""max_lag"": 4, ""slope_m"": 1.2}, ""sweep_type"": ""fixed_full_grid"", ""target_channel"": ""moloco"", ""two_layer_enabled"": false}",google,REVIEW,REVIEW:PriorPosteriorShift,PriorPosteriorShift,beehiiv,0.5177610162024696,0.2864945413296421,0.23126647487282753,0.4466664496470919,0.64,1.53,1.2,4,geometric,prior_sweep,roi_full,roi,non_revenue,revenue,__revenue_equiv__,100.0,moloco,fixed_full_grid,False,roi,roi,Revenue-equivalent ROI,1.5,1.0,LogNormal,target_channels,moloco,configured,,,,upload_1bc112d58beb_monthly_mocha,/Users/jasper/Documents/Intern/BlueAlpha/capstone-Blue_Alpha_1/backend/storage/uploads/upload_1bc112d58beb_monthly_mocha.csv,1.5,1.0,LogNormal,0.4950598479489236,0.0569363014772534,0.2887331247329712,1.5954086780548096,0.2442010294177218,0.0503915974870324,0.200498454272747,0.7909871637821196,0.4751085742269661,0.4,0.5,LogNormal,0.3616515851179727,0.1078964531390527,10298543.94665,5332184.579223297,2950476.624358654,-2381707.9548646426,2381707.9548646426,100.0,533218457.92232966,295047662.4358654,-238170795.48646426,238170795.48646426
"multi|amazon,beehiiv,liveintent,meta,moloco,tiktok|pmode=roi|rpk=100.0|target=moloco|mu=1.500000|sigma=1.000000|dist=LogNormal|1.500000|1.000000|LogNormal|alpha=0p64|ec=1p53|slope=1p2|lag=4|decay=geometric",moloco,"{""kpi_type"": ""non_revenue"", ""kpi_type_effective"": ""revenue"", ""prior_design_mode"": ""roi"", ""prior_grid_type"": ""roi"", ""revenue_per_kpi"": 100.0, ""roi_prior_overrides"": {""amazon"": {""dist"": ""LogNormal"", ""mu"": 0.5, ""sigma"": 0.5}, ""beehiiv"": {""dist"": ""LogNormal"", ""mu"": 0.5, ""sigma"": 0.5}, ""liveintent"": {""dist"": ""LogNormal"", ""mu"": 0.5, ""sigma"": 0.5}, ""meta"": {""dist"": ""LogNormal"", ""mu"": 0.5, ""sigma"": 0.5}, ""moloco"": {""dist"": ""LogNormal"", ""mu"": 1.5, ""sigma"": 1.0}, ""tiktok"": {""dist"": ""LogNormal"", ""mu"": 0.5, ""sigma"": 0.5}}, ""run_mode"": ""roi_full"", ""structural_overrides"": {""adstock_decay_spec"": ""geometric"", ""alpha_m"": 0.64, ""ec_m"": 1.53, ""max_lag"": 4, ""slope_m"": 1.2}, ""sweep_type"": ""fixed_full_grid"", ""target_channel"": ""moloco"", ""two_layer_enabled"": false}",liveintent,REVIEW,REVIEW:PriorPosteriorShift,PriorPosteriorShift,beehiiv,0.5128150204243138,0.5079516138074299,0.004863406616883892,0.00948374447546374,0.64,1.53,1.2,4,geometric,prior_sweep,roi_full,roi,non_revenue,revenue,__revenue_equiv__,100.0,moloco,fixed_full_grid,False,roi,roi,Revenue-equivalent ROI,1.5,1.0,LogNormal,target_channels,moloco,configured,,,,upload_1bc112d58beb_monthly_mocha,/Users/jasper/Documents/Intern/BlueAlpha/capstone-Blue_Alpha_1/backend/storage/uploads/upload_1bc112d58beb_monthly_mocha.csv,1.5,1.0,LogNormal,0.477736227784908,0.0928924188017845,0.3985480219125747,1.2810815036296836,0.5017816393551636,0.0911622133105993,0.3396286368370056,1.4491916656494128,0.8749361678287512,0.5,0.5,LogNormal,0.000139138238711,0.0221129912958644,797987.173079,409219.8084608478,405338.87236310693,-3880.936097740894,3880.936097740894,100.0,40921980.84608478,40533887.23631069,-388093.60977409035,388093.60977409035
"multi|amazon,beehiiv,liveintent,meta,moloco,tiktok|pmode=roi|rpk=100.0|target=moloco|mu=1.500000|sigma=1.000000|dist=LogNormal|1.500000|1.000000|LogNormal|alpha=0p64|ec=1p53|slope=1p2|lag=4|decay=geometric",moloco,"{""kpi_type"": ""non_revenue"", ""kpi_type_effective"": ""revenue"", ""prior_design_mode"": ""roi"", ""prior_grid_type"": ""roi"", ""revenue_per_kpi"": 100.0, ""roi_prior_overrides"": {""amazon"": {""dist"": ""LogNormal"", ""mu"": 0.5, ""sigma"": 0.5}, ""beehiiv"": {""dist"": ""LogNormal"", ""mu"": 0.5, ""sigma"": 0.5}, ""liveintent"": {""dist"": ""LogNormal"", ""mu"": 0.5, ""sigma"": 0.5}, ""meta"": {""dist"": ""LogNormal"", ""mu"": 0.5, ""sigma"": 0.5}, ""moloco"": {""dist"": ""LogNormal"", ""mu"": 1.5, ""sigma"": 1.0}, ""tiktok"": {""dist"": ""LogNormal"", ""mu"": 0.5, ""sigma"": 0.5}}, ""run_mode"": ""roi_full"", ""structural_overrides"": {""adstock_decay_spec"": ""geometric"", ""alpha_m"": 0.64, ""ec_m"": 1.53, ""max_lag"": 4, ""slope_m"": 1.2}, ""sweep_type"": ""fixed_full_grid"", ""target_channel"": ""moloco"", ""two_layer_enabled"": false}",meta,REVIEW,REVIEW:PriorPosteriorShift,PriorPosteriorShift,beehiiv,0.6200743053123976,0.3989416287171964,0.2211326765952012,0.3566228671316949,0.64,1.53,1.2,4,geometric,prior_sweep,roi_full,roi,non_revenue,revenue,__revenue_equiv__,100.0,moloco,fixed_full_grid,False,roi,roi,Revenue-equivalent ROI,1.5,1.0,LogNormal,target_channels,moloco,configured,,,,upload_1bc112d58beb_monthly_mocha,/Users/jasper/Documents/Intern/BlueAlpha/capstone-Blue_Alpha_1/backend/storage/uploads/upload_1bc112d58beb_monthly_mocha.csv,1.5,1.0,LogNormal,0.4861901734527795,0.1053347028791904,0.4240260720252991,1.5302040576934814,0.327997470631827,0.1005203317850828,0.3041049838066101,1.0035823583602903,0.6282841716690644,0.5,0.5,LogNormal,0.1571924718505324,0.1088186615580888,840158.1265220001,520960.46665569465,335174.05137467507,-185786.41528101958,185786.41528101958,100.0,52096046.66556946,33517405.137467507,-18578641.528101955,18578641.528101955
"multi|amazon,beehiiv,liveintent,meta,moloco,tiktok|pmode=roi|rpk=100.0|target=moloco|mu=1.500000|sigma=1.000000|dist=LogNormal|1.500000|1.000000|LogNormal|alpha=0p64|ec=1p53|slope=1p2|lag=4|decay=geometric",moloco,"{""kpi_type"": ""non_revenue"", ""kpi_type_effective"": ""revenue"", ""prior_design_mode"": ""roi"", ""prior_grid_type"": ""roi"", ""revenue_per_kpi"": 100.0, ""roi_prior_overrides"": {""amazon"": {""dist"": ""LogNormal"", ""mu"": 0.5, ""sigma"": 0.5}, ""beehiiv"": {""dist"": ""LogNormal"", ""mu"": 0.5, ""sigma"": 0.5}, ""liveintent"": {""dist"": ""LogNormal"", ""mu"": 0.5, ""sigma"": 0.5}, ""meta"": {""dist"": ""LogNormal"", ""mu"": 0.5, ""sigma"": 0.5}, ""moloco"": {""dist"": ""LogNormal"", ""mu"": 1.5, ""sigma"": 1.0}, ""tiktok"": {""dist"": ""LogNormal"", ""mu"": 0.5, ""sigma"": 0.5}}, ""run_mode"": ""roi_full"", ""structural_overrides"": {""adstock_decay_spec"": ""geometric"", ""alpha_m"": 0.64, ""ec_m"": 1.53, ""max_lag"": 4, ""slope_m"": 1.2}, ""sweep_type"": ""fixed_full_grid"", ""target_channel"": ""moloco"", ""two_layer_enabled"": false}",moloco,REVIEW,REVIEW:PriorPosteriorShift,PriorPosteriorShift,beehiiv,0.6339402654984345,1.6378352940206726,1.003895028522238,1.583579846806114,0.64,1.53,1.2,4,geometric,prior_sweep,roi_full,roi,non_revenue,revenue,__revenue_equiv__,100.0,moloco,fixed_full_grid,False,roi,roi,Revenue-equivalent ROI,1.5,1.0,LogNormal,target_channels,moloco,configured,,,,upload_1bc112d58beb_monthly_mocha,/Users/jasper/Documents/Intern/BlueAlpha/capstone-Blue_Alpha_1/backend/storage/uploads/upload_1bc112d58beb_monthly_mocha.csv,1.5,1.0,LogNormal,0.5400197894281911,0.1072283249348402,0.4539413452148437,1.7795422077178955,1.0156441421876516,0.5227111160755158,1.4082597494125366,3.480165112018585,0.37262218979474,1.5,1.0,LogNormal,0.0097427618681212,0.1194815011056837,842234.6095886,533926.4320145674,1379441.569429931,845515.1374153636,845515.1374153636,100.0,53392643.20145674,137944156.9429931,84551513.74153636,84551513.74153636
"multi|amazon,beehiiv,liveintent,meta,moloco,tiktok|pmode=roi|rpk=100.0|target=moloco|mu=1.500000|sigma=1.000000|dist=LogNormal|1.500000|1.000000|LogNormal|alpha=0p64|ec=1p53|slope=1p2|lag=4|decay=geometric",moloco,"{""kpi_type"": ""non_revenue"", ""kpi_type_effective"": ""revenue"", ""prior_design_mode"": ""roi"", ""prior_grid_type"": ""roi"", ""revenue_per_kpi"": 100.0, ""roi_prior_overrides"": {""amazon"": {""dist"": ""LogNormal"", ""mu"": 0.5, ""sigma"": 0.5}, ""beehiiv"": {""dist"": ""LogNormal"", ""mu"": 0.5, ""sigma"": 0.5}, ""liveintent"": {""dist"": ""LogNormal"", ""mu"": 0.5, ""sigma"": 0.5}, ""meta"": {""dist"": ""LogNormal"", ""mu"": 0.5, ""sigma"": 0.5}, ""moloco"": {""dist"": ""LogNormal"", ""mu"": 1.5, ""sigma"": 1.0}, ""tiktok"": {""dist"": ""LogNormal"", ""mu"": 0.5, ""sigma"": 0.5}}, ""run_mode"": ""roi_full"", ""structural_overrides"": {""adstock_decay_spec"": ""geometric"", ""alpha_m"": 0.64, ""ec_m"": 1.53, ""max_lag"": 4, ""slope_m"": 1.2}, ""sweep_type"": ""fixed_full_grid"", ""target_channel"": ""moloco"", ""two_layer_enabled"": false}",snapchat,REVIEW,REVIEW:PriorPosteriorShift,PriorPosteriorShift,beehiiv,0.8269837570687135,0.4344787757005542,0.3925049813681593,0.47462235867777314,0.64,1.53,1.2,4,geometric,prior_sweep,roi_full,roi,non_revenue,revenue,__revenue_equiv__,100.0,moloco,fixed_full_grid,False,roi,roi,Revenue-equivalent ROI,1.5,1.0,LogNormal,target_channels,moloco,configured,,,,upload_1bc112d58beb_monthly_mocha,/Users/jasper/Documents/Intern/BlueAlpha/capstone-Blue_Alpha_1/backend/storage/uploads/upload_1bc112d58beb_monthly_mocha.csv,1.5,1.0,LogNormal,0.8713437341396965,0.0716421011835336,0.4354811757802963,2.750908374786377,0.4421624927735849,0.056760948896408,0.2945523262023926,1.281336438655853,0.44900821901856985,0.4,0.5,LogNormal,0.0163235651737566,0.0455643191787437,4342436.908989999,3591124.789830401,1886696.671774874,-1704428.118055527,1704428.118055527,100.0,359112478.9830401,188669667.1774874,-170442811.8055527,170442811.8055527
"multi|amazon,beehiiv,liveintent,meta,moloco,tiktok|pmode=roi|rpk=100.0|target=moloco|mu=1.500000|sigma=1.000000|dist=LogNormal|1.500000|1.000000|LogNormal|alpha=0p64|ec=1p53|slope=1p2|lag=4|decay=geometric",moloco,"{""kpi_type"": ""non_revenue"", ""kpi_type_effective"": ""revenue"", ""prior_design_mode"": ""roi"", ""prior_grid_type"": ""roi"", ""revenue_per_kpi"": 100.0, ""roi_prior_overrides"": {""amazon"": {""dist"": ""LogNormal"", ""mu"": 0.5, ""sigma"": 0.5}, ""beehiiv"": {""dist"": ""LogNormal"", ""mu"": 0.5, ""sigma"": 0.5}, ""liveintent"": {""dist"": ""LogNormal"", ""mu"": 0.5, ""sigma"": 0.5}, ""meta"": {""dist"": ""LogNormal"", ""mu"": 0.5, ""sigma"": 0.5}, ""moloco"": {""dist"": ""LogNormal"", ""mu"": 1.5, ""sigma"": 1.0}, ""tiktok"": {""dist"": ""LogNormal"", ""mu"": 0.5, ""sigma"": 0.5}}, ""run_mode"": ""roi_full"", ""structural_overrides"": {""adstock_decay_spec"": ""geometric"", ""alpha_m"": 0.64, ""ec_m"": 1.53, ""max_lag"": 4, ""slope_m"": 1.2}, ""sweep_type"": ""fixed_full_grid"", ""target_channel"": ""moloco"", ""two_layer_enabled"": false}",tiktok,REVIEW,REVIEW:PriorPosteriorShift,PriorPosteriorShift,beehiiv,0.464742603781633,0.4822328875229383,0.01749028374130529,0.03763434554737621,0.64,1.53,1.2,4,geometric,prior_sweep,roi_full,roi,non_revenue,revenue,__revenue_equiv__,100.0,moloco,fixed_full_grid,False,roi,roi,Revenue-equivalent ROI,1.5,1.0,LogNormal,target_channels,moloco,configured,,,,upload_1bc112d58beb_monthly_mocha,/Users/jasper/Documents/Intern/BlueAlpha/capstone-Blue_Alpha_1/backend/storage/uploads/upload_1bc112d58beb_monthly_mocha.csv,1.5,1.0,LogNormal,0.4119649280983944,0.0886418987065553,0.3509712815284729,1.194995081424713,0.4432192536041231,0.0932635892182588,0.3388170301914215,1.428880828619003,0.8220411059678934,0.5,0.5,LogNormal,0.0140614757874717,0.0376463169017188,1752685.0091300001,814547.3947521115,845202.3528709274,30654.958118815906,30654.958118815906,100.0,81454739.47521116,84520235.28709275,3065495.811881587,3065495.811881587
"multi|amazon,beehiiv,liveintent,meta,moloco,tiktok|pmode=roi|rpk=100.0|target=tiktok|mu=1.500000|sigma=1.000000|dist=LogNormal|1.500000|1.000000|LogNormal|alpha=0p64|ec=1p53|slope=1p2|lag=4|decay=geometric",tiktok,"{""kpi_type"": ""non_revenue"", ""kpi_type_effective"": ""revenue"", ""prior_design_mode"": ""roi"", ""prior_grid_type"": ""roi"", ""revenue_per_kpi"": 100.0, ""roi_prior_overrides"": {""amazon"": {""dist"": ""LogNormal"", ""mu"": 0.5, ""sigma"": 1.0}, ""beehiiv"": {""dist"": ""LogNormal"", ""mu"": 0.5, ""sigma"": 1.0}, ""liveintent"": {""dist"": ""LogNormal"", ""mu"": 0.5, ""sigma"": 1.0}, ""meta"": {""dist"": ""LogNormal"", ""mu"": 0.5, ""sigma"": 1.0}, ""moloco"": {""dist"": ""LogNormal"", ""mu"": 0.5, ""sigma"": 1.0}, ""tiktok"": {""dist"": ""LogNormal"", ""mu"": 1.5, ""sigma"": 1.0}}, ""run_mode"": ""roi_full"", ""structural_overrides"": {""adstock_decay_spec"": ""geometric"", ""alpha_m"": 0.64, ""ec_m"": 1.53, ""max_lag"": 4, ""slope_m"": 1.2}, ""sweep_type"": ""fixed_full_grid"", ""target_channel"": ""tiktok"", ""two_layer_enabled"": false}",amazon,REVIEW,REVIEW:PriorPosteriorShift,PriorPosteriorShift,"amazon,beehiiv,liveintent",0.5093018732522614,0.5058183983639659,0.003483474888295479,0.0068397056269418055,0.64,1.53,1.2,4,geometric,prior_sweep,roi_full,roi,non_revenue,revenue,__revenue_equiv__,100.0,tiktok,fixed_full_grid,False,roi,roi,Revenue-equivalent ROI,1.5,1.0,LogNormal,target_channels,tiktok,configured,,,,upload_1bc112d58beb_monthly_mocha,/Users/jasper/Documents/Intern/BlueAlpha/capstone-Blue_Alpha_1/backend/storage/uploads/upload_1bc112d58beb_monthly_mocha.csv,1.5,1.0,LogNormal,0.8809767887853491,0.03115990543738,0.2359068915247917,2.039904260635371,0.8413680802993091,0.0318358212709426,0.2261253967881202,1.9866398036479949,0.973147218718321,0.5,1.0,LogNormal,0.0266930951146728,0.0599596299189137,15740.258094,8016.54293274827,7961.712138942531,-54.83079380573872,54.83079380573872,100.0,801654.293274827,796171.2138942531,-5483.079380573821,5483.079380573821
"multi|amazon,beehiiv,liveintent,meta,moloco,tiktok|pmode=roi|rpk=100.0|target=tiktok|mu=1.500000|sigma=1.000000|dist=LogNormal|1.500000|1.000000|LogNormal|alpha=0p64|ec=1p53|slope=1p2|lag=4|decay=geometric",tiktok,"{""kpi_type"": ""non_revenue"", ""kpi_type_effective"": ""revenue"", ""prior_design_mode"": ""roi"", ""prior_grid_type"": ""roi"", ""revenue_per_kpi"": 100.0, ""roi_prior_overrides"": {""amazon"": {""dist"": ""LogNormal"", ""mu"": 0.5, ""sigma"": 1.0}, ""beehiiv"": {""dist"": ""LogNormal"", ""mu"": 0.5, ""sigma"": 1.0}, ""liveintent"": {""dist"": ""LogNormal"", ""mu"": 0.5, ""sigma"": 1.0}, ""meta"": {""dist"": ""LogNormal"", ""mu"": 0.5, ""sigma"": 1.0}, ""moloco"": {""dist"": ""LogNormal"", ""mu"": 0.5, ""sigma"": 1.0}, ""tiktok"": {""dist"": ""LogNormal"", ""mu"": 1.5, ""sigma"": 1.0}}, ""run_mode"": ""roi_full"", ""structural_overrides"": {""adstock_decay_spec"": ""geometric"", ""alpha_m"": 0.64, ""ec_m"": 1.53, ""max_lag"": 4, ""slope_m"": 1.2}, ""sweep_type"": ""fixed_full_grid"", ""target_channel"": ""tiktok"", ""two_layer_enabled"": false}",beehiiv,REVIEW,REVIEW:PriorPosteriorShift,PriorPosteriorShift,"amazon,beehiiv,liveintent",0.5125182185329807,0.5074797326161449,0.0050384859168358664,0.00983084256254907,0.64,1.53,1.2,4,geometric,prior_sweep,roi_full,roi,non_revenue,revenue,__revenue_equiv__,100.0,tiktok,fixed_full_grid,False,roi,roi,Revenue-equivalent ROI,1.5,1.0,LogNormal,target_channels,tiktok,configured,,,,upload_1bc112d58beb_monthly_mocha,/Users/jasper/Documents/Intern/BlueAlpha/capstone-Blue_Alpha_1/backend/storage/uploads/upload_1bc112d58beb_monthly_mocha.csv,1.5,1.0,LogNormal,0.908969951401804,0.0271171217784285,0.2336873337626457,1.8107782363891591,0.8486971071040679,0.0273391414433717,0.2318790778517723,2.0253015756607056,0.8925297619450194,0.5,1.0,LogNormal,0.0242242836358893,0.0218811569005447,328172.2732613,168194.2688638,166540.77748667696,-1653.4913771230495,1653.4913771230495,100.0,16819426.886380002,16654077.748667696,-165349.1377123054,165349.1377123054
"multi|amazon,beehiiv,liveintent,meta,moloco,tiktok|pmode=roi|rpk=100.0|target=tiktok|mu=1.500000|sigma=1.000000|dist=LogNormal|1.500000|1.000000|LogNormal|alpha=0p64|ec=1p53|slope=1p2|lag=4|decay=geometric",tiktok,"{""kpi_type"": ""non_revenue"", ""kpi_type_effective"": ""revenue"", ""prior_design_mode"": ""roi"", ""prior_grid_type"": ""roi"", ""revenue_per_kpi"": 100.0, ""roi_prior_overrides"": {""amazon"": {""dist"": ""LogNormal"", ""mu"": 0.5, ""sigma"": 1.0}, ""beehiiv"": {""dist"": ""LogNormal"", ""mu"": 0.5, ""sigma"": 1.0}, ""liveintent"": {""dist"": ""LogNormal"", ""mu"": 0.5, ""sigma"": 1.0}, ""meta"": {""dist"": ""LogNormal"", ""mu"": 0.5, ""sigma"": 1.0}, ""moloco"": {""dist"": ""LogNormal"", ""mu"": 0.5, ""sigma"": 1.0}, ""tiktok"": {""dist"": ""LogNormal"", ""mu"": 1.5, ""sigma"": 1.0}}, ""run_mode"": ""roi_full"", ""structural_overrides"": {""adstock_decay_spec"": ""geometric"", ""alpha_m"": 0.64, ""ec_m"": 1.53, ""max_lag"": 4, ""slope_m"": 1.2}, ""sweep_type"": ""fixed_full_grid"", ""target_channel"": ""tiktok"", ""two_layer_enabled"": false}",google,REVIEW,REVIEW:PriorPosteriorShift,PriorPosteriorShift,"amazon,beehiiv,liveintent",0.265828985889287,0.2621498088321338,0.0036791770571532045,0.013840390824368276,0.64,1.53,1.2,4,geometric,prior_sweep,roi_full,roi,non_revenue,revenue,__revenue_equiv__,100.0,tiktok,fixed_full_grid,False,roi,roi,Revenue-equivalent ROI,1.5,1.0,LogNormal,target_channels,tiktok,configured,,,,upload_1bc112d58beb_monthly_mocha,/Users/jasper/Documents/Intern/BlueAlpha/capstone-Blue_Alpha_1/backend/storage/uploads/upload_1bc112d58beb_monthly_mocha.csv,1.5,1.0,LogNormal,0.2158596037417809,0.050865682028234,0.2013866677880287,0.715806123614311,0.2100797286078174,0.0490604314953088,0.1992894113063812,0.7215699166059494,0.9887450754344106,0.4,0.5,LogNormal,0.4933933148740357,0.132197581685281,10298543.94665,2737651.493474225,2699761.326863626,-37890.16661059903,37890.16661059903,100.0,273765149.3474225,269976132.6863626,-3789016.6610598564,3789016.6610598564
"multi|amazon,beehiiv,liveintent,meta,moloco,tiktok|pmode=roi|rpk=100.0|target=tiktok|mu=1.500000|sigma=1.000000|dist=LogNormal|1.500000|1.000000|LogNormal|alpha=0p64|ec=1p53|slope=1p2|lag=4|decay=geometric",tiktok,"{""kpi_type"": ""non_revenue"", ""kpi_type_effective"": ""revenue"", ""prior_design_mode"": ""roi"", ""prior_grid_type"": ""roi"", ""revenue_per_kpi"": 100.0, ""roi_prior_overrides"": {""amazon"": {""dist"": ""LogNormal"", ""mu"": 0.5, ""sigma"": 1.0}, ""beehiiv"": {""dist"": ""LogNormal"", ""mu"": 0.5, ""sigma"": 1.0}, ""liveintent"": {""dist"": ""LogNormal"", ""mu"": 0.5, ""sigma"": 1.0}, ""meta"": {""dist"": ""LogNormal"", ""mu"": 0.5, ""sigma"": 1.0}, ""moloco"": {""dist"": ""LogNormal"", ""mu"": 0.5, ""sigma"": 1.0}, ""tiktok"": {""dist"": ""LogNormal"", ""mu"": 1.5, ""sigma"": 1.0}}, ""run_mode"": ""roi_full"", ""structural_overrides"": {""adstock_decay_spec"": ""geometric"", ""alpha_m"": 0.64, ""ec_m"": 1.53, ""max_lag"": 4, ""slope_m"": 1.2}, ""sweep_type"": ""fixed_full_grid"", ""target_channel"": ""tiktok"", ""two_layer_enabled"": false}",liveintent,REVIEW,REVIEW:PriorPosteriorShift,PriorPosteriorShift,"amazon,beehiiv,liveintent",0.4989261900200896,0.4698954042303376,0.02903078578975199,0.05818653414161934,0.64,1.53,1.2,4,geometric,prior_sweep,roi_full,roi,non_revenue,revenue,__revenue_equiv__,100.0,tiktok,fixed_full_grid,False,roi,roi,Revenue-equivalent ROI,1.5,1.0,LogNormal,target_channels,tiktok,configured,,,,upload_1bc112d58beb_monthly_mocha,/Users/jasper/Documents/Intern/BlueAlpha/capstone-Blue_Alpha_1/backend/storage/uploads/upload_1bc112d58beb_monthly_mocha.csv,1.5,1.0,LogNormal,0.7816833899226102,0.0279571961611509,0.2393543571233749,1.8018539011478416,0.7544613725847483,0.0304944875650107,0.2310688644647598,1.594066113233566,0.8814332995112513,0.5,1.0,LogNormal,0.0668103228333254,0.0467132367266427,797987.173079,398136.69994920725,374970.50526458106,-23166.194684626185,23166.194684626185,100.0,39813669.99492072,37497050.52645811,-2316619.468462616,2316619.468462616
"multi|amazon,beehiiv,liveintent,meta,moloco,tiktok|pmode=roi|rpk=100.0|target=tiktok|mu=1.500000|sigma=1.000000|dist=LogNormal|1.500000|1.000000|LogNormal|alpha=0p64|ec=1p53|slope=1p2|lag=4|decay=geometric",tiktok,"{""kpi_type"": ""non_revenue"", ""kpi_type_effective"": ""revenue"", ""prior_design_mode"": ""roi"", ""prior_grid_type"": ""roi"", ""revenue_per_kpi"": 100.0, ""roi_prior_overrides"": {""amazon"": {""dist"": ""LogNormal"", ""mu"": 0.5, ""sigma"": 1.0}, ""beehiiv"": {""dist"": ""LogNormal"", ""mu"": 0.5, ""sigma"": 1.0}, ""liveintent"": {""dist"": ""LogNormal"", ""mu"": 0.5, ""sigma"": 1.0}, ""meta"": {""dist"": ""LogNormal"", ""mu"": 0.5, ""sigma"": 1.0}, ""moloco"": {""dist"": ""LogNormal"", ""mu"": 0.5, ""sigma"": 1.0}, ""tiktok"": {""dist"": ""LogNormal"", ""mu"": 1.5, ""sigma"": 1.0}}, ""run_mode"": ""roi_full"", ""structural_overrides"": {""adstock_decay_spec"": ""geometric"", ""alpha_m"": 0.64, ""ec_m"": 1.53, ""max_lag"": 4, ""slope_m"": 1.2}, ""sweep_type"": ""fixed_full_grid"", ""target_channel"": ""tiktok"", ""two_layer_enabled"": false}",meta,REVIEW,REVIEW:PriorPosteriorShift,PriorPosteriorShift,"amazon,beehiiv,liveintent",0.3073934483993799,0.3082062079784615,0.0008127595790816122,0.0026440367656295205,0.64,1.53,1.2,4,geometric,prior_sweep,roi_full,roi,non_revenue,revenue,__revenue_equiv__,100.0,tiktok,fixed_full_grid,False,roi,roi,Revenue-equivalent ROI,1.5,1.0,LogNormal,target_channels,tiktok,configured,,,,upload_1bc112d58beb_monthly_mocha,/Users/jasper/Documents/Intern/BlueAlpha/capstone-Blue_Alpha_1/backend/storage/uploads/upload_1bc112d58beb_monthly_mocha.csv,1.5,1.0,LogNormal,0.3605000651960044,0.0261192823760211,0.1723928898572921,1.1013090074062346,0.3723689906168949,0.025663496274501,0.1721577122807502,1.0783346235752096,0.9782175728991859,0.5,1.0,LogNormal,0.5755917679819589,0.2044787616023562,840158.1265220001,258259.10371236008,258941.9502776341,682.846565274027,682.846565274027,100.0,25825910.371236008,25894195.02776341,68284.65652740374,68284.65652740374
"multi|amazon,beehiiv,liveintent,meta,moloco,tiktok|pmode=roi|rpk=100.0|target=tiktok|mu=1.500000|sigma=1.000000|dist=LogNormal|1.500000|1.000000|LogNormal|alpha=0p64|ec=1p53|slope=1p2|lag=4|decay=geometric",tiktok,"{""kpi_type"": ""non_revenue"", ""kpi_type_effective"": ""revenue"", ""prior_design_mode"": ""roi"", ""prior_grid_type"": ""roi"", ""revenue_per_kpi"": 100.0, ""roi_prior_overrides"": {""amazon"": {""dist"": ""LogNormal"", ""mu"": 0.5, ""sigma"": 1.0}, ""beehiiv"": {""dist"": ""LogNormal"", ""mu"": 0.5, ""sigma"": 1.0}, ""liveintent"": {""dist"": ""LogNormal"", ""mu"": 0.5, ""sigma"": 1.0}, ""meta"": {""dist"": ""LogNormal"", ""mu"": 0.5, ""sigma"": 1.0}, ""moloco"": {""dist"": ""LogNormal"", ""mu"": 0.5, ""sigma"": 1.0}, ""tiktok"": {""dist"": ""LogNormal"", ""mu"": 1.5, ""sigma"": 1.0}}, ""run_mode"": ""roi_full"", ""structural_overrides"": {""adstock_decay_spec"": ""geometric"", ""alpha_m"": 0.64, ""ec_m"": 1.53, ""max_lag"": 4, ""slope_m"": 1.2}, ""sweep_type"": ""fixed_full_grid"", ""target_channel"": ""tiktok"", ""two_layer_enabled"": false}",moloco,REVIEW,REVIEW:PriorPosteriorShift,PriorPosteriorShift,"amazon,beehiiv,liveintent",0.5901553572062403,0.6028991983419595,0.012743841135719136,0.021594044653000743,0.64,1.53,1.2,4,geometric,prior_sweep,roi_full,roi,non_revenue,revenue,__revenue_equiv__,100.0,tiktok,fixed_full_grid,False,roi,roi,Revenue-equivalent ROI,1.5,1.0,LogNormal,target_channels,tiktok,configured,,,,upload_1bc112d58beb_monthly_mocha,/Users/jasper/Documents/Intern/BlueAlpha/capstone-Blue_Alpha_1/backend/storage/uploads/upload_1bc112d58beb_monthly_mocha.csv,1.5,1.0,LogNormal,0.9039840614795692,0.0320555524900555,0.2526121735572815,2.3181566357612606,0.9227988697586434,0.0292876102961599,0.2581591159105301,2.505219781398773,0.9233294473705754,0.5,1.0,LogNormal,0.0114169770024873,0.1096099594413153,842234.6095886,497049.26687321864,507782.5709368202,10733.304063601536,10733.304063601536,100.0,49704926.687321864,50778257.09368202,1073330.4063601568,1073330.4063601568
"multi|amazon,beehiiv,liveintent,meta,moloco,tiktok|pmode=roi|rpk=100.0|target=tiktok|mu=1.500000|sigma=1.000000|dist=LogNormal|1.500000|1.000000|LogNormal|alpha=0p64|ec=1p53|slope=1p2|lag=4|decay=geometric",tiktok,"{""kpi_type"": ""non_revenue"", ""kpi_type_effective"": ""revenue"", ""prior_design_mode"": ""roi"", ""prior_grid_type"": ""roi"", ""revenue_per_kpi"": 100.0, ""roi_prior_overrides"": {""amazon"": {""dist"": ""LogNormal"", ""mu"": 0.5, ""sigma"": 1.0}, ""beehiiv"": {""dist"": ""LogNormal"", ""mu"": 0.5, ""sigma"": 1.0}, ""liveintent"": {""dist"": ""LogNormal"", ""mu"": 0.5, ""sigma"": 1.0}, ""meta"": {""dist"": ""LogNormal"", ""mu"": 0.5, ""sigma"": 1.0}, ""moloco"": {""dist"": ""LogNormal"", ""mu"": 0.5, ""sigma"": 1.0}, ""tiktok"": {""dist"": ""LogNormal"", ""mu"": 1.5, ""sigma"": 1.0}}, ""run_mode"": ""roi_full"", ""structural_overrides"": {""adstock_decay_spec"": ""geometric"", ""alpha_m"": 0.64, ""ec_m"": 1.53, ""max_lag"": 4, ""slope_m"": 1.2}, ""sweep_type"": ""fixed_full_grid"", ""target_channel"": ""tiktok"", ""two_layer_enabled"": false}",snapchat,REVIEW,REVIEW:PriorPosteriorShift,PriorPosteriorShift,"amazon,beehiiv,liveintent",0.4185714027883174,0.4234600477983865,0.0048886450100690815,0.011679357398769463,0.64,1.53,1.2,4,geometric,prior_sweep,roi_full,roi,non_revenue,revenue,__revenue_equiv__,100.0,tiktok,fixed_full_grid,False,roi,roi,Revenue-equivalent ROI,1.5,1.0,LogNormal,target_channels,tiktok,configured,,,,upload_1bc112d58beb_monthly_mocha,/Users/jasper/Documents/Intern/BlueAlpha/capstone-Blue_Alpha_1/backend/storage/uploads/upload_1bc112d58beb_monthly_mocha.csv,1.5,1.0,LogNormal,0.4389489060139375,0.0484741810709238,0.2767988890409469,1.2153948247432709,0.437183258647826,0.0528102634474635,0.2788907587528229,1.2274659633636469,0.9860836850236484,0.4,0.5,LogNormal,0.0176147860275809,0.0333553778983034,4342436.908989999,1817619.908515709,1838848.5410423828,21228.632526673842,21228.632526673842,100.0,181761990.8515709,183884854.10423827,2122863.2526673675,2122863.2526673675
"multi|amazon,beehiiv,liveintent,meta,moloco,tiktok|pmode=roi|rpk=100.0|target=tiktok|mu=1.500000|sigma=1.000000|dist=LogNormal|1.500000|1.000000|LogNormal|alpha=0p64|ec=1p53|slope=1p2|lag=4|decay=geometric",tiktok,"{""kpi_type"": ""non_revenue"", ""kpi_type_effective"": ""revenue"", ""prior_design_mode"": ""roi"", ""prior_grid_type"": ""roi"", ""revenue_per_kpi"": 100.0, ""roi_prior_overrides"": {""amazon"": {""dist"": ""LogNormal"", ""mu"": 0.5, ""sigma"": 1.0}, ""beehiiv"": {""dist"": ""LogNormal"", ""mu"": 0.5, ""sigma"": 1.0}, ""liveintent"": {""dist"": ""LogNormal"", ""mu"": 0.5, ""sigma"": 1.0}, ""meta"": {""dist"": ""LogNormal"", ""mu"": 0.5, ""sigma"": 1.0}, ""moloco"": {""dist"": ""LogNormal"", ""mu"": 0.5, ""sigma"": 1.0}, ""tiktok"": {""dist"": ""LogNormal"", ""mu"": 1.5, ""sigma"": 1.0}}, ""run_mode"": ""roi_full"", ""structural_overrides"": {""adstock_decay_spec"": ""geometric"", ""alpha_m"": 0.64, ""ec_m"": 1.53, ""max_lag"": 4, ""slope_m"": 1.2}, ""sweep_type"": ""fixed_full_grid"", ""target_channel"": ""tiktok"", ""two_layer_enabled"": false}",tiktok,REVIEW,REVIEW:PriorPosteriorShift,PriorPosteriorShift,"amazon,beehiiv,liveintent",0.4100656028968903,1.377534217921396,0.9674686150245058,2.359302043843391,0.64,1.53,1.2,4,geometric,prior_sweep,roi_full,roi,non_revenue,revenue,__revenue_equiv__,100.0,tiktok,fixed_full_grid,False,roi,roi,Revenue-equivalent ROI,1.5,1.0,LogNormal,target_channels,tiktok,configured,,,,upload_1bc112d58beb_monthly_mocha,/Users/jasper/Documents/Intern/BlueAlpha/capstone-Blue_Alpha_1/backend/storage/uploads/upload_1bc112d58beb_monthly_mocha.csv,1.5,1.0,LogNormal,0.5209952377074359,0.0282978330738842,0.218607448041439,1.4191783428192124,0.7932716268387761,0.4526060089468956,1.170552670955658,2.873210763931274,0.33975462777379783,1.5,1.0,LogNormal,0.0537284561692898,0.1700280812365198,1752685.0091300001,718715.8349572353,2414383.5733144497,1695667.7383572145,1695667.7383572145,100.0,71871583.49572353,241438357.33144498,169566773.83572143,169566773.83572143
"multi|amazon,beehiiv,liveintent,meta,moloco,tiktok|pmode=roi|rpk=100.0|target=tiktok|mu=1.000000|sigma=1.000000|dist=LogNormal|1.000000|1.000000|LogNormal|alpha=0p64|ec=1p53|slope=1p2|lag=4|decay=geometric",tiktok,"{""kpi_type"": ""non_revenue"", ""kpi_type_effective"": ""revenue"", ""prior_design_mode"": ""roi"", ""prior_grid_type"": ""roi"", ""revenue_per_kpi"": 100.0, ""roi_prior_overrides"": {""amazon"": {""dist"": ""LogNormal"", ""mu"": 0.5, ""sigma"": 1.0}, ""beehiiv"": {""dist"": ""LogNormal"", ""mu"": 0.5, ""sigma"": 1.0}, ""liveintent"": {""dist"": ""LogNormal"", ""mu"": 0.5, ""sigma"": 1.0}, ""meta"": {""dist"": ""LogNormal"", ""mu"": 0.5, ""sigma"": 1.0}, ""moloco"": {""dist"": ""LogNormal"", ""mu"": 0.5, ""sigma"": 1.0}, ""tiktok"": {""dist"": ""LogNormal"", ""mu"": 1.0, ""sigma"": 1.0}}, ""run_mode"": ""roi_full"", ""structural_overrides"": {""adstock_decay_spec"": ""geometric"", ""alpha_m"": 0.64, ""ec_m"": 1.53, ""max_lag"": 4, ""slope_m"": 1.2}, ""sweep_type"": ""fixed_full_grid"", ""target_channel"": ""tiktok"", ""two_layer_enabled"": false}",amazon,REVIEW,REVIEW:PriorPosteriorShift,PriorPosteriorShift,"amazon,liveintent,tiktok",0.5093018732522614,0.5063814904340931,0.00292038281816831,0.005734090078089782,0.64,1.53,1.2,4,geometric,prior_sweep,roi_full,roi,non_revenue,revenue,__revenue_equiv__,100.0,tiktok,fixed_full_grid,False,roi,roi,Revenue-equivalent ROI,1.0,1.0,LogNormal,target_channels,tiktok,configured,,,,upload_1bc112d58beb_monthly_mocha,/Users/jasper/Documents/Intern/BlueAlpha/capstone-Blue_Alpha_1/backend/storage/uploads/upload_1bc112d58beb_monthly_mocha.csv,1.0,1.0,LogNormal,0.8809767887853491,0.03115990543738,0.2359068915247917,2.039904260635371,0.8686983855115681,0.0298041395843029,0.2301164120435714,2.1031578183174107,0.9688382526349314,0.5,1.0,LogNormal,0.0180981004341869,0.0580450766374934,15740.258094,8016.54293274827,7970.575353457018,-45.96757929125215,45.96757929125215,100.0,801654.293274827,797057.5353457017,-4596.757929125219,4596.757929125219
"multi|amazon,beehiiv,liveintent,meta,moloco,tiktok|pmode=roi|rpk=100.0|target=tiktok|mu=1.000000|sigma=1.000000|dist=LogNormal|1.000000|1.000000|LogNormal|alpha=0p64|ec=1p53|slope=1p2|lag=4|decay=geometric",tiktok,"{""kpi_type"": ""non_revenue"", ""kpi_type_effective"": ""revenue"", ""prior_design_mode"": ""roi"", ""prior_grid_type"": ""roi"", ""revenue_per_kpi"": 100.0, ""roi_prior_overrides"": {""amazon"": {""dist"": ""LogNormal"", ""mu"": 0.5, ""sigma"": 1.0}, ""beehiiv"": {""dist"": ""LogNormal"", ""mu"": 0.5, ""sigma"": 1.0}, ""liveintent"": {""dist"": ""LogNormal"", ""mu"": 0.5, ""sigma"": 1.0}, ""meta"": {""dist"": ""LogNormal"", ""mu"": 0.5, ""sigma"": 1.0}, ""moloco"": {""dist"": ""LogNormal"", ""mu"": 0.5, ""sigma"": 1.0}, ""tiktok"": {""dist"": ""LogNormal"", ""mu"": 1.0, ""sigma"": 1.0}}, ""run_mode"": ""roi_full"", ""structural_overrides"": {""adstock_decay_spec"": ""geometric"", ""alpha_m"": 0.64, ""ec_m"": 1.53, ""max_lag"": 4, ""slope_m"": 1.2}, ""sweep_type"": ""fixed_full_grid"", ""target_channel"": ""tiktok"", ""two_layer_enabled"": false}",beehiiv,REVIEW,REVIEW:PriorPosteriorShift,PriorPosteriorShift,"amazon,liveintent,tiktok",0.5125182185329807,0.4777664077860148,0.03475181074696593,0.06780600082166566,0.64,1.53,1.2,4,geometric,prior_sweep,roi_full,roi,non_revenue,revenue,__revenue_equiv__,100.0,tiktok,fixed_full_grid,False,roi,roi,Revenue-equivalent ROI,1.0,1.0,LogNormal,target_channels,tiktok,configured,,,,upload_1bc112d58beb_monthly_mocha,/Users/jasper/Documents/Intern/BlueAlpha/capstone-Blue_Alpha_1/backend/storage/uploads/upload_1bc112d58beb_monthly_mocha.csv,1.0,1.0,LogNormal,0.908969951401804,0.0271171217784285,0.2336873337626457,1.8107782363891591,0.774553819468033,0.0248100136406719,0.2246821969747543,1.831231474876404,0.9874003121013456,0.5,1.0,LogNormal,0.0556821081704196,0.0230211459492758,328172.2732613,168194.2688638,156789.68813102174,-11404.580732778268,11404.580732778268,100.0,16819426.886380002,15678968.813102175,-1140458.0732778274,1140458.0732778274
"multi|amazon,beehiiv,liveintent,meta,moloco,tiktok|pmode=roi|rpk=100.0|target=tiktok|mu=1.000000|sigma=1.000000|dist=LogNormal|1.000000|1.000000|LogNormal|alpha=0p64|ec=1p53|slope=1p2|lag=4|decay=geometric",tiktok,"{""kpi_type"": ""non_revenue"", ""kpi_type_effective"": ""revenue"", ""prior_design_mode"": ""roi"", ""prior_grid_type"": ""roi"", ""revenue_per_kpi"": 100.0, ""roi_prior_overrides"": {""amazon"": {""dist"": ""LogNormal"", ""mu"": 0.5, ""sigma"": 1.0}, ""beehiiv"": {""dist"": ""LogNormal"", ""mu"": 0.5, ""sigma"": 1.0}, ""liveintent"": {""dist"": ""LogNormal"", ""mu"": 0.5, ""sigma"": 1.0}, ""meta"": {""dist"": ""LogNormal"", ""mu"": 0.5, ""sigma"": 1.0}, ""moloco"": {""dist"": ""LogNormal"", ""mu"": 0.5, ""sigma"": 1.0}, ""tiktok"": {""dist"": ""LogNormal"", ""mu"": 1.0, ""sigma"": 1.0}}, ""run_mode"": ""roi_full"", ""structural_overrides"": {""adstock_decay_spec"": ""geometric"", ""alpha_m"": 0.64, ""ec_m"": 1.53, ""max_lag"": 4, ""slope_m"": 1.2}, ""sweep_type"": ""fixed_full_grid"", ""target_channel"": ""tiktok"", ""two_layer_enabled"": false}",google,REVIEW,REVIEW:PriorPosteriorShift,PriorPosteriorShift,"amazon,liveintent,tiktok",0.265828985889287,0.2734200557802493,0.00759106989096231,0.028556215815094932,0.64,1.53,1.2,4,geometric,prior_sweep,roi_full,roi,non_revenue,revenue,__revenue_equiv__,100.0,tiktok,fixed_full_grid,False,roi,roi,Revenue-equivalent ROI,1.0,1.0,LogNormal,target_channels,tiktok,configured,,,,upload_1bc112d58beb_monthly_mocha,/Users/jasper/Documents/Intern/BlueAlpha/capstone-Blue_Alpha_1/backend/storage/uploads/upload_1bc112d58beb_monthly_mocha.csv,1.0,1.0,LogNormal,0.2158596037417809,0.050865682028234,0.2013866677880287,0.715806123614311,0.2204540341158602,0.0500306462869048,0.2050055488944053,0.7015186816453933,0.9772859196151946,0.4,0.5,LogNormal,0.4481638141993813,0.1209780292986469,10298543.94665,2737651.493474225,2815828.460348392,78176.96687416686,78176.96687416686,100.0,273765149.3474225,281582846.0348392,7817696.687416732,7817696.687416732
"multi|amazon,beehiiv,liveintent,meta,moloco,tiktok|pmode=roi|rpk=100.0|target=tiktok|mu=1.000000|sigma=1.000000|dist=LogNormal|1.000000|1.000000|LogNormal|alpha=0p64|ec=1p53|slope=1p2|lag=4|decay=geometric",tiktok,"{""kpi_type"": ""non_revenue"", ""kpi_type_effective"": ""revenue"", ""prior_design_mode"": ""roi"", ""prior_grid_type"": ""roi"", ""revenue_per_kpi"": 100.0, ""roi_prior_overrides"": {""amazon"": {""dist"": ""LogNormal"", ""mu"": 0.5, ""sigma"": 1.0}, ""beehiiv"": {""dist"": ""LogNormal"", ""mu"": 0.5, ""sigma"": 1.0}, ""liveintent"": {""dist"": ""LogNormal"", ""mu"": 0.5, ""sigma"": 1.0}, ""meta"": {""dist"": ""LogNormal"", ""mu"": 0.5, ""sigma"": 1.0}, ""moloco"": {""dist"": ""LogNormal"", ""mu"": 0.5, ""sigma"": 1.0}, ""tiktok"": {""dist"": ""LogNormal"", ""mu"": 1.0, ""sigma"": 1.0}}, ""run_mode"": ""roi_full"", ""structural_overrides"": {""adstock_decay_spec"": ""geometric"", ""alpha_m"": 0.64, ""ec_m"": 1.53, ""max_lag"": 4, ""slope_m"": 1.2}, ""sweep_type"": ""fixed_full_grid"", ""target_channel"": ""tiktok"", ""two_layer_enabled"": false}",liveintent,REVIEW,REVIEW:PriorPosteriorShift,PriorPosteriorShift,"amazon,liveintent,tiktok",0.4989261900200896,0.4872502300655469,0.01167595995454268,0.023402178895584824,0.64,1.53,1.2,4,geometric,prior_sweep,roi_full,roi,non_revenue,revenue,__revenue_equiv__,100.0,tiktok,fixed_full_grid,False,roi,roi,Revenue-equivalent ROI,1.0,1.0,LogNormal,target_channels,tiktok,configured,,,,upload_1bc112d58beb_monthly_mocha,/Users/jasper/Documents/Intern/BlueAlpha/capstone-Blue_Alpha_1/backend/storage/uploads/upload_1bc112d58beb_monthly_mocha.csv,1.0,1.0,LogNormal,0.7816833899226102,0.0279571961611509,0.2393543571233749,1.8018539011478416,0.893027215048831,0.0263565924018621,0.2282634973526001,1.7757965624332424,0.9844224250086739,0.5,1.0,LogNormal,0.0119683043171133,0.0416185943396908,797987.173079,398136.69994920725,388819.43367209815,-9317.266277109098,9317.266277109098,100.0,39813669.99492072,38881943.367209814,-931726.6277109087,931726.6277109087
"multi|amazon,beehiiv,liveintent,meta,moloco,tiktok|pmode=roi|rpk=100.0|target=tiktok|mu=1.000000|sigma=1.000000|dist=LogNormal|1.000000|1.000000|LogNormal|alpha=0p64|ec=1p53|slope=1p2|lag=4|decay=geometric",tiktok,"{""kpi_type"": ""non_revenue"", ""kpi_type_effective"": ""revenue"", ""prior_design_mode"": ""roi"", ""prior_grid_type"": ""roi"", ""revenue_per_kpi"": 100.0, ""roi_prior_overrides"": {""amazon"": {""dist"": ""LogNormal"", ""mu"": 0.5, ""sigma"": 1.0}, ""beehiiv"": {""dist"": ""LogNormal"", ""mu"": 0.5, ""sigma"": 1.0}, ""liveintent"": {""dist"": ""LogNormal"", ""mu"": 0.5, ""sigma"": 1.0}, ""meta"": {""dist"": ""LogNormal"", ""mu"": 0.5, ""sigma"": 1.0}, ""moloco"": {""dist"": ""LogNormal"", ""mu"": 0.5, ""sigma"": 1.0}, ""tiktok"": {""dist"": ""LogNormal"", ""mu"": 1.0, ""sigma"": 1.0}}, ""run_mode"": ""roi_full"", ""structural_overrides"": {""adstock_decay_spec"": ""geometric"", ""alpha_m"": 0.64, ""ec_m"": 1.53, ""max_lag"": 4, ""slope_m"": 1.2}, ""sweep_type"": ""fixed_full_grid"", ""target_channel"": ""tiktok"", ""two_layer_enabled"": false}",meta,REVIEW,REVIEW:PriorPosteriorShift,PriorPosteriorShift,"amazon,liveintent,tiktok",0.3073934483993799,0.3246784650192906,0.01728501661991072,0.05623092069761104,0.64,1.53,1.2,4,geometric,prior_sweep,roi_full,roi,non_revenue,revenue,__revenue_equiv__,100.0,tiktok,fixed_full_grid,False,roi,roi,Revenue-equivalent ROI,1.0,1.0,LogNormal,target_channels,tiktok,configured,,,,upload_1bc112d58beb_monthly_mocha,/Users/jasper/Documents/Intern/BlueAlpha/capstone-Blue_Alpha_1/backend/storage/uploads/upload_1bc112d58beb_monthly_mocha.csv,1.0,1.0,LogNormal,0.3605000651960044,0.0261192823760211,0.1723928898572921,1.1013090074062346,0.3957317944601445,0.028485017735511,0.1809848099946975,1.163239181041717,0.9434572299100406,0.5,1.0,LogNormal,0.5206892307940443,0.1884235020778051,840158.1265220001,258259.10371236008,272781.2508926459,14522.147180285829,14522.147180285829,100.0,25825910.371236008,27278125.08926459,1452214.7180285826,1452214.7180285826
"multi|amazon,beehiiv,liveintent,meta,moloco,tiktok|pmode=roi|rpk=100.0|target=tiktok|mu=1.000000|sigma=1.000000|dist=LogNormal|1.000000|1.000000|LogNormal|alpha=0p64|ec=1p53|slope=1p2|lag=4|decay=geometric",tiktok,"{""kpi_type"": ""non_revenue"", ""kpi_type_effective"": ""revenue"", ""prior_design_mode"": ""roi"", ""prior_grid_type"": ""roi"", ""revenue_per_kpi"": 100.0, ""roi_prior_overrides"": {""amazon"": {""dist"": ""LogNormal"", ""mu"": 0.5, ""sigma"": 1.0}, ""beehiiv"": {""dist"": ""LogNormal"", ""mu"": 0.5, ""sigma"": 1.0}, ""liveintent"": {""dist"": ""LogNormal"", ""mu"": 0.5, ""sigma"": 1.0}, ""meta"": {""dist"": ""LogNormal"", ""mu"": 0.5, ""sigma"": 1.0}, ""moloco"": {""dist"": ""LogNormal"", ""mu"": 0.5, ""sigma"": 1.0}, ""tiktok"": {""dist"": ""LogNormal"", ""mu"": 1.0, ""sigma"": 1.0}}, ""run_mode"": ""roi_full"", ""structural_overrides"": {""adstock_decay_spec"": ""geometric"", ""alpha_m"": 0.64, ""ec_m"": 1.53, ""max_lag"": 4, ""slope_m"": 1.2}, ""sweep_type"": ""fixed_full_grid"", ""target_channel"": ""tiktok"", ""two_layer_enabled"": false}",moloco,REVIEW,REVIEW:PriorPosteriorShift,PriorPosteriorShift,"amazon,liveintent,tiktok",0.5901553572062403,0.5841890558355953,0.005966301370645022,0.010109713142127719,0.64,1.53,1.2,4,geometric,prior_sweep,roi_full,roi,non_revenue,revenue,__revenue_equiv__,100.0,tiktok,fixed_full_grid,False,roi,roi,Revenue-equivalent ROI,1.0,1.0,LogNormal,target_channels,tiktok,configured,,,,upload_1bc112d58beb_monthly_mocha,/Users/jasper/Documents/Intern/BlueAlpha/capstone-Blue_Alpha_1/backend/storage/uploads/upload_1bc112d58beb_monthly_mocha.csv,1.0,1.0,LogNormal,0.9039840614795692,0.0320555524900555,0.2526121735572815,2.3181566357612606,0.908988703702808,0.0347353806719183,0.2546442151069641,2.2017394781112665,0.947903884608007,0.5,1.0,LogNormal,0.0120967423424043,0.092478925620564,842234.6095886,497049.26687321864,492024.2413676255,-5025.025505593163,5025.025505593163,100.0,49704926.687321864,49202424.136762545,-502502.55055931956,502502.55055931956
"multi|amazon,beehiiv,liveintent,meta,moloco,tiktok|pmode=roi|rpk=100.0|target=tiktok|mu=1.000000|sigma=1.000000|dist=LogNormal|1.000000|1.000000|LogNormal|alpha=0p64|ec=1p53|slope=1p2|lag=4|decay=geometric",tiktok,"{""kpi_type"": ""non_revenue"", ""kpi_type_effective"": ""revenue"", ""prior_design_mode"": ""roi"", ""prior_grid_type"": ""roi"", ""revenue_per_kpi"": 100.0, ""roi_prior_overrides"": {""amazon"": {""dist"": ""LogNormal"", ""mu"": 0.5, ""sigma"": 1.0}, ""beehiiv"": {""dist"": ""LogNormal"", ""mu"": 0.5, ""sigma"": 1.0}, ""liveintent"": {""dist"": ""LogNormal"", ""mu"": 0.5, ""sigma"": 1.0}, ""meta"": {""dist"": ""LogNormal"", ""mu"": 0.5, ""sigma"": 1.0}, ""moloco"": {""dist"": ""LogNormal"", ""mu"": 0.5, ""sigma"": 1.0}, ""tiktok"": {""dist"": ""LogNormal"", ""mu"": 1.0, ""sigma"": 1.0}}, ""run_mode"": ""roi_full"", ""structural_overrides"": {""adstock_decay_spec"": ""geometric"", ""alpha_m"": 0.64, ""ec_m"": 1.53, ""max_lag"": 4, ""slope_m"": 1.2}, ""sweep_type"": ""fixed_full_grid"", ""target_channel"": ""tiktok"", ""two_layer_enabled"": false}",snapchat,REVIEW,REVIEW:PriorPosteriorShift,PriorPosteriorShift,"amazon,liveintent,tiktok",0.4185714027883174,0.4041965750829938,0.014374827705323612,0.034342593902893404,0.64,1.53,1.2,4,geometric,prior_sweep,roi_full,roi,non_revenue,revenue,__revenue_equiv__,100.0,tiktok,fixed_full_grid,False,roi,roi,Revenue-equivalent ROI,1.0,1.0,LogNormal,target_channels,tiktok,configured,,,,upload_1bc112d58beb_monthly_mocha,/Users/jasper/Documents/Intern/BlueAlpha/capstone-Blue_Alpha_1/backend/storage/uploads/upload_1bc112d58beb_monthly_mocha.csv,1.0,1.0,LogNormal,0.4389489060139375,0.0484741810709238,0.2767988890409469,1.2153948247432709,0.3931928865842909,0.0545967161655426,0.2751347869634628,1.2212682723999018,0.9897714502145418,0.4,0.5,LogNormal,0.049544316006419,0.0306666604075708,4342436.908989999,1817619.908515709,1755198.1261277397,-62421.78238796932,62421.78238796932,100.0,181761990.8515709,175519812.61277395,-6242178.238796949,6242178.238796949
"multi|amazon,beehiiv,liveintent,meta,moloco,tiktok|pmode=roi|rpk=100.0|target=tiktok|mu=1.000000|sigma=1.000000|dist=LogNormal|1.000000|1.000000|LogNormal|alpha=0p64|ec=1p53|slope=1p2|lag=4|decay=geometric",tiktok,"{""kpi_type"": ""non_revenue"", ""kpi_type_effective"": ""revenue"", ""prior_design_mode"": ""roi"", ""prior_grid_type"": ""roi"", ""revenue_per_kpi"": 100.0, ""roi_prior_overrides"": {""amazon"": {""dist"": ""LogNormal"", ""mu"": 0.5, ""sigma"": 1.0}, ""beehiiv"": {""dist"": ""LogNormal"", ""mu"": 0.5, ""sigma"": 1.0}, ""liveintent"": {""dist"": ""LogNormal"", ""mu"": 0.5, ""sigma"": 1.0}, ""meta"": {""dist"": ""LogNormal"", ""mu"": 0.5, ""sigma"": 1.0}, ""moloco"": {""dist"": ""LogNormal"", ""mu"": 0.5, ""sigma"": 1.0}, ""tiktok"": {""dist"": ""LogNormal"", ""mu"": 1.0, ""sigma"": 1.0}}, ""run_mode"": ""roi_full"", ""structural_overrides"": {""adstock_decay_spec"": ""geometric"", ""alpha_m"": 0.64, ""ec_m"": 1.53, ""max_lag"": 4, ""slope_m"": 1.2}, ""sweep_type"": ""fixed_full_grid"", ""target_channel"": ""tiktok"", ""two_layer_enabled"": false}",tiktok,REVIEW,REVIEW:PriorPosteriorShift,PriorPosteriorShift,"amazon,liveintent,tiktok",0.4100656028968903,0.9811871407243112,0.5711215378274209,1.3927565096724965,0.64,1.53,1.2,4,geometric,prior_sweep,roi_full,roi,non_revenue,revenue,__revenue_equiv__,100.0,tiktok,fixed_full_grid,False,roi,roi,Revenue-equivalent ROI,1.0,1.0,LogNormal,target_channels,tiktok,configured,,,,upload_1bc112d58beb_monthly_mocha,/Users/jasper/Documents/Intern/BlueAlpha/capstone-Blue_Alpha_1/backend/storage/uploads/upload_1bc112d58beb_monthly_mocha.csv,1.0,1.0,LogNormal,0.5209952377074359,0.0282978330738842,0.218607448041439,1.4191783428192124,0.8607864313465677,0.1734239794313907,0.7010735869407654,2.7655879735946653,0.45510497588348875,1.0,1.0,LogNormal,0.0205624545719782,0.0578639403315502,1752685.0091300001,718715.8349572353,1719711.9926986282,1000996.157741393,1000996.157741393,100.0,71871583.49572353,171971199.26986283,100099615.7741393,100099615.7741393
"multi|amazon,beehiiv,liveintent,meta,moloco,tiktok|pmode=roi|rpk=100.0|target=tiktok|mu=2.000000|sigma=1.000000|dist=LogNormal|2.000000|1.000000|LogNormal|alpha=0p64|ec=1p53|slope=1p2|lag=4|decay=geometric",tiktok,"{""kpi_type"": ""non_revenue"", ""kpi_type_effective"": ""revenue"", ""prior_design_mode"": ""roi"", ""prior_grid_type"": ""roi"", ""revenue_per_kpi"": 100.0, ""roi_prior_overrides"": {""amazon"": {""dist"": ""LogNormal"", ""mu"": 0.5, ""sigma"": 1.0}, ""beehiiv"": {""dist"": ""LogNormal"", ""mu"": 0.5, ""sigma"": 1.0}, ""liveintent"": {""dist"": ""LogNormal"", ""mu"": 0.5, ""sigma"": 1.0}, ""meta"": {""dist"": ""LogNormal"", ""mu"": 0.5, ""sigma"": 1.0}, ""moloco"": {""dist"": ""LogNormal"", ""mu"": 0.5, ""sigma"": 1.0}, ""tiktok"": {""dist"": ""LogNormal"", ""mu"": 2.0, ""sigma"": 1.0}}, ""run_mode"": ""roi_full"", ""structural_overrides"": {""adstock_decay_spec"": ""geometric"", ""alpha_m"": 0.64, ""ec_m"": 1.53, ""max_lag"": 4, ""slope_m"": 1.2}, ""sweep_type"": ""fixed_full_grid"", ""target_channel"": ""tiktok"", ""two_layer_enabled"": false}",amazon,REVIEW,REVIEW:PriorPosteriorShift,PriorPosteriorShift,amazon,0.5093018732522614,0.4879683460755041,0.021333527176757294,0.041887784626683744,0.64,1.53,1.2,4,geometric,prior_sweep,roi_full,roi,non_revenue,revenue,__revenue_equiv__,100.0,tiktok,fixed_full_grid,False,roi,roi,Revenue-equivalent ROI,2.0,1.0,LogNormal,target_channels,tiktok,configured,,,,upload_1bc112d58beb_monthly_mocha,/Users/jasper/Documents/Intern/BlueAlpha/capstone-Blue_Alpha_1/backend/storage/uploads/upload_1bc112d58beb_monthly_mocha.csv,2.0,1.0,LogNormal,0.8809767887853491,0.03115990543738,0.2359068915247917,2.039904260635371,0.8369325024743326,0.0279336502775549,0.2252750322222709,1.912904119491577,0.935274205481332,0.5,1.0,LogNormal,0.0283122411465713,0.0429108265767295,15740.258094,8016.54293274827,7680.747708930747,-335.79522381752304,335.79522381752304,100.0,801654.293274827,768074.7708930747,-33579.522381752264,33579.522381752264
"multi|amazon,beehiiv,liveintent,meta,moloco,tiktok|pmode=roi|rpk=100.0|target=tiktok|mu=2.000000|sigma=1.000000|dist=LogNormal|2.000000|1.000000|LogNormal|alpha=0p64|ec=1p53|slope=1p2|lag=4|decay=geometric",tiktok,"{""kpi_type"": ""non_revenue"", ""kpi_type_effective"": ""revenue"", ""prior_design_mode"": ""roi"", ""prior_grid_type"": ""roi"", ""revenue_per_kpi"": 100.0, ""roi_prior_overrides"": {""amazon"": {""dist"": ""LogNormal"", ""mu"": 0.5, ""sigma"": 1.0}, ""beehiiv"": {""dist"": ""LogNormal"", ""mu"": 0.5, ""sigma"": 1.0}, ""liveintent"": {""dist"": ""LogNormal"", ""mu"": 0.5, ""sigma"": 1.0}, ""meta"": {""dist"": ""LogNormal"", ""mu"": 0.5, ""sigma"": 1.0}, ""moloco"": {""dist"": ""LogNormal"", ""mu"": 0.5, ""sigma"": 1.0}, ""tiktok"": {""dist"": ""LogNormal"", ""mu"": 2.0, ""sigma"": 1.0}}, ""run_mode"": ""roi_full"", ""structural_overrides"": {""adstock_decay_spec"": ""geometric"", ""alpha_m"": 0.64, ""ec_m"": 1.53, ""max_lag"": 4, ""slope_m"": 1.2}, ""sweep_type"": ""fixed_full_grid"", ""target_channel"": ""tiktok"", ""two_layer_enabled"": false}",beehiiv,REVIEW,REVIEW:PriorPosteriorShift,PriorPosteriorShift,amazon,0.5125182185329807,0.4649444481163906,0.047573770416590166,0.09282356938015612,0.64,1.53,1.2,4,geometric,prior_sweep,roi_full,roi,non_revenue,revenue,__revenue_equiv__,100.0,tiktok,fixed_full_grid,False,roi,roi,Revenue-equivalent ROI,2.0,1.0,LogNormal,target_channels,tiktok,configured,,,,upload_1bc112d58beb_monthly_mocha,/Users/jasper/Documents/Intern/BlueAlpha/capstone-Blue_Alpha_1/backend/storage/uploads/upload_1bc112d58beb_monthly_mocha.csv,2.0,1.0,LogNormal,0.908969951401804,0.0271171217784285,0.2336873337626457,1.8107782363891591,0.733074510154455,0.0284123531542718,0.2119734957814216,1.7622751474380487,0.9720808398416974,0.5,1.0,LogNormal,0.0798214958785663,0.027322320502005,328172.2732613,168194.2688638,152581.87647857645,-15612.39238522356,15612.39238522356,100.0,16819426.886380002,15258187.647857646,-1561239.2385223564,1561239.2385223564
"multi|amazon,beehiiv,liveintent,meta,moloco,tiktok|pmode=roi|rpk=100.0|target=tiktok|mu=2.000000|sigma=1.000000|dist=LogNormal|2.000000|1.000000|LogNormal|alpha=0p64|ec=1p53|slope=1p2|lag=4|decay=geometric",tiktok,"{""kpi_type"": ""non_revenue"", ""kpi_type_effective"": ""revenue"", ""prior_design_mode"": ""roi"", ""prior_grid_type"": ""roi"", ""revenue_per_kpi"": 100.0, ""roi_prior_overrides"": {""amazon"": {""dist"": ""LogNormal"", ""mu"": 0.5, ""sigma"": 1.0}, ""beehiiv"": {""dist"": ""LogNormal"", ""mu"": 0.5, ""sigma"": 1.0}, ""liveintent"": {""dist"": ""LogNormal"", ""mu"": 0.5, ""sigma"": 1.0}, ""meta"": {""dist"": ""LogNormal"", ""mu"": 0.5, ""sigma"": 1.0}, ""moloco"": {""dist"": ""LogNormal"", ""mu"": 0.5, ""sigma"": 1.0}, ""tiktok"": {""dist"": ""LogNormal"", ""mu"": 2.0, ""sigma"": 1.0}}, ""run_mode"": ""roi_full"", ""structural_overrides"": {""adstock_decay_spec"": ""geometric"", ""alpha_m"": 0.64, ""ec_m"": 1.53, ""max_lag"": 4, ""slope_m"": 1.2}, ""sweep_type"": ""fixed_full_grid"", ""target_channel"": ""tiktok"", ""two_layer_enabled"": false}",google,REVIEW,REVIEW:PriorPosteriorShift,PriorPosteriorShift,amazon,0.265828985889287,0.2698323104701315,0.004003324580844514,0.01505977449167939,0.64,1.53,1.2,4,geometric,prior_sweep,roi_full,roi,non_revenue,revenue,__revenue_equiv__,100.0,tiktok,fixed_full_grid,False,roi,roi,Revenue-equivalent ROI,2.0,1.0,LogNormal,target_channels,tiktok,configured,,,,upload_1bc112d58beb_monthly_mocha,/Users/jasper/Documents/Intern/BlueAlpha/capstone-Blue_Alpha_1/backend/storage/uploads/upload_1bc112d58beb_monthly_mocha.csv,2.0,1.0,LogNormal,0.2158596037417809,0.050865682028234,0.2013866677880287,0.715806123614311,0.2317575790589021,0.0459612449631094,0.1965665742754936,0.7951932638883591,0.8874960289870066,0.4,0.5,LogNormal,0.4102265966102699,0.1244974705521568,10298543.94665,2737651.493474225,2778879.9076027563,41228.414128531236,41228.414128531236,100.0,273765149.3474225,277887990.7602756,4122841.4128531218,4122841.4128531218
"multi|amazon,beehiiv,liveintent,meta,moloco,tiktok|pmode=roi|rpk=100.0|target=tiktok|mu=2.000000|sigma=1.000000|dist=LogNormal|2.000000|1.000000|LogNormal|alpha=0p64|ec=1p53|slope=1p2|lag=4|decay=geometric",tiktok,"{""kpi_type"": ""non_revenue"", ""kpi_type_effective"": ""revenue"", ""prior_design_mode"": ""roi"", ""prior_grid_type"": ""roi"", ""revenue_per_kpi"": 100.0, ""roi_prior_overrides"": {""amazon"": {""dist"": ""LogNormal"", ""mu"": 0.5, ""sigma"": 1.0}, ""beehiiv"": {""dist"": ""LogNormal"", ""mu"": 0.5, ""sigma"": 1.0}, ""liveintent"": {""dist"": ""LogNormal"", ""mu"": 0.5, ""sigma"": 1.0}, ""meta"": {""dist"": ""LogNormal"", ""mu"": 0.5, ""sigma"": 1.0}, ""moloco"": {""dist"": ""LogNormal"", ""mu"": 0.5, ""sigma"": 1.0}, ""tiktok"": {""dist"": ""LogNormal"", ""mu"": 2.0, ""sigma"": 1.0}}, ""run_mode"": ""roi_full"", ""structural_overrides"": {""adstock_decay_spec"": ""geometric"", ""alpha_m"": 0.64, ""ec_m"": 1.53, ""max_lag"": 4, ""slope_m"": 1.2}, ""sweep_type"": ""fixed_full_grid"", ""target_channel"": ""tiktok"", ""two_layer_enabled"": false}",liveintent,REVIEW,REVIEW:PriorPosteriorShift,PriorPosteriorShift,amazon,0.4989261900200896,0.4740755202931662,0.024850669726923402,0.04980830877193032,0.64,1.53,1.2,4,geometric,prior_sweep,roi_full,roi,non_revenue,revenue,__revenue_equiv__,100.0,tiktok,fixed_full_grid,False,roi,roi,Revenue-equivalent ROI,2.0,1.0,LogNormal,target_channels,tiktok,configured,,,,upload_1bc112d58beb_monthly_mocha,/Users/jasper/Documents/Intern/BlueAlpha/capstone-Blue_Alpha_1/backend/storage/uploads/upload_1bc112d58beb_monthly_mocha.csv,2.0,1.0,LogNormal,0.7816833899226102,0.0279571961611509,0.2393543571233749,1.8018539011478416,0.7432858339614303,0.029126569442451,0.236083909869194,1.7734857499599452,0.9833487911747274,0.5,1.0,LogNormal,0.0732475605460286,0.043231326900895,797987.173079,398136.69994920725,378306.18426469975,-19830.515684507496,19830.515684507496,100.0,39813669.99492072,37830618.426469974,-1983051.568450749,1983051.568450749
"multi|amazon,beehiiv,liveintent,meta,moloco,tiktok|pmode=roi|rpk=100.0|target=tiktok|mu=2.000000|sigma=1.000000|dist=LogNormal|2.000000|1.000000|LogNormal|alpha=0p64|ec=1p53|slope=1p2|lag=4|decay=geometric",tiktok,"{""kpi_type"": ""non_revenue"", ""kpi_type_effective"": ""revenue"", ""prior_design_mode"": ""roi"", ""prior_grid_type"": ""roi"", ""revenue_per_kpi"": 100.0, ""roi_prior_overrides"": {""amazon"": {""dist"": ""LogNormal"", ""mu"": 0.5, ""sigma"": 1.0}, ""beehiiv"": {""dist"": ""LogNormal"", ""mu"": 0.5, ""sigma"": 1.0}, ""liveintent"": {""dist"": ""LogNormal"", ""mu"": 0.5, ""sigma"": 1.0}, ""meta"": {""dist"": ""LogNormal"", ""mu"": 0.5, ""sigma"": 1.0}, ""moloco"": {""dist"": ""LogNormal"", ""mu"": 0.5, ""sigma"": 1.0}, ""tiktok"": {""dist"": ""LogNormal"", ""mu"": 2.0, ""sigma"": 1.0}}, ""run_mode"": ""roi_full"", ""structural_overrides"": {""adstock_decay_spec"": ""geometric"", ""alpha_m"": 0.64, ""ec_m"": 1.53, ""max_lag"": 4, ""slope_m"": 1.2}, ""sweep_type"": ""fixed_full_grid"", ""target_channel"": ""tiktok"", ""two_layer_enabled"": false}",meta,REVIEW,REVIEW:PriorPosteriorShift,PriorPosteriorShift,amazon,0.3073934483993799,0.3259166837460361,0.01852323534665623,0.0602590440463453,0.64,1.53,1.2,4,geometric,prior_sweep,roi_full,roi,non_revenue,revenue,__revenue_equiv__,100.0,tiktok,fixed_full_grid,False,roi,roi,Revenue-equivalent ROI,2.0,1.0,LogNormal,target_channels,tiktok,configured,,,,upload_1bc112d58beb_monthly_mocha,/Users/jasper/Documents/Intern/BlueAlpha/capstone-Blue_Alpha_1/backend/storage/uploads/upload_1bc112d58beb_monthly_mocha.csv,2.0,1.0,LogNormal,0.3605000651960044,0.0261192823760211,0.1723928898572921,1.1013090074062346,0.4019724858891831,0.0260101116262376,0.1751741394400596,1.1373230099678036,0.9674950471957451,0.5,1.0,LogNormal,0.5073150759721363,0.1865465767438067,840158.1265220001,258259.10371236008,273821.55041833286,15562.446705972776,15562.446705972776,100.0,25825910.371236008,27382155.041833285,1556244.6705972776,1556244.6705972776
"multi|amazon,beehiiv,liveintent,meta,moloco,tiktok|pmode=roi|rpk=100.0|target=tiktok|mu=2.000000|sigma=1.000000|dist=LogNormal|2.000000|1.000000|LogNormal|alpha=0p64|ec=1p53|slope=1p2|lag=4|decay=geometric",tiktok,"{""kpi_type"": ""non_revenue"", ""kpi_type_effective"": ""revenue"", ""prior_design_mode"": ""roi"", ""prior_grid_type"": ""roi"", ""revenue_per_kpi"": 100.0, ""roi_prior_overrides"": {""amazon"": {""dist"": ""LogNormal"", ""mu"": 0.5, ""sigma"": 1.0}, ""beehiiv"": {""dist"": ""LogNormal"", ""mu"": 0.5, ""sigma"": 1.0}, ""liveintent"": {""dist"": ""LogNormal"", ""mu"": 0.5, ""sigma"": 1.0}, ""meta"": {""dist"": ""LogNormal"", ""mu"": 0.5, ""sigma"": 1.0}, ""moloco"": {""dist"": ""LogNormal"", ""mu"": 0.5, ""sigma"": 1.0}, ""tiktok"": {""dist"": ""LogNormal"", ""mu"": 2.0, ""sigma"": 1.0}}, ""run_mode"": ""roi_full"", ""structural_overrides"": {""adstock_decay_spec"": ""geometric"", ""alpha_m"": 0.64, ""ec_m"": 1.53, ""max_lag"": 4, ""slope_m"": 1.2}, ""sweep_type"": ""fixed_full_grid"", ""target_channel"": ""tiktok"", ""two_layer_enabled"": false}",moloco,REVIEW,REVIEW:PriorPosteriorShift,PriorPosteriorShift,amazon,0.5901553572062403,0.5710001313647566,0.01915522584148377,0.03245793774060346,0.64,1.53,1.2,4,geometric,prior_sweep,roi_full,roi,non_revenue,revenue,__revenue_equiv__,100.0,tiktok,fixed_full_grid,False,roi,roi,Revenue-equivalent ROI,2.0,1.0,LogNormal,target_channels,tiktok,configured,,,,upload_1bc112d58beb_monthly_mocha,/Users/jasper/Documents/Intern/BlueAlpha/capstone-Blue_Alpha_1/backend/storage/uploads/upload_1bc112d58beb_monthly_mocha.csv,2.0,1.0,LogNormal,0.9039840614795692,0.0320555524900555,0.2526121735572815,2.3181566357612606,0.8713673686056149,0.0293234445154666,0.2581788748502731,2.254385912418365,0.9709446579279603,0.5,1.0,LogNormal,0.0198526679523808,0.0731231018722237,842234.6095886,497049.26687321864,480916.07271503506,-16133.194158183585,16133.194158183585,100.0,49704926.687321864,48091607.27150351,-1613319.415818356,1613319.415818356
"multi|amazon,beehiiv,liveintent,meta,moloco,tiktok|pmode=roi|rpk=100.0|target=tiktok|mu=2.000000|sigma=1.000000|dist=LogNormal|2.000000|1.000000|LogNormal|alpha=0p64|ec=1p53|slope=1p2|lag=4|decay=geometric",tiktok,"{""kpi_type"": ""non_revenue"", ""kpi_type_effective"": ""revenue"", ""prior_design_mode"": ""roi"", ""prior_grid_type"": ""roi"", ""revenue_per_kpi"": 100.0, ""roi_prior_overrides"": {""amazon"": {""dist"": ""LogNormal"", ""mu"": 0.5, ""sigma"": 1.0}, ""beehiiv"": {""dist"": ""LogNormal"", ""mu"": 0.5, ""sigma"": 1.0}, ""liveintent"": {""dist"": ""LogNormal"", ""mu"": 0.5, ""sigma"": 1.0}, ""meta"": {""dist"": ""LogNormal"", ""mu"": 0.5, ""sigma"": 1.0}, ""moloco"": {""dist"": ""LogNormal"", ""mu"": 0.5, ""sigma"": 1.0}, ""tiktok"": {""dist"": ""LogNormal"", ""mu"": 2.0, ""sigma"": 1.0}}, ""run_mode"": ""roi_full"", ""structural_overrides"": {""adstock_decay_spec"": ""geometric"", ""alpha_m"": 0.64, ""ec_m"": 1.53, ""max_lag"": 4, ""slope_m"": 1.2}, ""sweep_type"": ""fixed_full_grid"", ""target_channel"": ""tiktok"", ""two_layer_enabled"": false}",snapchat,REVIEW,REVIEW:PriorPosteriorShift,PriorPosteriorShift,amazon,0.4185714027883174,0.3808229203436834,0.03774848244463397,0.09018409330683386,0.64,1.53,1.2,4,geometric,prior_sweep,roi_full,roi,non_revenue,revenue,__revenue_equiv__,100.0,tiktok,fixed_full_grid,False,roi,roi,Revenue-equivalent ROI,2.0,1.0,LogNormal,target_channels,tiktok,configured,,,,upload_1bc112d58beb_monthly_mocha,/Users/jasper/Documents/Intern/BlueAlpha/capstone-Blue_Alpha_1/backend/storage/uploads/upload_1bc112d58beb_monthly_mocha.csv,2.0,1.0,LogNormal,0.4389489060139375,0.0484741810709238,0.2767988890409469,1.2153948247432709,0.3579499693724324,0.0523436900228262,0.2697612047195434,1.0907779157161706,0.8898927543396175,0.4,0.5,LogNormal,0.0912067540595564,0.0276043528207877,4342436.908989999,1817619.908515709,1653699.5050897694,-163920.4034259396,163920.4034259396,100.0,181761990.8515709,165369950.50897694,-16392040.342593968,16392040.342593968
"multi|amazon,beehiiv,liveintent,meta,moloco,tiktok|pmode=roi|rpk=100.0|target=tiktok|mu=2.000000|sigma=1.000000|dist=LogNormal|2.000000|1.000000|LogNormal|alpha=0p64|ec=1p53|slope=1p2|lag=4|decay=geometric",tiktok,"{""kpi_type"": ""non_revenue"", ""kpi_type_effective"": ""revenue"", ""prior_design_mode"": ""roi"", ""prior_grid_type"": ""roi"", ""revenue_per_kpi"": 100.0, ""roi_prior_overrides"": {""amazon"": {""dist"": ""LogNormal"", ""mu"": 0.5, ""sigma"": 1.0}, ""beehiiv"": {""dist"": ""LogNormal"", ""mu"": 0.5, ""sigma"": 1.0}, ""liveintent"": {""dist"": ""LogNormal"", ""mu"": 0.5, ""sigma"": 1.0}, ""meta"": {""dist"": ""LogNormal"", ""mu"": 0.5, ""sigma"": 1.0}, ""moloco"": {""dist"": ""LogNormal"", ""mu"": 0.5, ""sigma"": 1.0}, ""tiktok"": {""dist"": ""LogNormal"", ""mu"": 2.0, ""sigma"": 1.0}}, ""run_mode"": ""roi_full"", ""structural_overrides"": {""adstock_decay_spec"": ""geometric"", ""alpha_m"": 0.64, ""ec_m"": 1.53, ""max_lag"": 4, ""slope_m"": 1.2}, ""sweep_type"": ""fixed_full_grid"", ""target_channel"": ""tiktok"", ""two_layer_enabled"": false}",tiktok,REVIEW,REVIEW:PriorPosteriorShift,PriorPosteriorShift,amazon,0.4100656028968903,1.9128037268916769,1.5027381239947866,3.6646285701086843,0.64,1.53,1.2,4,geometric,prior_sweep,roi_full,roi,non_revenue,revenue,__revenue_equiv__,100.0,tiktok,fixed_full_grid,False,roi,roi,Revenue-equivalent ROI,2.0,1.0,LogNormal,target_channels,tiktok,configured,,,,upload_1bc112d58beb_monthly_mocha,/Users/jasper/Documents/Intern/BlueAlpha/capstone-Blue_Alpha_1/backend/storage/uploads/upload_1bc112d58beb_monthly_mocha.csv,2.0,1.0,LogNormal,0.5209952377074359,0.0282978330738842,0.218607448041439,1.4191783428192124,0.905605753057773,0.7970815658569336,1.7341524958610537,3.626870429515837,0.1728732046638075,2.0,1.0,LogNormal,0.0130137038029144,0.1403363959815101,1752685.0091300001,718715.8349572353,3352542.417531037,2633826.5825738013,2633826.5825738013,100.0,71871583.49572353,335254241.7531037,263382658.25738013,263382658.25738013
